index,0.1,0.5,0.9,0.99,0.999,0.999999
0,0.8264537696920259,1.721342155488717,3.497173160718024,6.551795978165572,10.813196850671272,37.433242656882726
1,0.8264537696920259,1.721342155488717,3.497173160718024,6.551795978165572,10.813196850671272,37.433242656882726
2,0.8264537696920259,1.721342155488717,3.497173160718024,6.551795978165572,10.813196850671272,37.433242656882726
3,0.8264537696920259,1.721342155488717,3.497173160718024,6.551795978165572,10.813196850671272,37.433242656882726
4,0.8264537696920259,1.721342155488717,3.497173160718024,6.551795978165572,10.813196850671272,37.433242656882726
5,0.8264537696920259,1.721342155488717,3.497173160718024,6.551795978165572,10.813196850671272,37.433242656882726
6,0.8264537696920259,1.721342155488717,3.497173160718024,6.551795978165572,10.813196850671272,37.433242656882726
7,0.8264537696920259,1.721342155488717,3.497173160718024,6.551795978165572,10.813196850671272,37.433242656882726
8,0.8264537696920259,1.721342155488717,3.497173160718024,6.551795978165572,10.813196850671272,37.433242656882726
9,0.8264537696920259,1.721342155488717,3.497173160718024,6.551795978165572,10.813196850671272,37.433242656882726
10,0.8264537696920259,1.721342155488717,3.497173160718024,6.551795978165572,10.813196850671272,37.433242656882726
11,0.8264537696920259,1.721342155488717,3.497173160718024,6.551795978165572,10.813196850671272,37.433242656882726
12,0.8264537696920259,1.721342155488717,3.497173160718024,6.551795978165572,10.813196850671272,37.433242656882726
13,0.8264537696920259,1.721342155488717,3.497173160718024,6.551795978165572,10.813196850671272,37.433242656882726
14,0.8264537696920259,1.721342155488717,3.497173160718024,6.551795978165572,10.813196850671272,37.433242656882726
15,0.8259790312326171,1.719823696292938,3.5072446685627954,6.61417366323521,10.99812093261146,39.08050505617091
16,0.8090699580718762,1.713787213547975,3.4283560611441053,6.197880778435142,9.806215683023492,29.219645045946375
17,0.8083928699621155,1.7047236522412312,3.383187874055155,6.050398556860751,9.464061454634216,27.137594858484945
18,0.8151536118443591,1.7144671199598374,3.373832493729225,5.957992407068196,9.193382127705823,25.171907963178842
19,0.8172340972305284,1.7161457563628564,3.345529444939186,5.82201361461963,8.841393398922325,22.934027443554672
20,0.8164703573697982,1.7188886498367264,3.336692279943509,5.758761291655711,8.6635628196997,21.75729629166215
21,0.8327736788161737,1.7335618657418619,3.3672224245594844,5.852028359937135,8.883979623157124,23.059325971720657
22,0.8327736788161737,1.7335618657418619,3.3672224245594844,5.852028359937135,8.883979623157124,23.059325971720657
23,0.8245561600041492,1.7208473572609249,3.3524000539951677,5.846638776216295,8.90701838766622,23.384638690075686
24,0.8245561600041492,1.7208473572609249,3.3524000539951677,5.846638776216295,8.90701838766622,23.384638690075686
25,0.7803055046244036,1.6254784892264098,3.225587982984213,5.80666808922403,9.164441547946137,27.171287417105738
26,0.7576218800337096,1.5614829511720534,3.119598481032584,5.715017911418652,9.21160032291487,29.44313208368278
27,0.747089843443853,1.5588592208843484,3.1384914695932866,5.783896919855656,9.368657923305246,30.376384656747902
28,0.747089843443853,1.5588592208843484,3.1384914695932866,5.783896919855656,9.368657923305246,30.376384656747902
29,0.7547533493570902,1.560587524141322,3.1017311824503118,5.62229923608791,8.951066149691535,27.393944216098667
30,0.719040044598524,1.5335445757951038,3.1657736263180203,6.011185560796429,10.038787484001055,36.018979976258976
31,0.7393668917842364,1.543075795307206,3.21115921982472,6.261603002870054,10.809416025686886,43.74578542786078
32,0.7559351930969765,1.5383317749980465,3.2152672682684456,6.419382053471785,11.428577981626619,51.817573002705956
33,0.7559351930969765,1.5383317749980465,3.2152672682684456,6.419382053471785,11.428577981626619,51.817573002705956
34,0.7564015600695001,1.540986733811585,3.2260554606924723,6.454695742394598,11.517472707833587,52.619539249027355
35,0.7529186178842472,1.5339973116966015,3.2592295132886813,6.693517527098253,12.305724054171614,62.38397067977111
36,0.7523682911755661,1.5521710770573711,3.30423748842595,6.752946613513899,12.320679049914464,60.634636114988425
37,0.7569633981028867,1.6147713245734512,3.486188498569275,7.149232524114799,13.027281369817695,63.33059493883011
38,0.7665078963063758,1.6391180872033462,3.6404166880076145,7.833604417082462,15.075322732973467,88.52245941128274
39,0.7665078963063758,1.6391180872033462,3.6404166880076145,7.833604417082462,15.075322732973467,88.52245941128274
40,0.7665078963063758,1.6391180872033462,3.6404166880076145,7.833604417082462,15.075322732973467,88.52245941128274
41,0.7658849803578527,1.6436679277977606,3.662555923033941,7.908977497008311,15.273245901492732,90.6931966436861
42,0.7749662749689925,1.651957509389047,3.670693706502844,7.921577782958302,15.302533323624287,91.10788502948758
43,0.7851382069410866,1.6595433333219258,3.670371025351197,7.899005224400501,15.230868132189443,90.28168780468948
44,0.7843663047105595,1.668048465163955,3.691627507727076,7.922638940126948,15.213222311910656,88.76807825924256
45,0.79086630731397,1.647404710606024,3.6516019940521067,7.966912253391864,15.641673388233205,99.02244129540524
46,0.7840367381454365,1.6708929733082938,3.7099570418238983,7.996835110494117,15.427563716324233,91.43971629571563
47,0.7869556337928776,1.6918974047134772,3.7254250810954197,7.869428476161499,14.814998663986147,80.519975873919
48,0.8271476861034959,1.7209154718027269,3.363526835891392,5.907772123677791,9.074422746452623,24.51737748751556
49,0.8317873599290125,1.7267032408856686,3.3338087832068437,5.745510067889198,8.64529332463929,21.787239239232612
50,0.8176937439497503,1.7122998962436824,3.3009013012772654,5.648463226792842,8.424122267307128,20.566437795836567
51,0.840018725187054,1.7437708509330556,3.2621539420097543,5.342065027167143,7.6054140637536305,15.941306158152774
52,0.8319426511182897,1.7402829240501927,3.2337143864116733,5.21967237403012,7.311641016768839,14.522835621827214
53,0.8232038930628616,1.7520937178919636,3.195257156340509,4.970954441165265,6.688419001285763,11.680899924028463
54,0.8232038930628616,1.7520937178919636,3.195257156340509,4.970954441165265,6.688419001285763,11.680899924028463
55,0.8232038930628616,1.7520937178919636,3.195257156340509,4.970954441165265,6.688419001285763,11.680899924028463
56,0.8205162086640738,1.7602685143936168,3.187208463941629,4.888514754452205,6.477938598323102,10.794956096875818
57,0.8111223331593086,1.793468765582178,3.210990310667662,4.786759843348611,6.149420464656972,9.33995179330023
58,0.8111223331593086,1.793468765582178,3.210990310667662,4.786759843348611,6.149420464656972,9.33995179330023
59,0.8102778554972642,1.7941375904118102,3.16264009330962,4.608942039631274,5.7916381851607825,8.28487091211306
60,0.8102778554972642,1.7941375904118102,3.16264009330962,4.608942039631274,5.7916381851607825,8.28487091211306
61,0.8102778554972642,1.7941375904118102,3.16264009330962,4.608942039631274,5.7916381851607825,8.28487091211306
62,0.8102778554972642,1.7941375904118102,3.16264009330962,4.608942039631274,5.7916381851607825,8.28487091211306
63,0.8102778554972642,1.7941375904118102,3.16264009330962,4.608942039631274,5.7916381851607825,8.28487091211306
64,0.7819670174403183,1.7958935787566743,3.192634805746903,4.649244250652436,5.822920596997462,8.230342406530182
65,0.5599545934357892,1.669434823236145,3.0877880262248993,4.422228903474025,5.38132753759804,6.980344865437855
66,0.5599545934357892,1.669434823236145,3.0877880262248993,4.422228903474025,5.38132753759804,6.980344865437855
67,0.5388124510470319,1.638860805633237,3.052506413317685,4.39211555528268,5.362660407616821,7.003957495464327
68,0.513376223421242,1.622159332070689,3.0319822978963433,4.3485468232145585,5.286980924200662,6.828685854958965
69,0.513376223421242,1.622159332070689,3.0319822978963433,4.3485468232145585,5.286980924200662,6.828685854958965
70,0.4860297097758798,1.584361121037055,3.013370246534903,4.390838439158947,5.4079223597879595,7.1872595073372
71,0.4924611437139522,1.5992112142232684,3.0268657272241497,4.38683486120787,5.377870449218853,7.071276988344934
72,0.4924611437139522,1.5992112142232684,3.0268657272241497,4.38683486120787,5.377870449218853,7.071276988344934
73,0.4057485635072594,1.5068619138954673,2.9694853461102175,4.420204671308787,5.525905284136253,7.574225284133433
74,0.34535605252688395,1.4353724109020678,2.895261366961358,4.3598390051745515,5.490289286047275,7.6331029470640885
75,0.34535605252688395,1.4353724109020678,2.895261366961358,4.3598390051745515,5.490289286047275,7.6331029470640885
76,0.34535605252688395,1.4353724109020678,2.895261366961358,4.3598390051745515,5.490289286047275,7.6331029470640885
77,0.32837028625885833,1.3786626651573686,2.895987590215701,4.585393179018806,6.048897325347988,9.487008314932144
78,0.32837028625885833,1.3786626651573686,2.895987590215701,4.585393179018806,6.048897325347988,9.487008314932144
79,0.33945031098365974,1.3850076221994212,2.9062742330973714,4.616717696304009,6.11454572745989,9.70629740767568
80,0.33728962331457946,1.375871471736152,2.9327815634619254,4.756629363384727,6.427761730178008,10.79888042563291
81,0.34088529993878414,1.38792781638262,2.960335039675676,4.806876114619724,6.50339960961688,10.964289848464306
82,0.34088529993878414,1.38792781638262,2.960335039675676,4.806876114619724,6.50339960961688,10.964289848464306
83,0.34088529993878414,1.38792781638262,2.960335039675676,4.806876114619724,6.50339960961688,10.964289848464306
84,0.3594900068847523,1.3851115908913272,3.0517909730495054,5.232922798568192,7.4904548157756725,15.001011940607984
85,0.3538860463030956,1.348517459279506,3.012293790166254,5.277748893917608,7.726865439404224,16.626622139572582
86,0.33961434482431563,1.3147894738149541,2.9608509590164385,5.230157570205884,7.7170107209777745,17.008808285794977
87,0.33961434482431563,1.3147894738149541,2.9608509590164385,5.230157570205884,7.7170107209777745,17.008808285794977
88,0.33961434482431563,1.3147894738149541,2.9608509590164385,5.230157570205884,7.7170107209777745,17.008808285794977
89,0.35124216072990155,1.3210219311692264,2.9823206146587355,5.319426113282186,7.937937731424735,18.178012678881952
90,0.3613459170229223,1.3226259849095319,2.978947573601431,5.327645037872729,7.982137024327017,18.551397627280082
91,0.36811862254738237,1.322750295334436,3.02719400480058,5.564774123988566,8.589616802701793,22.0504119913054
92,0.40510260750207827,1.3030734186083266,2.845506441008274,5.023410914698588,7.473424670008459,17.134853537695257
93,0.4079355584107548,1.3065650307034318,2.8140329868785434,4.8746662930700815,7.111889600213531,15.312912102085239
94,0.4097721426186225,1.3078604782794951,2.7775844485153947,4.719591310754359,6.7509966427374835,13.654995907023547
95,0.3952800567582202,1.2914633650723593,2.7671737783774955,4.733706527197809,6.810008265138941,14.000801961518448
96,0.3507566456641079,1.1865833989537649,2.550314753328206,4.344864138412971,6.213559127106863,12.506875717799463
97,0.3466334646782576,1.1680675163039687,2.508880157619595,4.274289475167504,6.113805707958182,12.31678135208766
98,0.3574591746651852,1.1386220309362733,2.4262966336940197,4.144747800038793,5.962014790107419,12.276070512328218
99,0.35782065264932206,1.1420925623156135,2.400851273455724,4.020348810681078,5.665531265429141,10.937291300308011
100,0.3552440093685453,1.145388222257234,2.392481469399272,3.9604706972366963,5.51354652771062,10.24553006691684
101,0.3552440093685453,1.145388222257234,2.392481469399272,3.9604706972366963,5.51354652771062,10.24553006691684
102,0.3552440093685453,1.145388222257234,2.392481469399272,3.9604706972366963,5.51354652771062,10.24553006691684
103,0.345875877947592,1.1597741309801313,2.438238124755577,4.035168075861902,5.605547719268295,10.322366065641942
104,0.345875877947592,1.1597741309801313,2.438238124755577,4.035168075861902,5.605547719268295,10.322366065641942
105,0.35315347242916284,1.1860506950758047,2.451082897766357,3.9599128786419815,5.370097397220471,9.203348731012863
106,0.36825695168576256,1.2174228561122287,2.484530079634315,3.959514356211805,5.301585580799624,8.76494854333593
107,0.36825695168576256,1.2174228561122287,2.484530079634315,3.959514356211805,5.301585580799624,8.76494854333593
108,0.36825695168576256,1.2174228561122287,2.484530079634315,3.959514356211805,5.301585580799624,8.76494854333593
109,0.37567022602886746,1.2112409663637067,2.464339767098344,3.9331196806386437,5.279756984356977,8.806369019565746
110,0.3702601773711327,1.208047999507409,2.462471296476876,3.929587857545174,5.271456206717837,8.769215221328633
111,0.361894930912116,1.2157235859684608,2.4822546330791786,3.9446001921286533,5.263260659944231,8.607784608918589
112,0.34668291961953646,1.2179768338997707,2.514792949978735,4.019080873516718,5.382535903354353,8.874969154921937
113,0.3599186343800135,1.26929511089764,2.5664219217229975,3.9855831747003876,5.191407686124361,7.9223701873020245
114,0.36402040924130885,1.2798341630127874,2.5866139737383476,4.017045488604162,5.233112633032228,7.990119741609522
115,0.36820320057347067,1.2866059724136485,2.6039641796470763,4.056405682316655,5.301063011801505,8.165641725606086
116,0.34176672413946707,1.2875167089516635,2.63313250376111,4.100251482676648,5.342056235508808,8.134285493125576
117,0.3154576000881619,1.3168770148916016,2.696599341954043,4.135762575200132,5.29565128653273,7.675816278614625
118,0.05541763550543044,1.2980891424933627,2.8841874190711465,4.373177397345154,5.440744313201605,7.21289637328014
119,0.05541763550543044,1.2980891424933627,2.8841874190711465,4.373177397345154,5.440744313201605,7.21289637328014
120,0.05541763550543044,1.2980891424933627,2.8841874190711465,4.373177397345154,5.440744313201605,7.21289637328014
121,0.04253899077218515,1.2618483487872523,2.781830380145595,4.163035147007408,5.11806243675444,6.605167207858775
122,0.04253899077218515,1.2618483487872523,2.781830380145595,4.163035147007408,5.11806243675444,6.605167207858775
123,0.04253899077218515,1.2618483487872523,2.781830380145595,4.163035147007408,5.11806243675444,6.605167207858775
124,0.04170191849624272,1.2706501534434378,2.789552875951436,4.153518160081896,5.08425324491565,6.50044339827585
125,0.0462290058242385,1.2540426574637293,2.7705832197930453,4.162434186337901,5.135543162919467,6.6805761556299
126,0.04321526442688117,1.247987713810038,2.7566704368020654,4.136209903729845,5.096755720526233,6.610859215642691
127,0.0414383434341552,1.245944410259678,2.727634737152174,4.0495495117884985,4.9450674392585645,6.290546514926514
128,0.0414383434341552,1.245944410259678,2.727634737152174,4.0495495117884985,4.9450674392585645,6.290546514926514
129,0.0414383434341552,1.245944410259678,2.727634737152174,4.0495495117884985,4.9450674392585645,6.290546514926514
130,0.017010089136593076,1.2117278898828412,2.6371998988848837,3.856461133675568,4.644481894415821,5.736113947202054
131,-0.0198428427541687,1.1836273149032706,2.6032167068969874,3.798410347609133,4.557358690760418,5.577515748755086
132,-0.0198428427541687,1.1836273149032706,2.6032167068969874,3.798410347609133,4.557358690760418,5.577515748755086
133,-0.03332021149931441,1.1632592486255375,2.564931589040154,3.733742519262627,4.467999917871058,5.4371112207650665
134,-0.03332021149931441,1.1632592486255375,2.564931589040154,3.733742519262627,4.467999917871058,5.4371112207650665
135,-0.06097111887565909,1.1209678392437148,2.4368093811885747,3.4594818109999483,4.053254353882371,4.740232131983753
136,-0.009981784371939195,1.10470351476424,2.279821699597596,3.1266908641821467,3.5784119630380395,4.033775749611763
137,-0.009981784371939195,1.10470351476424,2.279821699597596,3.1266908641821467,3.5784119630380395,4.033775749611763
138,-0.009981784371939195,1.10470351476424,2.279821699597596,3.1266908641821467,3.5784119630380395,4.033775749611763
139,-0.009981784371939195,1.10470351476424,2.279821699597596,3.1266908641821467,3.5784119630380395,4.033775749611763
140,-0.05507772183515791,1.0714482328187716,2.2357111785179073,3.051984690297525,3.474111422489049,3.879169079187556
141,-0.04978296280354644,1.0756364111761494,2.223963984894516,3.0148989441925655,3.41582540768099,3.788586472286619
142,-0.03287167860056883,1.1001069685171396,2.2421235980821232,3.015503515682816,3.4001199489579528,3.747171752760715
143,0.04047794458252807,1.1193179845288135,2.072264346580828,2.609397029272802,2.8264269787021674,2.9695209540305636
144,0.055586712073997235,1.0993248396129864,1.9975244740579985,2.4857300438047973,2.675008931483516,2.7925444574161284
145,0.07266495627595826,1.1163263574501814,1.9973594667994639,2.4635729282229195,2.638896890321262,2.743104729304207
146,0.07266495627595826,1.1163263574501814,1.9973594667994639,2.4635729282229195,2.638896890321262,2.743104729304207
147,0.04837997035132391,1.1018599075748456,1.9727181886136185,2.4202590728696816,2.5830433738198595,2.6753203741114517
148,0.06429379088879283,1.1083545337855039,1.970480714581519,2.4128569544470326,2.5734824119498887,2.664311431393553
149,0.06290673996709062,1.113849717406307,1.9715708719423581,2.4045644291379507,2.5588850956741314,2.6438899907832347
150,0.06290673996709062,1.113849717406307,1.9715708719423581,2.4045644291379507,2.5588850956741314,2.6438899907832347
151,0.06094042799678767,1.1142659761150844,1.9569340511901734,2.3706333260154815,2.5134600478948963,2.5887079386013854
152,0.06302391300414367,1.107290355338244,1.9468382802936253,2.3618515672753992,2.5062620349093274,2.5831823463377654
153,0.06302391300414367,1.107290355338244,1.9468382802936253,2.3618515672753992,2.5062620349093274,2.5831823463377654
154,0.06302391300414367,1.107290355338244,1.9468382802936253,2.3618515672753992,2.5062620349093274,2.5831823463377654
155,0.06302391300414367,1.107290355338244,1.9468382802936253,2.3618515672753992,2.5062620349093274,2.5831823463377654
156,0.07291516524533292,1.1210385905198454,1.9418612759405371,2.3330153915031016,2.463542059763662,2.5291428734341115
157,0.09329328020684602,1.132679217506213,1.9302605211472286,2.299680855907283,2.4190087631013664,2.476361468303622
158,0.10784650133357987,1.14485853882325,1.9209906265586114,2.2681377058279546,2.3758742452656443,2.4249161823700907
159,0.12776480339949148,1.1557992846186904,1.9228025510320683,2.264364291350919,2.3698355891659206,2.417521352758718
160,0.12776480339949148,1.1557992846186904,1.9228025510320683,2.264364291350919,2.3698355891659206,2.417521352758718
161,0.1339733237640086,1.1628895549636682,1.9343417373740535,2.2802604454728597,2.3879241828029976,2.4371234330578675
162,0.12699504031554365,1.1526295874858778,1.926572398264561,2.276737234497188,2.386849271072028,2.4378732017038347
163,0.032298950046509955,1.0741960247060454,1.916733432689853,2.3366257554687184,2.484096696669564,2.5636731802877493
164,0.032298950046509955,1.0741960247060454,1.916733432689853,2.3366257554687184,2.484096696669564,2.5636731802877493
165,0.03598571702803166,1.0886731111439096,1.9279957845105309,2.3381170659253527,2.478949180518379,2.552593044396995
166,0.012166063827995233,1.0702539508335915,1.9221250715347593,2.3440674796574887,2.4912223956883723,2.5698531610310655
167,0.002061864149621173,1.0756436170586303,1.929189650444952,2.344604313110256,2.486607109793317,2.5603955126373634
168,0.0011425427709127467,1.0771118385655964,1.9180677437500844,2.317704283073041,2.4506385741955667,2.5171575076825086
169,-0.022459134964616267,1.0532221487860363,1.916386103194856,2.341944021160104,2.4895762317646533,2.567881267331765
170,-0.10002560577954711,1.0092537838901054,1.9095431080786627,2.3604966330756927,2.519795214784782,2.606453248391776
171,-0.16946331072707466,0.9450044912826274,1.8873945993704744,2.387247141119521,2.575724021026195,2.6881779633328233
172,-0.16658255915175457,0.9459441759024882,1.8814854683263031,2.3738796433948735,2.5579152319859295,2.6663462372947198
173,-0.17991512672475107,0.924402349736408,1.8726536393608932,2.3864923886150793,2.5850184543166668,2.7076804379679547
174,-0.17991512672475107,0.924402349736408,1.8726536393608932,2.3864923886150793,2.5850184543166668,2.7076804379679547
175,-0.3355127819325338,0.7653820827496904,1.8000821685822905,2.4359042970254707,2.7192392878047613,2.9352613126561238
176,-0.4130275210563938,0.7165640570618017,1.7705416502223161,2.4116932876683013,2.6941510450967665,2.9058270413255802
177,-0.4146905901466509,0.7185802386696601,1.7639580189660675,2.38983683124989,2.6606399022297333,2.858177226742412
178,-0.42057819350721143,0.7110558494581019,1.7549462666512794,2.3799532986626772,2.6503883481532444,2.847667213819026
179,-0.42057819350721143,0.7110558494581019,1.7549462666512794,2.3799532986626772,2.6503883481532444,2.847667213819026
180,-0.42057819350721143,0.7110558494581019,1.7549462666512794,2.3799532986626772,2.6503883481532444,2.847667213819026
181,-0.42057819350721143,0.7110558494581019,1.7549462666512794,2.3799532986626772,2.6503883481532444,2.847667213819026
182,-0.4392239591855235,0.7092992877085145,1.7568088560952637,2.3741549417403593,2.636536072428407,2.82290673163691
183,-0.4507149783624311,0.7318031674034766,1.7691617159927202,2.348293566125046,2.579758266047148,2.729964521812163
184,-0.448736091049951,0.7448155871907327,1.769173734610724,2.3238635256153017,2.5380015730428287,2.6701574458829804
185,-0.457763929728025,0.7414738635936895,1.7744180188567418,2.336565751940221,2.554822841777185,2.6906314717750273
186,-0.48098603722687167,0.7240794170214775,1.7667074805089595,2.33768149433648,2.5609460420885504,2.701303364301781
187,-0.4629892275304369,0.7432086879539644,1.7528730718665004,2.2808881080463665,2.476803287149079,2.5910407326572766
188,-0.43994727562676145,0.7403400335949588,1.764181958005563,2.3268979166723143,2.5478392593010835,2.687564159275818
189,-0.4420712864886685,0.732718367224969,1.7556633080395845,2.32086451688436,2.5441184581801433,2.6865399295736183
190,-0.44922824946678336,0.719416878127056,1.7241146795126847,2.269455658301368,2.480555713671344,2.6113461785137133
191,-0.4505625296009721,0.7414762484806752,1.7451249376151328,2.274280067953786,2.472445334809427,2.5895299054540097
192,-0.45526034804261684,0.75534554490441,1.745702992664997,2.2472986943370246,2.4267404764353206,2.526105176247768
193,-0.45526034804261684,0.75534554490441,1.745702992664997,2.2472986943370246,2.4267404764353206,2.526105176247768
194,-0.5055673393170176,0.738328278170773,1.7543003879862322,2.267727567751201,2.4509371655507945,2.552027273876381
195,-0.5007651430950295,0.7452865964374926,1.7508554757039434,2.250567828947169,2.4255012587566775,2.519467160293769
196,-0.5502659862802154,0.713074139770536,1.7503396554454898,2.2783678926716164,2.4683628107365245,2.574432978711405
197,-0.5502659862802154,0.713074139770536,1.7503396554454898,2.2783678926716164,2.4683628107365245,2.574432978711405
198,-0.5502659862802154,0.713074139770536,1.7503396554454898,2.2783678926716164,2.4683628107365245,2.574432978711405
199,-0.5485669999220019,0.7022909064921214,1.7799144149523558,2.366542253906299,2.5943766592334723,2.7362100499029727
200,-0.5340580009732887,0.7207601477707839,1.802928885260826,2.3928918963807266,2.6224024545186366,2.7656221483020174
201,-0.5384019896609626,0.7221024082516425,1.81570234319539,2.4168910947271933,2.652997515191663,2.8023672811256377
202,-0.4920502604626951,0.7602465458886101,1.8094872824854142,2.35892104681778,2.563088962291464,2.6823925361915606
203,-0.46270286759122337,0.7853237895549037,1.9074481509796675,2.5557573131339515,2.825157934216403,3.010241540167963
204,-0.4538698827094112,0.7931647843348744,1.9044911062407808,2.5386786814088795,2.7985422088011465,2.973430834228211
205,-0.4538698827094112,0.7931647843348744,1.9044911062407808,2.5386786814088795,2.7985422088011465,2.973430834228211
206,-0.48837915629305506,0.7717643539676173,1.889122533290212,2.522289790030367,2.779674733537428,2.95088315502357
207,-0.48837915629305506,0.7717643539676173,1.889122533290212,2.522289790030367,2.779674733537428,2.95088315502357
208,-0.48837915629305506,0.7717643539676173,1.889122533290212,2.522289790030367,2.779674733537428,2.95088315502357
209,-0.5197446575989002,0.743334098777853,1.9086730057266768,2.6065576615513915,2.908606119660228,3.129033606236533
210,-0.509829252983626,0.7464137398206132,1.9410988604316644,2.687340069338114,3.02609257464492,3.291695749513178
211,-0.4970888902459897,0.7477180913983776,1.9322412408014826,2.672754915597559,3.009226049719096,3.2734198125351512
212,-0.49239339248267794,0.7471988834594452,1.946784322240414,2.714461890155666,3.0726224484792124,3.365407242236004
213,-0.49239339248267794,0.7471988834594452,1.946784322240414,2.714461890155666,3.0726224484792124,3.365407242236004
214,-0.49764045746033775,0.7250074362371135,1.9511662259179796,2.7756964809529987,3.1825053454308407,3.5450564799404987
215,-0.4932870279037317,0.7120456493026852,1.9310517431045628,2.760398118703413,3.1750049154397617,3.552183900264644
216,-0.5150979460005871,0.6812492656470763,2.0938547016499314,3.284820503065946,4.042258328234659,5.063076355074567
217,-0.520567838870287,0.6742904258935641,2.116442515717919,3.3697527405470478,4.194296802717421,5.371901725498193
218,-0.5211072270280244,0.6794177901799083,2.1364368458866205,3.412366724178388,4.2589710247498305,5.485976556475875
219,-0.5521763021575004,0.6459627669460108,2.2695525430781847,3.9248278340975182,5.225524224860044,7.77297530003212
220,-0.5548662066649273,0.6436034768680278,2.268996805160538,3.928016282738902,5.233317176140718,7.795768454017168
221,-0.5906049537852527,0.6723544539541477,2.4803963863011638,4.468467246378861,6.167055108552013,10.054400136445333
222,-0.5839181016779433,0.6725954163854027,2.508225371042734,4.583660506465334,6.412332691958637,10.84918888884302
223,-0.5839181016779433,0.6725954163854027,2.508225371042734,4.583660506465334,6.412332691958637,10.84918888884302
224,-0.5839181016779433,0.6725954163854027,2.508225371042734,4.583660506465334,6.412332691958637,10.84918888884302
225,-0.6265704701461416,0.6206663444285776,2.4917178243276665,4.685746334926782,6.698266852784828,11.973506080033841
226,-0.6265704701461416,0.6206663444285776,2.4917178243276665,4.685746334926782,6.698266852784828,11.973506080033841
227,-0.6265704701461416,0.6206663444285776,2.4917178243276665,4.685746334926782,6.698266852784828,11.973506080033841
228,-0.6884290190934907,0.5642709569629446,2.5016752123725214,4.870635086509712,7.146188679551861,13.672025122793011
229,-0.7272624540165707,0.5644385258644826,2.5342042296464014,4.896567347405899,7.117929460915557,13.228038265065138
230,-0.7256787135443865,0.5618967076648747,2.538893906763498,4.9323859501637015,7.206509544679356,13.589943332762994
231,-0.7311195126589508,0.5743091642234485,2.55184303805374,4.902003358284933,7.089806629611798,12.991063034188375
232,-0.7296416542884723,0.5869828191121973,2.5586287591491885,4.864991831789427,6.974879085209953,12.476693688369098
233,-0.7234321383401726,0.6080299728753347,2.5862230371980313,4.875285815470109,6.944446481100085,12.217015821335787
234,-0.730481450338153,0.654661364117658,2.6746328062558278,4.952950413826009,6.955004720040486,11.787745931948619
235,-0.730481450338153,0.654661364117658,2.6746328062558278,4.952950413826009,6.955004720040486,11.787745931948619
236,-0.730481450338153,0.654661364117658,2.6746328062558278,4.952950413826009,6.955004720040486,11.787745931948619
237,-0.7054400792130757,0.7527409663603132,2.8056570269388863,5.011662942927118,6.849112704906852,10.857938516413164
238,-0.708796135163904,0.7444980627573908,2.7743825229928483,4.931976543953473,6.707536677985143,10.49498280849105
239,-0.7111632668329575,0.7669500789078574,2.8202082827083395,4.986232180015561,6.753891367051715,10.466289591252554
240,-0.7204467058524621,0.7610303740474111,2.8245689106864793,5.009607330048201,6.800195838071738,10.589864949187545
241,-0.7072396780488088,0.7812544914677171,2.8958426976682574,5.196509268619611,7.13930954530359,11.48861191653109
242,-0.7072396780488088,0.7812544914677171,2.8958426976682574,5.196509268619611,7.13930954530359,11.48861191653109
243,-0.7031341329976015,0.7558476804460503,2.865205310662674,5.216256536446554,7.2553005012713925,12.056055798635665
244,-0.7031341329976015,0.7558476804460503,2.865205310662674,5.216256536446554,7.2553005012713925,12.056055798635665
245,-0.698745007110704,0.7610469973983183,2.8702537406758823,5.219111498749676,7.25431393873529,12.037374809746323
246,-0.6836551521271881,0.7908973954790237,2.902018978165117,5.223596657707957,7.207364790251185,11.748383234111172
247,-0.6836551521271881,0.7908973954790237,2.902018978165117,5.223596657707957,7.207364790251185,11.748383234111172
248,-0.6836551521271881,0.7908973954790237,2.902018978165117,5.223596657707957,7.207364790251185,11.748383234111172
249,-0.6836551521271881,0.7908973954790237,2.902018978165117,5.223596657707957,7.207364790251185,11.748383234111172
250,-0.6599973402483674,0.7125289128089027,2.7858123536833754,5.240174742889197,7.515182287842217,13.60063981664684
251,-0.6591030804232159,0.6889857689447523,2.7511499409661444,5.234926028365127,7.581482315429528,14.095576347966066
252,-0.6591030804232159,0.6889857689447523,2.7511499409661444,5.234926028365127,7.581482315429528,14.095576347966066
253,-0.6665311956362476,0.6700200318991465,2.704471201011962,5.138316566736949,7.420595741238149,13.664624448258518
254,-0.6682475262959969,0.6058484061397464,2.636995771383329,5.226105090090068,7.829602843560696,16.00396850289167
255,-0.677718644421018,0.604095027477055,2.654657876164228,5.281005872820934,7.935819852227097,16.35893084879234
256,-0.677718644421018,0.604095027477055,2.654657876164228,5.281005872820934,7.935819852227097,16.35893084879234
257,-0.6982018762377582,0.5383564409747024,2.56361075978062,5.242606803816887,8.04831139080066,17.607150047552427
258,-0.8734556422062125,0.20033665992158678,1.9968083711863711,4.443465852004814,7.0890910032167245,16.70750682653794
259,-0.8815762481852737,0.17233922162615714,1.9722372641827248,4.493703866430564,7.305805973410765,18.198997855474698
260,-0.8815762481852737,0.17233922162615714,1.9722372641827248,4.493703866430564,7.305805973410765,18.198997855474698
261,-0.8739949591188337,0.16722458216420147,1.9503434116766458,4.457744063096379,7.265730769722903,18.23608211743143
262,-0.8739949591188337,0.16722458216420147,1.9503434116766458,4.457744063096379,7.265730769722903,18.23608211743143
263,-0.9050593279757664,0.07586051880020206,1.6682095025946384,3.7490413111543863,5.899326520895777,13.030145986032501
264,-0.8942623232729292,0.06456014126622084,1.6164413117950416,3.6361813115128516,5.714059848709766,12.543315318833395
265,-0.8942623232729292,0.06456014126622084,1.6164413117950416,3.6361813115128516,5.714059848709766,12.543315318833395
266,-0.8942623232729292,0.06456014126622084,1.6164413117950416,3.6361813115128516,5.714059848709766,12.543315318833395
267,-0.8942623232729292,0.06456014126622084,1.6164413117950416,3.6361813115128516,5.714059848709766,12.543315318833395
268,-0.8942623232729292,0.06456014126622084,1.6164413117950416,3.6361813115128516,5.714059848709766,12.543315318833395
269,-0.8942623232729292,0.06456014126622084,1.6164413117950416,3.6361813115128516,5.714059848709766,12.543315318833395
270,-0.9077859711164367,0.06522220118650796,1.642475324819939,3.6995497782620212,5.820720900421785,12.824642406459223
271,-0.919329595637708,0.05252193901288446,1.6530395269006555,3.786269087281631,6.039011120007747,13.843945415686518
272,-0.9724848294660164,0.08206708987244346,1.7518610221598199,3.8606423543890407,5.959568682511705,12.416865685165304
273,-0.9544540429620179,0.09640841999098723,1.750832558354193,3.823801804854035,5.869280390373954,12.054823681213142
274,-0.9544540429620179,0.09640841999098723,1.750832558354193,3.823801804854035,5.869280390373954,12.054823681213142
275,-0.9544540429620179,0.09640841999098723,1.750832558354193,3.823801804854035,5.869280390373954,12.054823681213142
276,-0.9338863035829408,0.14943037932108244,1.8766392043893805,4.078665805177273,6.293315022298704,13.249202183045135
277,-0.9338863035829408,0.14943037932108244,1.8766392043893805,4.078665805177273,6.293315022298704,13.249202183045135
278,-0.9338863035829408,0.14943037932108244,1.8766392043893805,4.078665805177273,6.293315022298704,13.249202183045135
279,-0.9445626842359633,0.26624812703504175,2.095937466001957,4.263049509569776,6.272940153276869,11.655168613423095
280,-0.843428767605724,0.592695271318919,2.710650641285392,5.136628504104476,7.305065951564992,12.712707022388505
281,-0.843428767605724,0.592695271318919,2.710650641285392,5.136628504104476,7.305065951564992,12.712707022388505
282,-0.8339196550135499,0.6197729764367402,2.7389362739443563,5.127930257424395,7.226074917376473,12.285409288573641
283,-0.7952647970302074,0.8341792368077375,3.0938340529186172,5.4720565442833875,7.407899001168388,11.45412510699471
284,-0.7872062458321303,0.9180383138873643,3.223859830912984,5.567756723132384,7.403548599099092,10.977508240878866
285,-0.6732944257468354,1.2954056090299768,3.7877894420199443,6.10142638979667,7.739622910940205,10.399411193445502
286,-0.6799031682622332,1.309871530532336,3.829992157854422,6.170730045830033,7.829183023930931,10.524926383433666
287,-0.6799031682622332,1.309871530532336,3.829992157854422,6.170730045830033,7.829183023930931,10.524926383433666
288,-0.6799031682622332,1.309871530532336,3.829992157854422,6.170730045830033,7.829183023930931,10.524926383433666
289,-0.6699525464298361,1.3037943552317164,3.820357111974139,6.179414056420088,7.868063983600344,10.663175593890974
290,-0.6699525464298361,1.3037943552317164,3.820357111974139,6.179414056420088,7.868063983600344,10.663175593890974
291,-0.6699525464298361,1.3037943552317164,3.820357111974139,6.179414056420088,7.868063983600344,10.663175593890974
292,-0.6699525464298361,1.3037943552317164,3.820357111974139,6.179414056420088,7.868063983600344,10.663175593890974
293,-0.6864778319358252,1.2963370235296352,3.8279900822986006,6.205763128569045,7.911457826529769,10.745532470162694
294,-0.6864778319358252,1.2963370235296352,3.8279900822986006,6.205763128569045,7.911457826529769,10.745532470162694
295,-0.6864778319358252,1.2963370235296352,3.8279900822986006,6.205763128569045,7.911457826529769,10.745532470162694
296,-0.6864778319358252,1.2963370235296352,3.8279900822986006,6.205763128569045,7.911457826529769,10.745532470162694
297,-0.6882608246197146,1.272946952494705,3.7582937647000456,6.068537554617182,7.706809265655278,10.373848095659257
298,-0.7512907220375067,1.1744222085608909,3.6212900242627644,5.904130496587305,7.529597299696848,10.194996434201956
299,-0.7685768827190974,1.1500259518468616,3.5604480887656056,5.774471582739694,7.32379187255197,9.787585829159461
300,-0.8551392105489422,0.9807915734463213,3.4097705977882367,5.805767551585977,7.6208175816641095,10.946211761895661
301,-0.8551392105489422,0.9807915734463213,3.4097705977882367,5.805767551585977,7.6208175816641095,10.946211761895661
302,-0.8702386335903636,0.8863227545713118,3.2961542285254417,5.795086552133461,7.796029153745338,11.853011417483717
303,-0.8656492506896878,0.8768976382632983,3.2867421015478415,5.813420518707222,7.8614706943708805,12.108955512733194
304,-0.8536332703134506,0.8469992838669833,3.2058504113265487,5.689162018070173,7.711165908306728,11.939891234156054
305,-0.7634352721662676,0.8890215100139487,3.1959211675192005,5.6462559688995695,7.661172628975162,11.953035898006117
306,-0.7199374419831874,0.8684912360248049,3.173295282244476,5.754957256471143,8.006308015969678,13.362364302790459
307,-0.7148788201137566,0.7103915672703878,2.9581288341278222,5.781169902451547,8.57401727711246,17.063217838628418
308,-0.7148788201137566,0.7103915672703878,2.9581288341278222,5.781169902451547,8.57401727711246,17.063217838628418
309,-0.7071874553609669,0.7104143501755529,2.9566448594124344,5.796144052857372,8.625370972989776,17.34778469782292
310,-0.7071874553609669,0.7104143501755529,2.9566448594124344,5.796144052857372,8.625370972989776,17.34778469782292
311,-0.6806452680095942,0.7210426273615542,2.9579313466385493,5.81339024287286,8.689244937847121,17.747172527066784
312,-0.6900928548403891,0.7144415889161517,2.9673449536866725,5.86346069298791,8.802797092803925,18.204135206419373
313,-0.682090483177611,0.7278931997193291,2.9772752082828635,5.847376840646114,8.736534779204787,17.82729372404019
314,-0.6705935041895448,0.8342994772596911,3.1771602096226195,6.067980723771921,8.872664962253126,17.075430168036632
315,-0.6040367293978067,1.0186498708080363,3.4918168856723506,6.455722807705942,9.240454411980226,16.888016187884624
316,-0.6040367293978067,1.0186498708080363,3.4918168856723506,6.455722807705942,9.240454411980226,16.888016187884624
317,-0.6040367293978067,1.0186498708080363,3.4918168856723506,6.455722807705942,9.240454411980226,16.888016187884624
318,-0.6137611821215354,1.0011674401599227,3.474970305131448,6.460270393811923,9.286613155408592,17.16509362225668
319,-0.6137611821215354,1.0011674401599227,3.474970305131448,6.460270393811923,9.286613155408592,17.16509362225668
320,-0.6137611821215354,1.0011674401599227,3.474970305131448,6.460270393811923,9.286613155408592,17.16509362225668
321,-0.5553219095706121,1.0264152664096082,3.5474413779649074,6.760023138287318,9.989378352248195,20.122029591778514
322,-0.5553219095706121,1.0264152664096082,3.5474413779649074,6.760023138287318,9.989378352248195,20.122029591778514
323,-0.5553219095706121,1.0264152664096082,3.5474413779649074,6.760023138287318,9.989378352248195,20.122029591778514
324,-0.5618715204083423,1.0408911418381235,3.592722502126049,6.839834561231818,10.098687806970949,20.29136251572986
325,-0.5109280029140261,1.0866968135337998,3.6434752141927462,6.91994112801246,10.233875598218981,20.760636494590386
326,-0.5109280029140261,1.0866968135337998,3.6434752141927462,6.91994112801246,10.233875598218981,20.760636494590386
327,-0.47520042548969466,1.1747858807894205,3.737693480354597,6.890162664380863,9.938201960313606,18.792528810790458
328,-0.4685876773475979,1.186289204532339,3.8122034073495423,7.138121861073662,10.459092793291973,20.74112330229353
329,-0.41729842344739276,1.2283701483644194,3.8393266909890316,7.145698590905212,10.446491871303067,20.661984500905497
330,-0.3447428154073131,1.2847135896499058,3.919116167655011,7.342531414387091,10.858621366135367,22.376116703728872
331,-0.3139312384933812,1.274051831468072,3.88749321506364,7.367557947291712,11.038854980329603,23.732381860750714
332,-0.2538066932100179,1.1892648883683583,3.792167428979466,7.721759032500405,12.477732745611876,34.33304993302773
333,-0.2360565579309155,1.1738718315665282,3.7784886412038547,7.84129976681904,12.936989522187035,38.19839306236697
334,-0.1935279873725525,1.074565822602004,3.6161180433636115,8.047559886983676,14.321428627399134,54.809616420931455
335,-0.185741572182761,1.043441363442318,3.566283327375612,8.110155292594985,14.77365165421162,61.28056855840823
336,-0.185741572182761,1.043441363442318,3.566283327375612,8.110155292594985,14.77365165421162,61.28056855840823
337,-0.185741572182761,1.043441363442318,3.566283327375612,8.110155292594985,14.77365165421162,61.28056855840823
338,-0.19045868447962977,1.0475459597582164,3.5897755118623196,8.171716659396951,14.896053054637765,61.905938726410774
339,-0.19045868447962977,1.0475459597582164,3.5897755118623196,8.171716659396951,14.896053054637765,61.905938726410774
340,-0.1884918153894921,1.0648237369049924,3.6283145577599147,8.223663413096771,14.928258111176717,61.18996369822807
341,-0.1920659256526751,1.0526895845630202,3.617536691710117,8.261853442278563,15.112280185299843,63.54880862806066
342,-0.2131883915126328,0.8611809361488452,3.3067069511504474,8.378371428823773,17.040916352688104,102.66360818291953
343,-0.2256555878949547,0.8284834571264801,3.2449014944545898,8.30441297007513,17.035874368533992,105.44070903745707
344,-0.2377921772454184,0.8066246344508803,3.216744257963476,8.308978616001252,17.183113071852613,109.1044441054573
345,-0.23156112863176603,0.7743480903862827,3.111890944751784,8.097979168409664,16.876634008930715,110.01697436890821
346,-0.23156112863176603,0.7743480903862827,3.111890944751784,8.097979168409664,16.876634008930715,110.01697436890821
347,-0.23156112863176603,0.7743480903862827,3.111890944751784,8.097979168409664,16.876634008930715,110.01697436890821
348,-0.23156112863176603,0.7743480903862827,3.111890944751784,8.097979168409664,16.876634008930715,110.01697436890821
349,-0.23845416968310795,0.7776624897567024,3.125112677804013,8.092525317209804,16.763410776877716,106.92621146081181
350,-0.23845416968310795,0.7776624897567024,3.125112677804013,8.092525317209804,16.763410776877716,106.92621146081181
351,-0.23845416968310795,0.7776624897567024,3.125112677804013,8.092525317209804,16.763410776877716,106.92621146081181
352,-0.26745724310151964,0.609430841122422,2.575801359011762,6.5715559541291295,13.248107159020906,75.9604636656437
353,-0.3106842454878608,0.42592238634837054,2.1199301260530374,5.682509948147084,11.859894514432622,75.1019589069742
354,-0.30965330933588175,0.3910756894310139,2.0178711301007106,5.483361936780577,11.576208869620395,76.0071634078865
355,-0.30965330933588175,0.3910756894310139,2.0178711301007106,5.483361936780577,11.576208869620395,76.0071634078865
356,-0.3156810821001192,0.3958110145442866,2.0324438411627943,5.475455271425644,11.447557428217529,72.63693010325845
357,-0.3156810821001192,0.3958110145442866,2.0324438411627943,5.475455271425644,11.447557428217529,72.63693010325845
358,-0.24677186442819785,0.4502502979143334,1.9699311517376712,4.941936728571492,9.706643158945807,50.39526947965797
359,-0.2438466802425873,0.4548071944682548,1.980261644718784,4.9694727794274485,9.772031390430184,50.98547802384304
360,-0.2407089819908189,0.4582764907719018,1.9688284184635436,4.887621685706289,9.50650115661865,47.79326395309882
361,-0.22967408072384257,0.4708640166304044,1.972565023442428,4.842420904993624,9.329997626746692,45.53060761594461
362,-0.16464985542014476,0.5592595950779435,1.97532722531927,4.363849109580853,7.625796247427866,27.070332001154277
363,-0.16225620503022503,0.5652738501824228,1.981481777526655,4.354340637289819,7.571456493104343,26.446232780778303
364,-0.16225620503022503,0.5652738501824228,1.981481777526655,4.354340637289819,7.571456493104343,26.446232780778303
365,-0.1078876866210638,0.7318100114796511,2.2359291930998766,4.485254241045063,7.179556171541659,19.29286751473047
366,-0.10210179871979119,0.7512232342801775,2.283950124565262,4.584673736401821,7.351858199780975,19.900889450526
367,-0.10210179871979119,0.7512232342801775,2.283950124565262,4.584673736401821,7.351858199780975,19.900889450526
368,-0.07948100998866459,0.7950783477263794,2.346657185151849,4.636631114147502,7.3404877559009964,19.134662061291383
369,-0.08806793837902871,0.8735775312960616,2.500605690614001,4.750878761804387,7.225554367401282,16.538770799566787
370,-0.08806793837902871,0.8735775312960616,2.500605690614001,4.750878761804387,7.225554367401282,16.538770799566787
371,-0.08806793837902871,0.8735775312960616,2.500605690614001,4.750878761804387,7.225554367401282,16.538770799566787
372,-0.08389564630404456,0.8849286412918547,2.5000275505145657,4.688963125905363,7.043281970676941,15.509719310168805
373,-0.07892948150778167,0.8975559554732715,2.5300787793218324,4.751300100595205,7.150610014435243,15.85465301623408
374,-0.0753487842517061,0.9136791850871984,2.551760824267589,4.752122479631869,7.095687222215501,15.357253805866694
375,-0.07474537700277484,0.9174684840443756,2.5444590068696105,4.7001344876117805,6.961797140170188,14.694959353777666
376,-0.07542069739030788,0.9637912355496536,2.6519603420558875,4.860147317136781,7.144469418766371,14.73603729887092
377,-0.07542069739030788,0.9637912355496536,2.6519603420558875,4.860147317136781,7.144469418766371,14.73603729887092
378,-0.07542069739030788,0.9637912355496536,2.6519603420558875,4.860147317136781,7.144469418766371,14.73603729887092
379,-0.08725816410079401,0.9439040310851765,2.649464609759941,4.93622802850043,7.36687476407678,15.900130762744245
380,-0.09284376620416779,0.9293125115364551,2.6455417790391342,4.9944345298829385,7.548067135633947,16.93485305247186
381,-0.11784898656671561,0.9553176408481312,2.7182677695751254,5.059938871227425,7.523501641521826,15.993969631982061
382,-0.12692048930456978,0.9638780084527996,2.7071117243341627,4.936753567005672,7.187144456351891,14.305506712393777
383,-0.1206232654451983,0.975674439173263,2.715686336500598,4.920300926523446,7.122468600540815,13.945714503687096
384,-0.13371216381801798,0.9421341161114617,2.670124108346259,4.895541083184363,7.158726684602779,14.426686311712514
385,-0.2176840618855036,0.8455257348184632,2.6045190394728026,4.96370560363842,7.472244545060383,16.285464387113723
386,-0.2176840618855036,0.8455257348184632,2.6045190394728026,4.96370560363842,7.472244545060383,16.285464387113723
387,-0.2357659900645377,0.8504374117751609,2.6186079976626226,4.938031109727021,7.344932533352061,15.394367818952531
388,-0.2545493111771413,0.8259118808511838,2.5987887147008983,4.949904931004278,7.419094085934976,15.878994138047753
389,-0.5054038434411499,0.5259405186916543,2.4258561576480253,5.378112375002752,9.065485447850392,27.18289639019287
390,-0.5137125692940083,0.5123147492647259,2.4326657464254815,5.4821209344748425,9.382032922854902,29.539966779454815
391,-0.5137125692940083,0.5123147492647259,2.4326657464254815,5.4821209344748425,9.382032922854902,29.539966779454815
392,-0.5137125692940083,0.5123147492647259,2.4326657464254815,5.4821209344748425,9.382032922854902,29.539966779454815
393,-0.5063566406234938,0.5051719424352151,2.4108204506183384,5.464127699553336,9.40721308517824,30.22075396481171
394,-0.5225897128990212,0.44655447826601347,2.3089027391004167,5.3747555244857,9.452510572449746,32.396654476590165
395,-0.5225897128990212,0.44655447826601347,2.3089027391004167,5.3747555244857,9.452510572449746,32.396654476590165
396,-0.5153894793574234,0.44051562561061275,2.2983344373124233,5.404390059484145,9.605683996554788,34.12820622988647
397,-0.5153894793574234,0.44051562561061275,2.2983344373124233,5.404390059484145,9.605683996554788,34.12820622988647
398,-0.5153894793574234,0.44051562561061275,2.2983344373124233,5.404390059484145,9.605683996554788,34.12820622988647
399,-0.5153894793574234,0.44051562561061275,2.2983344373124233,5.404390059484145,9.605683996554788,34.12820622988647
400,-0.5153894793574234,0.44051562561061275,2.2983344373124233,5.404390059484145,9.605683996554788,34.12820622988647
401,-0.5159831536282178,0.43099056456201934,2.293733551558226,5.459627468938134,9.819044835795157,36.280708274769715
402,-0.5283466342406015,0.45196804819169745,2.3645760946726266,5.579089998763686,9.952011895520426,35.797593795060756
403,-0.5281802210129541,0.4394841263756498,2.332688006229441,5.526741357458705,9.88987047252288,35.912787219643626
404,-0.5312294175039238,0.44878458473784777,2.3712437912547037,5.626426497787121,10.090603240265205,36.947206008338284
405,-0.5400562384322779,0.41515181329527995,2.3168282943141203,5.602406914494175,10.20805790681496,39.28496409902566
406,-0.5400562384322779,0.41515181329527995,2.3168282943141203,5.602406914494175,10.20805790681496,39.28496409902566
407,-0.5400562384322779,0.41515181329527995,2.3168282943141203,5.602406914494175,10.20805790681496,39.28496409902566
408,-0.5401251200470089,0.4181139960394663,2.3303272654640432,5.644758985168122,10.307118349033008,39.970207794275
409,-0.551203009856881,0.407447972330937,2.3220699791693282,5.644434875235152,10.323700382034477,40.17536018177632
410,-0.551836285134908,0.40949607670136345,2.356141170286347,5.798270163551077,10.746289384925895,43.77598674786615
411,-0.48931901847895926,0.45765352797868775,2.4368445926591855,6.090830775833268,11.594913517778945,52.39241457294463
412,-0.43701891895003997,0.5409100234697433,2.5975090440555078,6.426632761560464,12.247565955678333,56.29369927764296
413,-0.4266411748934409,0.5364844543050203,2.5712070671273084,6.383219995813217,12.217269648632604,57.03929858845486
414,-0.42158711606335897,0.5350165841681884,2.5706109831216324,6.421992896871434,12.379445853635891,59.26813885766516
415,-0.4217844841407902,0.5201593530274841,2.5498417199575094,6.456206284726375,12.61141697540965,63.136243300422116
416,-0.4206930940616435,0.5110164723230963,2.526956878135884,6.4287750241915464,12.614357427068178,64.09855628663921
417,-0.41336437213797417,0.5044227292747169,2.5257256464402436,6.533469450290459,13.05483298922757,70.6756222393983
418,-0.39810038568347905,0.5379994773992356,2.5888599643393744,6.626291478085638,13.14550315808605,69.73627676414624
419,-0.397338746545922,0.5512299881774276,2.6132630976012687,6.629787528392863,13.041198424938653,67.25125312859981
420,-0.3822048690094443,0.560226192450412,2.6320697788086402,6.729959613213928,13.38036337723852,71.78459977157898
421,-0.3822048690094443,0.560226192450412,2.6320697788086402,6.729959613213928,13.38036337723852,71.78459977157898
422,-0.38063377833458745,0.5678694633972694,2.7045398902653885,7.073350682754108,14.422240599251328,84.527660495889
423,-0.38063377833458745,0.5678694633972694,2.7045398902653885,7.073350682754108,14.422240599251328,84.527660495889
424,-0.38186681212103457,0.5514688326149408,2.674454167739698,7.072947306650756,14.577841528402569,88.57770150176174
425,-0.38186681212103457,0.5514688326149408,2.674454167739698,7.072947306650756,14.577841528402569,88.57770150176174
426,-0.38186681212103457,0.5514688326149408,2.674454167739698,7.072947306650756,14.577841528402569,88.57770150176174
427,-0.3909510293814028,0.4702538797891593,2.313469652728066,5.828453004742008,11.312100733993962,55.31551185904792
428,-0.3909510293814028,0.4702538797891593,2.313469652728066,5.828453004742008,11.312100733993962,55.31551185904792
429,-0.41022896789581237,0.4202506171049173,2.18948424462667,5.5421326249144345,10.736888567007904,51.77962762522906
430,-0.44534037050067526,0.36178815988128393,2.0701852660195286,5.279121681639017,10.203967566759507,48.28122909398529
431,-0.4988928555235965,0.32969622841298996,2.018548851796484,5.031598833941351,9.404938324099172,39.23450187324675
432,-0.4988928555235965,0.32969622841298996,2.018548851796484,5.031598833941351,9.404938324099172,39.23450187324675
433,-0.4988928555235965,0.32969622841298996,2.018548851796484,5.031598833941351,9.404938324099172,39.23450187324675
434,-0.4988928555235965,0.32969622841298996,2.018548851796484,5.031598833941351,9.404938324099172,39.23450187324675
435,-0.4988928555235965,0.32969622841298996,2.018548851796484,5.031598833941351,9.404938324099172,39.23450187324675
436,-0.5119697959100111,0.34675185570817335,2.0323126279773693,4.888768105286424,8.809705669318165,32.44548916711549
437,-0.5119697959100111,0.34675185570817335,2.0323126279773693,4.888768105286424,8.809705669318165,32.44548916711549
438,-0.5072030121591714,0.34054623781658777,1.9356441223167167,4.486996907097946,7.775704607965258,25.065356250568676
439,-0.5211661107557699,0.33514169073324174,1.922665975115069,4.411030309062585,7.54858578123744,23.28011143321839
440,-0.5211661107557699,0.33514169073324174,1.922665975115069,4.411030309062585,7.54858578123744,23.28011143321839
441,-0.5211661107557699,0.33514169073324174,1.922665975115069,4.411030309062585,7.54858578123744,23.28011143321839
442,-0.5659122721803873,0.3463886430002834,1.982273615026043,4.432159418608887,7.371299888884879,20.62912711231712
443,-0.611112179183783,0.31384513208944775,1.914990996184813,4.199917436948341,6.800349074194049,17.30467409114732
444,-0.7246742420489088,0.29697148009016777,1.8990466199642702,3.8955509704961835,5.853845927856488,11.706110856964798
445,-0.7246742420489088,0.29697148009016777,1.8990466199642702,3.8955509704961835,5.853845927856488,11.706110856964798
446,-0.7246742420489088,0.29697148009016777,1.8990466199642702,3.8955509704961835,5.853845927856488,11.706110856964798
447,-0.7580332492922579,0.265151340451765,1.8146796020418046,3.655455710643523,5.36831655906899,9.984570019639058
448,-0.7580332492922579,0.265151340451765,1.8146796020418046,3.655455710643523,5.36831655906899,9.984570019639058
449,-0.7840350007741299,0.24865141487080109,1.7955506236373682,3.605784361309242,5.262538231173322,9.586434794572527
450,-0.7935202771464149,0.2507172933945975,1.8015804087364176,3.595218209961741,5.215609812530001,9.340045364820327
451,-0.7773379707222849,0.31977660473694214,1.8687529490270984,3.5397553128673276,4.937614343596275,8.012160215458737
452,-0.7715736429219621,0.3251512140365626,1.8615233439400667,3.5011987213176603,4.856622796684451,7.772208886791483
453,-0.7876331762667904,0.34940644112338315,1.9318048186216772,3.6053706824188545,4.975003898944148,7.866613608779989
454,-0.806986498508141,0.35794277116129286,1.96433198028381,3.6419233897101826,4.995757020954639,7.780698049979689
455,-0.8676592146641122,0.26891005939658175,1.8503246415961105,3.5223708506111184,4.8903262866048305,7.776690147950159
456,-0.9207405810579532,0.24265094535589998,1.8401288389604238,3.4986983273322743,4.828547017370334,7.531615492080221
457,-0.9207405810579532,0.24265094535589998,1.8401288389604238,3.4986983273322743,4.828547017370334,7.531615492080221
458,-0.8965994973930348,0.2673158500023901,1.8608938350228588,3.5088330237437066,4.824334881659943,7.476537340032145
459,-0.8965994973930348,0.2673158500023901,1.8608938350228588,3.5088330237437066,4.824334881659943,7.476537340032145
460,-0.8769091942530218,0.26598392446195984,1.816950765138282,3.401337441269394,4.649082328595914,7.102744257237171
461,-0.8714625026382404,0.26454058082902254,1.8071743596025402,3.384480600228882,4.627901297170852,7.077584480773043
462,-0.8714625026382404,0.26454058082902254,1.8071743596025402,3.384480600228882,4.627901297170852,7.077584480773043
463,-0.8714625026382404,0.26454058082902254,1.8071743596025402,3.384480600228882,4.627901297170852,7.077584480773043
464,-0.8714625026382404,0.26454058082902254,1.8071743596025402,3.384480600228882,4.627901297170852,7.077584480773043
465,-0.8846612943540003,0.2094545562745292,1.7689904145773732,3.4735916130848534,4.920392041363059,8.190494945108755
466,-0.8880525040808602,0.19566053810035444,1.7696271579677052,3.534979788628532,5.07670005014606,8.754652874829183
467,-0.8945710127058154,0.18266721304191683,1.7417509966759777,3.481995648908443,4.993710161773836,8.563740072903299
468,-0.8944771023887221,0.18067188934201697,1.7526263858759688,3.531929009236401,5.101615798933635,8.91909118635953
469,-0.8942028430159763,0.1959805508270248,1.7738499887302033,3.535140115999756,5.065210289920768,8.678919834150259
470,-0.8942028430159763,0.1959805508270248,1.7738499887302033,3.535140115999756,5.065210289920768,8.678919834150259
471,-0.8962192807991505,0.20158341189900653,1.7818075821066561,3.5324977036165026,5.040760459199331,8.547226280188776
472,-0.9114592900151831,0.17945902445448073,1.7428665861336747,3.4644557750073464,4.937740012617457,8.319751142568576
473,-0.9261432828075299,0.17359399072573156,1.741563135286223,3.4560147196599194,4.911769802049044,8.204642737027756
474,-0.9336687418228596,0.19811453016726369,1.8031535386445823,3.545252551755039,5.012476058574784,8.280796295843736
475,-1.0471229044502859,0.18840899318098908,1.698153001738006,3.0327381067372188,3.92759389824115,5.248282192271794
476,-1.066144640916839,0.18940872728562894,1.665958774331091,2.9039197005330077,3.686358432781256,4.729765083905555
477,-1.1100717898710983,0.16269539024182406,1.626610135018821,2.8168586431976355,3.54374122436053,4.458454014984163
478,-1.1099332174617402,0.20008451824771437,1.616742388539176,2.6743452700356123,3.261289614441006,3.8920189379096484
479,-1.1386470317633872,0.1903336709119844,1.6117194257468093,2.6567463339117268,3.226832079508823,3.8226479011055883
480,-1.1386470317633872,0.1903336709119844,1.6117194257468093,2.6567463339117268,3.226832079508823,3.8226479011055883
481,-1.1473754696979623,0.26088787544085923,1.6268162733187974,2.503722672934709,2.9143130787754457,3.251804614465134
482,-1.1473754696979623,0.26088787544085923,1.6268162733187974,2.503722672934709,2.9143130787754457,3.251804614465134
483,-1.1473754696979623,0.26088787544085923,1.6268162733187974,2.503722672934709,2.9143130787754457,3.251804614465134
484,-1.1473754696979623,0.26088787544085923,1.6268162733187974,2.503722672934709,2.9143130787754457,3.251804614465134
485,-1.1473754696979623,0.26088787544085923,1.6268162733187974,2.503722672934709,2.9143130787754457,3.251804614465134
486,-1.1390487499968074,0.272461285224802,1.6195197863192485,2.465048506871747,2.850993128356886,3.1561395374821233
487,-1.1390487499968074,0.272461285224802,1.6195197863192485,2.465048506871747,2.850993128356886,3.1561395374821233
488,-1.1397957700435166,0.34024852583052273,1.6494482369227679,2.388852739717388,2.6882862262893608,2.8863633429461566
489,-1.1397957700435166,0.34024852583052273,1.6494482369227679,2.388852739717388,2.6882862262893608,2.8863633429461566
490,-1.1202808730718927,0.3820776721045144,1.7011732580641548,2.4384937690757225,2.73359259506737,2.9254815423692757
491,-1.0986855765163892,0.4939353507468758,1.8791344062459259,2.643281690650854,2.9445777415526817,3.1362853014022027
492,-1.0973659913903473,0.5017073546075326,1.8779091912220616,2.6260049141762423,2.916078381988694,3.09623453292572
493,-1.172191508371616,0.5021318801824124,1.8284817085213632,2.4707491703359774,2.689032732414062,2.801552655236115
494,-1.1720111802061992,0.5443249381126002,1.8729894945078591,2.4959974006020094,2.700084866809544,2.800080868582706
495,-1.1479759070125324,0.5585052018012255,1.8797449221224465,2.4994051875783017,2.7024461909473056,2.8019631973249086
496,-1.1298726171496773,0.5748369930471022,1.870333624115431,2.462294194226125,2.650560144527687,2.7391512666585274
497,-1.1298726171496773,0.5748369930471022,1.870333624115431,2.462294194226125,2.650560144527687,2.7391512666585274
498,-1.0213207414994756,0.5574490751188448,1.8209515395090035,2.4415810321809452,2.6559774809918864,2.7690260977318726
499,-1.0213207414994756,0.5574490751188448,1.8209515395090035,2.4415810321809452,2.6559774809918864,2.7690260977318726
500,-0.9456965407219345,0.5346330162616466,1.7887277145999159,2.4556404631237245,2.707854216298143,2.858974041391348
501,-0.9456965407219345,0.5346330162616466,1.7887277145999159,2.4556404631237245,2.707854216298143,2.858974041391348
502,-0.9310310765698963,0.5466794313440623,1.8040561777907178,2.476813719025996,2.733014050262416,2.888060137422481
503,-0.9211784736071134,0.5329078936659374,1.7856218219310966,2.4675696886875844,2.7324270042706202,2.897310486795207
504,-0.9152343720776422,0.5280594027216801,1.769136096184208,2.442978335343385,2.7039076169340217,2.86564807097527
505,-0.9044706260772569,0.5173087579963795,1.7514938954102557,2.4304765503437116,2.6973628263065663,2.86641384266087
506,-0.8933219067951852,0.5067867917362177,1.7421885978667264,2.437491300971607,2.717955004867037,2.9024159880302935
507,-0.8933219067951852,0.5067867917362177,1.7421885978667264,2.437491300971607,2.717955004867037,2.9024159880302935
508,-0.8933219067951852,0.5067867917362177,1.7421885978667264,2.437491300971607,2.717955004867037,2.9024159880302935
509,-0.8876479420092187,0.5010617458988998,1.7492826336208624,2.4701273474194094,2.7695202859727455,2.975058102842314
510,-0.8876479420092187,0.5010617458988998,1.7492826336208624,2.4701273474194094,2.7695202859727455,2.975058102842314
511,-0.8876479420092187,0.5010617458988998,1.7492826336208624,2.4701273474194094,2.7695202859727455,2.975058102842314
512,-0.8905621817654282,0.4571895081687441,1.7047335447382959,2.455263674358358,2.7817802391016526,3.021910922228734
513,-0.9334153311299772,0.2629012950146692,1.5317763734540892,2.453959913470942,2.9505419928481373,3.458801206914816
514,-0.9334153311299772,0.2629012950146692,1.5317763734540892,2.453959913470942,2.9505419928481373,3.458801206914816
515,-0.9428627660323036,0.24828861114018458,1.5162807912681944,2.4424712583552624,2.944040005100152,3.462092900394803
516,-0.9428627660323036,0.24828861114018458,1.5162807912681944,2.4424712583552624,2.944040005100152,3.462092900394803
517,-0.9428627660323036,0.24828861114018458,1.5162807912681944,2.4424712583552624,2.944040005100152,3.462092900394803
518,-0.9479755099837069,0.19091854671997405,1.4290940371284173,2.360289487928414,2.881375490557969,3.4489166521698404
519,-0.9479755099837069,0.19091854671997405,1.4290940371284173,2.360289487928414,2.881375490557969,3.4489166521698404
520,-0.9479755099837069,0.19091854671997405,1.4290940371284173,2.360289487928414,2.881375490557969,3.4489166521698404
521,-0.9479755099837069,0.19091854671997405,1.4290940371284173,2.360289487928414,2.881375490557969,3.4489166521698404
522,-0.9621480373677983,0.16244996690938984,1.4175323093606509,2.396303381290582,2.9667557800972304,3.6309145011368074
523,-1.0950040358319542,-0.014526375919978851,1.1864607475108813,2.117829766575494,2.65726673197285,3.2788635576276564
524,-1.173418876877523,-0.07791958167115398,1.0783089807996502,1.912901914573804,2.3588781733419633,2.8097506882292675
525,-1.195894691202323,-0.11020106019113923,1.0283730685419428,1.842968957999348,2.2739407303534875,2.7027514005929154
526,-1.195894691202323,-0.11020106019113923,1.0283730685419428,1.842968957999348,2.2739407303534875,2.7027514005929154
527,-1.1885561263412563,-0.107887254900364,1.0279622917109197,1.843139613385152,2.2759301138483448,2.708963131538832
528,-1.1961572302296433,-0.10064759727059874,1.047976361634718,1.8695202161470683,2.3040237793933733,2.736119721346153
529,-1.1961572302296433,-0.10064759727059874,1.047976361634718,1.8695202161470683,2.3040237793933733,2.736119721346153
530,-1.3306490152178858,-0.14421298763223894,0.9927889115959698,1.710623451984251,2.040439590499869,2.303824447884307
531,-1.332276494363653,-0.1293422608183482,0.9950075648134168,1.6806113229499933,1.9834742719479466,2.2113705634890035
532,-1.332276494363653,-0.1293422608183482,0.9950075648134168,1.6806113229499933,1.9834742719479466,2.2113705634890035
533,-1.3806337544773015,-0.17229670845588202,0.9271765774368448,1.573029914708425,1.8465102661797315,2.0396983071127677
534,-1.37527155632611,-0.16052285714739828,0.8923961489196763,1.470468572633078,1.6971608687333137,1.8402681565729446
535,-1.3616375441590665,-0.14743388850300676,0.8799004599946909,1.4252581140622924,1.6310866737570218,1.7540585338382184
536,-1.3616375441590665,-0.14743388850300676,0.8799004599946909,1.4252581140622924,1.6310866737570218,1.7540585338382184
537,-1.3400990257619132,-0.13047355494517204,0.8450310749875494,1.3293400447628867,1.4986963837492633,1.5895278848620398
538,-1.337595932704226,-0.1260902602144921,0.8496124389084903,1.3331075664222425,1.5018159465635226,1.5920282660761356
539,-1.3262302898409355,-0.10381156910266054,0.8612404957319276,1.3263231967175995,1.4835260488511741,1.5639487742763327
540,-1.3322469816354752,-0.10484483978093312,0.8485051518525923,1.2976231772669318,1.4455357925191394,1.5185419542483465
541,-1.3384717414422815,-0.10252885955075614,0.8544993431856325,1.3034114638808438,1.450529289351764,1.5226533541842695
542,-1.3384717414422815,-0.10252885955075614,0.8544993431856325,1.3034114638808438,1.450529289351764,1.5226533541842695
543,-1.3435468114709659,-0.09520390083429181,0.8637918834197736,1.308669000391283,1.4526273052383338,1.5219872148506672
544,-1.347285933295932,-0.08855545541631266,0.8703121032717565,1.30992389905495,1.45027424396027,1.5166636434110135
545,-1.343914116606516,-0.08338531752029466,0.883945216338049,1.332023889920516,1.4767723303648912,1.5463513398898878
546,-1.395618355341314,-0.12401288314898623,0.8580635637795019,1.317047781344244,1.4668400513491728,1.5398562265742757
547,-1.453201537335148,-0.15274607681238067,0.8314538148516524,1.278575137571891,1.4198369414785548,1.4857131649321802
548,-1.453201537335148,-0.15274607681238067,0.8314538148516524,1.278575137571891,1.4198369414785548,1.4857131649321802
549,-1.4555628877945155,-0.15527833174543432,0.8332312964440232,1.285145928712694,1.4289549702227091,1.4966794794286324
550,-1.4628371694760287,-0.1635820041474791,0.8282128346220454,1.2842424574346465,1.4303189574667527,1.4997305797373026
551,-1.4780155740545595,-0.17559384554748575,0.8181183798437366,1.2747084835155256,1.4208468380207897,1.4902116975713635
552,-1.4780155740545595,-0.17559384554748575,0.8181183798437366,1.2747084835155256,1.4208468380207897,1.4902116975713635
553,-1.4989814543053321,-0.20036259180414856,0.8282297780130231,1.3262205684168866,1.4954341516644898,1.5826342902401818
554,-1.5287007097551144,-0.2257445404966349,0.8358511428344105,1.370495544708684,1.5605304434634393,1.664810914470852
555,-1.5287007097551144,-0.2257445404966349,0.8358511428344105,1.370495544708684,1.5605304434634393,1.664810914470852
556,-1.557273775512924,-0.2742098053581793,0.8042464061417878,1.3714982949198602,1.5833587776070581,1.7080548092521644
557,-1.5551447510267016,-0.28157050957731394,0.8092424643320086,1.3982432003352316,1.624893893985303,1.7641232941064755
558,-1.5551447510267016,-0.28157050957731394,0.8092424643320086,1.3982432003352316,1.624893893985303,1.7641232941064755
559,-1.5468308660428274,-0.2511897616319346,0.8424898993311883,1.4211783375189229,1.6387779460072873,1.7680949274684368
560,-1.535197726973349,-0.22786545896480148,0.8705566210379437,1.4479932555011925,1.6635228373219668,1.7902654320777547
561,-1.5447056231139176,-0.20567121652318132,0.9261503140454292,1.5261380767616022,1.7522261516424849,1.8869959697211776
562,-1.4954121178354667,-0.14254841555006087,1.000913235079269,1.6070352177014737,1.8354192233450555,1.9715443637218242
563,-1.4905755519759074,-0.12898899368450956,1.0183110417147931,1.623865146385175,1.850923757874234,1.985318246659089
564,-1.4623863525811498,-0.09004420095004911,1.078123502634206,1.7034844528222088,1.9417802454085942,2.0861169769855015
565,-1.4623863525811498,-0.09004420095004911,1.078123502634206,1.7034844528222088,1.9417802454085942,2.0861169769855015
566,-1.4775863554271906,-0.08243028733121333,1.1054970936517838,1.7416898719673624,1.9842232693868205,2.131222454158188
567,-1.4775863554271906,-0.08243028733121333,1.1054970936517838,1.7416898719673624,1.9842232693868205,2.131222454158188
568,-1.4257305457310423,-0.04702638310303747,1.1384388078894765,1.7820327661744986,2.0312253293195357,2.185669364531732
569,-1.4057928180552708,-0.05531256871730217,1.1464723949956455,1.8309092317975455,2.1107260856995738,2.2984166255528313
570,-1.3677080990003965,-0.029301505746199774,1.1585608057950543,1.832556208230905,2.106942831394639,2.2898554552729387
571,-1.3650705455193757,-0.02188475890737257,1.1867627024035992,1.8858364511596597,2.1766981346851746,2.376897302802373
572,-1.3650705455193757,-0.02188475890737257,1.1867627024035992,1.8858364511596597,2.1766981346851746,2.376897302802373
573,-1.3201300940945513,0.05130879760698742,1.2933042523743805,2.0180945378012023,2.3227190226177554,2.5355434498745875
574,-1.3201300940945513,0.05130879760698742,1.2933042523743805,2.0180945378012023,2.3227190226177554,2.5355434498745875
575,-1.304747906800014,0.06986204750328062,1.3080093551104752,2.025131526474098,2.323968646843201,2.5301312644183778
576,-1.2976538670135918,0.08398070852677048,1.3161258376136344,2.019948824895797,2.308666922846114,2.5032920669675582
577,-1.2933619130419185,0.09438250761336497,1.3265980731726252,2.0262061760885572,2.3112264135028773,2.501429476744931
578,-1.2855692180946183,0.10362825338756482,1.3324391418188537,2.02641945148224,2.3074473397972213,2.4933390248355334
579,-1.2795096303759235,0.10556361514954221,1.319657211914786,1.9967136509646664,2.2669797184494564,2.442048161455953
580,-1.27908514246528,0.09548516183945066,1.2889978857631195,1.9458407027031452,2.204129993522102,2.3678323171203326
581,-1.2907546986779477,0.06843181833953904,1.2109232167218082,1.811894622343118,2.03636501172772,2.168496485780487
582,-1.2907546986779477,0.06843181833953904,1.2109232167218082,1.811894622343118,2.03636501172772,2.168496485780487
583,-1.2914657684052178,0.05035906298363574,1.1719626809365815,1.7573605336946199,1.974079072103987,2.100043238830582
584,-1.2914657684052178,0.05035906298363574,1.1719626809365815,1.7573605336946199,1.974079072103987,2.100043238830582
585,-1.3275853369128123,-0.012181991379196955,1.1171642140181794,1.7290142915763242,1.9653549602736482,2.1113341111550623
586,-1.4116173668810341,-0.08744454546789032,1.0732776087043305,1.7205793777655616,1.9789719659518277,2.1463529108298323
587,-1.4212498177204043,-0.11712780108633081,1.0141628963480898,1.6359555834258566,1.8801020824201533,2.034510909689196
588,-1.4212498177204043,-0.11712780108633081,1.0141628963480898,1.6359555834258566,1.8801020824201533,2.034510909689196
589,-1.5479571058349832,-0.29622524393897837,0.8713909205117147,1.581395302025335,1.8940486218648722,2.1281989434219404
590,-1.5675838209378148,-0.3166112248039591,0.8519284952130551,1.5638765139744581,1.8780762414902843,2.114163543546705
591,-1.583863254800784,-0.3399608356200362,0.8187687492891146,1.5220328078595333,1.8310528783050164,2.0617366004336577
592,-1.5953603999361294,-0.34904029685372556,0.8232449360167825,1.5443860369287106,1.8661311991643874,2.1118874772878002
593,-1.6232586034753933,-0.37364353281396023,0.8077518496783681,1.5396687461119054,1.8688525702080834,2.123355422555147
594,-1.6301936259714063,-0.3845285722107441,0.7702426860286418,1.4664048048048144,1.769982193565104,1.9940300430064475
595,-1.6301936259714063,-0.3845285722107441,0.7702426860286418,1.4664048048048144,1.769982193565104,1.9940300430064475
596,-1.6301936259714063,-0.3845285722107441,0.7702426860286418,1.4664048048048144,1.769982193565104,1.9940300430064475
597,-1.6301936259714063,-0.3845285722107441,0.7702426860286418,1.4664048048048144,1.769982193565104,1.9940300430064475
598,-1.6706943687768208,-0.3742428251318759,0.8422238090119595,1.588009059672086,1.9194742305988512,2.1711941134026747
599,-1.6894274448939899,-0.3935658446217335,0.8502413953338579,1.6372106323737516,1.999678705521129,2.2902213364645005
600,-1.6894274448939899,-0.3935658446217335,0.8502413953338579,1.6372106323737516,1.999678705521129,2.2902213364645005
601,-1.6858940660309512,-0.3750066590981118,0.9135185840279795,1.7561750310184392,2.159057329903191,2.5010201118435336
602,-1.6980032910188312,-0.38525991863551395,1.0174013727384414,2.0472798025526275,2.608255748047081,3.1931273144332364
603,-1.687646969854442,-0.3996707097473383,1.0363778190402662,2.1547992956166095,2.8056808154992234,3.561634337018557
604,-1.687646969854442,-0.3996707097473383,1.0363778190402662,2.1547992956166095,2.8056808154992234,3.561634337018557
605,-1.687646969854442,-0.3996707097473383,1.0363778190402662,2.1547992956166095,2.8056808154992234,3.561634337018557
606,-1.788199527163714,-0.4999300545299095,1.091168790049109,2.5185769586027735,3.491548580047297,4.9692080421382965
607,-1.8421347041682308,-0.5552290741006443,1.1971109109718903,2.995601834920438,4.419323102714763,7.245832551882225
608,-1.8421347041682308,-0.5552290741006443,1.1971109109718903,2.995601834920438,4.419323102714763,7.245832551882225
609,-1.8765652955600158,-0.5726891815784457,1.2846966779229587,3.3131418301038646,5.033203613952246,8.914117849078607
610,-1.8765652955600158,-0.5726891815784457,1.2846966779229587,3.3131418301038646,5.033203613952246,8.914117849078607
611,-1.8872806299451195,-0.5788334334281785,1.5336402188984664,4.273572627718154,7.081784994642011,16.24188718438601
612,-1.8872806299451195,-0.5788334334281785,1.5336402188984664,4.273572627718154,7.081784994642011,16.24188718438601
613,-1.8692206189641594,-0.5313530827955648,1.7367446628201801,4.882261392111042,8.3518553709733,21.490122361569437
614,-1.8692206189641594,-0.5313530827955648,1.7367446628201801,4.882261392111042,8.3518553709733,21.490122361569437
615,-1.8555459462133148,-0.5023242117898714,1.805917292347329,5.034119442137644,8.627836202962133,22.496327664325054
616,-1.8170980825477743,-0.4535740948108359,1.9179796408560685,5.324386949941447,9.228813251728734,25.235290416885846
617,-1.800566527072463,-0.44380709367338833,1.9423843831136909,5.42242987186932,9.478262899019304,26.69330637685229
618,-1.7989078826956386,-0.4419357141441161,1.9652401626585951,5.51745530896402,9.710998198717448,27.996853410495177
619,-1.788094658501524,-0.4511350468572922,1.9597706930440746,5.598266299738824,10.000290651805393,30.213188219521797
620,-1.768641745114222,-0.40675186126771773,2.02668289296087,5.653366092883212,9.981365877335973,29.28756699967287
621,-1.7118557936495944,-0.33626004333233034,2.1151874416790615,5.7555469608905545,10.082766358174128,29.22586596324498
622,-1.7118557936495944,-0.33626004333233034,2.1151874416790615,5.7555469608905545,10.082766358174128,29.22586596324498
623,-1.6927920378477133,-0.33934911462366546,2.0862274017363247,5.716006305802226,10.067081764609394,29.65973418133208
624,-1.6927920378477133,-0.33934911462366546,2.0862274017363247,5.716006305802226,10.067081764609394,29.65973418133208
625,-1.6796735945701105,-0.37370044734053254,2.0392217815348213,5.803756437163671,10.526349387755765,33.948869746502965
626,-1.6796735945701105,-0.37370044734053254,2.0392217815348213,5.803756437163671,10.526349387755765,33.948869746502965
627,-1.6708308493633561,-0.39395757399834014,2.0125610101007747,5.870528439948487,10.855783549642297,37.20483050857593
628,-1.6773819856664567,-0.46139515524749,2.0398003780470937,6.558080315582202,13.205408693029838,59.93483443412512
629,-1.6920834006519523,-0.47180219093955844,2.0652408302487273,6.71568539516805,13.6665801286104,64.29576730036764
630,-1.678085571088956,-0.4786367668436213,2.0600092821055744,6.828044078802085,14.145043824129978,70.70645960246532
631,-1.7041089772077405,-0.4979963084792024,2.0787682653505586,6.980560655447178,14.607440935495998,75.4405356692483
632,-1.712561027550854,-0.4522185838789305,2.2174568140131403,7.237091516757013,14.949346679564002,74.72664621709797
633,-1.7121362444972181,-0.4450410735855977,2.245854375919224,7.323169067204058,15.153721203209711,76.37239128137749
634,-1.7238235093044307,-0.47132211154192505,2.1851124041669987,7.188496956798277,14.890188747097996,74.83929634906193
635,-1.7172656241071698,-0.48019182879950245,2.1662922471859263,7.209992235960757,15.073322749487541,78.07704857247744
636,-1.7150481730476188,-0.4887692197996097,2.157972505588476,7.263449366870496,15.3277419798746,81.89262907843279
637,-1.7474044288380501,-0.41203476209188217,2.4453943953557893,7.892830121645342,16.38849290721992,84.51139889078344
638,-1.7510773608104582,-0.42717417552870923,2.4058863060721016,7.80730014447759,16.231922232532003,83.79856388920163
639,-1.784100889759646,-0.47230025351408306,2.2816609233351066,7.397086770099876,15.153558791051204,73.5076977081529
640,-1.843487388826953,-0.535606536382124,2.21715412781416,7.348204265991285,15.157788314116438,74.41438145301551
641,-1.8704295085714717,-0.4822604531757607,2.300460739441149,7.153619175436572,14.026406474842258,58.40640843366728
642,-1.8704295085714717,-0.4822604531757607,2.300460739441149,7.153619175436572,14.026406474842258,58.40640843366728
643,-1.8704295085714717,-0.4822604531757607,2.300460739441149,7.153619175436572,14.026406474842258,58.40640843366728
644,-1.9269728143781941,-0.5551798517679756,2.213574964766531,7.087633929689881,14.060261189773493,60.10763854592757
645,-1.9368179845606952,-0.5679090711376311,2.191488795251349,7.040594099166644,13.96438033085486,59.49703843740922
646,-1.9320095985184924,-0.5447938297529376,2.2387012795287173,7.099607813731961,13.993216838967694,58.64890472658745
647,-1.9320095985184924,-0.5447938297529376,2.2387012795287173,7.099607813731961,13.993216838967694,58.64890472658745
648,-1.9467493324895901,-0.6140205195759136,2.0636741019525946,6.748243274187344,13.404769241430975,56.711833731042844
649,-1.9602931103907202,-0.6689128492177878,2.0267935072223024,6.9953067472516866,14.465964807190424,69.61500148865753
650,-1.969980939643233,-0.6792652165849195,2.023482044958783,7.026233163970927,14.583150266210527,70.95180216522381
651,-1.9816974787257151,-0.655057463217142,2.1017823652345777,7.1517954989472665,14.694537236854046,69.5466950424256
652,-1.9816974787257151,-0.655057463217142,2.1017823652345777,7.1517954989472665,14.694537236854046,69.5466950424256
653,-1.9623762632651873,-0.5370213985221279,2.3111394274947,7.2568386628798685,14.227638231424342,58.77184599606691
654,-1.9513624086851618,-0.543378689604384,2.2568423967245406,7.088114227374558,13.850227847497624,56.398918248967675
655,-1.9404609283231018,-0.5467090259129979,2.1821783128234182,6.790869557573753,13.093467548990745,50.77629824201924
656,-1.903077425415582,-0.5259865611982184,2.1730886261257103,6.737918412404264,12.99018977910517,50.499088995643085
657,-1.8800270540737791,-0.5043436117175036,2.1623457635772265,6.60485654958957,12.590586032106932,47.233664252138894
658,-1.860635435287485,-0.480170103032918,2.199840400332183,6.67377935058056,12.715415996609924,47.854156883378366
659,-1.860635435287485,-0.480170103032918,2.199840400332183,6.67377935058056,12.715415996609924,47.854156883378366
660,-1.860635435287485,-0.480170103032918,2.199840400332183,6.67377935058056,12.715415996609924,47.854156883378366
661,-1.8649242469781506,-0.5032249836792012,2.1799633452763154,6.751112732607147,13.061813362938366,51.585576780484985
662,-1.8619715198508464,-0.49350959653255744,2.1896886190968976,6.730059249321069,12.952393775426913,50.32865778127915
663,-1.8536103297799549,-0.4725344440716071,2.2327469356395584,6.804370140346956,13.060438771691105,50.51972850381576
664,-1.83991216685332,-0.4453649872596867,2.2800546411531566,6.871325508615965,13.132956356781168,50.34708868413085
665,-1.8263505745599857,-0.42642094170967176,2.3206101467916938,6.973928533772602,13.358407170295832,51.80579595175483
666,-1.8166955725922214,-0.41027007688548645,2.3021124783078686,6.789306647511267,12.789505915634454,46.9457789578747
667,-1.8166955725922214,-0.41027007688548645,2.3021124783078686,6.789306647511267,12.789505915634454,46.9457789578747
668,-1.8166955725922214,-0.41027007688548645,2.3021124783078686,6.789306647511267,12.789505915634454,46.9457789578747
669,-1.840136464714055,-0.39430647404056135,2.430977580010278,7.189653856864621,13.678368072998477,52.226136652362904
670,-1.8600316088475044,-0.45026716043874954,2.291381809854277,6.879088828759164,13.0903595703937,49.4200061595174
671,-1.8677686158617384,-0.4476654318267197,2.315163349863293,6.940765925846749,13.20695846001145,49.90413449972651
672,-1.8296899347015234,-0.4181093152625307,2.384184248412361,7.207089631017494,13.939386944373139,56.0501089690031
673,-1.743411385031157,-0.5145337628353412,2.184194997111744,7.5143566700798194,16.151218385835627,91.73149498568243
674,-1.7258454855355876,-0.5345411250889762,2.1115314878516336,7.419094204616632,16.164102893774814,95.68768397915854
675,-1.7258454855355876,-0.5345411250889762,2.1115314878516336,7.419094204616632,16.164102893774814,95.68768397915854
676,-1.7089916329762238,-0.5181506602706673,2.1357888706908428,7.4835265945642755,16.33833246820667,97.78284182928324
677,-1.7095002234929861,-0.5437162021886037,2.085786550779137,7.47167470007451,16.548493245096793,103.51655188919315
678,-1.7095002234929861,-0.5437162021886037,2.085786550779137,7.47167470007451,16.548493245096793,103.51655188919315
679,-1.7178285574887682,-0.5946169136251551,2.0675137833501727,7.9003776423142185,18.470877698881726,138.50812585361314
680,-1.7231108841990765,-0.5975481264305085,2.093751051134452,8.061555155374574,19.01682550827018,147.2703038994671
681,-1.7436444518573562,-0.6263456975606622,2.0440810880740354,7.962249324605348,18.819785502387848,145.74591806091337
682,-1.7446774446752333,-0.6380309972632725,2.033154547586881,8.032918752233119,19.200031004440564,154.28591889493342
683,-1.7444089915553764,-0.6058062233829302,2.161771910570259,8.437320490483348,20.23751201290915,166.4866823410637
684,-1.7247712116406138,-0.6003370224484043,2.2174618065130502,8.87726031457776,21.969948847350665,202.47225658370425
685,-1.7165574488289166,-0.49033475976504165,2.5640465860251442,9.724046065954328,23.67674876666194,212.01143826294853
686,-1.7008732231978483,-0.45874117123768066,2.6639270448508063,10.07624499643042,24.716073575992155,228.8125454924238
687,-1.725097727580557,-0.5119476943327095,2.7083139862685557,10.937861194392493,28.529523952064267,325.68799974800316
688,-1.7422511039062054,-0.5546626566805245,2.672956396949872,11.18929987875045,30.027294650184032,376.11984292562454
689,-1.7472619387017814,-0.5507703253772561,2.7306760788466575,11.496172668872457,31.14174481987662,403.9673649838433
690,-1.7472619387017814,-0.5507703253772561,2.7306760788466575,11.496172668872457,31.14174481987662,403.9673649838433
691,-1.7472619387017814,-0.5507703253772561,2.7306760788466575,11.496172668872457,31.14174481987662,403.9673649838433
692,-1.7457947292716423,-0.533193081165408,2.8017681692912033,11.744116228612524,31.86754327234441,417.6117304803329
693,-1.7457947292716423,-0.533193081165408,2.8017681692912033,11.744116228612524,31.86754327234441,417.6117304803329
694,-1.7457947292716423,-0.533193081165408,2.8017681692912033,11.744116228612524,31.86754327234441,417.6117304803329
695,-1.7495995146078487,-0.49959153407230755,2.9593594991435226,12.311456325695326,33.54431363356163,449.58254379652004
696,-1.7623115520511816,-0.49926030982424935,3.0045137163635514,12.509883508930589,34.16878453159146,462.3691046960301
697,-1.7709170491107988,-0.49380736037790984,3.042070296216089,12.609241475120157,34.347590946794824,461.12615280113175
698,-1.770052957088243,-0.4627255655812683,3.0504138647400367,12.17924262276809,32.04410373627258,382.59035071345795
699,-1.7640146766937663,-0.43018152937945453,3.0325490061918714,11.618682754140284,29.389063796289264,306.814890913028
700,-1.7683955063445143,-0.405423867596897,3.011740584917528,11.093256860159665,26.991774600867156,246.5362065032085
701,-1.7740823387831632,-0.48983358219999057,2.704018074810655,10.174858826279555,24.69969073289846,219.6729256734209
702,-1.777905067686699,-0.4868926568100082,2.653122934580929,9.779283887423523,23.191261399068303,189.78132683537672
703,-1.8096886225521711,-0.5108555914960561,2.624065956768296,9.66494946157399,22.76889214394361,181.2565276519716
704,-1.814171628938729,-0.5025575150106287,2.679720175847213,9.877664761845807,23.37610424171814,189.61085668177392
705,-1.844021535577215,-0.5760205766232991,2.4966251380615496,9.43487949674345,22.42274257366872,181.6812319353383
706,-1.8414253117563506,-0.5855672552682716,2.418040006572794,9.080670370274595,21.315998001015725,164.6811639850413
707,-1.8483711108260135,-0.6196596229796172,2.3685634222939127,9.149423584115693,21.909875119438347,180.358742824266
708,-1.854644922247922,-0.700230215805277,1.8914285989160795,7.165972625598761,15.994032507950774,99.23727347066122
709,-1.8552889031329465,-0.7284195518407606,1.7796808766885028,6.8245908348915405,15.161987470502929,91.5091346697188
710,-1.8250978755692913,-0.70974709058487,1.5275366037537363,5.432896495014946,10.968789240406581,46.792328732459104
711,-1.8250978755692913,-0.70974709058487,1.5275366037537363,5.432896495014946,10.968789240406581,46.792328732459104
712,-1.8250978755692913,-0.70974709058487,1.5275366037537363,5.432896495014946,10.968789240406581,46.792328732459104
713,-1.8471606468083253,-0.7247347131420417,1.5010734902015022,5.326064530733812,10.656667685521821,43.879969821871065
714,-1.8471606468083253,-0.7247347131420417,1.5010734902015022,5.326064530733812,10.656667685521821,43.879969821871065
715,-1.848208757144081,-0.721158046036773,1.4668991731309815,5.119632816647913,10.052379694420766,38.742617018324644
716,-1.8646945607539098,-0.7611896741232549,1.4075719118508654,5.08919916625519,10.152244711128546,40.797969769435745
717,-1.8646945607539098,-0.7611896741232549,1.4075719118508654,5.08919916625519,10.152244711128546,40.797969769435745
718,-1.8646945607539098,-0.7611896741232549,1.4075719118508654,5.08919916625519,10.152244711128546,40.797969769435745
719,-1.8646945607539098,-0.7611896741232549,1.4075719118508654,5.08919916625519,10.152244711128546,40.797969769435745
720,-1.8367235026883941,-0.7482558751088022,1.3727617681967543,4.931593323863956,9.764121547470566,38.21269624296764
721,-1.8367235026883941,-0.7482558751088022,1.3727617681967543,4.931593323863956,9.764121547470566,38.21269624296764
722,-1.8367235026883941,-0.7482558751088022,1.3727617681967543,4.931593323863956,9.764121547470566,38.21269624296764
723,-1.8367235026883941,-0.7482558751088022,1.3727617681967543,4.931593323863956,9.764121547470566,38.21269624296764
724,-1.823131996142976,-0.7497755306491977,1.3209311436711808,4.748090465170285,9.333031190529033,35.460250806821705
725,-1.823131996142976,-0.7497755306491977,1.3209311436711808,4.748090465170285,9.333031190529033,35.460250806821705
726,-1.820735854387554,-0.7596286549683988,1.301966311486801,4.747145888107303,9.404841636887651,36.56198167117197
727,-1.819408260076451,-0.7691050385504467,1.3052653727177974,4.850363157474885,9.761321695708423,39.96687808542932
728,-1.8112442003387264,-0.784018748084272,1.2189983611870112,4.582905886611793,9.155280246164576,36.130869403849346
729,-1.7994473882243522,-0.782753208439162,1.1660526283236092,4.363209482558625,8.599708721722218,32.243677945838435
730,-1.582144579324111,-0.6397960968644948,0.9635488540232553,3.198169445319206,5.676398566611729,15.165761475781524
731,-1.5044597625289935,-0.5822215383480537,0.9008664808546527,2.814100172120501,4.763404884970905,11.046592535261686
732,-1.4797559470942445,-0.571584021351363,0.9013882377148065,2.823924452552471,4.808026671020518,11.37040677733182
733,-1.4567935574250046,-0.5553005581771843,0.9053066508713707,2.80896399251833,4.770482667927068,11.237595879877194
734,-1.4007885774518765,-0.5034412861287609,0.9183393599118662,2.715477957441393,4.505940862224901,10.024810832834174
735,-1.3597523645780758,-0.4331472250263865,1.0349784504496125,2.8906768240635743,4.739459417293452,10.437953999735521
736,-1.3597523645780758,-0.4331472250263865,1.0349784504496125,2.8906768240635743,4.739459417293452,10.437953999735521
737,-1.3597523645780758,-0.4331472250263865,1.0349784504496125,2.8906768240635743,4.739459417293452,10.437953999735521
738,-1.3597523645780758,-0.4331472250263865,1.0349784504496125,2.8906768240635743,4.739459417293452,10.437953999735521
739,-1.284643529750507,-0.35528705136028843,1.095467725405729,2.892169418055172,4.642449140029937,9.80271609187626
740,-1.2772995740054078,-0.33394710589451365,1.1161472715863612,2.8744498087071926,4.547908751320011,9.260968527536159
741,-1.2772995740054078,-0.33394710589451365,1.1161472715863612,2.8744498087071926,4.547908751320011,9.260968527536159
742,-1.2772995740054078,-0.33394710589451365,1.1161472715863612,2.8744498087071926,4.547908751320011,9.260968527536159
743,-1.2772995740054078,-0.33394710589451365,1.1161472715863612,2.8744498087071926,4.547908751320011,9.260968527536159
744,-1.27104203341724,-0.3065947884133932,1.1597995722494092,2.9113567301968724,4.551038084574668,9.022121252381668
745,-1.2682481110235497,-0.31194333237138633,1.1564819310103203,2.934385468525463,4.623751520624973,9.36649474327953
746,-1.2635197959177231,-0.296893868699652,1.2034975746328556,3.0472462276731873,4.828018278905592,9.990181734410656
747,-1.2775921293306078,-0.319271044399306,1.2147295779320402,3.1811215189278848,5.170664700079444,11.494696414239728
748,-1.2775921293306078,-0.319271044399306,1.2147295779320402,3.1811215189278848,5.170664700079444,11.494696414239728
749,-1.2855483159411065,-0.33718268290177744,1.1553592571410976,3.024604729109958,4.868098317204256,10.437070726452276
750,-1.3002500143450566,-0.3865394338148454,1.0884069919009596,3.001042412931424,4.960882307382175,11.350676233741652
751,-1.312969501016234,-0.39154508993988085,1.096794401131829,3.0284724875534015,5.0097119553333,11.481642895089488
752,-1.3156970007490558,-0.39615829476501263,1.0887197583013242,3.0151658187119903,4.990206358914841,11.436431083922159
753,-1.3111940014311405,-0.37589050237101224,1.0966710247715192,2.9418851898980556,4.762755075767069,10.269835288589572
754,-1.3097408383666524,-0.35949232069778464,1.125407030771756,2.96700219540791,4.763813647438489,10.077592509233195
755,-1.3097408383666524,-0.35949232069778464,1.125407030771756,2.96700219540791,4.763813647438489,10.077592509233195
756,-1.3192437937990709,-0.3418750507927768,1.1725980575225672,3.029284462411349,4.81792189069492,9.976581041817626
757,-1.3192437937990709,-0.3418750507927768,1.1725980575225672,3.029284462411349,4.81792189069492,9.976581041817626
758,-1.3243283460617818,-0.35623041247677667,1.1625176962319657,3.056280351420231,4.914987858990656,10.47667116048425
759,-1.3243283460617818,-0.35623041247677667,1.1625176962319657,3.056280351420231,4.914987858990656,10.47667116048425
760,-1.3438676860307301,-0.3674139239966191,1.1851261891896083,3.156987485378667,5.1319171796443985,11.283644598638604
761,-1.3438676860307301,-0.3674139239966191,1.1851261891896083,3.156987485378667,5.1319171796443985,11.283644598638604
762,-1.3736052030165928,-0.3497537610500377,1.2996646728765096,3.4326522705366247,5.611668310720022,12.672993860198336
763,-1.4114645594114874,-0.30897236516884174,1.43831286792212,3.647702419801294,5.8497739411232,12.642826798189542
764,-1.4114645594114874,-0.30897236516884174,1.43831286792212,3.647702419801294,5.8497739411232,12.642826798189542
765,-1.4236507671044603,-0.30272052933434596,1.4706579378544502,3.7076245777312624,5.931261010086791,12.754674112932712
766,-1.4953121480238216,-0.2869210670614917,1.7008565918492167,4.34606014218321,7.1346235286998745,16.762127719797274
767,-1.4915466274921494,-0.21406046272690044,1.8578827992147209,4.562159827370554,7.352989941066495,16.583295351178165
768,-1.5127651465399103,-0.2697679227038694,1.834500063294793,4.7471269603443735,7.952985539562725,20.039438429108934
769,-1.5127651465399103,-0.2697679227038694,1.834500063294793,4.7471269603443735,7.952985539562725,20.039438429108934
770,-1.5127651465399103,-0.2697679227038694,1.834500063294793,4.7471269603443735,7.952985539562725,20.039438429108934
771,-1.5256224642584502,-0.29929118358574575,1.8423646987180131,4.935786861064227,8.503196833345019,23.315288067870405
772,-1.5256224642584502,-0.29929118358574575,1.8423646987180131,4.935786861064227,8.503196833345019,23.315288067870405
773,-1.5369275511492022,-0.3054798815432533,1.8372255706113925,4.91663564636521,8.448404502647875,22.945475335327103
774,-1.5369275511492022,-0.3054798815432533,1.8372255706113925,4.91663564636521,8.448404502647875,22.945475335327103
775,-1.5786884042185148,-0.4047748507277441,1.7409950431689416,5.039942293466983,9.112726544355343,28.634060240558398
776,-1.589191068439841,-0.4219999866804498,1.7241817029076068,5.050653517112012,9.193938209181747,29.43146056953454
777,-1.5917908050455543,-0.40586445737748933,1.7612051646187181,5.091515473546496,9.201157118626638,28.880166339102864
778,-1.5917908050455543,-0.40586445737748933,1.7612051646187181,5.091515473546496,9.201157118626638,28.880166339102864
779,-1.5917908050455543,-0.40586445737748933,1.7612051646187181,5.091515473546496,9.201157118626638,28.880166339102864
780,-1.5917908050455543,-0.40586445737748933,1.7612051646187181,5.091515473546496,9.201157118626638,28.880166339102864
781,-1.5954948460022782,-0.44111808417713233,1.6321159219672121,4.743690448876292,8.485484229393593,25.448210097570993
782,-1.6417544276988698,-0.5055077096648013,1.5473349537319123,4.653472248222938,8.422050318545475,25.830048742006426
783,-1.6417544276988698,-0.5055077096648013,1.5473349537319123,4.653472248222938,8.422050318545475,25.830048742006426
784,-1.6295751185492406,-0.5363218481590006,1.4441104344045121,4.451618049671672,8.115066376148135,25.180561970155534
785,-1.6221955462111781,-0.5264638580605567,1.4527593179824811,4.446631337448847,8.077846596707369,24.840043294310313
786,-1.6221955462111781,-0.5264638580605567,1.4527593179824811,4.446631337448847,8.077846596707369,24.840043294310313
787,-1.628251494484314,-0.5557360531509706,1.3536336870241987,4.185040769148699,7.54552017910179,22.364020727561943
788,-1.649692441870345,-0.792019269378774,0.9072033118868339,3.823587074559291,7.882362938521848,33.10256340284708
789,-1.6400638300710895,-0.8049876108258716,0.8716398885891845,3.8020185719293815,7.961548684318298,34.96015159053656
790,-1.6400638300710895,-0.8049876108258716,0.8716398885891845,3.8020185719293815,7.961548684318298,34.96015159053656
791,-1.6400638300710895,-0.8049876108258716,0.8716398885891845,3.8020185719293815,7.961548684318298,34.96015159053656
792,-1.6334304337683951,-0.8125817302954624,0.8041358724805954,3.5566961386917635,7.35416228838637,30.501237491498948
793,-1.6334304337683951,-0.8125817302954624,0.8041358724805954,3.5566961386917635,7.35416228838637,30.501237491498948
794,-1.6334304337683951,-0.8125817302954624,0.8041358724805954,3.5566961386917635,7.35416228838637,30.501237491498948
795,-1.6334304337683951,-0.8125817302954624,0.8041358724805954,3.5566961386917635,7.35416228838637,30.501237491498948
796,-1.613291003281915,-0.7971612055461683,0.7907164643375897,3.449382608212292,7.051305999770274,28.14926699355103
797,-1.608023791856036,-0.792861820681609,0.7846752367518561,3.4068070382620257,6.931133603380177,27.219452511195627
798,-1.597499895952847,-0.7722654796830937,0.8134285396335614,3.423594939074052,6.894899984822344,26.422327847817122
799,-1.597499895952847,-0.7722654796830937,0.8134285396335614,3.423594939074052,6.894899984822344,26.422327847817122
800,-1.6065675044133392,-0.7587176135648908,0.8486852848032715,3.446444009457774,6.832888913188375,25.074632944511283
801,-1.622689379126967,-0.6904120463869967,0.9824584263321879,3.490122571706973,6.501713147525425,20.116220010325566
802,-1.6588854274127753,-0.5854579671899303,1.2037709417266278,3.6282380025859537,6.235334290971402,15.60676539124799
803,-1.6472736913036086,-0.5693043720042853,1.2256333630833036,3.6543825344184913,6.26201795806979,15.605672383675206
804,-1.6359509725340589,-0.5649568795029438,1.2672914580114645,3.840198432427853,6.717162847380502,17.921738104666325
805,-1.6125753682638713,-0.5353764854927047,1.3271221119826335,3.9807499246830367,6.9954931476765525,19.129099517250825
806,-1.6258034114125468,-0.5390572319883378,1.3387702445027645,4.011940153003211,7.046030809805135,19.233713636454482
807,-1.6258034114125468,-0.5390572319883378,1.3387702445027645,4.011940153003211,7.046030809805135,19.233713636454482
808,-1.5998643999269935,-0.5219999561582989,1.3360015780270644,3.9722411243958726,6.953637967757757,18.840416281278205
809,-1.6053952058696392,-0.4857523449165404,1.389168659112014,3.945920553107396,6.7144533015043555,16.808439035487044
810,-1.6053952058696392,-0.4857523449165404,1.389168659112014,3.945920553107396,6.7144533015043555,16.808439035487044
811,-1.6053952058696392,-0.4857523449165404,1.389168659112014,3.945920553107396,6.7144533015043555,16.808439035487044
812,-1.609573988197819,-0.5021835540680308,1.3691901557104638,3.9531617040411886,6.78970720328661,17.425452366504864
813,-1.609573988197819,-0.5021835540680308,1.3691901557104638,3.9531617040411886,6.78970720328661,17.425452366504864
814,-1.6209964814559774,-0.5034889207594854,1.3711341409213995,3.933618207173068,6.71566139115145,16.91355357008884
815,-1.6084423414930726,-0.51240387573839,1.331528710307373,3.862068465969333,6.621386488442303,16.826257086728706
816,-1.6084423414930726,-0.51240387573839,1.331528710307373,3.862068465969333,6.621386488442303,16.826257086728706
817,-1.6084423414930726,-0.51240387573839,1.331528710307373,3.862068465969333,6.621386488442303,16.826257086728706
818,-1.6037693175498218,-0.46148531458224495,1.3753545922324792,3.7447411171565212,6.158575937934152,13.937643796209066
819,-1.6037693175498218,-0.46148531458224495,1.3753545922324792,3.7447411171565212,6.158575937934152,13.937643796209066
820,-1.6074468925247551,-0.47137342734471877,1.3660920475424785,3.7551926123651467,6.210444061811318,14.262719274619908
821,-1.5867251395645896,-0.4859942390443102,1.3293016291001192,3.753426781878704,6.318737396391881,15.244490107480413
822,-1.4957715154318323,-0.28493011411438834,1.4923515553288578,3.514905592483766,5.309806329348781,9.724773347536697
823,-1.495155229424326,-0.2956601964443609,1.4809556178581005,3.5280329182055663,5.369785777681978,10.020692280085134
824,-1.4867483018111394,-0.3137769249382485,1.4397516917779227,3.486161435708914,5.353402282817085,10.198207262413385
825,-1.458671506761783,-0.3352119829579459,1.32887924783093,3.2464513690366985,4.971836999870982,9.329606150861927
826,-1.4630463347981706,-0.326706486182147,1.3175512958652682,3.1523089044764845,4.74558946145338,8.505844615993459
827,-1.374057080269195,-0.31640550651394245,1.229551717477872,2.9787828319036302,4.521312592574412,8.269828173764747
828,-1.3511017541580648,-0.33020328228884555,1.2090427134808386,3.0265314354875033,4.706438745465494,9.175417558594328
829,-1.3511017541580648,-0.33020328228884555,1.2090427134808386,3.0265314354875033,4.706438745465494,9.175417558594328
830,-1.3511017541580648,-0.33020328228884555,1.2090427134808386,3.0265314354875033,4.706438745465494,9.175417558594328
831,-1.3511017541580648,-0.33020328228884555,1.2090427134808386,3.0265314354875033,4.706438745465494,9.175417558594328
832,-1.3276042132360995,-0.32244692753239473,1.1638190744515886,2.8723796168069624,4.40564152738739,8.258548239320849
833,-1.3276042132360995,-0.32244692753239473,1.1638190744515886,2.8723796168069624,4.40564152738739,8.258548239320849
834,-1.3276042132360995,-0.32244692753239473,1.1638190744515886,2.8723796168069624,4.40564152738739,8.258548239320849
835,-1.3276042132360995,-0.32244692753239473,1.1638190744515886,2.8723796168069624,4.40564152738739,8.258548239320849
836,-1.3276042132360995,-0.32244692753239473,1.1638190744515886,2.8723796168069624,4.40564152738739,8.258548239320849
837,-1.3438270036614939,-0.3281893908843353,1.166902152688519,2.875122203536421,4.397759011565481,8.174726396435116
838,-1.3484524036334564,-0.3111546096146991,1.186934307655561,2.854213403602298,4.297871421502253,7.686339031926264
839,-1.3507345220610532,-0.2753376990864989,1.148386700766775,2.554070742590369,3.620012378610883,5.576561425419012
840,-1.3538053725447714,-0.2504713380989168,1.0801292507047346,2.235193837688195,2.9941484302989863,4.07573585661651
841,-1.3538053725447714,-0.2504713380989168,1.0801292507047346,2.235193837688195,2.9941484302989863,4.07573585661651
842,-1.3418573627859152,-0.23869968135702185,1.0823915865552376,2.218145221821412,2.9563836575137725,3.9890749433032346
843,-1.3418573627859152,-0.23869968135702185,1.0823915865552376,2.218145221821412,2.9563836575137725,3.9890749433032346
844,-1.3387925906436773,-0.2138767112354213,1.1073983681320883,2.213272948661663,2.9108870466277086,3.838149014420497
845,-1.3792300205875518,-0.21650904169300328,0.9664042240593672,1.7778517718342965,2.187294266801228,2.565238637449665
846,-1.3947344394349175,-0.2131822366345778,0.9599716969555752,1.7379836793236736,2.1158771174949926,2.4445573474412448
847,-1.5002908794467533,-0.17209738465913899,0.988940516975353,1.6339342000271557,1.8902832420924476,2.055288991187033
848,-1.5071250325060668,-0.1578328245209109,0.9838459538128002,1.5899373658373512,1.8187027743985167,1.9553908137087121
849,-1.5430128220589898,-0.1458152224860612,0.9760249070422039,1.529584255094894,1.7218078108968649,1.8239019943189012
850,-1.5430128220589898,-0.1458152224860612,0.9760249070422039,1.529584255094894,1.7218078108968649,1.8239019943189012
851,-1.5469319597893558,-0.06734168038919014,1.0084806913000248,1.470596402831628,1.6075113563453187,1.666070556384454
852,-1.5469319597893558,-0.06734168038919014,1.0084806913000248,1.470596402831628,1.6075113563453187,1.666070556384454
853,-1.5469319597893558,-0.06734168038919014,1.0084806913000248,1.470596402831628,1.6075113563453187,1.666070556384454
854,-1.5469319597893558,-0.06734168038919014,1.0084806913000248,1.470596402831628,1.6075113563453187,1.666070556384454
855,-1.5476329500656496,-0.06191088490425034,0.979493362519475,1.4044378342251023,1.5231276335813508,1.5700769871675353
856,-1.5476329500656496,-0.06191088490425034,0.979493362519475,1.4044378342251023,1.5231276335813508,1.5700769871675353
857,-1.5476329500656496,-0.06191088490425034,0.979493362519475,1.4044378342251023,1.5231276335813508,1.5700769871675353
858,-1.5612739658937533,-0.05295257662451208,0.9989958656184394,1.425231728990459,1.5433221166211424,1.5895404100879242
859,-1.5612739658937533,-0.05295257662451208,0.9989958656184394,1.425231728990459,1.5433221166211424,1.5895404100879242
860,-1.5612739658937533,-0.05295257662451208,0.9989958656184394,1.425231728990459,1.5433221166211424,1.5895404100879242
861,-1.5612739658937533,-0.05295257662451208,0.9989958656184394,1.425231728990459,1.5433221166211424,1.5895404100879242
862,-1.5574487305448717,-0.06835676433491089,0.9573253259196203,1.3657240596466735,1.4766215015365036,1.518898487209416
863,-1.5574487305448717,-0.06835676433491089,0.9573253259196203,1.3657240596466735,1.4766215015365036,1.518898487209416
864,-1.5770805710128426,-0.09938936301902762,0.8906021306159684,1.2697495986202396,1.3681920195912098,1.4036007042687777
865,-1.5405196648150534,-0.10452637088341449,0.8380377451665323,1.1887966625698003,1.276899290508056,1.307267292042718
866,-1.543175918942434,-0.12979771845563082,0.8198233555260097,1.184974816928364,1.280223699748587,1.3146893243975837
867,-1.5480645551267458,-0.1676065754226202,0.7978484659338192,1.1905668785161818,1.299860315143633,1.342888204713858
868,-1.5480645551267458,-0.1676065754226202,0.7978484659338192,1.1905668785161818,1.299860315143633,1.342888204713858
869,-1.549822748252181,-0.18106300282997662,0.7812711003901098,1.175623346431575,1.2863081434102963,1.3303732977938032
870,-1.5856343681019827,-0.21187302698557609,0.7256100446591629,1.0940531151734476,1.1926095545640882,1.2294540506405995
871,-1.5856343681019827,-0.21187302698557609,0.7256100446591629,1.0940531151734476,1.1926095545640882,1.2294540506405995
872,-1.566479614426652,-0.21461653551463755,0.7274639068184204,1.108757502102756,1.214261095698514,1.255483798465995
873,-1.5752364079784085,-0.22731088682228162,0.7077493062948792,1.0837884948064929,1.187075226671297,1.2270445751559271
874,-1.5752364079784085,-0.22731088682228162,0.7077493062948792,1.0837884948064929,1.187075226671297,1.2270445751559271
875,-1.560358087484078,-0.22193609102924544,0.7058932441293322,1.0786649568059392,1.1809406834077651,1.2204613894871927
876,-1.5181070469553777,-0.19365291575214127,0.7149247732207367,1.0746384836874627,1.1716766895620627,1.2083548644106699
877,-1.5033891244998752,-0.19937381188525227,0.7386583926949427,1.135572782853607,1.2511569085151648,1.2994691507823681
878,-1.4994797987323147,-0.20382086340445948,0.7357081921144135,1.1377477614843294,1.2563445843588312,1.3067745249864862
879,-1.4892071142441967,-0.19845393796037553,0.7229027892823897,1.1085711678261174,1.219494902521412,1.265102070865539
880,-1.4892071142441967,-0.19845393796037553,0.7229027892823897,1.1085711678261174,1.219494902521412,1.265102070865539
881,-1.5066709694405178,-0.2396475703567444,0.70636169248922,1.128074506518279,1.2584503083080611,1.31749036507762
882,-1.519617378443115,-0.28562958540167604,0.6879790685820587,1.156797426399296,1.3151132386888,1.3959994378714593
883,-1.519617378443115,-0.28562958540167604,0.6879790685820587,1.156797426399296,1.3151132386888,1.3959994378714593
884,-1.519617378443115,-0.28562958540167604,0.6879790685820587,1.156797426399296,1.3151132386888,1.3959994378714593
885,-1.519617378443115,-0.28562958540167604,0.6879790685820587,1.156797426399296,1.3151132386888,1.3959994378714593
886,-1.522176043454679,-0.2872848881607069,0.7511552594482048,1.2977076700536716,1.5019854716344456,1.6223430640609178
887,-1.522176043454679,-0.2872848881607069,0.7511552594482048,1.2977076700536716,1.5019854716344456,1.6223430640609178
888,-1.5149724548255763,-0.2972550587186001,0.7397304193070139,1.2951917728788627,1.5069939206649554,1.6354066736110773
889,-1.5149724548255763,-0.2972550587186001,0.7397304193070139,1.2951917728788627,1.5069939206649554,1.6354066736110773
890,-1.5149724548255763,-0.2972550587186001,0.7397304193070139,1.2951917728788627,1.5069939206649554,1.6354066736110773
891,-1.5367217385987066,-0.325193515518888,0.7411825962071245,1.3393001123526158,1.5796241882933417,1.7367894213216677
892,-1.6081528808018737,-0.432821952194842,0.7861252335615364,1.6448820295173303,2.091403348334338,2.523584477405244
893,-1.6602847554831635,-0.4557168736605822,0.8995404959688116,1.9683392443302032,2.5991326716728427,3.34896021135323
894,-1.6968773981231275,-0.46588940725805555,0.9901566079025781,2.2207104920271754,3.0054372164509067,4.0678968345734825
895,-1.6968773981231275,-0.46588940725805555,0.9901566079025781,2.2207104920271754,3.0054372164509067,4.0678968345734825
896,-1.6665913575388709,-0.4332651357307595,0.9988599557230791,2.1786981190421173,2.909918852723815,3.853187563005976
897,-1.6545042359860656,-0.41788279193472594,1.0187214630389259,2.2029937110886575,2.937478625626473,3.8860822791175926
898,-1.6692476290234866,-0.421055774329856,1.0261144328756093,2.215826856401611,2.9514238409886984,3.8965578965549668
899,-1.6726679539178242,-0.424102474221765,1.0712344904759206,2.356921655569512,3.192713233548881,4.362099256154938
900,-1.6570125905930313,-0.40339624005403474,1.08874311547285,2.3607764906544784,3.1798464839658567,4.307280300442136
901,-1.6570125905930313,-0.40339624005403474,1.08874311547285,2.3607764906544784,3.1798464839658567,4.307280300442136
902,-1.6570125905930313,-0.40339624005403474,1.08874311547285,2.3607764906544784,3.1798464839658567,4.307280300442136
903,-1.6570125905930313,-0.40339624005403474,1.08874311547285,2.3607764906544784,3.1798464839658567,4.307280300442136
904,-1.645621315060974,-0.3736862242736878,1.1151522580547635,2.3553752415354836,3.133601138851791,4.158749894564704
905,-1.6301915596771295,-0.3582498942954794,1.1084509969254372,2.3051780207618213,3.038907183603932,3.9683754472292625
906,-1.5155122292512222,-0.2174471082481787,1.1582672543403847,2.157011465544568,2.694162900979094,3.242866632066426
907,-1.5155122292512222,-0.2174471082481787,1.1582672543403847,2.157011465544568,2.694162900979094,3.242866632066426
908,-1.5031556518371183,-0.18204817231190412,1.1707996994744527,2.1072551255137193,2.5846173138374082,3.0323838671123866
909,-1.4946166111778754,-0.1679719282547696,1.1714447845392022,2.0805663284824503,2.5338480974656035,2.9444989734920934
910,-1.4946166111778754,-0.1679719282547696,1.1714447845392022,2.0805663284824503,2.5338480974656035,2.9444989734920934
911,-1.5037637762096523,-0.1351071143561351,1.1595505552291143,1.9622575101706183,2.323595335944308,2.6033270358313905
912,-1.5037637762096523,-0.1351071143561351,1.1595505552291143,1.9622575101706183,2.323595335944308,2.6033270358313905
913,-1.5037637762096523,-0.1351071143561351,1.1595505552291143,1.9622575101706183,2.323595335944308,2.6033270358313905
914,-1.5114201171165107,-0.11721773372063748,1.1658474724936516,1.9315350177512567,2.261609972357173,2.501061420611651
915,-1.5114201171165107,-0.11721773372063748,1.1658474724936516,1.9315350177512567,2.261609972357173,2.501061420611651
916,-1.5283262699229945,-0.13173270047059904,1.1696190758439649,1.959770383204992,2.3071317248537113,2.5666191260198734
917,-1.5283262699229945,-0.13173270047059904,1.1696190758439649,1.959770383204992,2.3071317248537113,2.5666191260198734
918,-1.6070111002387475,-0.26102256659228834,0.9744479882557149,1.709064611307227,2.0244469959431406,2.251843351103733
919,-1.6070111002387475,-0.26102256659228834,0.9744479882557149,1.709064611307227,2.0244469959431406,2.251843351103733
920,-1.6734597249485161,-0.3615065807282922,0.9095208095251476,1.7241787262275081,2.1049238356509012,2.417005724848404
921,-1.7810994572643994,-0.481599461896695,0.8559224862454022,1.7883384080881348,2.267441529420689,2.7225256352592244
922,-1.7810994572643994,-0.481599461896695,0.8559224862454022,1.7883384080881348,2.267441529420689,2.7225256352592244
923,-1.8122725642087187,-0.543936709997065,0.8362035397560058,1.8754584932765037,2.457826047731392,3.0935558228638382
924,-1.8810500389339833,-0.6058979814293541,0.8603289327250108,2.0519730371433704,2.7793770209899886,3.69404770584973
925,-1.9557557537128236,-0.6682983016320244,0.8641978172757911,2.1707253724291293,3.012071442513414,4.170320973299616
926,-1.9557557537128236,-0.6682983016320244,0.8641978172757911,2.1707253724291293,3.012071442513414,4.170320973299616
927,-1.9557557537128236,-0.6682983016320244,0.8641978172757911,2.1707253724291293,3.012071442513414,4.170320973299616
928,-1.9557557537128236,-0.6682983016320244,0.8641978172757911,2.1707253724291293,3.012071442513414,4.170320973299616
929,-1.9512182364791957,-0.6763438921864006,0.8196593451019178,2.070151960638415,2.8578504047026723,3.902275493611585
930,-1.9548465683632088,-0.6885238114896888,0.7929736346971954,2.026193410938104,2.79940233220522,3.816554686865848
931,-1.9615383131626816,-0.6787837468655167,0.7985740603484484,2.00195515409158,2.738366044124298,3.6682641774746183
932,-1.9615383131626816,-0.6787837468655167,0.7985740603484484,2.00195515409158,2.738366044124298,3.6682641774746183
933,-1.9615383131626816,-0.6787837468655167,0.7985740603484484,2.00195515409158,2.738366044124298,3.6682641774746183
934,-1.9480276791058102,-0.6545466147130725,0.7964075463016744,1.9359570631012015,2.6053995665353193,3.39508752980511
935,-1.936851236079295,-0.6218849597039007,0.8435475758164743,1.9840901232888313,2.647347366821731,3.4167212430945284
936,-1.915816362620508,-0.5945473873353775,0.85111160404451,1.9480153810893697,2.567958690439672,3.254197394170618
937,-1.915816362620508,-0.5945473873353775,0.85111160404451,1.9480153810893697,2.567958690439672,3.254197394170618
938,-1.9037799926093217,-0.5819720514334532,0.903778200685142,2.0739467193996157,2.763549746826113,3.581283053347086
939,-1.8063305244957537,-0.5189499530790316,0.973899702162488,2.2014418839699594,2.960620490076997,3.9364684177013745
940,-1.741728746112983,-0.471166763061582,1.0532113189176775,2.3670785689330014,3.223525746004264,4.427442791436702
941,-1.741728746112983,-0.471166763061582,1.0532113189176775,2.3670785689330014,3.223525746004264,4.427442791436702
942,-1.7269912556435516,-0.46167623968666516,1.0581410024866833,2.3701451414435044,3.226885328259196,4.434862547638718
943,-1.7269912556435516,-0.46167623968666516,1.0581410024866833,2.3701451414435044,3.226885328259196,4.434862547638718
944,-1.7269912556435516,-0.46167623968666516,1.0581410024866833,2.3701451414435044,3.226885328259196,4.434862547638718
945,-1.7269912556435516,-0.46167623968666516,1.0581410024866833,2.3701451414435044,3.226885328259196,4.434862547638718
946,-1.7275543492169305,-0.46365976958259353,1.046807666521202,2.341678697293997,3.1806722323985293,4.34792797468571
947,-1.717743630900023,-0.4579919936729471,1.0640336433710567,2.388620770146592,3.261426935802708,4.51133668016859
948,-1.6939533131637732,-0.4547295213092727,1.0763098850790707,2.450475871086725,3.3876410511964234,4.812207594134407
949,-1.6657491862584257,-0.5210895991076521,0.9816723563818218,2.4483351219533054,3.5463257741153384,5.515474082945782
950,-1.6657491862584257,-0.5210895991076521,0.9816723563818218,2.4483351219533054,3.5463257741153384,5.515474082945782
951,-1.6442896210551128,-0.5164247420117364,0.9640680830382259,2.4087003858927623,3.4899519784560926,5.428284071448658
952,-1.6442896210551128,-0.5164247420117364,0.9640680830382259,2.4087003858927623,3.4899519784560926,5.428284071448658
953,-1.6195104166273622,-0.513852742535063,0.8619501337741242,2.1090085059193058,2.9688751512920257,4.30126339389358
954,-1.620983815778918,-0.5366125136892465,0.7971582397267654,1.986932817563035,2.7928043421570674,4.003255202710451
955,-1.5509996108303163,-0.5741237345836234,0.4856866774454174,1.28042902293168,1.7237106314248667,2.2039585640080595
956,-1.4996335631576996,-0.5783155227260494,0.3404018457566329,0.9533297845937849,1.2530538953698733,1.5164890683219188
957,-1.4546810591095918,-0.5567983534872231,0.2750611872735701,0.7761294098319044,0.9944222767223377,1.1552970200843493
958,-1.4546810591095918,-0.5567983534872231,0.2750611872735701,0.7761294098319044,0.9944222767223377,1.1552970200843493
959,-1.4546810591095918,-0.5567983534872231,0.2750611872735701,0.7761294098319044,0.9944222767223377,1.1552970200843493
960,-1.4546810591095918,-0.5567983534872231,0.2750611872735701,0.7761294098319044,0.9944222767223377,1.1552970200843493
961,-1.4327845251975808,-0.5497307570436687,0.27089621888970306,0.767305456972387,0.984612991314257,1.1459210083981368
962,-1.3775344187345757,-0.5798247191162147,0.14969450480748847,0.5812536797975303,0.7654561316576243,0.8971270722399609
963,-1.3775344187345757,-0.5798247191162147,0.14969450480748847,0.5812536797975303,0.7654561316576243,0.8971270722399609
964,-1.3766456289811628,-0.5894179384852027,0.11846771195988814,0.5275095878793129,0.6975124555638369,0.8143363763796431
965,-1.372455885443317,-0.5842825485869627,0.11514664306561495,0.5119328651005614,0.6734334193942492,0.7810613748962368
966,-1.372455885443317,-0.5842825485869627,0.11514664306561495,0.5119328651005614,0.6734334193942492,0.7810613748962368
967,-1.3790203791521476,-0.5906740009047772,0.10733543713110472,0.5020767867181787,0.6621740974532028,0.7683125895866093
968,-1.3790203791521476,-0.5906740009047772,0.10733543713110472,0.5020767867181787,0.6621740974532028,0.7683125895866093
969,-1.3892502248830136,-0.5936050904497893,0.10267396105598692,0.49007378608766905,0.6443125877938819,0.7438446048912145
970,-1.3976466684661606,-0.5968232779948656,0.11152244120698784,0.5115499940117589,0.6735340771505909,0.780674632529911
971,-1.3941136014141469,-0.5950803233014572,0.12172351211040178,0.5345571414385989,0.7054960869332404,0.8223186554799317
972,-1.4255485766537064,-0.6124957079339342,0.12494579863579847,0.5562122578184189,0.7379093790556298,0.8653060778173883
973,-1.4379119427842961,-0.61839022952236,0.14460000083944224,0.6073275546169536,0.8104790341881989,0.9619361712261838
974,-1.4712358162256074,-0.634664134165586,0.18274547506014271,0.7128961050709235,0.9640060506224337,1.1740965874237483
975,-1.5234491340440135,-0.6606840223468318,0.19149750202225435,0.7525742278600677,1.0228831304084447,1.2550362010274676
976,-1.5234491340440135,-0.6606840223468318,0.19149750202225435,0.7525742278600677,1.0228831304084447,1.2550362010274676
977,-1.562955911820549,-0.6950414148035476,0.25017124181069794,0.9627485963248518,1.3625758899799152,1.79996571323047
978,-1.555600195043009,-0.7035209436994646,0.24860642342097405,0.9923984753967873,1.4267365088954733,1.93403582904994
979,-1.5673253229872257,-0.7105740118209567,0.2971731291619646,1.142308297044332,1.6766253703762402,2.3895148826811328
980,-1.5710771619492183,-0.715078574958312,0.30133599326723215,1.1649373940007872,1.7189501950877948,2.4767053181011494
981,-1.5889788340072517,-0.7251024336837334,0.30479417414734733,1.1847203509738762,1.7527158910011242,2.537871227339433
982,-1.6484204246238445,-0.7716975495299907,0.34797695738383405,1.3999538152073894,2.154875604176345,3.4100520206724703
983,-1.6388015122380062,-0.7774498986555411,0.38454864900110985,1.5619424208112802,2.4808198074943233,4.258068594028334
984,-1.6388015122380062,-0.7774498986555411,0.38454864900110985,1.5619424208112802,2.4808198074943233,4.258068594028334
985,-1.6407021964128763,-0.7879074380266462,0.3992712335001265,1.6553701614792284,2.6838256297655674,4.856993167500514
986,-1.6582696496854008,-0.7980766872971023,0.3973561722514245,1.6592162493073745,2.6897006682805356,4.856633821177149
987,-1.6582696496854008,-0.7980766872971023,0.3973561722514245,1.6592162493073745,2.6897006682805356,4.856633821177149
988,-1.6582696496854008,-0.7980766872971023,0.3973561722514245,1.6592162493073745,2.6897006682805356,4.856633821177149
989,-1.6582696496854008,-0.7980766872971023,0.3973561722514245,1.6592162493073745,2.6897006682805356,4.856633821177149
990,-1.6582696496854008,-0.7980766872971023,0.3973561722514245,1.6592162493073745,2.6897006682805356,4.856633821177149
991,-1.6582696496854008,-0.7980766872971023,0.3973561722514245,1.6592162493073745,2.6897006682805356,4.856633821177149
992,-1.6582696496854008,-0.7980766872971023,0.3973561722514245,1.6592162493073745,2.6897006682805356,4.856633821177149
993,-1.6582696496854008,-0.7980766872971023,0.3973561722514245,1.6592162493073745,2.6897006682805356,4.856633821177149
994,-1.6582696496854008,-0.7980766872971023,0.3973561722514245,1.6592162493073745,2.6897006682805356,4.856633821177149
995,-1.6582696496854008,-0.7980766872971023,0.3973561722514245,1.6592162493073745,2.6897006682805356,4.856633821177149
996,-1.6582696496854008,-0.7980766872971023,0.3973561722514245,1.6592162493073745,2.6897006682805356,4.856633821177149
997,-1.6582696496854008,-0.7980766872971023,0.3973561722514245,1.6592162493073745,2.6897006682805356,4.856633821177149
998,-1.6582696496854008,-0.7980766872971023,0.3973561722514245,1.6592162493073745,2.6897006682805356,4.856633821177149
999,-1.6582696496854008,-0.7980766872971023,0.3973561722514245,1.6592162493073745,2.6897006682805356,4.856633821177149
