index,0.1,0.5,0.9,0.99,0.999,0.999999
0,1.061493177906953,2.6079022210752334,2.6079022210752334,2.6093093034498467,2.7346803430278084,2.7485965284209617
1,1.061493177906953,1.061493177906953,2.6079022210752334,2.6093093034498467,2.7346803430278084,2.7485965284209617
2,0.8907307609515513,0.8907307609515513,1.9164927977113548,2.6093093034498467,2.7346803430278084,2.7485965284209617
3,0.8907307609515513,1.9164927977113548,2.6219730448213583,2.7486104585364712,2.7486104585364712,2.7486104585364712
4,1.4684792353406513,2.7486104585364712,2.7486104585364712,2.81666107536274,8.87997103458012,9.55299844005324
5,1.4684792353406513,1.4684792353406513,3.429116626798868,9.55367214115986,9.55367214115986,9.55367214115986
6,1.4684792353406513,9.55367214115986,9.55367214115986,9.55367214115986,9.55367214115986,9.55367214115986
7,2.5358032540641737,2.5358032540641737,9.55367214115986,9.55367214115986,9.55367214115986,9.55367214115986
8,1.6565969920668449,1.6565969920668449,2.5358032540641737,9.55367214115986,9.55367214115986,9.55367214115986
9,1.3700157697548303,1.3700157697548303,1.6565969920668449,2.800016594226387,2.800016594226387,2.800016594226387
10,1.2231353117880248,1.2231353117880248,2.800016594226387,2.800016594226387,2.800016594226387,2.800016594226387
11,1.2231353117880248,2.800016594226387,2.800016594226387,2.800016594226387,2.800016594226387,2.800016594226387
12,0.3133174359458129,1.5126203511792635,2.800016594226387,2.800016594226387,2.800016594226387,2.800016594226387
13,0.3133174359458129,0.3133174359458129,1.5126203511792635,2.800016594226387,2.800016594226387,2.800016594226387
14,0.3133174359458129,1.3835226873905215,1.5126203511792635,2.8488525683950763,2.8488525683950763,2.8488525683950763
15,0.7511829718744416,2.8488525683950763,2.8488525683950763,2.8488525683950763,2.8488525683950763,2.8488525683950763
16,0.7511829718744416,0.7511829718744416,2.8488525683950763,2.8488525683950763,2.8488525683950763,2.8488525683950763
17,0.728669645510608,0.728669645510608,1.8233647249322928,2.8488525683950763,2.8488525683950763,2.8488525683950763
18,0.728669645510608,1.8233647249322928,1.8233647249322928,2.8488525683950763,2.8488525683950763,2.8488525683950763
19,1.822363734487656,1.822363734487656,2.2462062986867046,3.855888492644789,3.855888492644789,3.855888492644789
20,1.822363734487656,2.2462062986867046,3.855888492644789,3.855888492644789,3.855888492644789,3.855888492644789
21,2.2462062986867046,3.855888492644789,3.855888492644789,3.855888492644789,3.855888492644789,3.855888492644789
22,2.2346368027944106,2.7301772360709715,3.855888492644789,3.855888492644789,3.855888492644789,3.855888492644789
23,2.130511339763765,2.130511339763765,2.7301772360709715,3.855888492644789,3.855888492644789,3.855888492644789
24,1.256411056591433,2.7076583179377502,2.7076583179377502,2.7414343486367154,3.744443078243977,3.8557770472303816
25,1.1454692355197558,1.1454692355197558,1.256411056591433,2.7076583179377502,2.7076583179377502,2.7076583179377502
26,1.1454692355197558,1.256411056591433,1.256411056591433,2.7076583179377502,2.7076583179377502,2.7076583179377502
27,0.8706281902610471,0.8706281902610471,1.065127858592997,1.256411056591433,1.256411056591433,1.256411056591433
28,0.8706281902610471,1.0562010389344676,1.0562010389344676,2.1976222900506155,2.1976222900506155,2.1976222900506155
29,0.4249311145854908,2.1976222900506155,2.1976222900506155,2.1976222900506155,2.1976222900506155,2.1976222900506155
30,0.4249311145854908,0.4249311145854908,2.1976222900506155,2.1976222900506155,2.1976222900506155,2.1976222900506155
31,1.450765138271929,1.462228427529221,1.462228427529221,2.1976222900506155,2.1976222900506155,2.1976222900506155
32,1.450765138271929,1.450765138271929,1.4810632892511324,2.1976222900506155,2.1976222900506155,2.1976222900506155
33,1.4297635004924394,1.65057704474832,1.65057704474832,1.65057704474832,1.65057704474832,1.65057704474832
34,1.0938902314208212,1.4297635004924394,1.65057704474832,1.65057704474832,1.65057704474832,1.65057704474832
35,1.0938902314208212,1.0938902314208212,1.4260376041582918,1.6771593032048544,4.045638531680846,4.308539726041679
36,1.0938902314208212,1.42562361567672,1.4260376041582918,4.308802890400414,4.308802890400414,4.308802890400414
37,1.6341285980442353,4.308802890400414,5.589234257567752,5.589234257567752,5.589234257567752,5.589234257567752
38,1.6572958183072926,5.589234257567752,5.589234257567752,5.589234257567752,5.589234257567752,5.589234257567752
39,1.6572958183072926,1.6572958183072926,5.589234257567752,5.589234257567752,5.589234257567752,5.589234257567752
40,1.089640569205748,2.113249066834486,2.113249066834486,5.589234257567752,5.589234257567752,5.589234257567752
41,0.4852148298282672,0.4852148298282672,2.113249066834486,2.129840404096335,3.6081285541262655,3.7722185387795863
42,1.089640569205748,1.089640569205748,1.3685806948111678,3.772382793018488,3.772382793018488,3.772382793018488
43,1.089640569205748,1.3685806948111678,1.3685806948111678,3.772382793018488,3.772382793018488,3.772382793018488
44,1.340686682250626,3.772382793018488,3.772382793018488,3.772382793018488,3.772382793018488,3.772382793018488
45,0.891979472530154,0.891979472530154,3.772382793018488,8.240264817920814,8.240264817920814,8.240264817920814
46,1.5680307933119264,1.5680307933119264,8.240264817920814,8.240264817920814,8.240264817920814,8.240264817920814
47,1.5680307933119264,8.240264817920814,8.240264817920814,8.240264817920814,8.240264817920814,8.240264817920814
48,1.6788394136758231,1.6788394136758231,8.240264817920814,8.240264817920814,8.240264817920814,8.240264817920814
49,0.4751073277150877,2.015179444700192,2.015179444700192,3.2815823293930317,7.744396569068014,8.239768949671932
50,0.4751073277150877,0.4751073277150877,3.2314946274886847,3.2314946274886847,3.2314946274886847,3.2314946274886847
51,0.4751073277150877,3.2314946274886847,3.2314946274886847,3.2314946274886847,3.2314946274886847,3.2314946274886847
52,1.957900116850254,1.957900116850254,3.2314946274886847,3.2314946274886847,3.2314946274886847,3.2314946274886847
53,1.740836262814687,1.740836262814687,1.957900116850254,3.2314946274886847,3.2314946274886847,3.2314946274886847
54,1.0105072575089145,1.1220324377452855,1.3254111912732338,1.740836262814687,1.740836262814687,1.740836262814687
55,1.0105072575089145,1.0105072575089145,1.3254111912732338,1.740836262814687,1.740836262814687,1.740836262814687
56,1.0105072575089145,1.3254111912732338,1.3254111912732338,2.264694859113861,3.483403796262642,3.6186804882861554
57,1.3254111912732338,2.2510168687979304,2.2510168687979304,3.618815900390291,3.618815900390291,3.618815900390291
58,1.5941985742123506,3.618815900390291,3.618815900390291,3.618815900390291,3.618815900390291,3.618815900390291
59,1.5941985742123506,1.5941985742123506,3.618815900390291,3.618815900390291,3.618815900390291,3.618815900390291
60,1.5941985742123506,2.172108960064765,2.172108960064765,2.1865760294680276,3.4755919132980586,3.61867267640319
61,1.836612800604445,1.836612800604445,2.172108960064765,2.172108960064765,2.172108960064765,2.172108960064765
62,1.974335754145355,1.974335754145355,2.16997123876663,3.164174979199112,3.164174979199112,3.164174979199112
63,1.974335754145355,2.16997123876663,2.16997123876663,3.164174979199112,3.164174979199112,3.164174979199112
64,1.974335754145355,3.164174979199112,3.164174979199112,3.164174979199112,3.164174979199112,3.164174979199112
65,0.2686862579918574,0.2686862579918574,3.164174979199112,3.164174979199112,3.164174979199112,3.164174979199112
66,0.2686862579918574,2.580916354669321,2.580916354669321,3.164174979199112,3.164174979199112,3.164174979199112
67,0.6468025391365164,0.7951703879637553,0.7951703879637553,2.586748940914622,3.1064323753706606,3.1641172365952803
68,0.6468025391365164,0.6468025391365164,0.7951703879637553,2.5896210001864834,3.36520491576528,3.4512947303945256
69,0.6468025391365164,1.7364442185278606,1.7364442185278606,3.4513809063851504,3.4513809063851504,3.4513809063851504
70,0.2990849278328491,0.2990849278328491,1.906012941777049,3.4513809063851504,3.4513809063851504,3.4513809063851504
71,1.906012941777049,3.4513809063851504,3.4513809063851504,3.4513809063851504,3.4513809063851504,3.4513809063851504
72,1.906012941777049,1.906012941777049,3.4513809063851504,3.4513809063851504,3.4513809063851504,3.4513809063851504
73,1.906012941777049,2.2921936194907473,2.2921936194907473,3.4513809063851504,3.4513809063851504,3.4513809063851504
74,-0.238581346823657,-0.238581346823657,2.2921936194907473,2.3037854923596974,3.3366213649826,3.451266146843741
75,-0.238581346823657,1.7676049757516803,1.7676049757516803,1.7676049757516803,1.7676049757516803,1.7676049757516803
76,0.4967109236082478,1.6376476108087008,1.7676049757516803,1.7676049757516803,1.7676049757516803,1.7676049757516803
77,0.472566846998092,0.4967109236082478,1.6376476108087008,1.6376476108087008,1.6376476108087008,1.6376476108087008
78,0.472566846998092,0.472566846998092,1.6846353121889792,2.107524624611446,2.107524624611446,2.107524624611446
79,0.472566846998092,2.107524624611446,2.107524624611446,2.107524624611446,2.107524624611446,2.107524624611446
80,0.9440823009578996,0.9440823009578996,2.107524624611446,2.107524624611446,2.107524624611446,2.107524624611446
81,0.9440823009578996,2.0730817382450546,2.0730817382450546,2.107524624611446,2.107524624611446,2.107524624611446
82,1.1165622289475208,1.5884983397453665,2.0730817382450546,2.0885891707651036,3.4703014083007493,3.6236714666672043
83,1.1165622289475208,1.1165622289475208,1.5884983397453665,3.6238249902491617,3.6238249902491617,3.6238249902491617
84,1.1165622289475208,3.6238249902491617,3.6238249902491617,3.6238249902491617,3.6238249902491617,3.6238249902491617
85,1.01678309695081,2.791125749813607,2.8743956738571694,3.6238249902491617,3.6238249902491617,3.6238249902491617
86,1.01678309695081,1.01678309695081,2.791125749813607,3.6238249902491617,3.6238249902491617,3.6238249902491617
87,-0.0670426119146971,-0.0670426119146971,1.01678309695081,3.6238249902491617,3.6238249902491617,3.6238249902491617
88,-0.0670426119146971,0.8665726697847486,1.1082251297737866,2.0485456537450424,3.466297056598743,3.623667462315502
89,0.8665726697847486,1.1082251297737866,1.2006659909219253,2.0721471306512997,5.592790125851456,5.983581498318669
90,1.1082251297737866,2.0326337412550934,2.0326337412550934,5.983972680873714,5.983972680873714,5.983972680873714
91,1.0954735219656746,5.983972680873714,5.983972680873714,5.983972680873714,5.983972680873714,5.983972680873714
92,0.9807090516926664,0.9807090516926664,5.983972680873714,5.983972680873714,5.983972680873714,5.983972680873714
93,1.6168988670060638,2.238318244804649,2.238318244804649,2.275774789165359,5.613152891702863,5.983601861084522
94,1.6168988670060638,1.6168988670060638,2.238318244804649,2.275774789165359,5.613152891702863,5.983601861084522
95,1.5616350019646132,1.9322151260094345,1.9322151260094345,2.275774789165359,5.613152891702863,5.983601861084522
96,0.3742925363087481,0.3742925363087481,1.9322151260094345,1.9322151260094345,1.9322151260094345,1.9322151260094345
97,0.3742925363087481,1.0642602165915565,1.0642602165915565,1.9322151260094345,1.9322151260094345,1.9322151260094345
98,0.6396329912046652,0.6396329912046652,1.0642602165915565,1.0670701770654267,1.3174376552871456,1.345228445369756
99,0.6396329912046652,0.9095955479160844,1.345256263978449,1.349687686446951,1.744527428390265,1.7883546397459724
100,0.9095955479160844,1.345256263978449,1.788398510828413,1.788398510828413,1.788398510828413,1.788398510828413
101,0.169523997338732,1.788398510828413,1.788398510828413,1.788398510828413,1.788398510828413,1.788398510828413
102,0.169523997338732,0.169523997338732,1.788398510828413,1.788398510828413,1.788398510828413,1.788398510828413
103,0.169523997338732,0.2625889978790194,0.2625889978790194,1.349687686446951,1.744527428390265,1.7883546397459724
104,0.2625889978790194,0.8257944388001361,0.8257944388001361,1.7952784073945642,2.408277191438317,2.476320056467173
105,0.8257944388001361,1.7355658921823998,2.476388167443182,2.476388167443182,2.476388167443182,2.476388167443182
106,1.7355658921823998,2.476388167443182,2.476388167443182,2.476528681709587,2.489048502846283,2.4904382029924568
107,1.4041178861922348,1.4041178861922348,2.476388167443182,2.490439594083694,2.490439594083694,2.490439594083694
108,0.95760161236168,2.490439594083694,2.490439594083694,2.490439594083694,2.490439594083694,2.490439594083694
109,0.778220393850164,0.95760161236168,0.95760161236168,2.490439594083694,2.490439594083694,2.490439594083694
110,0.778220393850164,0.778220393850164,0.95760161236168,2.490439594083694,2.490439594083694,2.490439594083694
111,0.778220393850164,0.8685049572883239,0.8685049572883239,0.8826723825724015,2.1449899753830657,2.2851072281850477
112,0.3509681410402949,0.3509681410402949,0.8685049572883239,2.2852474856953684,2.2852474856953684,2.2852474856953684
113,0.3509681410402949,2.2852474856953684,2.2852474856953684,2.2852474856953684,2.2852474856953684,2.2852474856953684
114,0.8113168203544021,0.8113168203544021,2.2852474856953684,2.2852474856953684,2.2852474856953684,2.2852474856953684
115,0.8113168203544021,1.3436559948782076,1.4055292635837808,2.2852474856953684,2.2852474856953684,2.2852474856953684
116,1.250042303631852,1.4055292635837808,1.4055292635837808,1.4055292635837808,1.4055292635837808,1.4055292635837808
117,-1.0156965765410395,1.250042303631852,1.4055292635837808,3.7918700362777096,3.7918700362777096,3.7918700362777096
118,-1.0156965765410395,-1.0156965765410395,2.615098075833153,3.7918700362777096,3.7918700362777096,3.7918700362777096
119,-1.0156965765410395,3.7918700362777096,3.7918700362777096,3.7918700362777096,3.7918700362777096,3.7918700362777096
120,2.615098075833153,2.615098075833153,3.7918700362777096,3.7918700362777096,3.7918700362777096,3.7918700362777096
121,0.413380149385497,0.413380149385497,2.615098075833153,3.7918700362777096,3.7918700362777096,3.7918700362777096
122,0.413380149385497,0.6452619703750588,1.205240977879009,2.6268657954376042,3.675369612193694,3.7917535358536187
123,0.6452619703750588,1.205240977879009,1.205240977879009,3.446690384620079,3.446690384620079,3.446690384620079
124,1.205240977879009,2.526964931704414,2.6189374769959883,3.446690384620079,3.446690384620079,3.446690384620079
125,0.5277436599257033,3.446690384620079,3.446690384620079,3.446690384620079,3.446690384620079,3.446690384620079
126,0.5277436599257033,0.5277436599257033,3.446690384620079,3.446690384620079,3.446690384620079,3.446690384620079
127,0.5277436599257033,1.2889861631881907,1.2889861631881907,3.446690384620079,3.446690384620079,3.446690384620079
128,1.2889861631881907,2.008757281860542,2.008757281860542,2.008757281860542,2.008757281860542,2.008757281860542
129,0.8603750293636194,0.8603750293636194,2.008757281860542,2.008757281860542,2.008757281860542,2.008757281860542
130,0.8603750293636194,1.7267268716591595,1.7267268716591595,2.008757281860542,2.008757281860542,2.008757281860542
131,0.2023891806474256,0.2023891806474256,1.7267268716591595,2.010717036534769,2.185331178008315,2.2047133477118783
132,0.2023891806474256,1.3461668162842964,2.204732749283154,2.2147911325140126,3.1109930783830424,3.2104714943745036
133,1.301548538300141,2.204732749283154,2.305316581591697,3.210571072368495,3.210571072368495,3.210571072368495
134,-0.1735451222447492,3.210571072368495,3.210571072368495,3.210571072368495,3.210571072368495,3.210571072368495
135,-0.1735451222447492,-0.1735451222447492,3.210571072368495,3.210571072368495,3.210571072368495,3.210571072368495
136,-0.1735451222447492,0.8999840364427412,0.8999840364427412,3.210571072368495,3.210571072368495,3.210571072368495
137,0.3080675204752752,0.3080675204752752,0.9040916338332813,0.9637551209683545,2.985889477228471,3.2103463907733416
138,0.3080675204752752,0.9410600103481394,0.9410600103481394,1.167192257801562,1.167192257801562,1.167192257801562
139,0.26379327118912405,1.167192257801562,1.167192257801562,1.167192257801562,1.167192257801562,1.167192257801562
140,-0.1346749723862378,-0.1346749723862378,1.167192257801562,1.1799454844334107,2.316257977330537,2.4423886640421166
141,-0.1346749723862378,0.5448578047715535,1.1931788836974615,2.4425149209857793,2.4425149209857793,2.4425149209857793
142,0.921029084095474,2.4425149209857793,2.4425149209857793,2.4425149209857793,2.4425149209857793,2.4425149209857793
143,0.921029084095474,1.1931788836974615,2.4425149209857793,2.4425149209857793,2.4425149209857793,2.4425149209857793
144,0.921029084095474,0.921029084095474,1.67237967781088,2.4425149209857793,2.4425149209857793,2.4425149209857793
145,0.921029084095474,1.67237967781088,1.67237967781088,1.6800810302426328,2.3662715319114613,2.4424386775967006
146,1.618781602244284,1.629736840341693,1.67237967781088,1.67237967781088,1.67237967781088,1.67237967781088
147,-0.4652492060474267,-0.4652492060474267,1.629736840341693,1.67237967781088,1.67237967781088,1.67237967781088
148,-0.4652492060474267,1.5201844593676022,1.629736840341693,1.9327384959107003,1.9327384959107003,1.9327384959107003
149,1.5201844593676022,1.9327384959107003,1.9327384959107003,1.9327384959107003,1.9327384959107003,1.9327384959107003
150,0.1011205761052423,0.1011205761052423,1.7141390170304882,1.9327384959107003,1.9327384959107003,1.9327384959107003
151,0.1011205761052423,1.7141390170304882,1.7141390170304882,1.9327384959107003,1.9327384959107003,1.9327384959107003
152,0.4534097758758434,0.4534097758758434,1.7141390170304882,1.7163250118192914,1.9110971475015586,1.93271685456229
153,0.4534097758758434,0.5002078359762498,0.5002078359762498,1.7141390170304882,1.7141390170304882,1.7141390170304882
154,0.5002078359762498,1.365243794152513,1.365243794152513,1.365243794152513,1.365243794152513,1.365243794152513
155,-0.1485425107184738,-0.1485425107184738,1.365243794152513,1.365243794152513,1.365243794152513,1.365243794152513
156,-0.1485425107184738,1.352369342228826,1.365243794152513,2.075639672609349,2.075639672609349,2.075639672609349
157,1.352369342228826,2.075639672609349,2.075639672609349,2.075639672609349,2.075639672609349,2.075639672609349
158,0.7953603553302406,1.4234752566894409,1.4412538623754234,2.075639672609349,2.075639672609349,2.075639672609349
159,0.7953603553302406,0.7953603553302406,1.4234752566894409,2.075639672609349,2.075639672609349,2.075639672609349
160,0.7849602089071783,0.7849602089071783,1.6012613135492506,1.606005097139854,2.0286762150623976,2.0755927091517994
161,0.7849602089071783,1.6012613135492506,1.6012613135492506,1.6012613135492506,1.6012613135492506,1.6012613135492506
162,0.6729127706801783,1.074577644488497,1.6012613135492506,1.6012613135492506,1.6012613135492506,1.6012613135492506
163,-0.3355141733628255,-0.3355141733628255,1.1049923046011396,1.6026342162810332,1.7249598496827914,1.7385379949903863
164,-0.3355141733628255,1.1049923046011396,1.1049923046011396,1.7385515867274317,1.7385515867274317,1.7385515867274317
165,1.0177753419708195,1.7385515867274317,1.7385515867274317,2.2211458555567933,2.2211458555567933,2.2211458555567933
166,0.506554619311721,0.506554619311721,1.7385515867274317,2.2211458555567933,2.2211458555567933,2.2211458555567933
167,0.506554619311721,2.2211458555567933,2.2211458555567933,2.2211458555567933,2.2211458555567933,2.2211458555567933
168,1.522499376598874,1.522499376598874,2.2211458555567933,2.2211458555567933,2.2211458555567933,2.2211458555567933
169,1.0596534023724915,1.0596534023724915,1.522499376598874,1.5294858413884567,2.151979854139957,2.2210766895553724
170,-0.421442168235303,1.5160611917719224,1.5160611917719224,1.519597618930415,1.8346932787519374,1.869668896992126
171,-0.421442168235303,-0.421442168235303,1.5160611917719224,1.8697039076209971,1.8697039076209971,1.8697039076209971
172,-0.421442168235303,1.8697039076209971,1.8697039076209971,1.8719206598614502,2.0694332844857066,2.0913571858189988
173,1.7250325670186637,1.7250325670186637,2.0913791316661805,2.0913791316661805,2.0913791316661805,2.0913791316661805
174,-0.1973716111150582,2.0913791316661805,2.0913791316661805,2.0913791316661805,2.0913791316661805,2.0913791316661805
175,-0.4374901410368408,-0.1973716111150582,2.0913791316661805,2.0913791316661805,2.0913791316661805,2.0913791316661805
176,-0.4374901410368408,-0.4374901410368408,-0.1973716111150582,2.0913791316661805,2.0913791316661805,2.0913791316661805
177,-0.4374901410368408,-0.1679088110057967,-0.1679088110057967,0.6155795438569587,1.943799172885252,2.091231551707391
178,-0.1679088110057967,0.6006724773134234,0.6566531210984392,0.6599148057676593,0.9505309097950142,0.9827892973420502
179,0.6006724773134234,0.6566531210984392,0.6566531210984392,0.9828215880202774,0.9828215880202774,0.9828215880202774
180,0.6006724773134234,0.9828215880202774,0.9828215880202774,0.9828215880202774,0.9828215880202774,0.9828215880202774
181,-0.2606185001617753,-0.2606185001617753,0.9828215880202774,0.989597511799882,1.5933323205623313,1.6603468843349625
182,-0.2606185001617753,0.0347889956502063,0.9828215880202774,1.6604139659803845,1.6604139659803845,1.6604139659803845
183,0.0347889956502063,1.651954910179164,1.6604139659803845,1.6604139659803845,1.6604139659803845,1.6604139659803845
184,0.7400171193843512,0.7400171193843512,1.6604139659803845,1.6604139659803845,1.6604139659803845,1.6604139659803845
185,0.7400171193843512,1.6434958543779434,1.6434958543779434,1.6434958543779434,1.6434958543779434,1.6434958543779434
186,-1.4060261146944888,-1.4060261146944888,1.6434958543779434,2.200153670066667,2.200153670066667,2.200153670066667
187,-1.4060261146944888,0.9303889119131908,1.6434958543779434,2.200153670066667,2.200153670066667,2.200153670066667
188,0.9303889119131908,2.200153670066667,2.200153670066667,2.200153670066667,2.200153670066667,2.200153670066667
189,0.9988452825082998,0.9988452825082998,2.200153670066667,2.200153670066667,2.200153670066667,2.200153670066667
190,0.0087736960413139,0.0087736960413139,0.9988452825082998,2.200153670066667,2.200153670066667,2.200153670066667
191,0.0087736960413139,1.3515873461442087,1.3515873461442087,1.3515873461442087,1.3515873461442087,1.3515873461442087
192,0.4873270061732001,0.4873270061732001,1.3515873461442087,1.3515873461442087,1.3515873461442087,1.3515873461442087
193,0.3401634547298201,1.210067731931426,1.210067731931426,1.3515873461442087,1.3515873461442087,1.3515873461442087
194,-0.9843085082606046,-0.9843085082606046,1.210067731931426,1.210067731931426,1.210067731931426,1.210067731931426
195,-0.9843085082606046,1.1189308083224516,1.1189308083224516,1.422712657708193,1.422712657708193,1.422712657708193
196,-0.9583726828464012,-0.9583726828464012,1.422712657708193,1.422712657708193,1.422712657708193,1.422712657708193
197,-0.9583726828464012,1.422712657708193,1.422712657708193,1.422712657708193,1.422712657708193,1.422712657708193
198,0.6992015104308715,0.6992015104308715,1.422712657708193,1.422712657708193,1.422712657708193,1.422712657708193
199,-0.3587339975472663,-0.3587339975472663,0.7159887635980167,1.422712657708193,1.422712657708193,1.422712657708193
200,-0.3587339975472663,0.8670740421023084,0.8670740421023084,0.8699238395851925,1.123840795310033,1.15202557739549
201,-0.6729368418708208,-0.6729368418708208,1.152053790390572,1.152053790390572,1.152053790390572,1.152053790390572
202,-0.6729368418708208,1.152053790390572,1.152053790390572,3.2028260822021286,3.2028260822021286,3.2028260822021286
203,1.4993614062052445,3.2028260822021286,3.2028260822021286,3.2028260822021286,3.2028260822021286,3.2028260822021286
204,1.4993614062052445,1.4993614062052445,3.2028260822021286,3.2028260822021286,3.2028260822021286,3.2028260822021286
205,-0.4836302878256292,0.9345239899725756,1.4993614062052445,3.2028260822021286,3.2028260822021286,3.2028260822021286
206,-0.4836302878256292,-0.4836302878256292,1.1777797152772356,1.2818971835602913,1.4776149839407482,1.4993396597829787
207,-0.4836302878256292,1.279700575250745,1.279700575250745,1.279700575250745,1.279700575250745,1.279700575250745
208,-0.4836302878256292,1.166455175280178,1.279700575250745,1.279700575250745,1.279700575250745,1.279700575250745
209,-0.8445178979895825,-0.8445178979895825,1.1777797152772356,1.5857885795965725,1.5857885795965725,1.5857885795965725
210,-0.8445178979895825,1.5857885795965725,1.5857885795965725,1.5857885795965725,1.5857885795965725,1.5857885795965725
211,0.778643063300885,0.778643063300885,1.5857885795965725,1.5857885795965725,1.5857885795965725,1.5857885795965725
212,0.536065078924107,0.536065078924107,1.5760007898435844,1.5857885795965725,1.5857885795965725,1.5857885795965725
213,0.536065078924107,1.5760007898435844,1.5760007898435844,1.5760007898435844,1.5760007898435844,1.5760007898435844
214,0.4929625647190319,0.4929625647190319,1.5760007898435844,1.5760007898435844,1.5760007898435844,1.5760007898435844
215,0.42460008904806856,0.671544893161423,0.671544893161423,1.5760007898435844,1.5760007898435844,1.5760007898435844
216,-0.1906621919906039,-0.1906621919906039,0.671544893161423,1.8313341773809335,1.8313341773809335,1.8313341773809335
217,-0.1906621919906039,0.240435602880782,0.787523821583384,1.8313341773809335,1.8313341773809335,1.8313341773809335
218,-0.1826831715041009,1.8313341773809335,1.8313341773809335,1.8313341773809335,1.8313341773809335,1.8313341773809335
219,-0.1826831715041009,-0.1826831715041009,0.4917884312079118,3.2745791214409294,3.2745791214409294,3.2745791214409294
220,-0.1826831715041009,0.4917884312079118,0.4917884312079118,3.2745791214409294,3.2745791214409294,3.2745791214409294
221,0.4917884312079118,3.2745791214409294,3.2745791214409294,3.2745791214409294,3.2745791214409294,3.2745791214409294
222,-0.0267911502717146,-0.0267911502717146,3.2745791214409294,3.2745791214409294,3.2745791214409294,3.2745791214409294
223,-0.0267911502717146,2.289075809249076,2.2913231521302477,2.3211795368945958,3.179239162986292,3.274483781482469
224,-0.0267911502717146,2.3115492380607896,2.3115492380607896,2.3115492380607896,2.3115492380607896,2.3115492380607896
225,-0.6131907317402505,-0.6131907317402505,2.3115492380607896,2.3115492380607896,2.3115492380607896,2.3115492380607896
226,-0.6131907317402505,0.6025422285484235,0.6025422285484235,0.705512196508874,0.705512196508874,0.705512196508874
227,0.1859921744631497,0.705512196508874,0.705512196508874,0.705512196508874,0.705512196508874,0.705512196508874
228,0.1638858757922233,0.1859921744631497,0.705512196508874,0.705512196508874,0.705512196508874,0.705512196508874
229,-0.9178053357682978,-0.9178053357682978,0.1859921744631497,0.705512196508874,0.705512196508874,0.705512196508874
230,-0.9178053357682978,-0.0350708122461151,-0.0350708122461151,0.7157644835657493,1.6292432603328648,1.7306394045540134
231,-0.6062042864377208,-0.6062042864377208,-0.0350708122461151,1.7307409021958824,1.7307409021958824,1.7307409021958824
232,-0.6062042864377208,-0.0514403963815064,-0.0514403963815064,1.735833565239105,2.1895898423900033,2.2399567891537524
233,-0.0514403963815064,1.7307409021958824,1.7307409021958824,2.240007206517883,2.240007206517883,2.240007206517883
234,1.5708596388345217,2.240007206517883,2.240007206517883,2.240007206517883,2.240007206517883,2.240007206517883
235,-0.9628788881697224,-0.9628788881697224,0.1319282685822702,2.2520219155105554,3.322532486757106,3.441359160165472
236,-0.9628788881697224,0.1319282685822702,0.1319282685822702,3.441478105784506,3.441478105784506,3.441478105784506
237,0.1319282685822702,3.441478105784506,3.441478105784506,3.441478105784506,3.441478105784506,3.441478105784506
238,0.8001457671491427,0.8001457671491427,3.441478105784506,3.441478105784506,3.441478105784506,3.441478105784506
239,0.8001457671491427,1.064464907609918,1.064464907609918,3.441478105784506,3.441478105784506,3.441478105784506
240,-1.590509533676327,-1.590509533676327,1.064464907609918,1.0931342353862805,3.6475713402588523,3.9311138588997045
241,-1.590509533676327,0.6408841849956662,1.3511581853734214,3.9313976852447072,3.9313976852447072,3.9313976852447072
242,0.3280575117582897,3.9313976852447072,3.9313976852447072,3.9313976852447072,3.9313976852447072,3.9313976852447072
243,0.3280575117582897,0.3280575117582897,3.9313976852447072,3.9313976852447072,3.9313976852447072,3.9313976852447072
244,-0.6222945053820399,-0.6222945053820399,0.3280575117582897,3.9313976852447072,3.9313976852447072,3.9313976852447072
245,-0.6222945053820399,0.5714658829854855,0.5714658829854855,3.257372247717087,3.257372247717087,3.257372247717087
246,0.226169385791752,3.257372247717087,3.257372247717087,3.257372247717087,3.257372247717087,3.257372247717087
247,0.226169385791752,0.226169385791752,3.257372247717087,3.257372247717087,3.257372247717087,3.257372247717087
248,0.226169385791752,1.7778720369731056,1.7778720369731056,3.257372247717087,3.257372247717087,3.257372247717087
249,0.226169385791752,1.7841306745229124,1.7841306745229124,1.7841306745229124,1.7841306745229124,1.7841306745229124
250,-0.1879801421199298,-0.1879801421199298,1.7841306745229124,1.7841306745229124,1.7841306745229124,1.7841306745229124
251,0.4160273294818976,0.5127900299896395,1.4155949046064968,1.4192802623056628,1.7476456333011858,1.7840941894816886
252,0.4160273294818976,1.4155949046064968,1.4155949046064968,1.4192802623056628,1.7476456333011858,1.7840941894816886
253,0.4160273294818976,0.4160273294818976,1.4155949046064968,1.437804525987661,3.4166817910483545,3.636337167470089
254,-0.2523383447028823,0.4160273294818976,1.4155949046064968,3.6365570427217753,3.6365570427217753,3.6365570427217753
255,-0.2523383447028823,3.6365570427217753,3.6365570427217753,3.6365570427217753,3.6365570427217753,3.6365570427217753
256,1.1751265661617092,1.1751265661617092,3.6365570427217753,3.6365570427217753,3.6365570427217753,3.6365570427217753
257,1.1751265661617092,2.2814836492878494,2.2814836492878494,3.6365570427217753,3.6365570427217753,3.6365570427217753
258,-1.1384935014484487,-1.1384935014484487,2.2814836492878494,2.2814836492878494,2.2814836492878494,2.2814836492878494
259,-1.1384935014484487,-0.0130096732516296,-0.0130096732516296,0.6840038750515613,0.6840038750515613,0.6840038750515613
260,-0.09081977282242175,0.6840038750515613,0.6840038750515613,0.6840038750515613,0.6840038750515613,0.6840038750515613
261,-0.7911106689595538,-0.7911106689595538,0.6840038750515613,5.468822669207239,5.468822669207239,5.468822669207239
262,-0.7911106689595538,5.468822669207239,5.468822669207239,5.468822669207239,5.468822669207239,5.468822669207239
263,-0.1118297848319843,-0.1118297848319843,5.468822669207239,5.468822669207239,5.468822669207239,5.468822669207239
264,-0.1856125076794378,0.3013134256588866,0.3013134256588866,5.468822669207239,5.468822669207239,5.468822669207239
265,-0.592702906314285,-0.1856125076794378,0.3013134256588866,5.468822669207239,5.468822669207239,5.468822669207239
266,-0.592702906314285,-0.592702906314285,-0.1274388497175098,0.3013134256588866,0.3013134256588866,0.3013134256588866
267,-0.592702906314285,-0.1274388497175098,0.080896480980608,0.3097265515248493,1.0593360661817357,1.1425427223086493
268,0.021419624271306,0.080896480980608,1.1426260122547272,1.1426260122547272,1.1426260122547272,1.1426260122547272
269,0.021419624271306,1.1426260122547272,1.1426260122547272,1.1426260122547272,1.1426260122547272,1.1426260122547272
270,0.021419624271306,0.021419624271306,1.1426260122547272,1.1426260122547272,1.1426260122547272,1.1426260122547272
271,0.021419624271306,0.2619241553836958,0.2619241553836958,1.1426260122547272,1.1426260122547272,1.1426260122547272
272,-1.4423699600642108,-1.4423699600642108,0.26286049068616446,1.1426260122547272,1.1426260122547272,1.1426260122547272
273,-1.4423699600642108,0.2712875084083818,0.2712875084083818,0.7937826780112898,0.9941621337672826,1.0164042533561974
274,-0.3655008968720177,0.7915337503372595,0.7915337503372595,0.7937826780112898,0.9941621337672826,1.0164042533561974
275,-0.3655008968720177,-0.3655008968720177,0.7915337503372595,1.0164265177401717,1.0164265177401717,1.0164265177401717
276,-0.3655008968720177,1.0164265177401717,1.0164265177401717,1.1531051915938495,1.1531051915938495,1.1531051915938495
277,0.054413843737836,0.054413843737836,1.1531051915938495,1.1531051915938495,1.1531051915938495,1.1531051915938495
278,-1.0696912415121482,1.1531051915938495,1.1531051915938495,1.1698043192087904,2.6576965896992544,2.822852631723694
279,-1.0696912415121482,-1.0696912415121482,1.1531051915938495,2.8230179530870916,2.8230179530870916,2.8230179530870916
280,-1.0696912415121482,2.8230179530870916,2.8230179530870916,2.8230179530870916,2.8230179530870916,2.8230179530870916
281,-1.1845069968343274,-1.1845069968343274,2.8230179530870916,2.8230179530870916,2.8230179530870916,2.8230179530870916
282,-1.1845069968343274,-0.4923466916948758,1.8943413646199376,2.8230179530870916,2.8230179530870916,2.8230179530870916
283,-0.4923466916948758,1.8943413646199376,1.8943413646199376,1.8943413646199376,1.8943413646199376,1.8943413646199376
284,-0.8901304271863392,-0.8901304271863392,1.8943413646199376,5.0381987843098655,5.0381987843098655,5.0381987843098655
285,-0.8901304271863392,1.528252046797558,5.0381987843098655,5.0381987843098655,5.0381987843098655,5.0381987843098655
286,1.528252046797558,5.0381987843098655,5.0381987843098655,5.0381987843098655,5.0381987843098655,5.0381987843098655
287,1.5356624259802485,2.7344069341386104,5.0381987843098655,5.0381987843098655,5.0381987843098655,5.0381987843098655
288,1.5356624259802485,1.5356624259802485,2.9168864878120275,5.0381987843098655,5.0381987843098655,5.0381987843098655
289,0.4644081117534121,4.559202470872625,4.559202470872625,4.563992434007,4.990778149279577,5.0381513636748325
290,0.4644081117534121,0.4644081117534121,4.559202470872625,4.559202470872625,4.559202470872625,4.559202470872625
291,0.2411863192831384,2.801574861411428,2.801574861411428,4.559202470872625,4.559202470872625,4.559202470872625
292,0.2411863192831384,0.2411863192831384,2.801574861411428,3.791832478936742,3.791832478936742,3.791832478936742
293,0.2411863192831384,3.791832478936742,3.791832478936742,3.791832478936742,3.791832478936742,3.791832478936742
294,-0.398296406860517,-0.398296406860517,3.791832478936742,4.112340859786978,4.112340859786978,4.112340859786978
295,-0.398296406860517,4.112340859786978,4.112340859786978,4.112340859786978,4.112340859786978,4.112340859786978
296,2.4252349790992014,2.4252349790992014,4.112340859786978,4.112340859786978,4.112340859786978,4.112340859786978
297,-0.4826422580436666,2.5672073969669165,2.5672073969669165,4.112340859786978,4.112340859786978,4.112340859786978
298,-0.4826422580436666,-0.4826422580436666,2.5672073969669165,2.5672073969669165,2.5672073969669165,2.5672073969669165
299,-0.4826422580436666,1.0483035582205535,1.0483035582205535,1.0542528897331513,1.5843383275053322,1.6431778110980435
300,-1.0943598245971184,-1.0943598245971184,1.6432367094800218,1.6432367094800218,1.6432367094800218,1.6432367094800218
301,-1.0943598245971184,1.6432367094800218,1.6432367094800218,1.6432367094800218,1.6432367094800218,1.6432367094800218
302,-1.224274319678115,-1.224274319678115,1.6432367094800218,1.6432367094800218,1.6432367094800218,1.6432367094800218
303,-1.224274319678115,-0.6305763652643566,-0.1398795864913517,1.6432367094800218,1.6432367094800218,1.6432367094800218
304,-0.6305763652643566,-0.1398795864913517,0.32632028471761537,3.001887231991122,3.001887231991122,3.001887231991122
305,-0.1398795864913517,3.001887231991122,3.001887231991122,3.001887231991122,3.001887231991122,3.001887231991122
306,0.2691533823445719,0.2691533823445719,3.001887231991122,3.001887231991122,3.001887231991122,3.001887231991122
307,0.2691533823445719,0.8408224060749578,0.9469651707820796,3.001887231991122,3.001887231991122,3.001887231991122
308,0.2691533823445719,0.9469651707820796,0.9469651707820796,0.9471392431667827,0.9626490926438105,0.9643706859357606
309,-0.1348497384577313,-0.1348497384577313,0.9469651707820796,0.9682294819426795,1.311894658649147,1.3500414932635645
310,-0.1348497384577313,0.9643724092523692,0.9643724092523692,1.3500796782832007,1.3500796782832007,1.3500796782832007
311,0.0813280899230046,1.3500796782832007,1.3500796782832007,1.3500796782832007,1.3500796782832007,1.3500796782832007
312,0.0813280899230046,0.0813280899230046,1.3500796782832007,1.3500796782832007,1.3500796782832007,1.3500796782832007
313,0.0813280899230046,0.43932950250395,0.5483953023345577,1.3500796782832007,1.3500796782832007,1.3500796782832007
314,0.43932950250395,0.5483953023345577,0.5483953023345577,4.325882219999765,4.882983014452724,4.9448212026370015
315,0.5483953023345577,4.319629685830817,4.319629685830817,4.944883102725278,4.944883102725278,4.944883102725278
316,1.0301806391217652,1.0301806391217652,4.944883102725278,4.944883102725278,4.944883102725278,4.944883102725278
317,0.9080058303558493,4.944883102725278,4.944883102725278,4.944883102725278,4.944883102725278,4.944883102725278
318,0.9080058303558493,0.9080058303558493,4.944883102725278,4.944883102725278,4.944883102725278,4.944883102725278
319,0.7082882029872574,0.7082882029872574,0.9080058303558493,4.944883102725278,4.944883102725278,4.944883102725278
320,-1.2339940276446515,-1.2339940276446515,0.7082882029872574,4.270445190770972,4.270445190770972,4.270445190770972
321,-1.2339940276446515,0.6425217738286091,1.0645039017656592,4.270445190770972,4.270445190770972,4.270445190770972
322,0.5585107582395391,4.270445190770972,4.270445190770972,4.270445190770972,4.270445190770972,4.270445190770972
323,-0.1975883820620937,-0.1975883820620937,4.270445190770972,4.270445190770972,4.270445190770972,4.270445190770972
324,-0.7271178708662074,-0.7271178708662074,0.4090187412908294,4.270445190770972,4.270445190770972,4.270445190770972
325,-0.7271178708662074,0.4090187412908294,0.4090187412908294,2.927552323767166,4.136155904070586,4.2703109014842635
326,0.3068899195350724,0.3068899195350724,0.6595156420970657,2.913987749352979,2.913987749352979,2.913987749352979
327,-0.8742334987666849,2.913987749352979,2.913987749352979,4.125461657450665,4.125461657450665,4.125461657450665
328,-0.8742334987666849,-0.8742334987666849,2.913987749352979,4.125461657450665,4.125461657450665,4.125461657450665
329,-0.8742334987666849,4.125461657450665,4.125461657450665,4.125461657450665,4.125461657450665,4.125461657450665
330,1.470464754670929,1.470464754670929,4.125461657450665,4.125461657450665,4.125461657450665,4.125461657450665
331,1.470464754670929,3.7411827418792423,3.7411827418792423,4.125461657450665,4.125461657450665,4.125461657450665
332,1.1201738488963704,1.1201738488963704,3.7411827418792423,3.7411827418792423,3.7411827418792423,3.7411827418792423
333,1.1201738488963704,2.4064263563652153,2.4064263563652153,3.7411827418792423,3.7411827418792423,3.7411827418792423
334,0.205667142870835,0.205667142870835,2.4064263563652153,2.4064263563652153,2.4064263563652153,2.4064263563652153
335,0.205667142870835,0.2462922671085038,0.3637067166017251,2.4064263563652153,2.4064263563652153,2.4064263563652153
336,0.2462922671085038,0.3637067166017251,1.9267772106224317,1.9267772106224317,1.9267772106224317,1.9267772106224317
337,0.304677007664121,1.9267772106224317,1.9267772106224317,1.9267772106224317,1.9267772106224317,1.9267772106224317
338,0.304677007664121,0.304677007664121,1.9267772106224317,4.750645160493723,4.750645160493723,4.750645160493723
339,-0.0503258992729018,-0.0503258992729018,3.849287643513859,4.750645160493723,4.750645160493723,4.750645160493723
340,-0.0503258992729018,4.750645160493723,4.750645160493723,4.750645160493723,4.750645160493723,4.750645160493723
341,0.2483699331456075,3.849287643513859,3.849287643513859,4.750645160493723,4.750645160493723,4.750645160493723
342,0.2483699331456075,0.2483699331456075,3.849287643513859,3.8583012186836623,4.661410766312713,4.750555926099537
343,0.2483699331456075,1.2363313075956393,1.2363313075956393,3.849287643513859,3.849287643513859,3.849287643513859
344,0.023583156851736415,0.0421762134986326,1.2363313075956393,1.2624608709548348,3.5906049662579456,3.8490289608365877
345,-0.1437543529703299,-0.1437543529703299,0.057028732667152804,0.25824954689011287,1.1385231315250823,1.236233499419563
346,-0.1437543529703299,0.2157319895567957,0.2157319895567957,0.2385100904123709,2.268038876643061,2.4933165719146655
347,0.190701405183822,0.190701405183822,0.4435129981124505,3.3064349940756057,3.3064349940756057,3.3064349940756057
348,0.190701405183822,3.3064349940756057,3.3064349940756057,3.3064349940756057,3.3064349940756057,3.3064349940756057
349,2.4935420751131487,2.4935420751131487,3.3064349940756057,3.331602921757776,5.5740652782379705,5.822978599807269
350,1.6154155480496917,1.6154155480496917,3.3064349940756057,5.823227762291337,5.823227762291337,5.823227762291337
351,1.6154155480496917,5.823227762291337,5.823227762291337,5.823227762291337,5.823227762291337,5.823227762291337
352,0.4641627581488179,0.4641627581488179,5.823227762291337,5.823227762291337,5.823227762291337,5.823227762291337
353,-0.0645442103270828,-0.0278656464183863,0.4641627581488179,5.823227762291337,5.823227762291337,5.823227762291337
354,-0.3946512855053525,-0.3946512855053525,0.1243713531062977,0.5177534081902705,5.292680326881207,5.8226972148558955
355,-0.3946512855053525,0.1243713531062977,0.1243713531062977,0.1243713531062977,0.1243713531062977,0.1243713531062977
356,-0.4759253532022464,-0.3046935873209305,0.1243713531062977,0.13392527556973313,0.9851797670613855,1.079669015616958
357,-0.4759253532022464,-0.4759253532022464,0.1243713531062977,1.0797635994493515,1.0797635994493515,1.0797635994493515
358,-0.4759253532022464,1.0797635994493515,1.0797635994493515,1.0797635994493515,1.0797635994493515,1.0797635994493515
359,0.297554770002627,0.297554770002627,1.0797635994493515,1.0830414964343469,1.3751021177972849,1.4075208467685707
360,0.2511275932400972,0.9269546281912407,0.9269546281912407,1.0830414964343469,1.3751021177972849,1.4075208467685707
361,-0.1667169976226726,-0.1667169976226726,0.9269546281912407,1.407553297948724,1.407553297948724,1.407553297948724
362,-0.1667169976226726,1.407553297948724,1.407553297948724,1.407553297948724,1.407553297948724,1.407553297948724
363,-0.09911840366619,-0.09911840366619,1.407553297948724,1.407553297948724,1.407553297948724,1.407553297948724
364,-0.09911840366619,0.0675055786213345,1.4435363127265004,1.767383445726457,1.767383445726457,1.767383445726457
365,0.0675055786213345,1.767383445726457,1.767383445726457,1.767383445726457,1.767383445726457,1.767383445726457
366,0.2185212970021952,0.9004001195780802,1.767383445726457,1.767383445726457,1.767383445726457,1.767383445726457
367,0.2185212970021952,0.2185212970021952,1.4731817835680356,1.767383445726457,1.767383445726457,1.767383445726457
368,0.2185212970021952,0.837806685894666,1.4731817835680356,3.71418939417601,3.71418939417601,3.71418939417601
369,0.837806685894666,1.4731817835680356,1.4731817835680356,3.71418939417601,3.71418939417601,3.71418939417601
370,0.9685321940612556,3.71418939417601,3.71418939417601,3.71418939417601,3.71418939417601,3.71418939417601
371,0.9685321940612556,0.9685321940612556,3.71418939417601,3.71418939417601,3.71418939417601,3.71418939417601
372,-0.0486602643367174,-0.0486602643367174,1.7607452304712172,1.9689230378086664,1.9689230378086664,1.9689230378086664
373,-0.0486602643367174,1.7607452304712172,1.9689230378086664,1.9689230378086664,1.9689230378086664,1.9689230378086664
374,-0.0486602643367174,1.9689230378086664,1.9689230378086664,1.9723497000789416,2.2776653083603016,2.311555340879532
375,-0.1334562497292023,-0.1334562497292023,1.9689230378086664,2.3115892648360097,2.3115892648360097,2.3115892648360097
376,-0.1334562497292023,2.3115892648360097,2.3115892648360097,2.3115892648360097,2.3115892648360097,2.3115892648360097
377,0.5757418653314144,0.5757418653314144,2.3115892648360097,2.3115892648360097,2.3115892648360097,2.3115892648360097
378,0.5757418653314144,1.95682173102405,1.95682173102405,2.3115892648360097,2.3115892648360097,2.3115892648360097
379,-0.0352263657052638,-0.0352263657052638,1.95682173102405,4.843335376040736,4.843335376040736,4.843335376040736
380,-0.0352263657052638,0.2097902726836255,1.95682173102405,4.843335376040736,4.843335376040736,4.843335376040736
381,0.2097902726836255,4.843335376040736,4.843335376040736,4.843335376040736,4.843335376040736,4.843335376040736
382,1.2491853427073325,1.2491853427073325,4.843335376040736,4.843335376040736,4.843335376040736,4.843335376040736
383,1.2491853427073325,1.872257611387082,1.872257611387082,4.843335376040736,4.843335376040736,4.843335376040736
384,1.2491853427073325,1.3817170447174358,1.872257611387082,1.872257611387082,1.872257611387082,1.872257611387082
385,-0.1230927506102295,-0.1230927506102295,1.3817170447174358,1.386622450384135,1.823694095286785,1.8722090478709787
386,-0.1230927506102295,0.5799221116315979,0.5799221116315979,2.1101462103112048,2.1101462103112048,2.1101462103112048
387,0.5799221116315979,2.1101462103112048,2.1101462103112048,2.1101462103112048,2.1101462103112048,2.1101462103112048
388,-0.9995715817344328,1.3007240792762973,2.1101462103112048,2.1101462103112048,2.1101462103112048,2.1101462103112048
389,-0.9995715817344328,-0.9995715817344328,1.3007240792762973,2.1101462103112048,2.1101462103112048,2.1101462103112048
390,-0.9995715817344328,-0.4745033789112934,0.2380203495803727,4.131513217979209,4.131513217979209,4.131513217979209
391,-0.4745033789112934,0.2380203495803727,0.2380203495803727,4.131513217979209,4.131513217979209,4.131513217979209
392,0.2380203495803727,4.131513217979209,4.131513217979209,4.131513217979209,4.131513217979209,4.131513217979209
393,0.0410150359432928,0.6267341106927125,4.131513217979209,4.131513217979209,4.131513217979209,4.131513217979209
394,0.0410150359432928,0.0410150359432928,0.6267341106927125,4.131513217979209,4.131513217979209,4.131513217979209
395,-0.1134019907370823,0.2681346152131932,0.2681346152131932,0.6267341106927125,0.6267341106927125,0.6267341106927125
396,-0.1134019907370823,-0.1134019907370823,0.4236402024444852,0.6267341106927125,0.6267341106927125,0.6267341106927125
397,-0.1134019907370823,0.4236402024444852,0.4236402024444852,0.530579936550102,2.1253244164823806,2.302341053754861
398,-0.096280471751251,-0.096280471751251,0.4236402024444852,2.3025182475859753,2.3025182475859753,2.3025182475859753
399,-0.096280471751251,2.3025182475859753,2.3025182475859753,2.3025182475859753,2.3025182475859753,2.3025182475859753
400,0.0569627851344587,0.5126815697719527,2.3025182475859753,2.3025182475859753,2.3025182475859753,2.3025182475859753
401,0.0569627851344587,0.0569627851344587,0.5126815697719527,3.521160788061326,3.521160788061326,3.521160788061326
402,0.0569627851344587,3.521160788061326,3.521160788061326,3.521160788061326,3.521160788061326,3.521160788061326
403,0.1402768916130377,0.1402768916130377,3.521160788061326,3.521160788061326,3.521160788061326,3.521160788061326
404,0.1402768916130377,3.013397951401036,3.013397951401036,3.521160788061326,3.521160788061326,3.521160788061326
405,-0.690950609965879,-0.690950609965879,3.013397951401036,3.0184755797676415,3.4708922672319553,3.521110519540494
406,-0.690950609965879,1.3484688263538644,1.3484688263538644,3.013397951401036,3.013397951401036,3.013397951401036
407,0.4616990608570696,0.572061677447903,1.3484688263538644,3.013397951401036,3.013397951401036,3.013397951401036
408,0.4616990608570696,0.4616990608570696,0.572061677447903,1.3484688263538644,1.3484688263538644,1.3484688263538644
409,-0.7447862010167365,-0.7447862010167365,0.4616990608570696,0.4628026870229785,0.5611357784054101,0.5720507515488599
410,-0.7447862010167365,-0.7213927962418044,0.1711190585463376,0.4616990608570696,0.4616990608570696,0.4616990608570696
411,-0.7213927962418044,0.1711190585463376,0.1711190585463376,3.594492834320045,3.594492834320045,3.594492834320045
412,0.1711190585463376,3.594492834320045,3.594492834320045,3.594492834320045,3.594492834320045,3.594492834320045
413,0.2540983364299547,0.9605026123664492,3.594492834320045,3.594492834320045,3.594492834320045,3.594492834320045
414,0.2540983364299547,0.2540983364299547,0.9605026123664492,3.594492834320045,3.594492834320045,3.594492834320045
415,0.2127346353261219,0.9322163133275256,0.9322163133275256,0.9868425145859986,3.333727802346629,3.594232069288056
416,-0.1595386746083749,-0.1595386746083749,0.9322163133275256,0.9727948638622393,2.0680344721365698,2.1896060686550194
417,-0.2749106660690029,-0.2749106660690029,0.2265019098185346,0.9447914278137052,2.0652341285317166,2.1896032683114144
418,-0.2749106660690029,0.2265019098185346,2.1897277619448348,2.1897277619448348,2.1897277619448348,2.1897277619448348
419,0.2265019098185346,2.1897277619448348,2.1897277619448348,2.1897277619448348,2.1897277619448348,2.1897277619448348
420,0.6024562171062726,0.6024562171062726,2.1897277619448348,3.366055107439802,3.366055107439802,3.366055107439802
421,0.0583820215618384,0.0583820215618384,0.7611833715901424,3.366055107439802,3.366055107439802,3.366055107439802
422,0.0583820215618384,3.366055107439802,3.366055107439802,3.366055107439802,3.366055107439802,3.366055107439802
423,0.1141989064211287,1.7852521884103631,3.366055107439802,3.372129148254338,3.913326184829177,3.9733990558889833
424,0.1141989064211287,0.1141989064211287,3.9734591888930506,3.982843088029565,4.8189485010925335,4.911756201942522
425,0.1141989064211287,3.9734591888930506,3.9734591888930506,4.911849102543979,4.911849102543979,4.911849102543979
426,0.3163380972543172,4.911849102543979,4.911849102543979,4.911849102543979,4.911849102543979,4.911849102543979
427,0.3163380972543172,0.3163380972543172,4.911849102543979,4.911849102543979,4.911849102543979,4.911849102543979
428,0.31492456437425626,1.015878348950199,1.015878348950199,4.911849102543979,4.911849102543979,4.911849102543979
429,0.265182118000529,0.3022027684537077,1.015878348950199,4.911849102543979,4.911849102543979,4.911849102543979
430,-0.0680037360780805,-0.0680037360780805,0.3022027684537077,1.015878348950199,1.015878348950199,1.015878348950199
431,-0.603732442932572,-0.603732442932572,-0.0590499386498558,0.3093395242586763,0.9452244664810436,1.0158076950677257
432,-0.603732442932572,-0.0590499386498558,-0.0590499386498558,-0.03962220639678266,0.23662475737717306,0.2672881703560818
433,-0.0590499386498558,-0.0427226212539555,-0.0427226212539555,0.2673188644631696,0.2673188644631696,0.2673188644631696
434,-0.0590499386498558,0.2673188644631696,0.2673188644631696,0.2673188644631696,0.2673188644631696,0.2673188644631696
435,-0.2800627997022717,-0.2800627997022717,3.0362485828922248,3.0362485828922248,3.0362485828922248,3.0362485828922248
436,-0.2800627997022717,3.0362485828922248,3.0362485828922248,3.0362485828922248,3.0362485828922248,3.0362485828922248
437,-0.5536041362672112,-0.5536041362672112,3.0362485828922248,3.0362485828922248,3.0362485828922248,3.0362485828922248
438,0.3550022588883544,0.8607604888062361,0.8607604888062361,0.8607604888062361,0.8607604888062361,0.8607604888062361
439,0.3550022588883544,0.3550022588883544,0.8607604888062361,0.8607604888062361,0.8607604888062361,0.8607604888062361
440,0.1752180018288991,0.3057970163605561,0.3550022588883544,0.3550022588883544,0.3550022588883544,0.3550022588883544
441,0.1752180018288991,0.1752180018288991,0.3550022588883544,1.908952582625013,1.908952582625013,1.908952582625013
442,-0.0593438747292165,1.908952582625013,1.908952582625013,1.908952582625013,1.908952582625013,1.908952582625013
443,-0.0593438747292165,-0.0593438747292165,1.908952582625013,1.908952582625013,1.908952582625013,1.908952582625013
444,-1.0840850889076354,-1.0840850889076354,1.908952582625013,2.29841281216145,2.29841281216145,2.29841281216145
445,-1.0840850889076354,2.29841281216145,2.29841281216145,2.29841281216145,2.29841281216145,2.29841281216145
446,-0.0861309127044545,1.83072021996786,2.29841281216145,2.29841281216145,2.29841281216145,2.29841281216145
447,-0.0861309127044545,-0.0861309127044545,1.83072021996786,2.29841281216145,2.29841281216145,2.29841281216145
448,-0.5987598365756651,0.5241282287303128,0.5241282287303128,1.8353971458897984,2.252111245534283,2.29836651059482
449,-0.5987598365756651,-0.5987598365756651,0.5241282287303128,0.5241282287303128,0.5241282287303128,0.5241282287303128
450,-0.6686519867421935,-0.6686519867421935,0.5241282287303128,1.6087043432443475,1.6087043432443475,1.6087043432443475
451,-0.6686519867421935,1.6087043432443475,1.6087043432443475,1.6169021552525775,2.3473272051854974,2.4284043857280504
452,0.2213011879083827,0.2213011879083827,1.6087043432443475,2.4284855440669366,2.4284855440669366,2.4284855440669366
453,0.2213011879083827,0.8882585849157747,2.4284855440669366,2.4284855440669366,2.4284855440669366,2.4284855440669366
454,0.2213011879083827,2.4284855440669366,2.4284855440669366,2.4284855440669366,2.4284855440669366,2.4284855440669366
455,-0.2087472496929328,-0.2087472496929328,2.4284855440669366,2.4284855440669366,2.4284855440669366,2.4284855440669366
456,-1.3101066430215138,-1.3101066430215138,-0.2087472496929328,2.4284855440669366,2.4284855440669366,2.4284855440669366
457,-1.3101066430215138,-1.1671616916280088,1.0105511452520075,1.0105511452520075,1.0105511452520075,1.0105511452520075
458,-1.1671616916280088,1.0105511452520075,1.0105511452520075,2.127270340334846,2.127270340334846,2.127270340334846
459,0.3230991458993111,2.127270340334846,2.127270340334846,2.127270340334846,2.127270340334846,2.127270340334846
460,0.3230991458993111,0.3230991458993111,2.127270340334846,2.127270340334846,2.127270340334846,2.127270340334846
461,0.0911059173272975,0.0911059173272975,0.3230991458993111,2.127270340334846,2.127270340334846,2.127270340334846
462,0.0911059173272975,0.503845658447224,0.503845658447224,1.6055775947926119,2.07510106578062,2.1272181710602887
463,0.4857710071924327,1.6003079711002632,1.6003079711002632,1.6003079711002632,1.6003079711002632,1.6003079711002632
464,-0.2991925117580087,0.7927306786534352,1.6003079711002632,1.6003079711002632,1.6003079711002632,1.6003079711002632
465,-0.2991925117580087,-0.2991925117580087,0.8321421879338361,1.6003079711002632,1.6003079711002632,1.6003079711002632
466,-0.6257686396410647,0.989788225055423,1.1868457714574108,1.1868457714574108,1.1868457714574108,1.1868457714574108
467,-0.6257686396410647,-0.6257686396410647,1.1868457714574108,1.1868457714574108,1.1868457714574108,1.1868457714574108
468,-0.6257686396410647,-0.5241062137164555,0.650958594197021,1.1868457714574108,1.1868457714574108,1.1868457714574108
469,-0.5241062137164555,0.650958594197021,0.650958594197021,0.650958594197021,0.650958594197021,0.650958594197021
470,-0.3139731902010024,-0.3139731902010024,0.650958594197021,0.9089261303882378,0.9089261303882378,0.9089261303882378
471,-0.05224220299037821,0.9089261303882378,0.9089261303882378,0.9089261303882378,0.9089261303882378,0.9089261303882378
472,-0.05224220299037821,-0.0329062199741721,0.9089261303882378,0.9089261303882378,0.9089261303882378,0.9089261303882378
473,-0.2262660501362339,-0.2262660501362339,0.9089261303882378,3.7398519643283294,3.7398519643283294,3.7398519643283294
474,-0.2262660501362339,3.7398519643283294,3.7398519643283294,3.7398519643283294,3.7398519643283294,3.7398519643283294
475,-1.195838031409714,-1.195838031409714,3.7398519643283294,3.7398519643283294,3.7398519643283294,3.7398519643283294
476,-1.1997314885471702,0.7015665456328182,0.7015665456328182,3.7398519643283294,3.7398519643283294,3.7398519643283294
477,-1.234772602784277,-1.234772602784277,0.7015665456328182,1.071967982565368,3.473063566152022,3.7395851759301375
478,-1.234772602784277,1.0450196595172434,1.0450196595172434,1.0450196595172434,1.0450196595172434,1.0450196595172434
479,-0.9274055115160031,-0.3993225681308381,1.0450196595172434,1.0450196595172434,1.0450196595172434,1.0450196595172434
480,-0.9274055115160031,-0.9274055115160031,0.6783532488215516,1.0450196595172434,1.0450196595172434,1.0450196595172434
481,-0.9274055115160031,0.6783532488215516,0.6783532488215516,0.9257898204932935,1.0330966756148479,1.0450077365333403
482,0.6783532488215516,0.9245854786849702,0.9245854786849702,0.9245854786849702,0.9245854786849702,0.9245854786849702
483,-1.2013034597931578,0.7508645261666822,0.9245854786849702,0.9245854786849702,0.9245854786849702,0.9245854786849702
484,-1.2013034597931578,-1.2013034597931578,0.7508645261666822,0.9245854786849702,0.9245854786849702,0.9245854786849702
485,-1.2013034597931578,-0.2589382238841539,-0.2589382238841539,0.7508645261666822,0.7508645261666822,0.7508645261666822
486,-0.2924214507332032,0.1372630443575228,0.1372630443575228,0.1372630443575228,0.1372630443575228,0.1372630443575228
487,-0.2924214507332032,-0.2924214507332032,0.1372630443575228,1.1576764732110352,1.1576764732110352,1.1576764732110352
488,-0.34512350740046566,1.1576764732110352,1.1576764732110352,1.1576764732110352,1.1576764732110352,1.1576764732110352
489,-0.8194420174058297,-0.8194420174058297,1.1576764732110352,1.1712068341562836,2.3767619943772913,2.510578617161822
490,-0.8194420174058297,0.5240132071102948,0.5240132071102948,2.5107125677351876,2.5107125677351876,2.5107125677351876
491,0.5240132071102948,2.5107125677351876,2.5107125677351876,2.5107125677351876,2.5107125677351876,2.5107125677351876
492,0.5240132071102948,1.561084573098974,2.5107125677351876,2.5107125677351876,2.5107125677351876,2.5107125677351876
493,-2.9779927360575567,-0.5271609861343368,1.561084573098974,2.5107125677351876,2.5107125677351876,2.5107125677351876
494,-2.9779927360575567,-2.9779927360575567,1.5672576391448614,2.2736515013371603,2.2736515013371603,2.2736515013371603
495,-2.9779927360575567,2.2736515013371603,2.2736515013371603,2.2736515013371603,2.2736515013371603,2.2736515013371603
496,1.4171553438313849,1.4171553438313849,2.2736515013371603,2.2736515013371603,2.2736515013371603,2.2736515013371603
497,1.4171553438313849,1.622815233557842,1.622815233557842,2.2736515013371603,2.2736515013371603,2.2736515013371603
498,-0.0289228259444178,-0.0289228259444178,1.622815233557842,1.622815233557842,1.622815233557842,1.622815233557842
499,-0.0289228259444178,0.8514490816019141,0.8514490816019141,1.622815233557842,1.622815233557842,1.622815233557842
500,-0.612928678894517,-0.612928678894517,0.8514490816019141,1.622815233557842,1.622815233557842,1.622815233557842
501,-0.612928678894517,-0.1088560507119018,-0.1088560507119018,1.2252437160708043,1.2252437160708043,1.2252437160708043
502,-0.1088560507119018,1.2252437160708043,1.2252437160708043,1.414674155668464,1.414674155668464,1.414674155668464
503,-0.962493300018707,-0.962493300018707,1.414674155668464,1.414674155668464,1.414674155668464,1.414674155668464
504,-0.962493300018707,1.414674155668464,1.414674155668464,1.414674155668464,1.414674155668464,1.414674155668464
505,0.1310452445795741,0.1310452445795741,1.414674155668464,1.414674155668464,1.414674155668464,1.414674155668464
506,-0.055737420670433,-0.055737420670433,0.1310452445795741,1.4157125428392259,1.5082328397540548,1.5185025927116007
507,-0.3860376615866784,-0.3860376615866784,0.1310452445795741,1.5185128727445918,1.5185128727445918,1.5185128727445918
508,-0.3860376615866784,1.5185128727445918,1.5185128727445918,1.5185128727445918,1.5185128727445918,1.5185128727445918
509,0.1589575858817805,0.1589575858817805,1.5185128727445918,1.5185128727445918,1.5185128727445918,1.5185128727445918
510,0.1589575858817805,0.9846710275910702,0.9846710275910702,1.5185908695574417,1.52554038558236,1.526311781861126
511,0.9846710275910702,1.1926653381861183,1.5263125540295732,1.5263125540295732,1.5263125540295732,1.5263125540295732
512,1.1926653381861183,1.5263125540295732,1.5263125540295732,1.5263125540295732,1.5263125540295732,1.5263125540295732
513,-0.438424746759346,-0.438424746759346,1.5263125540295732,1.5263125540295732,1.5263125540295732,1.5263125540295732
514,-0.438424746759346,-0.3429118879952488,0.3226795794004821,1.5263125540295732,1.5263125540295732,1.5263125540295732
515,-0.3429118879952488,0.3226795794004821,0.3226795794004821,0.33511196607232396,1.4428376185328586,1.5657951659559766
516,-0.0854480042177031,-0.0854480042177031,0.3226795794004821,1.5659182465840351,1.5659182465840351,1.5659182465840351
517,-0.0854480042177031,1.5659182465840351,1.5659182465840351,1.5659182465840351,1.5659182465840351,1.5659182465840351
518,-0.2153074873857814,-0.2153074873857814,1.5659182465840351,1.5659182465840351,1.5659182465840351,1.5659182465840351
519,-0.2153074873857814,-0.0111139477073553,0.350844507551757,1.5659182465840351,1.5659182465840351,1.5659182465840351
520,-0.2153074873857814,0.350844507551757,0.350844507551757,2.2826511999809274,2.2826511999809274,2.2826511999809274
521,-0.2178994380637434,-0.2178994380637434,0.350844507551757,2.2826511999809274,2.2826511999809274,2.2826511999809274
522,-0.24370674220540572,2.2826511999809274,2.2826511999809274,2.2826511999809274,2.2826511999809274,2.2826511999809274
523,-1.3011181226160176,-1.3011181226160176,2.2826511999809274,2.2826511999809274,2.2826511999809274,2.2826511999809274
524,-1.3011181226160176,-0.7877579480921633,-0.4759724794803675,2.2826511999809274,2.2826511999809274,2.2826511999809274
525,-0.7877579480921633,-0.4759724794803675,-0.4759724794803675,-0.46326806003136384,0.6686957128742765,0.7943436916668012
526,-1.0867173113623316,-1.0867173113623316,-0.4759724794803675,-0.46326806003136384,0.6686957128742765,0.7943436916668012
527,-1.0867173113623316,-0.6063350518548303,-0.6063350518548303,0.7944694654193537,0.7944694654193537,0.7944694654193537
528,-0.6063350518548303,0.7944694654193537,0.7944694654193537,0.8067767609285892,1.9033567908008995,2.0250771741167246
529,0.0394523771091172,0.0394523771091172,0.7944694654193537,2.025199016342273,2.025199016342273,2.025199016342273
530,-1.9011476167615056,-1.9011476167615056,0.7944694654193537,2.025199016342273,2.025199016342273,2.025199016342273
531,-1.9011476167615056,2.025199016342273,2.025199016342273,2.025199016342273,2.025199016342273,2.025199016342273
532,-1.673493968020107,0.2725798439627893,2.025199016342273,2.025199016342273,2.025199016342273,2.025199016342273
533,-1.673493968020107,-1.673493968020107,0.389051890180181,2.025199016342273,2.025199016342273,2.025199016342273
534,-1.673493968020107,0.389051890180181,0.389051890180181,0.389051890180181,0.389051890180181,0.389051890180181
535,-0.3943390441738799,-0.3943390441738799,0.389051890180181,0.389051890180181,0.389051890180181,0.389051890180181
536,-1.23193436903733,-1.23193436903733,0.0962283478395782,0.0962283478395782,0.0962283478395782,0.0962283478395782
537,-1.23193436903733,0.0962283478395782,0.0962283478395782,0.5677879417404058,0.5677879417404058,0.5677879417404058
538,0.0962283478395782,0.5677879417404058,0.5677879417404058,0.5677879417404058,0.5677879417404058,0.5677879417404058
539,-0.8301454919032519,0.3892120907076516,0.5677879417404058,0.5677879417404058,0.5677879417404058,0.5677879417404058
540,-0.8301454919032519,-0.8301454919032519,0.3892120907076516,0.5677879417404058,0.5677879417404058,0.5677879417404058
541,-0.8301454919032519,-0.0364568276177895,-0.0081303208202392,0.5083702345125518,0.5083702345125518,0.5083702345125518
542,-0.0364568276177895,-0.0081303208202392,0.03160392033255327,0.5083702345125518,0.5083702345125518,0.5083702345125518
543,-0.0081303208202392,0.5083702345125518,0.5083702345125518,0.7809929065394228,0.7809929065394228,0.7809929065394228
544,-0.5156632511421152,-0.5156632511421152,0.7809929065394228,0.7809929065394228,0.7809929065394228,0.7809929065394228
545,-0.5156632511421152,0.7809929065394228,0.7809929065394228,0.7809929065394228,0.7809929065394228,0.7809929065394228
546,-2.007151384778835,0.2207234625179966,0.7809929065394228,0.7809929065394228,0.7809929065394228,0.7809929065394228
547,-2.007151384778835,-2.007151384778835,0.2207234625179966,1.0424812205975482,1.0424812205975482,1.0424812205975482
548,-2.007151384778835,-0.0236131618659644,0.3028992383259588,1.0424812205975482,1.0424812205975482,1.0424812205975482
549,-0.0236131618659644,1.0424812205975482,1.0424812205975482,1.0424812205975482,1.0424812205975482,1.0424812205975482
550,0.0226703615186457,0.0226703615186457,1.0424812205975482,1.0424812205975482,1.0424812205975482,1.0424812205975482
551,-1.18397230842121,-1.18397230842121,0.0226703615186457,1.0424812205975482,1.0424812205975482,1.0424812205975482
552,-1.18397230842121,-0.1513154544872197,0.5960314693344877,0.6004959668471206,0.9982826952225036,1.0424370220721706
553,-0.25458113988061837,0.5960314693344877,0.5960314693344877,0.5960314693344877,0.5960314693344877,0.5960314693344877
554,-1.5148535715323752,-1.5148535715323752,0.5960314693344877,0.8222371414490462,0.8222371414490462,0.8222371414490462
555,-1.5148535715323752,0.8222371414490462,0.8222371414490462,0.8222371414490462,0.8222371414490462,0.8222371414490462
556,-1.2584928689816497,-1.2584928689816497,0.8222371414490462,0.8222371414490462,0.8222371414490462,0.8222371414490462
557,-1.2584928689816497,-0.1181021094635869,-0.1181021094635869,0.8222371414490462,0.8222371414490462,0.8222371414490462
558,-0.5464351799978115,-0.5464351799978115,-0.1181021094635869,-0.10869871695445577,0.729143555608692,0.8221440478632004
559,-0.9785319275122868,-0.9785319275122868,-0.5464351799978115,0.1981577546165326,0.1981577546165326,0.1981577546165326
560,-2.1215802406275897,0.1981577546165326,0.1981577546165326,0.1981577546165326,0.1981577546165326,0.1981577546165326
561,-2.1215802406275897,-2.1215802406275897,0.1981577546165326,0.5702382256650299,0.5702382256650299,0.5702382256650299
562,-2.1215802406275897,0.5702382256650299,0.5702382256650299,0.5702382256650299,0.5702382256650299,0.5702382256650299
563,-0.1781504710141305,-0.1781504710141305,0.5702382256650299,1.091588480206772,1.091588480206772,1.091588480206772
564,-0.1781504710141305,1.091588480206772,1.091588480206772,1.091588480206772,1.091588480206772,1.091588480206772
565,-0.2092879717348713,-0.2092879717348713,1.091588480206772,1.091588480206772,1.091588480206772,1.091588480206772
566,-2.179884533563463,-2.179884533563463,-0.2092879717348713,1.091588480206772,1.091588480206772,1.091588480206772
567,-2.179884533563463,-1.4454717164514106,0.6924493777255527,0.6924493777255527,0.6924493777255527,0.6924493777255527
568,-1.4454717164514106,0.6924493777255527,0.6924493777255527,0.6924493777255527,0.6924493777255527,0.6924493777255527
569,-0.470559974581518,-0.3189963882780222,0.6924493777255527,0.6924493777255527,0.6924493777255527,0.6924493777255527
570,-0.843333833289249,-0.470559974581518,-0.3189963882780222,0.6924493777255527,0.6924493777255527,0.6924493777255527
571,-0.843333833289249,-0.843333833289249,-0.470559974581518,-0.2965415623421851,1.7041834285398538,1.9262639025277577
572,-0.9571613001118826,-0.9571613001118826,-0.2308553565928922,1.9264862053045355,1.9264862053045355,1.9264862053045355
573,-0.9571613001118826,1.9264862053045355,1.9264862053045355,1.9264862053045355,1.9264862053045355,1.9264862053045355
574,-0.5241153814779703,-0.5241153814779703,1.9264862053045355,1.9264862053045355,1.9264862053045355,1.9264862053045355
575,-0.5241153814779703,1.1456794198425635,1.1456794198425635,1.9264862053045355,1.9264862053045355,1.9264862053045355
576,0.1143723592770619,0.1143723592770619,1.1456794198425635,1.9264862053045355,1.9264862053045355,1.9264862053045355
577,0.1143723592770619,0.9893124458141892,0.9893124458141892,1.1526049630534199,1.7696708631403921,1.8381651780500454
578,0.9549944157236996,0.9549944157236996,1.0049491432170279,1.8382337409278369,1.8382337409278369,1.8382337409278369
579,0.9549944157236996,1.8382337409278369,1.8382337409278369,1.8382337409278369,1.8382337409278369,1.8382337409278369
580,0.2672764663916459,0.2672764663916459,1.8382337409278369,1.8382337409278369,1.8382337409278369,1.8382337409278369
581,0.2672764663916459,0.7074299997529234,0.7074299997529234,1.8382337409278369,1.8382337409278369,1.8382337409278369
582,-0.0629892904869316,0.3922521218411704,0.7074299997529234,0.7074299997529234,0.7074299997529234,0.7074299997529234
583,-0.0629892904869316,-0.0629892904869316,0.3922521218411704,0.3954039006202896,0.6762273898396587,0.7073987971430084
584,-0.0629892904869316,0.3234480685094918,0.3234480685094918,0.32413610904280893,0.385440520561334,0.3922453102398902
585,-2.1987557619450184,0.3134463804002476,0.3234480685094918,0.3234480685094918,0.3234480685094918,0.3234480685094918
586,-2.1987557619450184,-2.1987557619450184,0.3134463804002476,0.32655530905159547,0.6034104413528867,0.6341413610383296
587,-2.1987557619450184,-0.3635911831729508,0.3134463804002476,0.6341721227196983,0.6341721227196983,0.6341721227196983
588,-0.5351201582098102,0.6341721227196983,0.6341721227196983,0.6341721227196983,0.6341721227196983,0.6341721227196983
589,-1.2086807188301294,-1.2086807188301294,0.6341721227196983,0.6341721227196983,0.6341721227196983,0.6341721227196983
590,-1.2086807188301294,-0.5351201582098102,-0.5351201582098102,0.6341721227196983,0.6341721227196983,0.6341721227196983
591,-0.6310312366738703,-0.6310312366738703,-0.5351201582098102,-0.5351201582098102,-0.5351201582098102,-0.5351201582098102
592,-1.700216632413383,-0.7328303095530498,-0.6310312366738703,-0.5351201582098102,-0.5351201582098102,-0.5351201582098102
593,-1.700216632413383,-1.700216632413383,-0.722650402265131,-0.3762455397009347,-0.3762455397009347,-0.3762455397009347
594,-1.700216632413383,-0.3762455397009347,-0.3762455397009347,-0.3762455397009347,-0.3762455397009347,-0.3762455397009347
595,-0.6225744528858125,-0.6225744528858125,-0.3193611795890524,0.0713742985543771,0.0713742985543771,0.0713742985543771
596,-0.6225744528858125,0.0713742985543771,0.0713742985543771,0.0713742985543771,0.0713742985543771,0.0713742985543771
597,-0.7922335992856205,-0.3193611795890524,0.0713742985543771,0.0713742985543771,0.0713742985543771,0.0713742985543771
598,-2.370328583711378,-2.370328583711378,-0.3193611795890524,0.07267046754035246,0.18815912419069647,0.2009783650788845
599,-2.370328583711378,-2.3191659168838994,-0.3193611795890524,0.20120877229531323,0.22059471757819651,0.22274655750459654
600,-2.3191659168838994,0.2009911971518464,0.222748711498517,2.2063900951916735,2.2063900951916735,2.2063900951916735
601,0.2009911971518464,0.222748711498517,2.2063900951916735,2.2063900951916735,2.2063900951916735,2.2063900951916735
602,0.222748711498517,2.2063900951916735,2.2063900951916735,2.2063900951916735,2.2063900951916735,2.2063900951916735
603,0.22057296006384994,1.1631456359969126,2.2063900951916735,2.2063900951916735,2.2063900951916735,2.2063900951916735
604,-0.6106412874298,-0.6106412874298,1.1631456359969126,2.2063900951916735,2.2063900951916735,2.2063900951916735
605,-0.6106412874298,-0.1048079942335711,-0.1048079942335711,1.1631456359969126,1.1631456359969126,1.1631456359969126
606,-0.9530340209977358,-0.6548849485807056,-0.1048079942335711,-0.1048079942335711,-0.1048079942335711,-0.1048079942335711
607,-1.3751279463914283,-1.3751279463914283,-0.6548849485807056,-0.1048079942335711,-0.1048079942335711,-0.1048079942335711
608,-1.8448545594830992,-0.9061346959539924,-0.9061346959539924,-0.6493841790372314,-0.15926561271393946,-0.10486245185205467
609,-1.8448545594830992,-1.8448545594830992,-0.9061346959539924,0.0250195478660214,0.0250195478660214,0.0250195478660214
610,-1.8448545594830992,0.0250195478660214,0.0250195478660214,0.0250195478660214,0.0250195478660214,0.0250195478660214
611,-1.4984468078923037,-1.4984468078923037,0.0250195478660214,0.05103203430705647,2.3687445762020722,2.626010668352416
612,-1.4984468078923037,-0.6324111260017891,0.0250195478660214,2.6262681919681974,2.6262681919681974,2.6262681919681974
613,-2.3226813638315704,2.6262681919681974,2.6262681919681974,2.6262681919681974,2.6262681919681974,2.6262681919681974
614,-2.3226813638315704,-2.3226813638315704,2.6262681919681974,2.6262681919681974,2.6262681919681974,2.6262681919681974
615,-2.3226813638315704,-1.6599915127047034,-1.1802762081680958,-1.1477119681874708,1.7537618140847069,2.075825403916915
616,-1.6599915127047034,-1.1802762081680958,-1.1802762081680958,2.076147789892742,2.076147789892742,2.076147789892742
617,-1.1802762081680958,2.076147789892742,2.076147789892742,2.076147789892742,2.076147789892742,2.076147789892742
618,1.5768812129364154,1.5768812129364154,2.076147789892742,2.076147789892742,2.076147789892742,2.076147789892742
619,-1.6344074981504677,-1.6344074981504677,3.434623021366045,3.434623021366045,3.434623021366045,3.434623021366045
620,-1.6344074981504677,3.434623021366045,3.434623021366045,3.434623021366045,3.434623021366045,3.434623021366045
621,-0.4789662275550359,0.3674729817514712,3.434623021366045,3.434623021366045,3.434623021366045,3.434623021366045
622,-0.4789662275550359,-0.4789662275550359,1.971306379813242,3.434623021366045,3.434623021366045,3.434623021366045
623,-0.4789662275550359,1.971306379813242,1.971306379813242,1.971306379813242,1.971306379813242,1.971306379813242
624,1.29368994112112,1.29368994112112,1.971306379813242,1.971306379813242,1.971306379813242,1.971306379813242
625,-0.9491526806439616,-0.9491526806439616,1.29368994112112,1.971306379813242,1.971306379813242,1.971306379813242
626,-0.9491526806439616,-0.0754766835167333,-0.0754766835167333,1.29368994112112,1.29368994112112,1.29368994112112
627,-0.9691761931824573,-0.1150148535648487,-0.0754766835167333,-0.0754766835167333,-0.0754766835167333,-0.0754766835167333
628,-1.1493878060289184,-1.1493878060289184,-0.1150148535648487,-0.0754766835167333,-0.0754766835167333,-0.0754766835167333
629,-1.6021176058033544,-1.6021176058033544,-0.746737928800319,-0.1150148535648487,-0.1150148535648487,-0.1150148535648487
630,-1.6021176058033544,-0.746737928800319,-0.746737928800319,-0.746737928800319,-0.746737928800319,-0.746737928800319
631,-1.3467700991410678,-1.3467700991410678,-0.746737928800319,2.6576265914401245,2.6576265914401245,2.6576265914401245
632,-1.3467700991410678,-1.0842695337408792,-0.777613794737939,2.6576265914401245,2.6576265914401245,2.6576265914401245
633,-1.0842695337408792,2.6576265914401245,2.6576265914401245,2.6576265914401245,2.6576265914401245,2.6576265914401245
634,-0.781044446508786,-0.781044446508786,2.6576265914401245,2.6576265914401245,2.6576265914401245,2.6576265914401245
635,-0.8182650521588215,0.0167736143831926,0.0167736143831926,2.698799653743268,6.36731950495144,6.774525208435542
636,-1.1532505030091418,-1.1532505030091418,0.0167736143831926,6.774932821752367,6.774932821752367,6.774932821752367
637,-1.1532505030091418,6.774932821752367,6.774932821752367,6.774932821752367,6.774932821752367,6.774932821752367
638,-1.5716794421566718,-0.105719953814275,6.774932821752367,6.774932821752367,6.774932821752367,6.774932821752367
639,-1.5716794421566718,-1.5716794421566718,-0.105719953814275,6.774932821752367,6.774932821752367,6.774932821752367
640,-1.915335090904993,-1.915335090904993,-0.105719953814275,2.548175596747214,2.548175596747214,2.548175596747214
641,-1.915335090904993,2.487522709821144,2.548175596747214,2.548175596747214,2.548175596747214,2.548175596747214
642,-0.2734860330387235,2.548175596747214,2.548175596747214,2.548175596747214,2.548175596747214,2.548175596747214
643,-0.2734860330387235,-0.2734860330387235,2.548175596747214,2.548175596747214,2.548175596747214,2.548175596747214
644,-2.415648098398867,-2.415648098398867,-0.2734860330387235,2.488129238690405,2.5421709609415326,2.548169592111408
645,-2.415648098398867,-1.4949865839392351,0.6544960237646373,0.6728262906252118,2.306053067901543,2.4873412401792137
646,-1.4949865839392351,0.6544960237646373,0.6544960237646373,1.3469971428393916,1.3469971428393916,1.3469971428393916
647,0.6544960237646373,1.3469971428393916,1.3469971428393916,1.3469971428393916,1.3469971428393916,1.3469971428393916
648,-1.1118019989661256,-0.8541710850200175,1.3469971428393916,1.3469971428393916,1.3469971428393916,1.3469971428393916
649,-1.1118019989661256,-1.1118019989661256,-0.8541710850200175,1.3469971428393916,1.3469971428393916,1.3469971428393916
650,-1.366977710531748,-1.366977710531748,-1.1118019989661256,-1.1092256898266633,-0.8796765455006832,-0.8541965904804997
651,-1.8442306958467511,-1.8442306958467511,-1.366977710531748,-1.1118019989661256,-1.1118019989661256,-1.1118019989661256
652,-1.848547297419231,-1.848547297419231,-1.366977710531748,2.997640327035499,2.997640327035499,2.997640327035499
653,-1.848547297419231,2.997640327035499,2.997640327035499,2.997640327035499,2.997640327035499,2.997640327035499
654,-1.6879520612238377,0.7106099232441583,2.997640327035499,2.997640327035499,2.997640327035499,2.997640327035499
655,-1.6879520612238377,-1.6879520612238377,0.7106099232441583,2.997640327035499,2.997640327035499,2.997640327035499
656,-1.6879520612238377,-1.5641784608856184,-0.1731847776494435,2.997640327035499,2.997640327035499,2.997640327035499
657,-1.5641784608856184,-0.1731847776494435,0.3954375940760555,0.7242941063617534,0.7242941063617534,0.7242941063617534
658,-0.1731847776494435,0.3954375940760555,0.3954375940760555,0.772371262011278,5.0560458303816915,5.531533707470802
659,-0.1731847776494435,0.7242941063617534,0.7242941063617534,5.53200967131176,5.53200967131176,5.53200967131176
660,-1.693956669791771,-1.693956669791771,5.53200967131176,5.53200967131176,5.53200967131176,5.53200967131176
661,-1.693956669791771,5.53200967131176,5.53200967131176,5.53200967131176,5.53200967131176,5.53200967131176
662,-1.511465391370858,-1.511465391370858,5.53200967131176,5.53200967131176,5.53200967131176,5.53200967131176
663,-1.511465391370858,-0.4524737824280308,-0.4524737824280308,5.53200967131176,5.53200967131176,5.53200967131176
664,-0.4614873456081025,-0.4614873456081025,-0.42569282168303546,5.53200967131176,5.53200967131176,5.53200967131176
665,-0.4614873456081025,3.9838906738930424,3.9838906738930424,3.9838906738930424,3.9838906738930424,3.9838906738930424
666,-0.1846641749781,-0.1846641749781,3.9838906738930424,3.9838906738930424,3.9838906738930424,3.9838906738930424
667,-0.4782284383153564,-0.4782284383153564,-0.1846641749781,3.9838906738930424,3.9838906738930424,3.9838906738930424
668,-0.7065784469338037,-0.7065784469338037,-0.44887201198162824,0.3822410988455857,0.3822410988455857,0.3822410988455857
669,-1.8701025038609544,0.3822410988455857,0.3822410988455857,0.3822410988455857,0.3822410988455857,0.3822410988455857
670,-1.8701025038609544,-1.8701025038609544,0.3822410988455857,3.282311387026196,3.282311387026196,3.282311387026196
671,-2.5893548852172015,-2.5893548852172015,0.3822410988455857,3.282311387026196,3.282311387026196,3.282311387026196
672,-2.5893548852172015,3.282311387026196,3.282311387026196,3.282311387026196,3.282311387026196,3.282311387026196
673,-1.1523251978701157,-0.7790778463429309,3.282311387026196,3.282311387026196,3.282311387026196,3.282311387026196
674,-1.2556529697056555,-1.2556529697056555,-0.7790778463429309,3.282311387026196,3.282311387026196,3.282311387026196
675,-1.2556529697056555,-1.1523251978701157,0.6641842046558435,0.6641842046558435,0.6641842046558435,0.6641842046558435
676,-1.1523251978701157,0.6641842046558435,0.6641842046558435,0.6641842046558435,0.6641842046558435,0.6641842046558435
677,-1.115942933656735,-1.115942933656735,0.6641842046558435,0.6679708788976254,1.0053635538402226,1.0428141407588505
678,-1.115942933656735,0.4086366786203839,0.4086366786203839,1.0428516288338463,1.0428516288338463,1.0428516288338463
679,-0.9585726939236288,-0.9585726939236288,0.4086366786203839,1.0428516288338463,1.0428516288338463,1.0428516288338463
680,-0.9585726939236288,1.0428516288338463,1.0428516288338463,1.0428516288338463,1.0428516288338463,1.0428516288338463
681,-1.95883951966538,-1.95883951966538,1.0428516288338463,1.0428516288338463,1.0428516288338463,1.0428516288338463
682,-1.4203739088794856,-0.8436177643355871,-0.8436177643355871,1.0625217918146606,2.8151333134043015,3.0096731923007494
683,-1.4203739088794856,-0.886446964174172,-0.8436177643355871,3.009867926914271,3.009867926914271,3.009867926914271
684,-1.4203739088794856,-1.4203739088794856,3.009867926914271,3.009867926914271,3.009867926914271,3.009867926914271
685,-1.4203739088794856,3.009867926914271,3.009867926914271,3.009867926914271,3.009867926914271,3.009867926914271
686,-0.9550766491780712,1.9408881390495705,3.009867926914271,3.009867926914271,3.009867926914271,3.009867926914271
687,-0.9550766491780712,-0.9550766491780712,1.9408881390495705,3.009867926914271,3.009867926914271,3.009867926914271
688,-1.871560966871288,-1.871560966871288,-0.9550766491780712,1.951577936928223,2.9040389279156615,3.009762097915266
689,-1.871560966871288,-1.5619846647605136,-1.3993428669193355,-0.9539234196998053,-0.851170673186365,-0.8397651183233732
690,-1.5619846647605136,-1.3993428669193355,-1.382619054689546,-0.8397537013515377,-0.8397537013515377,-0.8397537013515377
691,-1.3993428669193355,-0.8397537013515377,-0.8397537013515377,-0.8397537013515377,-0.8397537013515377,-0.8397537013515377
692,-1.232104744621455,-1.232104744621455,-0.8397537013515377,0.4277103635083386,1.2631270684871843,1.355858322739835
693,-1.232104744621455,0.4183341939799516,0.4183341939799516,1.3559511468181715,1.3559511468181715,1.3559511468181715
694,-0.8641660722229906,-0.8641660722229906,0.4183341939799516,1.3559511468181715,1.3559511468181715,1.3559511468181715
695,-0.8641660722229906,1.3559511468181715,1.3559511468181715,11.635997425023596,11.635997425023596,11.635997425023596
696,-0.8641660722229906,11.635997425023596,11.635997425023596,11.635997425023596,11.635997425023596,11.635997425023596
697,-1.519750775578287,-1.519750775578287,11.635997425023596,11.635997425023596,11.635997425023596,11.635997425023596
698,-1.519750775578287,-0.4169756167270753,1.0626873663345018,11.635997425023596,11.635997425023596,11.635997425023596
699,-0.4169756167270753,1.0626873663345018,1.0626873663345018,11.635997425023596,11.635997425023596,11.635997425023596
700,-1.343313928526212,3.0837210080383226,3.0837210080383226,3.0837210080383226,3.0837210080383226,3.0837210080383226
701,-1.343313928526212,-1.343313928526212,3.0837210080383226,3.0837210080383226,3.0837210080383226,3.0837210080383226
702,-1.343313928526212,0.1120579433827315,0.1120579433827315,3.0837210080383226,3.0837210080383226,3.0837210080383226
703,-2.2280858374519545,-2.2280858374519545,0.1120579433827315,3.0837210080383226,3.0837210080383226,3.0837210080383226
704,-2.2280858374519545,1.4653694226753884,1.4653694226753884,1.555274925650366,9.565855240716699,10.455029655689051
705,-1.9520423886873837,-1.9520423886873837,1.4653694226753884,1.555274925650366,9.565855240716699,10.455029655689051
706,-1.9520423886873837,0.1452604518688807,10.455919720168556,10.455919720168556,10.455919720168556,10.455919720168556
707,-0.784630055914012,10.455919720168556,10.455919720168556,10.455919720168556,10.455919720168556,10.455919720168556
708,-0.8587906253517199,-0.784630055914012,10.455919720168556,10.455919720168556,10.455919720168556,10.455919720168556
709,-1.5262357502910933,-1.5262357502910933,-0.4792340781467461,10.455919720168556,10.455919720168556,10.455919720168556
710,-1.5262357502910933,-0.4792340781467461,-0.4792340781467461,-0.07927544724849774,9.402400203426804,10.454866200651752
711,-0.4792340781467461,-0.3683566039989995,-0.3683566039989995,-0.1856915600507452,-0.1856915600507452,-0.1856915600507452
712,-0.4792340781467461,-0.1856915600507452,-0.1856915600507452,1.756307631694429,1.756307631694429,1.756307631694429
713,-1.6098463755502694,-1.6098463755502694,-0.1856915600507452,1.756307631694429,1.756307631694429,1.756307631694429
714,-1.6098463755502694,1.756307631694429,1.756307631694429,1.756307631694429,1.756307631694429,1.756307631694429
715,-1.6098463755502694,-0.3783810416073915,1.756307631694429,1.756307631694429,1.756307631694429,1.756307631694429
716,-2.013665785353997,-2.013665785353997,-0.1120504740951222,1.756307631694429,1.756307631694429,1.756307631694429
717,-2.013665785353997,-0.1120504740951222,-0.1120504740951222,-0.1120504740951222,-0.1120504740951222,-0.1120504740951222
718,-2.0218706256547563,-1.5405226681746385,-0.1120504740951222,-0.1120504740951222,-0.1120504740951222,-0.1120504740951222
719,-2.095714188361591,-2.095714188361591,-0.6178398386473182,0.6850306099988284,0.6850306099988284,0.6850306099988284
720,-2.095714188361591,-0.6178398386473182,-0.5672609021920942,0.6850306099988284,0.6850306099988284,0.6850306099988284
721,-0.6178398386473182,0.6850306099988284,0.6850306099988284,1.150638088102119,1.150638088102119,1.150638088102119
722,-0.7338439269399588,1.150638088102119,1.150638088102119,1.150638088102119,1.150638088102119,1.150638088102119
723,-1.7778807215737285,-1.7778807215737285,1.150638088102119,1.150638088102119,1.150638088102119,1.150638088102119
724,-1.7778807215737285,-0.2014028462376612,-0.1796108729444024,1.150638088102119,1.150638088102119,1.150638088102119
725,-0.2014028462376612,0.0165168866949083,0.0165168866949083,0.05946427332515821,3.886076422078429,4.310830370590037
726,-1.2868169560625835,-1.2868169560625835,4.311255549717702,4.311255549717702,4.311255549717702,4.311255549717702
727,-1.3194713200755983,4.311255549717702,4.311255549717702,4.311255549717702,4.311255549717702,4.311255549717702
728,-1.3194713200755983,-1.3194713200755983,4.311255549717702,4.311255549717702,4.311255549717702,4.311255549717702
729,-1.8773117987618853,-1.8773117987618853,-0.697458558992905,4.311255549717702,4.311255549717702,4.311255549717702
730,-1.8773117987618853,-0.697458558992905,-0.697458558992905,-0.01198987296117373,3.8789310074497956,4.310823225175408
731,-1.3902451698241265,-0.0556590186448213,-0.0556590186448213,-0.0556590186448213,-0.0556590186448213,-0.0556590186448213
732,-1.3902451698241265,-1.3902451698241265,-0.0556590186448213,-0.0556590186448213,-0.0556590186448213,-0.0556590186448213
733,-1.3902451698241265,-1.16416801982749,-0.5517258256175632,1.4471640593741275,1.4471640593741275,1.4471640593741275
734,-1.16416801982749,-0.5517258256175632,1.4471640593741275,1.4471640593741275,1.4471640593741275,1.4471640593741275
735,-0.5517258256175632,1.4471640593741275,1.4471640593741275,1.4471640593741275,1.4471640593741275,1.4471640593741275
736,-1.4622010138776464,0.2193582948357244,1.4471640593741275,1.4471640593741275,1.4471640593741275,1.4471640593741275
737,-1.4622010138776464,-1.4622010138776464,0.2193582948357244,1.4471640593741275,1.4471640593741275,1.4471640593741275
738,-1.4622010138776464,-1.3575123190000438,-0.6620981863878606,0.3478166868948189,0.3478166868948189,0.3478166868948189
739,-1.3575123190000438,-0.6620981863878606,-0.6307136399456432,0.3478166868948189,0.3478166868948189,0.3478166868948189
740,-0.6620981863878606,0.3478166868948189,0.3478166868948189,0.3478166868948189,0.3478166868948189,0.3478166868948189
741,-0.6620981863878606,-0.3482527219657142,0.3478166868948189,0.3478166868948189,0.3478166868948189,0.3478166868948189
742,-0.7191613462288471,-0.7191613462288471,-0.3482527219657142,0.3478166868948189,0.3478166868948189,0.3478166868948189
743,-0.7191613462288471,-0.419492159508515,-0.419492159508515,0.2722894921071839,0.2722894921071839,0.2722894921071839
744,-0.6060602532539798,0.2722894921071839,0.2722894921071839,0.2722894921071839,0.2722894921071839,0.2722894921071839
745,-0.6060602532539798,-0.6060602532539798,0.2722894921071839,1.544141013783555,1.544141013783555,1.544141013783555
746,-0.6060602532539798,1.544141013783555,1.544141013783555,2.6225374778372843,2.6225374778372843,2.6225374778372843
747,1.544141013783555,2.6225374778372843,2.6225374778372843,2.6225374778372843,2.6225374778372843,2.6225374778372843
748,1.544141013783555,1.8259468967465968,2.6225374778372843,2.6225374778372843,2.6225374778372843,2.6225374778372843
749,0.2666431960248476,0.2666431960248476,1.8259468967465968,2.6225374778372843,2.6225374778372843,2.6225374778372843
750,-1.3371377163243614,-1.3371377163243614,0.2666431960248476,0.290202138842984,2.3893039439378443,2.622304244303371
751,-1.3371377163243614,-0.9964198520781042,-0.9964198520781042,0.2666431960248476,0.2666431960248476,0.2666431960248476
752,-1.2494098189147975,-1.2494098189147975,-0.9964198520781042,-0.1738170619440199,-0.1738170619440199,-0.1738170619440199
753,-1.2494098189147975,-0.1738170619440199,-0.1738170619440199,-0.1738170619440199,-0.1738170619440199,-0.1738170619440199
754,-1.1360726291851055,-1.1360726291851055,-0.1738170619440199,0.271100505057475,0.271100505057475,0.271100505057475
755,-1.6808047147233878,0.271100505057475,0.271100505057475,0.271100505057475,0.271100505057475,0.271100505057475
756,-1.6808047147233878,-1.6808047147233878,0.271100505057475,0.3909701264702381,0.3909701264702381,0.3909701264702381
757,-1.6808047147233878,0.3909701264702381,0.3909701264702381,0.8030236676414821,0.8030236676414821,0.8030236676414821
758,-0.4134817419423346,-0.4134817419423346,0.8030236676414821,0.8030236676414821,0.8030236676414821,0.8030236676414821
759,-0.4570948057040816,0.8030236676414821,0.8030236676414821,0.8030236676414821,0.8030236676414821,0.8030236676414821
760,-0.8496123795598061,-0.8496123795598061,0.8030236676414821,0.8030236676414821,0.8030236676414821,0.8030236676414821
761,-0.8496123795598061,-0.2722389040865152,-0.2722389040865152,0.830553873719423,3.2834952352626714,3.555771726393969
762,-0.4986153144707433,-0.4986153144707433,-0.21629582915460863,3.5560442754341564,3.5560442754341564,3.5560442754341564
763,-0.4986153144707433,3.5560442754341564,3.5560442754341564,3.5560442754341564,3.5560442754341564,3.5560442754341564
764,-0.500422174736168,0.2871918452325027,3.5560442754341564,3.5560442754341564,3.5560442754341564,3.5560442754341564
765,-0.516683917124991,-0.516683917124991,0.40712523438575887,3.5560442754341564,3.5560442754341564,3.5560442754341564
766,-1.481516011704732,-1.481516011704732,1.4865257367649622,3.5560442754341564,3.5560442754341564,3.5560442754341564
767,-1.481516011704732,1.4865257367649622,1.4865257367649622,1.4865257367649622,1.4865257367649622,1.4865257367649622
768,-1.3898446880909705,-1.3898446880909705,1.4865257367649622,1.9995343084144863,1.9995343084144863,1.9995343084144863
769,-1.3898446880909705,-0.1572955928962193,1.4865257367649622,1.9995343084144863,1.9995343084144863,1.9995343084144863
770,-1.334718184785877,1.9995343084144863,1.9995343084144863,1.9995343084144863,1.9995343084144863,1.9995343084144863
771,-1.334718184785877,-1.334718184785877,1.9995343084144863,1.9995343084144863,1.9995343084144863,1.9995343084144863
772,-1.334718184785877,-1.3257665224996036,0.9099654642691372,1.9995343084144863,1.9995343084144863,1.9995343084144863
773,-1.3257665224996036,0.9099654642691372,0.9099654642691372,0.9099654642691372,0.9099654642691372,0.9099654642691372
774,-0.9952595088265356,0.7253657829449582,0.9099654642691372,0.9099654642691372,0.9099654642691372,0.9099654642691372
775,-1.0169132789709234,-0.9952595088265356,0.7253657829449582,0.9099654642691372,0.9099654642691372,0.9099654642691372
776,-1.211797210270415,-1.211797210270415,-0.9952595088265356,0.7580438578723082,3.669660333897668,3.9928497627364794
777,-1.6026015880056477,-1.6026015880056477,3.993173275678279,3.993173275678279,3.993173275678279,3.993173275678279
778,-1.6026015880056477,3.993173275678279,3.993173275678279,3.993173275678279,3.993173275678279,3.993173275678279
779,0.7750142345872737,0.7750142345872737,3.993173275678279,3.993173275678279,3.993173275678279,3.993173275678279
780,-0.5446270694780444,1.3426237066030977,1.3426237066030977,3.993173275678279,3.993173275678279,3.993173275678279
781,-0.5446270694780444,-0.5446270694780444,1.3426237066030977,1.369129202293863,3.730768868339826,3.992910871270925
782,-1.6694745158472055,-1.6419987284050572,-0.5446270694780444,1.3426237066030977,1.3426237066030977,1.3426237066030977
783,-1.9167566028265417,-1.9167566028265417,-1.016627814315928,-0.5314306564373845,0.6443697454848023,0.7748835900981635
784,-1.9167566028265417,-1.016627814315928,1.570833854132819,1.570833854132819,1.570833854132819,1.570833854132819
785,-1.016627814315928,1.570833854132819,1.570833854132819,2.017100589931041,2.017100589931041,2.017100589931041
786,0.8079169221536291,2.017100589931041,2.017100589931041,2.017100589931041,2.017100589931041,2.017100589931041
787,-1.4833287498260508,0.8079169221536291,2.017100589931041,2.017100589931041,2.017100589931041,2.017100589931041
788,-1.4833287498260508,-1.4833287498260508,0.8079169221536291,2.017100589931041,2.017100589931041,2.017100589931041
789,-1.4833287498260508,-0.7661077951919872,-0.7661077951919872,0.8200087588314094,1.8973914068210727,2.016980880747924
790,-1.334395857725774,-1.2206913001952715,-0.7661077951919872,0.8079169221536291,0.8079169221536291,0.8079169221536291
791,-1.334395857725774,-1.334395857725774,-0.7467245691803752,0.0454618297887923,0.0454618297887923,0.0454618297887923
792,-1.334395857725774,0.0454618297887923,0.0454618297887923,0.0454618297887923,0.0454618297887923,0.0454618297887923
793,-0.9964691434612816,-0.5722755350758836,-0.5722755350758836,0.0454618297887923,0.0454618297887923,0.0454618297887923
794,-0.9964691434612816,-0.9964691434612816,-0.5722755350758836,-0.3900903890438944,0.0019066079055217455,0.04541827456690646
795,-1.6897580493651372,-1.6897580493651372,-0.5722755350758836,-0.394489906405843,-0.394489906405843,-0.394489906405843
796,-1.6897580493651372,-0.394489906405843,-0.394489906405843,-0.394489906405843,-0.394489906405843,-0.394489906405843
797,-0.927438444787304,-0.927438444787304,-0.394489906405843,-0.394489906405843,-0.394489906405843,-0.394489906405843
798,-1.0181901313353126,-0.8071654442134636,-0.8071654442134636,-0.394489906405843,-0.394489906405843,-0.394489906405843
799,-1.0181901313353126,-1.0181901313353126,-0.8071654442134636,-0.3419259756584302,-0.3419259756584302,-0.3419259756584302
800,-1.0181901313353126,-0.8099823029096055,-0.3419259756584302,-0.3419259756584302,-0.3419259756584302,-0.3419259756584302
801,-1.1492269693397419,-0.3419259756584302,-0.3419259756584302,0.8441507364778094,1.3925671465184648,1.453441368032977
802,-2.32855851137961,-2.32855851137961,-0.3419259756584302,0.8441507364778094,1.3925671465184648,1.453441368032977
803,-2.32855851137961,0.8379956701473835,1.4535023031896517,1.4535023031896517,1.4535023031896517,1.4535023031896517
804,-0.3415532510684897,1.4535023031896517,1.4535023031896517,1.4535023031896517,1.4535023031896517,1.4535023031896517
805,-1.1149032201757392,-0.3415532510684897,1.4535023031896517,3.0444584680096045,3.0444584680096045,3.0444584680096045
806,-1.1149032201757392,-1.1149032201757392,1.6125979196716604,3.0444584680096045,3.0444584680096045,3.0444584680096045
807,-1.1149032201757392,3.0444584680096045,3.0444584680096045,3.0444584680096045,3.0444584680096045,3.0444584680096045
808,-0.7913145459944158,-0.7913145459944158,3.0444584680096045,3.0444584680096045,3.0444584680096045,3.0444584680096045
809,-0.7913145459944158,0.1318085751896687,0.1318085751896687,3.0444584680096045,3.0444584680096045,3.0444584680096045
810,0.045272558950198896,0.1216411944635805,0.1318085751896687,2.0448091246555085,2.0448091246555085,2.0448091246555085
811,-0.656972099202656,-0.6420451606702383,0.1216411944635805,2.0448091246555085,2.0448091246555085,2.0448091246555085
812,-1.3106594840895167,-1.3106594840895167,2.0448091246555085,2.0448091246555085,2.0448091246555085,2.0448091246555085
813,-1.3106594840895167,2.0448091246555085,2.0448091246555085,2.0448091246555085,2.0448091246555085,2.0448091246555085
814,-1.8919990702596736,-1.8919990702596736,2.0448091246555085,2.0448091246555085,2.0448091246555085,2.0448091246555085
815,-1.8919990702596736,-0.4875582428173335,-0.4875582428173335,2.0448091246555085,2.0448091246555085,2.0448091246555085
816,-1.2333863004411918,-1.2333863004411918,-0.4875582428173335,0.7272833893970041,0.7272833893970041,0.7272833893970041
817,-1.2333863004411918,-1.0097639990766951,-0.4875582428173335,0.7272833893970041,0.7272833893970041,0.7272833893970041
818,-1.0097639990766951,0.7272833893970041,0.7272833893970041,0.7272833893970041,0.7272833893970041,0.7272833893970041
819,-1.7824065783366227,-0.7971055712233515,0.7272833893970041,0.7272833893970041,0.7272833893970041,0.7272833893970041
820,-1.7824065783366227,-1.7824065783366227,-0.7971055712233515,0.9053029120367184,0.9053029120367184,0.9053029120367184
821,-1.7824065783366227,-1.3052135862396157,-0.7971055712233515,0.9177560851844193,2.0273338126439913,2.1504969403920025
822,-1.3052135862396157,0.9053029120367184,0.9053029120367184,2.150620226806172,2.150620226806172,2.150620226806172
823,0.9053029120367184,2.150620226806172,2.150620226806172,2.150620226806172,2.150620226806172,2.150620226806172
824,-1.0688473320441894,-1.0688473320441894,2.150620226806172,2.150620226806172,2.150620226806172,2.150620226806172
825,-1.1420692973430409,0.1178695012451412,0.1178695012451412,2.150620226806172,2.150620226806172,2.150620226806172
826,-1.8010669850327077,-1.8010669850327077,0.1178695012451412,0.2907528789217949,0.2907528789217949,0.2907528789217949
827,-1.8010669850327077,0.2907528789217949,0.2907528789217949,0.2907528789217949,0.2907528789217949,0.2907528789217949
828,-0.6316713330521546,-0.6316713330521546,0.39166641976908734,1.2998882873946331,1.2998882873946331,1.2998882873946331
829,-0.6316713330521546,1.2998882873946331,1.2998882873946331,1.2998882873946331,1.2998882873946331,1.2998882873946331
830,-0.9237185848452992,-0.9237185848452992,1.2998882873946331,1.5141464983000374,1.5141464983000374,1.5141464983000374
831,-0.9237185848452992,1.5141464983000374,1.5141464983000374,1.5141464983000374,1.5141464983000374,1.5141464983000374
832,-0.3769172531975318,-0.3769172531975318,1.5141464983000374,1.5141464983000374,1.5141464983000374,1.5141464983000374
833,-0.807103050165297,-0.807103050165297,0.0527315499299884,1.5141464983000374,1.5141464983000374,1.5141464983000374
834,-0.807103050165297,0.0527315499299884,0.0527315499299884,0.0527315499299884,0.0527315499299884,0.0527315499299884
835,-1.1670640181957994,-1.1027903284268914,0.0527315499299884,0.0527315499299884,0.0527315499299884,0.0527315499299884
836,-1.1670640181957994,-1.1670640181957994,-1.1027903284268914,1.6964370528201016,1.6964370528201016,1.6964370528201016
837,-1.2828080917166291,-1.2828080917166291,1.6964370528201016,1.6964370528201016,1.6964370528201016,1.6964370528201016
838,-1.2828080917166291,1.6964370528201016,1.6964370528201016,1.6964370528201016,1.6964370528201016,1.6964370528201016
839,-0.3841937222252417,-0.3841937222252417,1.6964370528201016,1.6964370528201016,1.6964370528201016,1.6964370528201016
840,-0.3841937222252417,0.4236550131560858,0.4236550131560858,1.6964370528201016,1.6964370528201016,1.6964370528201016
841,-0.4314992089182153,-0.4314992089182153,0.4236550131560858,0.4236550131560858,0.4236550131560858,0.4236550131560858
842,-0.4314992089182153,-0.1046282514150083,-0.1046282514150083,0.43927501366476784,1.8310170589876165,1.985500426018451
843,-0.11183123408032,-0.11183123408032,-0.07916844973381185,1.985655064023496,1.985655064023496,1.985655064023496
844,-0.11183123408032,1.985655064023496,1.985655064023496,1.985655064023496,1.985655064023496,1.985655064023496
845,-1.1172396545403576,0.1499697653969344,1.985655064023496,1.985655064023496,1.985655064023496,1.985655064023496
846,-2.5552850220279444,-1.1172396545403576,0.1499697653969344,1.985655064023496,1.985655064023496,1.985655064023496
847,-2.5552850220279444,-2.5552850220279444,-1.1172396545403576,0.1499697653969344,0.1499697653969344,0.1499697653969344
848,-2.5552850220279444,-1.1880213200181369,-1.1172396545403576,-0.4622622247441566,-0.4622622247441566,-0.4622622247441566
849,-1.1880213200181369,-0.4622622247441566,-0.4622622247441566,-0.4508258029064831,0.5681593828296944,0.6812667384464088
850,-0.6364185906309714,-0.6364185906309714,-0.4622622247441566,0.6813799590226084,0.6813799590226084,0.6813799590226084
851,-0.6364185906309714,0.6813799590226084,0.6813799590226084,0.6899279034020249,1.4515497476076389,1.536089772314461
852,-0.6364185906309714,0.5734864282203349,0.6813799590226084,0.6899279034020249,1.4515497476076389,1.536089772314461
853,-1.7766920090450116,-1.7766920090450116,0.6813799590226084,1.5361743969638222,1.5361743969638222,1.5361743969638222
854,-1.7766920090450116,1.5361743969638222,1.5361743969638222,1.5361743969638222,1.5361743969638222,1.5361743969638222
855,-0.2449389419137815,-0.2449389419137815,1.5361743969638222,1.5361743969638222,1.5361743969638222,1.5361743969638222
856,-0.2449389419137815,-0.0439796363582783,-0.0439796363582783,-0.02817809602504921,1.3797391476649283,1.536017961714514
857,-0.5882476874427979,-0.5882476874427979,0.1193603090283047,0.12015780685192758,0.19121486293668893,0.19910219616209737
858,-0.5882476874427979,0.1193603090283047,0.12733528726453008,0.9633749062531516,0.9633749062531516,0.9633749062531516
859,0.1193603090283047,0.9633749062531516,0.9633749062531516,0.9633749062531516,0.9633749062531516,0.9633749062531516
860,0.1991100913905517,0.1991100913905517,0.9633749062531516,1.7317653675947788,1.7317653675947788,1.7317653675947788
861,0.1991100913905517,1.7317653675947788,1.7317653675947788,1.7317653675947788,1.7317653675947788,1.7317653675947788
862,0.289700543581166,0.289700543581166,1.7317653675947788,1.7317653675947788,1.7317653675947788,1.7317653675947788
863,-2.142553464685677,0.7338034430070779,0.7338034430070779,1.7317653675947788,1.7317653675947788,1.7317653675947788
864,-2.142553464685677,-2.142553464685677,0.7338034430070779,0.7338034430070779,0.7338034430070779,0.7338034430070779
865,-2.142553464685677,0.2036444724615821,0.2036444724615821,0.7338034430070779,0.7338034430070779,0.7338034430070779
866,0.1495104837055206,0.1495104837055206,0.2036444724615821,0.20989685871972258,0.7669844743197477,0.8288211996513498
867,-1.7018433706612923,-1.7018433706612923,0.2036444724615821,0.828883098275309,0.828883098275309,0.828883098275309
868,-1.7018433706612923,0.828883098275309,0.828883098275309,0.828883098275309,0.828883098275309,0.828883098275309
869,-1.7018433706612923,0.0317309520182605,0.828883098275309,0.828883098275309,0.828883098275309,0.828883098275309
870,-1.7221781582289868,-1.7221781582289868,0.0317309520182605,0.828883098275309,0.828883098275309,0.828883098275309
871,-1.7221781582289868,-0.0234319838345924,-0.0234319838345924,0.0317309520182605,0.0317309520182605,0.0317309520182605
872,-0.42972536239395037,-0.3543117032349303,-0.0234319838345924,-0.022880354476063586,0.026269821368827852,0.031725490887610744
873,-1.108448294825134,-1.108448294825134,-0.3543117032349303,-0.0234319838345924,-0.0234319838345924,-0.0234319838345924
874,-2.523922121501279,-2.523922121501279,-0.6775989217970425,-0.3543117032349303,-0.3543117032349303,-0.3543117032349303
875,-2.523922121501279,-0.6775989217970425,-0.604093519585025,0.0574551003230703,0.0574551003230703,0.0574551003230703
876,-0.786116146650544,0.0574551003230703,0.0574551003230703,0.0574551003230703,0.0574551003230703,0.0574551003230703
877,-0.8544580871629539,-0.786116146650544,0.0574551003230703,0.4799334317579348,0.4799334317579348,0.4799334317579348
878,-0.8544580871629539,-0.8544580871629539,0.0574551003230703,0.4799334317579348,0.4799334317579348,0.4799334317579348
879,-0.8544580871629539,0.4799334317579348,0.4799334317579348,0.5074235652315291,0.5074235652315291,0.5074235652315291
880,0.24868615389343507,0.5074235652315291,0.5074235652315291,0.5074235652315291,0.5074235652315291,0.5074235652315291
881,-1.699841905099977,0.3712577362330334,0.5074235652315291,0.5074235652315291,0.5074235652315291,0.5074235652315291
882,-1.699841905099977,-1.699841905099977,0.3712577362330334,0.48020833309267086,0.5047020420176431,0.5074208437083151
883,-1.699841905099977,-0.2363239777476164,-0.1166692354705924,0.4698750539977349,1.0897334798699854,1.1585377651418043
884,-0.2363239777476164,-0.1166692354705924,0.462918169307807,0.4698750539977349,1.0897334798699854,1.1585377651418043
885,-0.1166692354705924,0.462918169307807,0.462918169307807,1.1586066383002387,1.1586066383002387,1.1586066383002387
886,-0.12863470969829474,1.1586066383002387,1.1586066383002387,1.1586066383002387,1.1586066383002387,1.1586066383002387
887,-0.6584799325123387,-0.6584799325123387,1.1586066383002387,1.1586066383002387,1.1586066383002387,1.1586066383002387
888,-0.6584799325123387,-0.4834605661317581,-0.39269957157501495,1.1586066383002387,1.1586066383002387,1.1586066383002387
889,-0.4834605661317581,0.4241493794355958,0.4241493794355958,0.4241493794355958,0.4241493794355958,0.4241493794355958
890,-0.1134130334352595,0.1973925310659794,0.4241493794355958,0.4241493794355958,0.4241493794355958,0.4241493794355958
891,-0.7136629003733906,-0.1134130334352595,0.1973925310659794,0.4241493794355958,0.4241493794355958,0.4241493794355958
892,-0.7136629003733906,-0.7136629003733906,-0.1134130334352595,0.1973925310659794,0.1973925310659794,0.1973925310659794
893,-1.2392641032386522,-1.2392641032386522,-0.7136629003733906,-0.1134130334352595,-0.1134130334352595,-0.1134130334352595
894,-1.2853632974725842,-1.2853632974725842,-1.2392641032386522,-0.7076604017040062,-0.17283777026213673,-0.11347245817208988
895,-1.8155311243333148,-1.8153988716643024,-1.2853632974725842,0.8716830162081551,0.8716830162081551,0.8716830162081551
896,-1.816721398354427,-1.816721398354427,0.8716830162081551,0.8716830162081551,0.8716830162081551,0.8716830162081551
897,-1.816721398354427,0.8716830162081551,0.8716830162081551,0.8716830162081551,0.8716830162081551,0.8716830162081551
898,-0.613051453303029,-0.613051453303029,0.8716830162081551,1.1400711251668307,1.1400711251668307,1.1400711251668307
899,-1.9704798359442168,-1.9704798359442168,0.898521827104025,1.1400711251668307,1.1400711251668307,1.1400711251668307
900,-1.9704798359442168,1.1400711251668307,1.1400711251668307,1.1400711251668307,1.1400711251668307,1.1400711251668307
901,-1.1293161791520898,-1.1293161791520898,1.1400711251668307,1.1400711251668307,1.1400711251668307,1.1400711251668307
902,-1.2375775955052206,-0.9725373607419936,-0.9725373607419936,1.753305193653786,1.753305193653786,1.753305193653786
903,-1.2375775955052206,-1.2375775955052206,-0.9725373607419936,1.753305193653786,1.753305193653786,1.753305193653786
904,-1.2748940693270263,1.753305193653786,1.753305193653786,1.753305193653786,1.753305193653786,1.753305193653786
905,-1.610742333723279,-1.610742333723279,1.753305193653786,1.753305193653786,1.753305193653786,1.753305193653786
906,-1.610742333723279,0.3927159020578996,1.4045478449679554,1.753305193653786,1.753305193653786,1.753305193653786
907,0.3927159020578996,1.4045478449679554,1.4045478449679554,1.4045478449679554,1.4045478449679554,1.4045478449679554
908,0.2143014163751283,0.2143014163751283,1.4045478449679554,1.4045478449679554,1.4045478449679554,1.4045478449679554
909,0.2143014163751283,0.9488980397123672,0.9488980397123672,1.4045478449679554,1.4045478449679554,1.4045478449679554
910,-1.0595044423025022,-1.0595044423025022,0.9488980397123672,0.9488980397123672,0.9488980397123672,0.9488980397123672
911,-1.0595044423025022,0.2319097893796893,0.3195881267316872,0.9488980397123672,0.9488980397123672,0.9488980397123672
912,-0.4052326837256411,0.3195881267316872,0.3195881267316872,1.0191572383347571,1.0191572383347571,1.0191572383347571
913,-0.4052326837256411,-0.4052326837256411,0.3195881267316872,1.0191572383347571,1.0191572383347571,1.0191572383347571
914,-0.4052326837256411,1.0191572383347571,1.0191572383347571,1.0191572383347571,1.0191572383347571,1.0191572383347571
915,0.2966669821858247,0.2966669821858247,1.0339126872014406,1.166711727001578,1.166711727001578,1.166711727001578
916,0.2966669821858247,1.166711727001578,1.166711727001578,1.166711727001578,1.166711727001578,1.166711727001578
917,-0.2342280150559619,0.50233238905536,1.166711727001578,1.166711727001578,1.166711727001578,1.166711727001578
918,-0.24050278087844318,-0.2342280150559619,0.50233238905536,0.5089761824348257,1.1009381725449001,1.1666459534471176
919,-0.2969756732807749,-0.2969756732807749,-0.2342280150559619,0.5089761824348257,1.1009381725449001,1.1666459534471176
920,-0.425629502115971,-0.425629502115971,-0.2969756732807749,0.5089761824348257,1.1009381725449001,1.1666459534471176
921,-2.3538183534612704,-2.3538183534612704,-0.2969756732807749,-0.1966014266445324,-0.1966014266445324,-0.1966014266445324
922,-2.3538183534612704,-0.1966014266445324,-0.1966014266445324,-0.1966014266445324,-0.1966014266445324,-0.1966014266445324
923,-1.3754013515612278,-0.5164725983033145,-0.1966014266445324,-0.1966014266445324,-0.1966014266445324,-0.1966014266445324
924,-1.3754013515612278,-1.3754013515612278,-0.5164725983033145,-0.4433918047892742,-0.22128046445900765,-0.19662610568234834
925,-1.5482040442943803,-1.5482040442943803,-1.3754013515612278,-0.4458846368917476,-0.4458846368917476,-0.4458846368917476
926,-1.5482040442943803,-0.4458846368917476,-0.4458846368917476,-0.4458846368917476,-0.4458846368917476,-0.4458846368917476
927,-2.0807786715661907,-2.0807786715661907,2.3742039536088972,2.3742039536088972,2.3742039536088972,2.3742039536088972
928,-2.0807786715661907,2.3742039536088972,2.3742039536088972,2.3742039536088972,2.3742039536088972,2.3742039536088972
929,-0.6519164755446151,-0.6519164755446151,2.3742039536088972,2.3742039536088972,2.3742039536088972,2.3742039536088972
930,-1.9587192718932,-0.6418611287619593,-0.6418611287619593,2.3742039536088972,2.3742039536088972,2.3742039536088972
931,-1.9587192718932,-1.9587192718932,-0.6418611287619593,-0.5188237051928849,-0.5188237051928849,-0.5188237051928849
932,-2.3903849236648096,-0.5188237051928849,-0.5188237051928849,-0.5188237051928849,-0.5188237051928849,-0.5188237051928849
933,-2.3903849236648096,-2.3903849236648096,-0.5188237051928849,-0.5188237051928849,-0.5188237051928849,-0.5188237051928849
934,-2.3903849236648096,-2.15835225734509,-0.7719070783223634,-0.5188237051928849,-0.5188237051928849,-0.5188237051928849
935,-2.15835225734509,-0.7719070783223634,-0.7719070783223634,0.7948364008493886,0.7948364008493886,0.7948364008493886
936,-0.7719070783223634,0.7948364008493886,0.7948364008493886,0.7948364008493886,0.7948364008493886,0.7948364008493886
937,-0.8289479728263371,-0.4372177018620214,0.7948364008493886,0.7948364008493886,0.7948364008493886,0.7948364008493886
938,-2.373344518143398,-2.373344518143398,-0.4372177018620214,0.7948364008493886,0.7948364008493886,0.7948364008493886
939,-2.373344518143398,-1.3423160233621028,0.43645494673878793,0.4427748588716472,0.4427748588716472,0.4427748588716472
940,-1.3423160233621028,0.4427748588716472,0.4427748588716472,0.4427748588716472,0.4427748588716472,0.4427748588716472
941,0.4357527342795813,0.4357527342795813,0.4997786395612393,0.4997786395612393,0.4997786395612393,0.4997786395612393
942,-0.7473108899260961,0.4997786395612393,0.4997786395612393,0.4997786395612393,0.4997786395612393,0.4997786395612393
943,-0.7473108899260961,-0.7473108899260961,0.4997786395612393,0.501876646594435,0.6888090732520746,0.7095585726110724
944,-0.7473108899260961,-0.7471570967297161,0.4997786395612393,0.7095793428807022,0.7095793428807022,0.7095793428807022
945,-0.7471570967297161,0.7095793428807022,0.7095793428807022,0.7095793428807022,0.7095793428807022,0.7095793428807022
946,-0.6227867556162578,-0.6227867556162578,0.7095793428807022,0.7095793428807022,0.7095793428807022,0.7095793428807022
947,-0.6227867556162578,0.3877937527726971,0.3877937527726971,0.7095793428807022,0.7095793428807022,0.7095793428807022
948,-0.6227867556162578,-0.1070625498936267,0.3877937527726971,0.3910116086737788,0.6777225694600085,0.7095474861072797
949,-1.522407361065237,-0.7217561249101798,-0.1070625498936267,0.3877937527726971,0.3877937527726971,0.3877937527726971
950,-1.7004292143080997,-1.7004292143080997,-0.7217561249101798,1.2578605598206956,1.2578605598206956,1.2578605598206956
951,-1.7004292143080997,-1.522407361065237,0.029429761077817154,1.2578605598206956,1.2578605598206956,1.2578605598206956
952,-1.522407361065237,1.2578605598206956,1.2578605598206956,1.2804231506303936,3.290749991773438,3.513896271140313
953,-0.4875548647354362,-0.4875548647354362,1.2578605598206956,3.5141196407893425,3.5141196407893425,3.5141196407893425
954,-0.7337247485119235,3.5141196407893425,3.5141196407893425,3.5141196407893425,3.5141196407893425,3.5141196407893425
955,-0.7399530534637404,-0.7337247485119235,3.5141196407893425,3.5141196407893425,3.5141196407893425,3.5141196407893425
956,-1.056411076928889,-1.056411076928889,-0.7337247485119235,3.5141196407893425,3.5141196407893425,3.5141196407893425
957,-1.056411076928889,-0.7738729299728535,-0.7738729299728535,0.08299915844053773,3.171007592554447,3.5137765287410874
958,-0.7960077980300924,-0.7960077980300924,-0.7738729299728535,0.0483413757905319,0.0483413757905319,0.0483413757905319
959,-2.2516909785687407,0.0483413757905319,0.0483413757905319,0.053154980857833115,0.4820471923541474,0.5296542278302377
960,-2.2516909785687407,-2.2516909785687407,0.0483413757905319,0.5297018825204068,0.5297018825204068,0.5297018825204068
961,-2.2516909785687407,0.5297018825204068,0.5297018825204068,0.5297018825204068,0.5297018825204068,0.5297018825204068
962,-0.605348597290166,-0.605348597290166,0.5297018825204068,0.5297018825204068,0.5297018825204068,0.5297018825204068
963,-0.605348597290166,-0.564714955507988,-0.4330099790060748,0.5297018825204068,0.5297018825204068,0.5297018825204068
964,-0.564714955507988,-0.4330099790060748,-0.4330099790060748,-0.38280591815635523,0.43845110245272667,0.5296106317403337
965,-0.5231084512516186,-0.5231084512516186,-0.3920231686682465,-0.3920231686682465,-0.3920231686682465,-0.3920231686682465
966,-0.5231084512516186,-0.3920231686682465,-0.3920231686682465,-0.3920231686682465,-0.3920231686682465,-0.3920231686682465
967,-0.8045058120105977,-0.8045058120105977,-0.3920231686682465,-0.3920231686682465,-0.3920231686682465,-0.3920231686682465
968,-0.8045058120105977,-0.5187578364341736,-0.5187578364341736,-0.39152899568973587,-0.34749818330446414,-0.342610763129699
969,-0.652087987057673,-0.652087987057673,-0.5011426398724759,-0.3426058708172115,-0.3426058708172115,-0.3426058708172115
970,-0.652087987057673,-0.3426058708172115,-0.3426058708172115,-0.0226802769962767,-0.0226802769962767,-0.0226802769962767
971,-0.652087987057673,-0.0226802769962767,-0.0226802769962767,-0.0226802769962767,-0.0226802769962767,-0.0226802769962767
972,-1.0968649374961543,-1.0968649374961543,-0.0226802769962767,-0.0226802769962767,-0.0226802769962767,-0.0226802769962767
973,-1.0968649374961543,-0.3777021617642723,-0.3777021617642723,-0.0226802769962767,-0.0226802769962767,-0.0226802769962767
974,-1.1958592897501532,-0.122170099953198,-0.122170099953198,-0.122170099953198,-0.122170099953198,-0.122170099953198
975,-2.086808460036146,-2.086808460036146,-0.122170099953198,-0.122170099953198,-0.122170099953198,-0.122170099953198
976,-2.086808460036146,-0.3503475030719946,-0.3503475030719946,-0.122170099953198,-0.122170099953198,-0.122170099953198
977,-1.1064622595717584,-1.1064622595717584,-0.3503475030719946,-0.3379684265417867,0.7650072922991576,0.8874375970905011
978,-1.1064622595717584,-0.6717131070861985,0.8875601499481574,0.8875601499481574,0.8875601499481574,0.8875601499481574
979,-0.6924811232144206,0.8875601499481574,0.8875601499481574,0.8875601499481574,0.8875601499481574,0.8875601499481574
980,-0.8793932683684206,-0.8793932683684206,0.8875601499481574,0.8875601499481574,0.8875601499481574,0.8875601499481574
981,-1.9646134716843189,-0.4670649507840198,-0.4670649507840198,0.8875601499481574,0.8875601499481574,0.8875601499481574
982,-1.9646134716843189,-1.9646134716843189,-0.4670649507840198,-0.4670649507840198,-0.4670649507840198,-0.4670649507840198
983,-1.9646134716843189,-0.9295622579896214,0.0086311737607872,0.0086311737607872,0.0086311737607872,0.0086311737607872
984,-0.9295622579896214,0.0086311737607872,0.0086311737607872,0.0086311737607872,0.0086311737607872,0.0086311737607872
985,-0.9162256226147764,-0.9162256226147764,0.0086311737607872,0.0086311737607872,0.0086311737607872,0.0086311737607872
986,-1.2063280955602194,-1.2063280955602194,-0.9162256226147764,0.0086311737607872,0.0086311737607872,0.0086311737607872
987,-1.2063280955602194,-0.982147574299881,-0.9162256226147764,2.5801191127000087,2.5801191127000087,2.5801191127000087
988,-0.982147574299881,2.5801191127000087,2.5801191127000087,2.5801191127000087,2.5801191127000087,2.5801191127000087
989,-1.5891315793963243,-1.5891315793963243,2.5801191127000087,2.5801191127000087,2.5801191127000087,2.5801191127000087
990,-1.5891315793963243,-0.5412527712863886,-0.5412527712863886,2.5801191127000087,2.5801191127000087,2.5801191127000087
991,-1.7123215279446469,-1.7123215279446469,-0.5412527712863886,-0.3329058016979871,-0.3329058016979871,-0.3329058016979871
992,-1.7123215279446469,-0.3329058016979871,-0.3329058016979871,-0.3329058016979871,-0.3329058016979871,-0.3329058016979871
993,-1.3814800889931382,-1.3814800889931382,-0.0280145023490598,-0.0280145023490598,-0.0280145023490598,-0.0280145023490598
994,-1.3814800889931382,-0.0280145023490598,-0.0280145023490598,-0.025854710628946627,0.1665827316330366,0.18794328772411653
995,-1.059523904398631,-1.059523904398631,-0.0280145023490598,0.1879646696621469,0.1879646696621469,0.1879646696621469
996,-1.059523904398631,0.1879646696621469,0.1879646696621469,0.1879646696621469,0.1879646696621469,0.1879646696621469
997,-2.1946343432595574,-0.8549366126717407,0.1879646696621469,0.1879646696621469,0.1879646696621469,0.1879646696621469
998,-2.1946343432595574,-2.1946343432595574,-0.8549366126717407,0.1879646696621469,0.1879646696621469,0.1879646696621469
999,-2.1946343432595574,-0.987929893092306,-0.8549366126717407,0.1879646696621469,0.1879646696621469,0.1879646696621469
