index,mu_lo,mu_hi,sigma_lo,sigma_hi,xi_lo,xi_hi
0,-1.260768266461057,3.860768266461056,-0.7183355604324473,2.918335560432446,-0.9115176487284133,1.5115176487284128
1,-1.2606948539373557,3.8606182026788147,-0.7181704368386468,2.918124978694218,-0.911490865031354,1.5113954878167704
2,-1.2604746650844252,3.8601680729594903,-0.7176752491956127,2.917493437282328,-0.9114105351706512,1.5110290566350293
3,-1.2601078460258082,3.859418062151684,-0.7168505465831434,2.916441547260468,-0.911276722815588,1.5104185098109628
4,-1.259594640194871,3.8583684782218253,-0.7156972430170763,2.9149703259196573,-0.9110895339990526,1.5095641049428112
5,-1.2589353881764447,3.8570197520827474,-0.7142166157765382,2.913081195058543,-0.9108491169958759,1.5084662024294337
6,-1.2581305274854122,3.8553724373540095,-0.7124103030682569,2.910775978582018,-0.9105556621521731,1.5071252652322114
7,-1.2571805922817358,3.853427210053426,-0.71028030103374,2.9080568994239875,-0.9102094016647817,1.505541858567812
8,-1.2560862130231751,3.851184868221087,-0.7078289601071914,2.9049265758021834,-0.9098106093144369,1.5037166495354917
9,-1.254848116055391,3.8486463314755515,-0.7050589807335159,2.901388016814445,-0.9093596001507689,1.5016504066770475
10,-1.253467123139365,3.845812640502172,-0.7019734084572364,2.897444617387327,-0.9088567301290631,1.4993439994694004
11,-1.2519441509175386,3.842684956474934,-0.6985756283952167,2.893100152589996,-0.90830239570141,1.4967983977524852
12,-1.2502802103180715,3.8392645604112468,-0.6948693591069963,2.8883587713273093,-0.9076970333615598,1.4940146710918105
13,-1.2484764058981268,3.8355528524605815,-0.6908586458786257,2.883224989428011,-0.9070411191437894,1.490993988076057
14,-1.2465339351267941,3.8315513511275943,-0.6865478534370371,2.877703682145213,-0.9063351680780003,1.4877376155519968
15,-1.2444540876078587,3.827261692429949,-0.6819416581133655,2.8718000760876348,-0.905579733600539,1.4842469177962916
16,-1.242238244242957,3.8226856289913838,-0.6770450394751082,2.8655197406016195,-0.9047754069214629,1.4805233556249753
17,-1.2398878763362189,3.8178250290711624,-0.6718632714483075,2.858868578625211,-0.9039228163507307,1.4765684854431722
18,-1.2374045446407718,3.8126818755302656,-0.6664019129520264,2.8518528170366975,-0.9030226265833547,1.4723839582351888
19,-1.234789898347078,3.8072582647343403,-0.6606667980683429,2.8444789965209596,-0.9020755379429606,1.4679715184945068
20,-1.232045674015457,3.8015564053957633,-0.6546640257728313,2.836753960978744,-0.9010822855887309,1.4633330030987604
21,-1.229173694451901,3.7955786173539376,-0.6483999492505585,2.828684846504032,-0.9000436386828694,1.4584703401269377
22,-1.2261758675289962,3.7893273302956816,-0.6418811648242526,2.8202790699563107,-0.8989603995224109,1.4533855476227437
23,-1.2230541849523557,3.782805082416097,-0.6351145005217504,2.811544317155021,-0.8978334026354113,1.4480807323042733
24,-1.219810720973454,3.7760145190208694,-0.6281070043105714,2.8024885307241965,-0.8966635138431855,1.4425580882217919
25,-1.2164476310499814,3.7689583910711093,-0.6208659320283734,2.7931198976162186,-0.8954516292900581,1.4368198953652085
26,-1.2129671504545085,3.761639553671565,-0.6133987350382724,2.7834468363438774,-0.8941986744423662,1.4308685182231213
27,-1.2093715928320512,3.7540609645028242,-0.605713047638555,2.773477983950431,-0.892905603056414,1.4247064042932724
28,-1.2056633487081894,3.746225682199163,-0.5978166742568898,2.763222182747988,-0.8915733961193728,1.4183360825485516
29,-1.2018448839479874,3.738136864672345,-0.5897175764590801,2.7526884668544582,-0.8902030607621897,1.4117601618577629
30,-1.197918738168078,3.729797767383741,-0.581423859803124,2.741886048560051,-0.8887956291498311,1.4049813293666376
31,-1.1938875231002666,3.7212117415631587,-0.5729437605683738,2.730824304553331,-0.8873521573427554,1.398002348833148
32,-1.1897539209115153,3.7123822323792792,-0.5642856323913352,2.719512762038614,-0.8858737241421205,1.3908260589297967
33,-1.1855206824781035,3.7033127770595087,-0.5554579328375433,2.7079610847743565,-0.8843614299111429,1.3834553715054725
34,-1.1811906256162796,3.6940070029616243,-0.5464692099403403,2.696179059063623,-0.8828163953764546,1.3758932698108897
35,-1.1767666332716775,3.684468625599482,-0.53732808873649,2.684176579726805,-0.881239760416178,1.3681428066945225
36,-1.1722516516663828,3.674701446621734,-0.528043257828051,2.6719636360862724,-0.8796326828281259,1.3602071027626266
37,-1.167648688407204,3.664709351747135,-0.5186234559999658,2.659550297992684,-0.8779963370879106,1.3520893445133242
38,-1.1629608105542923,3.6544963086556113,-0.5090774589219,2.646946701921743,-0.8763319130912852,1.3437927824392732
39,-1.1581911426530627,3.6440663648380935,-0.4994140659625499,2.6341630371699134,-0.8746406148887945,1.3353207291072073
40,-1.1533428647290853,3.633423645404809,-0.4896420871436793,2.621209532176616,-0.8729236594087885,1.3266765572106003
41,-1.1484192102491457,3.6225723508552794,-0.4797703302609886,2.6080964410003147,-0.8711822751763737,1.3178636976032467
42,-1.1434234640481724,3.6115167548097498,-0.4698075881973349,2.594834029974292,-0.8694177010254502,1.308885637311128
43,-1.1383589602230706,3.600261201703142,-0.4597626264532304,2.5814325645673417,-0.8676311848036173,1.2997459175225616
44,-1.1332290799974742,3.5888101044455762,-0.44964417091937214,2.5679022964744442,-0.8658239820814813,1.2904481315684027
45,-1.1280372495555142,3.577167942047602,-0.4394608959135531,2.554253450960072,-0.8639973548558956,1.2809959228820518
46,-1.122786937848545,3.5653392572141276,-0.4292214125045348,2.5404962144770358,-0.8621525702574824,1.2713929829498616
47,-1.1174816543738786,3.5533286539061315,-0.418934257143317,2.5266407225816065,-0.8602908992572753,1.2616430492470203
48,-1.1121249469303152,3.541140794875005,-0.40860788062244,2.512697048165901,-0.8584136153825711,1.2517499031692392
49,-1.1067203993489994,3.528780399168083,-0.3982506373812258,2.4986751900257413,-0.8565219934363196,1.2417173679548321
50,-1.101271629201761,3.516252239607581,-0.3878707751744759,2.484585061781864,-0.8546173082216929,1.2315493065990777
51,-1.09578228548993,3.503561140245969,-0.3774764251213012,2.4704364811714727,-0.8527008332787638,1.2212496197680458
52,-1.0902560463142064,3.4907119737984145,-0.3670755921485689,2.4562391597249844,-0.8507738396318657,1.210822243710735
53,-1.084696616526902,3.4777096590536547,-0.3566761458426473,2.4420026928419807,-0.8488375945466027,1.2002711481687385
54,-1.0791077253687893,3.464559158265587,-0.3462858117218388,2.42773655027912,-0.8468933603006451,1.1896003342878625
55,-1.0734931240932692,3.451265474528343,-0.3359121629405817,2.4134500670614383,-0.8449423929740258,1.1788138325376685
56,-1.0678565835766212,3.437833649133657,-0.32556261243470064,2.399152434826691,-0.8429859412471208,1.1679157006274075
57,-1.0622018919195928,3.424268758915824,-0.3152444055163923,2.3848526936117693,-0.8410252452229844,1.156910021435299
58,-1.0565328520414994,3.4105759135855123,-0.30496461292631927,2.370559724088946,-0.839061535269326,1.1458009009467212
59,-1.0508532792639862,3.396760253049576,-0.29473012434657564,2.356282240256083,-0.8370960308697729,1.1345924661912445
60,-1.0451669988972059,3.382826944729734,-0.28454764238245955,2.3420287825890975,-0.8351299395165387,1.1232888632109226
61,-1.039477843815992,3.368781180867708,-0.27442367701173076,2.3278077116557654,-0.8331644556022733,1.1118942550179054
62,-1.0337896520404184,3.35462817583129,-0.26436454050630576,2.3136272021961677,-0.8312007593525805,1.100412819583163
63,-1.0281062643171563,3.3403731634177927,-0.2543763428264374,2.299495237670226,-0.8292400157762083,1.0888487478336177
64,-1.0224315217037094,3.3260213941570314,-0.2444649874847551,2.2854196052700875,-0.8272833736442005,1.077206241669287
65,-1.0167692631584795,3.3115781326168383,-0.23463616788074515,2.2714078913983187,-0.8253319644893096,1.0654895119920302
66,-1.0111233231412557,3.297048654715768,-0.22489536410089883,2.2574674776075287,-0.8233869016473347,1.0537027767678837
67,-1.005497529218915,3.282438245037838,-0.2152478401800595,2.243605536997344,-0.8214492793054425,1.0418502590883423
68,-0.9998956996902648,3.2677521941632888,-0.20569864182116815,2.2298290310663313,-0.8195201716034454,1.0299361852768858
69,-0.99432164121915,3.2529957960045617,-0.19625259456273358,2.2161447070085813,-0.8176006317458019,1.0179647829988239
70,-0.9887791464901874,3.2381743451619025,-0.18691430239139328,2.2025590954527208,-0.8156916911591796,1.0059402794096204
71,-0.9832719918807795,3.2232931342923115,-0.17768814678735634,2.189078508631538,-0.8137943586747828,0.9938668993212235
72,-0.977803935158224,3.2083574515007176,-0.16857828619631254,2.17570903897621,-0.81190961975309,0.9817488634043648
73,-0.9723787131872323,3.1933725777387565,-0.15958865591185778,2.162456558119574,-0.8100384356938539,0.9695903863700088
74,-0.9670000396953251,3.1783437842586784,-0.1507229683718445,2.1493267163122516,-0.8081817429883875,0.9573956752872999
75,-0.9616716030257706,3.163276330052115,-0.1419847138339485,2.1363249422173243,-0.8063404525629864,0.9451689277871907
76,-0.9563970639687533,3.1481754593644635,-0.13337716144534795,2.1234564430988483,-0.804515449223463,0.932914330462054
77,-0.9511800535535446,3.1330463991677195,-0.12490336065902707,2.110726205357126,-0.8027075908689768,0.9206360570297938
78,-0.9460241709951527,3.117894356785305,-0.11656614303591295,2.0981389954503435,-0.8009177081722642,0.9083382669598993
79,-0.9409329815402272,3.1027245174137263,-0.10836812434680831,2.085699361116934,-0.7991466037970159,0.8960251036325153
80,-0.9359100144575205,3.0875420417864436,-0.10031170702794912,2.0734116329528995,-0.7973950520215467,0.8837006929000197
81,-0.9309587609613896,3.0723520637684842,-0.09239908291765464,2.0612799262719532,-0.7956637979857173,0.8713691412683979
82,-0.9260826726308045,3.0571596884443544,-0.08463223641156281,2.0493081433863827,-0.7939535586450498,0.8590345357826997
83,-0.9212851585230357,3.041969988898469,-0.0770129475026331,2.0374999757752006,-0.7922650188200785,0.8467009390049592
84,-0.9165695849248752,3.0267880056310412,-0.06954279585437917,2.025858907288449,-0.7905988366700404,0.8343723934140169
85,-0.9119392715576118,3.011618742425708,-0.06222316403992745,2.0143882165206555,-0.7889556361513401,0.8220529127880303
86,-0.9073974887227345,2.996467163155941,-0.055055241195833715,2.0030909796027516,-0.7873360029379519,0.8097464770471692
87,-0.9029475167537513,2.981338250895699,-0.04804004683408536,1.9919700931562785,-0.7857407051398559,0.7974572518929408
88,-0.8984536172709594,2.966097978831222,-0.041133579596241976,1.9809834221942342,-0.7836676073247755,0.7846865017497477
89,-0.8943354422083392,2.951167718943223,-0.034470870810086374,1.9702678528293034,-0.7826244752403415,0.7729453934061612
90,-0.8901794242726433,2.9361356321196084,-0.027917956453623938,1.9596912633947068,-0.7811041395208039,0.7607301586403545
91,-0.8861276333721413,2.9211455242362576,-0.021519998787344896,1.9493006452389625,-0.7796102343284903,0.7485478317802592
92,-0.8821829340582161,2.906202003249139,-0.015277098139119705,1.9390979136793134,-0.7781428363831077,0.736401887651873
93,-0.8783482208926745,2.8913097142106903,-0.009189224137116758,1.9290848384095827,-0.776702309244703,0.7242960847818778
94,-0.8746263324117813,2.8764732528815404,-0.003256193638580429,1.9192630206106758,-0.7752889958518338,0.7122341568564717
95,-0.8710200471895673,2.8616971614402074,0.00252232482600645,1.9096338965836233,-0.7739032087982639,0.7002198019200627
96,-0.8675320825635658,2.84698592685399,0.008146805633642229,1.9001987423652649,-0.7725452298729579,0.6882566808389478
97,-0.8641650931567527,2.8323439790449014,0.013617860664929982,1.8909586783364198,-0.7712153085577881,0.6763484147247293
98,-0.8609216702571295,2.817775689912162,0.018936233613093933,1.8819146741254178,-0.7699136634682896,0.6644985853031484
99,-0.8578043408025423,2.8032853719589172,0.024102794413059292,1.8730675534001744,-0.7686404821183226,0.6527107336095337
100,-0.8548155666205711,2.788877277173082,0.029118533592078166,1.8644179987476828,-0.7673959213707866,0.6409883593733505
101,-0.8519577436165668,2.77455559585547,0.0339845566664958,1.8559665565166854,-0.7661801074837146,0.629334920001516
102,-0.849233201132321,2.7603244556177637,0.03870207850873886,1.847713641699773,-0.7649931365264542,0.6177538299355309
103,-0.8466442013178168,2.746187920392849,0.0432724177588415,1.8396595427809568,-0.7638350746148325,0.6062484598316497
104,-0.8441929386297111,2.7321499895712344,0.04769699124976423,1.8318044265797777,-0.7627059583706057,0.5948221359697422
105,-0.841881539352899,2.718214597159985,0.051977308492610286,1.8241483430461918,-0.7616057952272786,0.5834781395132479
106,-0.8397120612225113,2.7043856110416,0.05611496620705758,1.816691230021238,-0.7605345638720392,0.5722197059103152
107,-0.8376864931215149,2.69066683230806,0.06011164291081006,1.8094329179500015,-0.7594922147233558,0.5610500243359954
108,-0.8358067548380548,2.6770619946542857,0.06396909358722191,1.8023731345280436,-0.7584786703999165,0.5499722371315021
109,-0.834074696896032,2.6635747638445517,0.06768914443031493,1.795511509282388,-0.7574938262259333,0.5389894392858909
110,-0.8324921004586104,2.6502087372516354,0.07127368767780129,1.78884757807675,-0.7565375507780618,0.5281046779657265
111,-0.8310606772994317,2.6369674434635537,0.07472467653813575,1.782380787535303,-0.755609686457271,0.5173209520764025
112,-0.8297820698399028,2.623854341956326,0.07804412022020368,1.7761104993766437,-0.7547100500848369,0.5066412118546079
113,-0.8286578512535714,2.610872822833853,0.0812340790697188,1.7700359946542028,-0.7538384335311259,0.4960683585009201
114,-0.82768952563224,2.5980262066296347,0.0842966598195316,1.7641564778961587,-0.75299460436315,0.4856052438388314
115,-0.8268785282165532,2.585317744173145,0.0872340109563946,1.758471081142598,-0.752178306526072,0.47525467001569366
116,-0.8262262256853934,2.5727506165152647,0.09004831821085324,1.7529788678735212,-0.7513892610460331,0.46501938923327
117,-0.8257339165028439,2.560327934911605,0.09274180017242661,1.7476788368257923,-0.7506271667550509,0.45490210350894955
118,-0.8254028313215968,2.548052740862686,0.09531670403397463,1.7425699256953993,-0.7498917010429803,0.4449054644729231
119,-0.8252341334396641,2.5359280062078895,0.09777530146712476,1.7376510147233997,-0.7491825206310304,0.43503207319611836
120,-0.8252289193075938,2.5239566332704695,0.10011988463178634,1.7329209301627653,-0.7484992623668658,0.4252844800492193
121,-0.8253882190841703,2.5121414550516707,0.10235276232051527,1.728378447625611,-0.7478415440409981,0.4156651845927821
122,-0.825712997237337,2.5004852354707734,0.1044762562395416,1.724022295309214,-0.7472089652224039,0.406176635496667
123,-0.8262041531883515,2.4889906696491373,0.10649269742619205,1.719851157101326,-0.746601108115006,0.3968212304907208
124,-0.8268625219950447,2.477660384234205,0.10840442280402374,1.7158636755636743,-0.7460175384298442,0.38760131634182743
125,-0.8276888750729806,2.4664969377623214,0.11021377187386006,1.7120584547956685,-0.7454578062779457,0.3785191888626107
126,-0.828683920949294,2.4555028210552274,0.1119230835417413,1.708434063177507,-0.7449214470756469,0.36957709294383384
127,-0.8298483060484394,2.444680457649535,0.11353469308100095,1.7049890359956672,-0.7444079824687897,0.3607772226171863
128,-0.8311826155046664,2.434032204254067,0.1150509292282591,1.7017218779511676,-0.7439169212685797,0.3521217211415299
129,-0.8326873739993994,2.4235603512333186,0.11647411141067887,1.6986310655534513,-0.7434477604018642,0.3436126811156175
130,-0.83436304661985,2.4132671231134335,0.11780654710249872,1.6957150494020305,-0.742999985873865,0.33525214461560415
131,-0.8362100397351768,2.403154679107093,0.11905052930856808,1.6929722563583485,-0.742573073740421,0.32704210335465106
132,-0.8382287018878363,2.393225113655022,0.12020833417152743,1.69040109161136,-0.7421664910917767,0.31898449886692504
133,-0.8404193246959605,2.3834804569800263,0.12128221870001343,1.6879999406396067,-0.7417796970439023,0.3110812227122354
134,-0.8427821437640737,2.373922675650946,0.12227441861417276,1.6857671710736373,-0.7414121437378778,0.30333411670208565
135,-0.845317339598664,2.364553673153104,0.12318714630512062,1.6837011344622816,-0.7410632773455128,0.2957449731455573
136,-0.8480250385253418,2.3553752904620633,0.12402258890428852,1.6818001679469423,-0.7407325390800349,0.2883155351141071
137,-0.8509053136042621,2.3463893066174304,0.12478290645897328,1.680062595847724,-0.7404193662100328,0.28104749672369345
138,-0.8539581855410451,2.3375974392940195,0.12547023020954895,1.6784867311660339,-0.7401231930769494,0.2739425034347626
139,-0.8571836235893908,2.3290013453666303,0.12608666096426435,1.6770708770078433,-0.7398434521125614,0.267002152366762
140,-0.8605815464428341,2.3206026214659667,0.12663426756711993,1.6758133279321972,-0.7395795748570634,0.2602279926280163
141,-0.8641518231123926,2.312402804522515,0.12711508545411654,1.6747123712297702,-0.7393309929755588,0.25362152565899376
142,-0.8678942737869355,2.3044033722952677,0.12753111529355676,1.673766288135857,-0.7390971392711748,0.24718420558738877
143,-0.8718086706736532,2.296605743882762,0.12788432170529462,1.6729733549829777,-0.7388774486943029,0.24091743959473633
144,-0.8758947388155921,2.2890112802134412,0.12817663205448504,1.6723318442975947,-0.7386713593459429,0.23482258829273384
145,-0.880152156883492,2.281621284512659,0.12840993531491363,1.6718400258459158,-0.7384783134737516,0.22890096610808042
146,-0.8845805579394008,2.2744370027438663,0.128586080997105,1.6714961676336246,-0.7382977584598708,0.22315384167509172
147,-0.8891795301691512,2.2674596240211256,0.12870687813664028,1.671298536864145,-0.7381291477980105,0.21758243823376427
148,-0.8939486175816069,2.2606902809909277,0.1287740943376049,1.671245400860534,-0.7379719420596561,0.21218793403333785
149,-0.8988873206719474,2.25413005018065,0.12878945486681947,1.6713350279553738,-0.7378256098467808,0.2069714627389161
150,-0.9039950970468967,2.2477799523116224,0.1287546417940464,1.6715656883534764,-0.7376896287302857,0.20193411384054433
151,-0.9092713620096513,2.2416409525746186,0.1286712931736973,1.671935654971871,-0.7375634861723742,0.19707693306311502
152,-0.9147154891024499,2.235713960865781,0.12854100226367693,1.6724432042614281,-0.737446680431473,0.1924009227758791
153,-0.9203268106048086,2.2299998319810648,0.12836531677692198,1.6730866170145533,-0.7373387214481582,0.18790704240018102
154,-0.9261046179857318,2.22449936576758,0.1281457381616582,1.6738641791628834,-0.737239131710872,0.18359620881434874
155,-0.932048162308019,2.2192133072299978,0.12788372090622824,1.674774182569116,-0.7371474470995782,0.1794692967540401
156,-0.9381566545832585,2.21414234659069,0.12758067186470412,1.6758149258166986,-0.7370632177063083,0.17552713920713442
157,-0.9444292660759889,2.2092871193021395,0.12723794959968415,1.6769847150009354,-0.7369860086309381,0.17177052780164487
158,-0.9508651285557895,2.204648206010427,0.12685686373872462,1.6782818645249957,-0.7369154007509457,0.16820021318553552
159,-0.9574633344961125,2.200226132468691,0.12643867434126366,1.6797046979038974,-0.7368509914637256,0.16481690539713445
160,-0.9642229372188794,2.196021369399623,0.1259845912729839,1.6812515485794468,-0.7367923954001845,0.16162127422499767
161,-0.9711429509839423,2.1920343323061626,0.1254957735848381,1.6829207607488135,-0.7367392451082725,0.1586139495559773
162,-0.9782223510227323,2.188265381229776,0.12497332889431045,1.6847106902090856,-0.7366911917052301,0.15579552171039185
163,-0.9854600735155161,2.184714820455786,0.12441831276650095,1.6866197052201048,-0.7366479054974258,0.15316654176326888
164,-0.9928550155118632,2.1813828981654195,0.12383172809329612,1.6886461873872187,-0.7366090765664493,0.15072752185042043
165,-1.0004060347940604,2.178269806034366,0.12321452446871883,1.69078853256572,-0.7365744153205451,0.14847893545852536
166,-1.0081119496834279,2.175375678777841,0.12256759755921387,1.6930451517881147,-0.7365436530102873,0.14642121769820315
167,-1.0159715387895358,2.1727005936422286,0.12189178846778637,1.69541447221514,-0.7365165422073712,0.14455476555903207
168,-1.02398354070267,2.1702445698436854,0.12118788309114459,1.6978949381112605,-0.7364928572458624,0.1428799381459228
169,-1.0321466536298463,2.168007567954069,0.12045661146954822,1.700485011844769,-0.7364723946247782,0.14139705689578524
170,-1.0404595349750578,2.16598948923492,0.11969864712912759,1.7031831749125859,-0.7364549733714205,0.1401064057739725
171,-1.0489208008644455,2.1641901749202432,0.11891460641700102,1.7059879289892537,-0.7364404353646402,0.13900823144973012
172,-1.0575290256173548,2.1626094054490963,0.1181050478297021,1.7088977969994394,-0.7364286456174113,0.13810274345007745
173,-1.06628274116439,2.1612468996491496,0.11727047133590562,1.711911324212777,-0.7364194925181764,0.1373901142916239
174,-1.0751804364137707,2.16010231387257,0.11641131769465307,1.71502707935966,-0.7364128880304732,0.13687047958986404
175,-1.0842205565674603,2.159175241085737,0.11552796777071628,1.7182436557661447,-0.7364087678504525,0.13654393814559074
176,-1.0934015023887382,2.158465209914527,0.11462074184912763,1.7215596725057343,-0.7364070915219253,0.13641055200808927
177,-1.1027216294230833,2.157971683647058,0.11368989895110448,1.7249737755656032,-0.7364078425087788,0.1364703465149626
178,-1.112179247174404,2.1576940591959923,0.11273563615411153,1.7284846390242952,-0.7364110282245921,0.13672331030843454
179,-1.1217726182388874,2.1576316660226977,0.11175808791905306,1.7320909662376844,-0.7364166800193741,0.13716939532805633
180,-1.131499957398821,2.1577837650256826,0.11075732542795047,1.7357914910296057,-0.7364248531233879,0.1378085167797774
181,-1.1413594306791492,2.1581495473960906,0.10973335593579392,1.7395849788832223,-0.736435626548408,0.13864055308171902
182,-1.1513491543694274,2.158728133442965,0.10868612214061657,1.7434702281288446,-0.7364491029462348,0.1396653457864624
183,-1.161467194014353,2.1595185713915117,0.10761550157609046,1.7474460711236388,-0.7364654084251587,0.14088269948052357
184,-1.1717115633759665,2.1605198361574813,0.10652130603132204,1.7515113754182887,-0.7364846923244338,0.14229238166104563
185,-1.182080223370989,2.161730828101176,0.10540328100279339,1.755665044905407,-0.7365071269473302,0.1438941225902473
186,-1.1925710809868764,2.1631503717647087,0.10426110518367926,1.7599060209441755,-0.7365329072532867,0.14568761512811318
187,-1.2031819881804175,2.164777214596366,0.10309438999599174,1.764233283455503,-0.7365622505098339,0.14767251454394387
188,-1.2139107407627865,2.1666100256660323,0.1019026791713955,1.7686458519815584,-0.7365953959047726,0.14984843830720906
189,-1.2247550772752884,2.168647394375939,0.10068544838657922,1.7731427867035068,-0.7366326041196494,0.15221496585868105
190,-1.2357126778601069,2.170887829171087,0.0994421049594244,1.7777231894109145,-0.7366741568651167,0.15477163836237834
191,-1.2467811631305543,2.173329756253872,0.09817198761239354,1.7823862044160907,-0.7367203563791744,0.1575179584392442
192,-1.257958093045581,2.175971518307707,0.09687436630961055,1.7871310194065946,-0.7367715248893161,0.16045338988351143
193,-1.2692409657932937,2.1788113732344168,0.0955484421744216,1.7919568662287948,-0.7368280040394097,0.1635773573624989
194,-1.2806272166886195,2.1818474929105722,0.09419334749417485,1.7968630215954327,-0.7368901542826964,0.1668892461011388
195,-1.2921142170900997,2.1850779619677803,0.09280814581925001,1.8018488077098336,-0.7369583542416018,0.17038840155183776
196,-1.3036992733413555,2.1885007766024924,0.09139183216308655,1.8069135927996824,-0.7370330000361988,0.17407412905140773
197,-1.3153796257422945,2.192113843420442,0.08994333331061755,1.8120567915526342,-0.737114504581651,0.1779456934652971
198,-1.327152447555953,2.195914978321609,0.08846150824156973,1.8172778654469426,-0.7372032968568978,0.18200231882126738
199,-1.3390148440563214,2.199901905431108,0.08694514867613423,1.8225763229692868,-0.7372998211450703,0.18624318793289235
200,-1.350963851623042,2.2040722560818944,0.08539297974956062,1.8279517197128652,-0.7374045362475199,0.19066744201463826
201,-1.3629964368886873,2.2084235678550312,0.08380366082267321,1.8334036583484306,-0.7375179146725527,0.19527418028949078
202,-1.3751094959444903,2.212953283683401,0.08217578643489487,1.8389317884613139,-0.7376404418003482,0.20006245959047458
203,-1.3872998536104029,2.2176587510247696,0.08050788740633052,1.8445358062475299,-0.7377726150255315,0.20503129395739317
204,-1.3995642627754115,2.2225372211101386,0.07879843209520987,1.8502154540622993,-0.7379149428787478,0.21017965423000057
205,-1.4118994038140247,2.227585848273333,0.07704582781671276,1.8559705198145988,-0.7380679441288636,0.2155064676390685
206,-1.4243018840847557,2.232801689367651,0.07524842242899721,1.8618008362015546,-0.7382321468669681,0.22101061739637845
207,-1.4367682375165425,2.2381817032755515,0.07340450609189897,1.8677062797768236,-0.738408087573958,0.22669094228525077
208,-1.4492949242888586,2.2437227505171267,0.0715123132033273,1.8736867698475779,-0.7385963101729814,0.2325462362527298
209,-1.4618783306112517,2.2494215929631345,0.06957002451812755,1.8797422671949358,-0.7387973650684054,0.2385752480049096
210,-1.474514768607879,2.2552748936581537,0.06757576945376031,1.885872772613101,-0.7390118081725032,0.24477668060642357
211,-1.487200476312542,2.2612792167593945,0.06552762858648353,1.8920783252631568,-0.739240199921622,0.25114919108567935
212,-1.4999316177795854,2.2674310275965177,0.0634236363414643,1.898359000837683,-0.7394831042830763,0.25769139004689
213,-1.512704283315761,2.2737266928576028,0.061261783879553056,1.9047149095330884,-0.7397410877544109,0.26440184129035715
214,-1.5255144898380792,2.280162480906268,0.05904002218299231,1.9111461938269916,-0.7400147183563344,0.2712790614421119
215,-1.538358181362293,2.286734562234615,0.056756265341602496,1.91765302605871,-0.7403045646207471,0.27832151959413015
216,-1.5512312296266255,2.293439010056611,0.05440839404056874,1.9242356058113468,-0.740611194575453,0.28552763695650485
217,-1.5641294348548445,2.30027180104601,0.051994259249982355,1.9308941570949285,-0.7409351747266855,0.2928957865225002
218,-1.5770485266625702,2.3072288162227204,0.04951168611609291,1.9376289253302241,-0.7412770690408276,0.3004242927476395
219,-1.589984165110701,2.3143058419914877,0.046958478052746555,1.944440174134399,-0.7416374379271897,0.30811143124447865
220,-1.602931941908826,2.321498571335781,0.0443324210317928,1.9513281819092922,-0.7420168372223503,0.31595542849333835
221,-1.6158873817718629,2.3288026051701167,0.041631288069343575,1.9582932382350635,-0.7424158171781453,0.32395446157085217
222,-1.6288459439321437,2.3362134538530386,0.038852843905081924,1.9653356400715887,-0.7428349214538538,0.3321066578966404
223,-1.6418030238093297,2.3437265388631427,0.0359948498701661,1.9724556877716726,-0.7432746861143968,0.3404100949996915
224,-1.6547539548397414,2.351337194639728,0.033055068939005006,1.9796536809103955,-0.7437356386357118,0.3488628003053631
225,-1.6676940104664093,2.3590406705893705,0.03003127095914282,1.9869299139359584,-0.7442182969184067,0.35746275094386293
226,-1.6806184062903031,2.366832133258892,0.026921238052788565,1.9942846716480866,-0.7447231683100759,0.366207873580335
227,-1.6935223023839752,2.3747066686759286,0.023722770182484032,2.001718224511106,-0.745250748639828,0.3750960442698511
228,-1.7064008057661026,2.3826592848556016,0.020433690873117083,2.009230823809076,-0.7458015212623716,0.3841250883343846
229,-1.719248973037706,2.3906849144740496,0.017051853080858104,2.01682269665201,-0.746375956116641,0.393292780266486
230,-1.7320618131779835,2.3987784177067506,0.013575145199599126,2.0244940408422023,-0.746974508797466,0.4025968436579056
231,-1.7448342904986052,2.4069345852304864,0.010001497193944608,2.0322450196112154,-0.7475976196427611,0.4120349511553476
232,-1.7575613277537885,2.4151481413862297,0.006328886847978277,2.040075756237916,-0.7482457128355526,0.42160472444241315
233,-1.770237809404265,2.4234137475010926,0.0025553461169938174,2.0479863285599595,-0.7489191955242313,0.4313037342508377
234,-1.7828585850309742,2.4317260053651197,-0.001321032430302349,2.0559767633908437,-0.7496184569590176,0.4411295003987189
235,-1.7954184728962144,2.440079460860678,-0.005302089092775963,2.0640470308557863,-0.7503438676496962,0.45107949186051366
236,-1.8079122636466092,2.448468607738757,-0.009389590455502583,2.0721970386605113,-0.7510957785414258,0.46115112686531445
237,-1.8203347241532528,2.456887891537556,-0.01358522276062013,2.0804266263071107,-0.7518745202093144,0.471341773023808
238,-1.8326806014860206,2.4653317136402997,-0.017890585246783663,2.088735559272994,-0.7526804020794916,0.4816487474913427
239,-1.8449446270138903,2.4737944354641384,-0.022307183472855874,2.0971235231681726,-0.7535137116694324,0.4920693171595688
240,-1.8571215206247182,2.4822703827735344,-0.02683642264197128,2.1055901178866403,-0.7543747138481877,0.5026006988769991
241,-1.869205995062115,2.490753850115775,-0.0314796009452607,2.1141348517707548,-0.755263650128095,0.513240059709755
242,-1.8811927603677974,2.4992391053669625,-0.03623790294092033,2.1227571358039414,-0.7561807379767438,0.5239845172309773
243,-1.893076528424213,2.507720394383256,-0.04111239298771241,2.1314562778504276,-0.7571261701551281,0.5348311398445063
244,-1.9048520175861856,2.5161919457460917,-0.046104008750250225,2.140231476958997,-0.7581001140739487,0.545776947134494
245,-1.91651395740449,2.524647975604269,-0.05121355479893275,2.149081817753266,-0.7591027111989314,0.5568189102714904
246,-1.9280570934167585,2.533082692588271,-0.05644169631706708,2.1580062649206635,-0.7601340764615339,0.5679539524310657
247,-1.9394761920089139,2.5414903028000033,-0.061788952940572184,2.167003657825148,-0.7611942977076355,0.5791789492572348
248,-1.9507660453305504,2.5498650148613318,-0.06725569274413878,2.1760727052571873,-0.7622834351666272,0.5904907293527815
249,-1.9619214762641262,2.5582010450212613,-0.07284212639980803,2.1852119803466192,-0.763401520964307,0.6018860748195707
250,-1.9729373434351722,2.5664926223089353,-0.0785483015235009,2.1944199156535733,-0.7645485586732536,0.6133617218421777
251,-1.9838085462377915,2.574733993706692,-0.08437409722473443,2.203694798452366,-0.765724522854556,0.6249143612684023
252,-1.9945300298842714,2.582919429351979,-0.09031921888590855,2.2130347662344025,-0.7669293586441208,0.6365406392395463
253,-2.005096790489877,2.5910432277791506,-0.09638319319462552,2.222437802453232,-0.7681629814474478,0.648237157934019
254,-2.015503880114829,2.599099721123135,-0.10256536342850664,2.23190173251089,-0.7694252765444265,0.6600004762254871
255,-2.025746411802345,2.6070832803238,-0.10886488502347014,2.2414242200161754,-0.7707160987490782,0.6718271104001641
256,-2.035819564668433,2.6149883203866797,-0.11528072147233592,2.2510027633614085,-0.7720352723053369,0.6837135351139864
257,-2.0457185888001277,2.6228093054567236,-0.12181164047921622,2.2606346925428333,-0.7733825903723418,0.6956561839428235
258,-2.0554388103774937,2.630540754120339,-0.12845621055071477,2.2703171664053694,-0.7747578152855443,0.7076514507116743
259,-2.0649756361752134,2.6381772440915277,-0.13521279774106842,2.2800471700285607,-0.7761606772104035,0.7196956892192944
260,-2.074324559360926,2.6457134181992235,-0.14207956321343818,2.2898215129156325,-0.7775908768058021,0.7317852169750404
261,-2.0834811628827454,2.65314398796824,-0.1490544604166344,2.299636826784654,-0.7790480810626137,0.7439163121130226
262,-2.092441126560401,2.6604637409082175,-0.1561352339457338,2.309489565029992,-0.7805319301303699,0.7560852212961682
263,-2.101200233132287,2.667667546762823,-0.1633194182551827,2.3193760020223673,-0.7820420419755096,0.7682881654533451
264,-2.1097457394816783,2.674741728942408,-0.17060154406452188,2.3292894400873942,-0.7835528104235151,0.7804961389014959
265,-2.118099247759231,2.681706935857217,-0.1779870070944245,2.339234078800022,-0.7851385297734889,0.7927800350410001
266,-2.1262317184141675,2.6885331541634887,-0.18546456034009706,2.3491975078016756,-0.7867253339237086,0.805062586562459
267,-2.134147300962742,2.6952235397510016,-0.19303345868683208,2.3591778519446587,-0.7883358239126715,0.8173629940690611
268,-2.141842563503444,2.701773647481488,-0.2006902423165151,2.369170555212343,-0.7899701115068378,0.8296779707454109
269,-2.149313973324193,2.7081789120231097,-0.20843116972561715,2.3791708142354775,-0.7916276119657265,0.8420035362031125
270,-2.156558126718418,2.7144348778978475,-0.21625229003850244,2.3891736510881967,-0.7933077099460841,0.8543356834644966
271,-2.163571753416613,2.720537204148359,-0.2241494452069468,2.3991739159544223,-0.7950097626209307,0.8666703831599507
272,-2.1703517179479848,2.726481665938846,-0.23211827196418122,2.409166289532741,-0.7967330937776977,0.8790035787027175
273,-2.1768950246371856,2.7322641597949007,-0.2401542053750294,2.4191452870211387,-0.7984769992807705,0.891331192826142
274,-2.1831988198221906,2.7378807060683283,-0.24825248209989637,2.4291052617991484,-0.800240744802607,0.9036491263871875
275,-2.1892603950528673,2.743327452386441,-0.2564081444801354,2.439040409914732,-0.8020235670344432,0.9159532606468993
276,-2.1950771897753567,2.7486006765908955,-0.2646160450009296,2.448944774931875,-0.8038246739355008,0.9282394585863822
277,-2.2006467940169756,2.7536967896807334,-0.27287085128910626,2.4588122532961276,-0.8056432455474762,0.9405035667847399
278,-2.205966950691151,2.7586123383790677,-0.281167051520254,2.468636600092274,-0.807478434276556,0.9527414167608776
279,-2.2110355577956557,2.7633440075966536,-0.28949896031684297,2.4784114352757136,-0.8093293654455366,0.964948826581412
280,-2.215850670472011,2.7678886227601294,-0.29786072511607165,2.4881302503560825,-0.811195138032777,0.9771216026510787
281,-2.2204105027978738,2.7722431518767157,-0.30624633296375503,2.49778641548932,-0.8130748252247474,0.9892555413120728
282,-2.2247134294089865,2.7764047074318627,-0.31464961775007083,2.5073731869938367,-0.8149674750715512,1.0013464305413546
283,-2.2287579869447507,2.7803705481138885,-0.3230642678765654,2.5168837152800787,-0.8168721112226153,1.0133900517227983
284,-2.2325428752880723,2.7841380803361577,-0.33148383432831174,2.526311053167241,-0.8187877336709479,1.025382181422243
285,-2.236066958603574,2.7877048595608747,-0.3399017391417456,2.5356481645775664,-0.8207133195027989,1.0373185931619562
286,-2.2393292661915853,2.791068591441814,-0.34831128425472824,2.5448879335946524,-0.8226478237134214,1.0491950592548889
287,-2.242328993141385,2.794227132769423,-0.356705660717229,2.5540231738640875,-0.8245901800298632,1.0610073526393162
288,-2.2450655008039804,2.7971784922385075,-0.36507795824984046,2.5630466383235246,-0.8265393018004475,1.0727512487732098
289,-2.247538317060371,2.7999208310143917,-0.3734211751229095,2.571951029234909,-0.8284940828736007,1.0844225275106743
290,-2.249747136412533,2.802452463124737,-0.38172822834331654,2.5807290085058154,-0.8304533985366288,1.0960169750307402
291,-2.251691819883128,2.804771855662942,-0.38999196412232795,2.5893732082732672,-0.8324161064697664,1.1075303857735135
292,-2.2533723947326725,2.806877628811808,-0.3982051686028423,2.597876241728293,-0.8343810477316451,1.1189585643995217
293,-2.2547890539965967,2.808768555689844,-0.4063605788241835,2.606230714159343,-0.8363470477697136,1.130297327765477
294,-2.255942155847067,2.8104435620249997,-0.41445089389875345,2.6144292341888313,-0.8383129174632825,1.1415425069238265
295,-2.2568322227786437,2.8119017256548577,-0.4224687863750589,2.6224644251773013,-0.8402774541831175,1.1526899491297027
296,-2.2574599406264673,2.8131422758618907,-0.43040691376238693,2.630328936770457,-0.8422394428818004,1.1637355198691972
297,-2.2578261574193217,2.814164592546089,-0.43825793019047343,2.6380154565624085,-0.8441976572062648,1.1746751049000657
298,-2.2579318820692853,2.814968205236583,-0.4460144981762384,2.6455167218471933,-0.8461508606256017,1.1855046122976618
299,-2.2577782829075845,2.8155527919518213,-0.4536693004717711,2.6528255314327724,-0.8480978075880096,1.1962199745196858
300,-2.257366686067784,2.815918177909365,-0.46121505196465273,2.6599347574885925,-0.850037244693896,1.206817150476467
301,-2.2566985737208105,2.816064334089741,-0.46864451160309795,2.6668373573992317,-0.8519679118819595,1.2172921276033166
302,-2.255775582171916,2.8159913756643653,-0.4759504943180741,2.6735263855963134,-0.8538885436448284,1.2276409239512538
303,-2.2545994998155248,2.815699560283442,-0.48312588291254976,2.6799950053388812,-0.8557978702430521,1.2378595902646221
304,-2.2531722649640233,2.8151892862398067,-0.49016363989197376,2.686236500416391,-0.8576946189482124,1.247944212076079
305,-2.251495963547686,2.8144610905058585,-0.4970568192056537,2.692244286744035,-0.8595775152903908,1.257890911793938
306,-2.249572826693663,2.8135156466514086,-0.5037985778715628,2.698011923823008,-0.8614452843158692,1.2676958507874656
307,-2.2474052281928403,2.812353762651213,-0.5103821874577872,2.7035331260389954,-0.8632966518618146,1.2773552314766174
308,-2.2449956818541366,2.8109763785816755,-0.5168010453912841,2.7088017737696304,-0.8651303458309805,1.286865299408997
309,-2.2423468387567893,2.809384564217189,-0.5230486860684549,2.7138119242755296,-0.8669450974773962,1.2962223453347452
310,-2.2394614844040333,2.807579516529467,-0.5291187917400888,2.7185578223475515,-0.8687396426971097,1.3054227072731768
311,-2.236342535783148,2.8055625570947593,-0.535005203144876,2.7230339106845904,-0.8705127233184438,1.314462772565379
312,-2.2329930383399472,2.8033351294169577,-0.5407019298665849,2.7272348399771102,-0.8722630883988414,1.323338979919608
313,-2.2294161628701183,2.8008987961689185,-0.5462031603895381,2.731155478671191,-0.8739894955180163,1.332047821438952
314,-2.2256152023358924,2.7982552363604256,-0.5515032718296176,2.734790922390429,-0.8756907120721584,1.340585844635787
315,-2.221593568610946,2.79540624243561,-0.5565968393170158,2.7381365029920754,-0.8773655165628331,1.3489496544264312
316,-2.217354789161099,2.792353717307326,-0.561478645009639,2.7411877972364396,-0.8790126998831267,1.3571359151083247
317,-2.2129025036644143,2.7890996713320027,-0.5661436867157963,2.743940635048366,-0.8806310665948585,1.365141352313338
318,-2.208240460577175,2.7856462192313964,-0.570587186106625,2.7463911073514033,-0.8822194361998184,1.3729627549399503
319,-2.2033725136500473,2.781995576965455,-0.5748045964996387,2.748535573456196,-0.8837766443988976,1.3805969770579605
320,-2.1983026184005503,2.778150058562359,-0.578791610196006,2.7503706679859192,-0.885301544342316,1.3880409397887197
321,-2.1930348285452075,2.7741120729090247,-0.5825441653553594,2.7518933073227307,-0.8867930078627375,1.3952916331524852
322,-2.187573292398472,2.7698841205091083,-0.586058452393388,2.7531006955606734,-0.8882499266979406,1.4023461178893686
323,-2.1819222492407615,2.7654687902107478,-0.5893309198885612,2.753990329951606,-0.8896712136924393,1.4092015272430687
324,-2.176086025662819,2.760868755911209,-0.5923582799861897,2.754560005832552,-0.8910558039851539,1.4158550687143259
325,-2.170069031888248,2.756086773240189,-0.5951375132885748,2.754807821023456,-0.8924026561725278,1.4223040257732926
326,-2.1638757580815686,2.751125676229063,-0.5976658732226059,2.7547321796869046,-0.8937107534551605,1.42854575953873
327,-2.1575107706432055,2.745988373967409,-0.5999408898763838,2.7543317956416606,-0.8949791047562314,1.4345777104121347
328,-2.1509787084982395,2.740677847253555,-0.6019603732990293,2.7536056951243566,-0.8962067458195726,1.440397399674475
329,-2.144284279381111,2.735197145241279,-0.6037224162584831,2.7525532189944477,-0.8973927402784092,1.4460024310364215
330,-2.1374322561213415,2.7295493820876486,-0.6052253964540211,2.7511740243793614,-0.8985361806988024,1.4513904921459326
331,-2.1304274729334196,2.723737733605065,-0.6064679781816273,2.74946808575827,-0.8996361895913594,1.4565593560466206
332,-2.123274821715019,2.7177654339216035,-0.6074491134517366,2.7474356954842465,-0.9006919203941997,1.4615068825897486
333,-2.115979248357397,2.7116357721534423,-0.6081680425606291,2.745077463746366,-0.9017025584238383,1.4662310197963726
334,-2.1085457490702297,2.7053520890915346,-0.6086242941176512,2.7423943179741963,-0.9026673217905881,1.470729805166113
335,-2.100979366725903,2.6989177739074925,-0.6088176845325801,2.7393875016892877,-0.9035854622818087,1.4750013669357465
336,-2.0932851872251734,2.692336260880502,-0.6087483169683074,2.7360585728091142,-0.9044562662074568,1.4790439252819598
337,-2.0854683358878288,2.685611026148842,-0.6084165797656913,2.7324094014106253,-0.9052790552083338,1.4828557934685485
338,-2.077533973871682,2.6787455844892505,-0.6078231443487807,2.728442166961898,-0.9060531870273261,1.4864353789382416
339,-2.069487294621853,2.671743486126033,-0.606968962619628,2.7241593550314205,-0.9067780562391152,1.4897811843445388
340,-2.061333520353971,2.6646083135734555,-0.6058552638536561,2.7195637534862858,-0.907453094940355,1.4928918085254475
341,-2.053077898573795,2.657343678513866,-0.6044835511074926,2.714658448191516,-0.9080777733985252,1.4957659474172502
342,-2.044725698635102,2.6499532187132955,-0.6028555971521607,2.7094468182237366,-0.908651600656962,1.4984023949057161
343,-2.036282208339401,2.6424405949780434,-0.6009734399462565,2.703932530614162,-0.9091741250978118,1.5008000436164168
344,-2.027752730578352,2.6348094881530426,-0.5988393776640242,2.6981195346361213,-0.9096449349583666,1.5029578856395447
345,-2.0191425800230585,2.627063596166102,-0.5964559632952076,2.692012055654353,-0.9100636588054914,1.5048750131938697
346,-2.0104570798599237,2.6192066311176405,-0.5938259988332149,2.685614588552933,-0.9104299659610495,1.5065506192226816
347,-2.0017015585774613,2.611242316420238,-0.5909525290706088,2.678931890761216,-0.9107435668832948,1.5079839979266363
348,-1.9928813468040394,2.6031743839878936,-0.5878388350202011,2.671968974896394,-0.9110042134994303,1.5091745452286507
349,-1.984001774199604,2.5950065714779877,-0.584488426981933,2.664731101043217,-0.9112116994917843,1.510121759173262
350,-1.9750681664026208,2.5867426195870933,-0.5809050372757725,2.6572237686914812,-0.9113658605357189,1.510825240258527
351,-1.9660858420335594,2.5783862694018973,-0.5770926126616522,2.6494527083526327,-0.9114665744888361,1.5112846916999962
352,-1.9570601097572606,2.569941259807501,-0.5730553064681327,2.6414238728775774,-0.9115137615324338,1.511499919627693
353,-1.9479962654045557,2.5614113249534003,-0.5687974704516443,2.633143428497891,-0.9115073842630032,1.51147083321387
354,-1.938899589155364,2.552800191779292,-0.5643236464088106,2.6246177456133166,-0.9114474477357137,1.5111974447334802
355,-1.929775342784132,2.544111577601504,-0.5596385575646368,2.615853389348705,-0.9113339994587797,1.510679869556247
356,-1.9206287669684898,2.5353491877608594,-0.5547470997593076,2.6068571099035145,-0.9111671293380939,1.5099183260697229
357,-1.9114650786630139,2.52651671333378,-0.549654332457008,2.5976358327176814,-0.9109469695742621,1.5089131355354781
358,-1.902289468537897,2.517617828906378,-0.5443654695997144,2.588196648477167,-0.9106736945091582,1.5076647218755477
359,-1.893107098484693,2.508656190413618,-0.5388858703293826,2.5785468029830154,-0.9103475204254547,1.5061736113926134
360,-1.883923099188903,2.499635433043257,-0.5332210296015878,2.568693686907353,-0.9099687052972274,1.504440432422048
361,-1.8747425677708287,2.4905591692059152,-0.5273765687137921,2.5586448254598997,-0.9095375484927185,1.5024659149169297
362,-1.865570565494838,2.481430986571358,-0.5213582257709837,2.5484078679881224,-0.9090543904296424,1.5002508899664553
363,-1.8564121155481366,2.4722544461720126,-0.5151718461114183,2.5379905775341607,-0.9085196121841685,1.4977962892489263
364,-1.8472722008889524,2.4630330805735596,-0.5088233727146552,2.5274008203711147,-0.9079336350525535,1.4951031444183331
365,-1.8381557621650848,2.453770392113487,-0.5023188366138827,2.5166465555410724,-0.9072969200681067,1.4921725864272697
366,-1.8290676957026812,2.4444698512073963,-0.4956643473339226,2.5057358244166803,-0.9066099674721758,1.4890058447849408
367,-1.8200128515659935,2.435134894723758,-0.4888660833759355,2.494676740307662,-0.9058733161420223,1.4856042467531805
368,-1.8109960316880696,2.425768924427,-0.4819302827692675,2.483477478133143,-0.9050875429756557,1.481969216480643
369,-1.802021988071831,2.4163753054883115,-0.4748632337100126,2.4721462641797327,-0.9042532622313526,1.4781022740729597
370,-1.793095421063235,2.406957365065813,-0.4676712653058607,2.46069136596536,-0.9033711248302212,1.4740050346073128
371,-1.7842209776945726,2.3975183909520523,-0.4603607384452506,2.4491210822272516,-0.9024418176146614,1.469679207084367
372,-1.7754032500991657,2.38806163029006,-0.4529380368088318,2.4374437330524916,-0.9014660625690961,1.4651265933240336
373,-1.7666467739966876,2.3785902883571035,-0.4454095580400117,2.42566765016831,-0.9004446160029222,1.460349086805112
374,-1.7579560272489114,2.369107527415885,-0.43778170509079073,2.4138011674087205,-0.8993782676947941,1.4553486714480446
375,-1.7493354284857885,2.359616465633034,-0.43006087775809654,2.401852611373112,-0.8982678400031633,1.4501274203458059
376,-1.7407893358012212,2.3501201760641903,-0.42225346442508616,2.3898302922916614,-0.8971141869407067,1.4446874944406953
377,-1.7323220455182133,2.3406216857053064,-0.41436583402078164,2.3777424951113337,-0.8959181932164719,1.4390311411509757
378,-1.7239377910231044,2.331123974609806,-0.4064043282108418,2.3655974708156657,-0.8946807732467881,1.4331606929485468
379,-1.7156407416676436,2.321629975070312,-0.3983752538308616,2.3534034279901292,-0.8934028701340044,1.4270785658868523
380,-1.7074350017391813,2.3121425708651535,-0.39028487557311753,2.341168524644371,-0.8920854546184758,1.420787258084574
381,-1.6993246094974248,2.3026645965680306,-0.3821394089363115,2.328900860301295,-0.8907295240014506,1.4142893481629344
382,-1.6913135362777534,2.29319883692081,-0.37394501344727804,2.3166084683623205,-0.8893361010435805,1.4075874936414632
383,-1.6834056856595372,2.2837480262677987,-0.36570778616226285,2.30429930875684,-0.8879062328372739,1.4006844292906235
384,-1.6756048926995277,2.2743148480515405,-0.35743375545481193,2.291981260883274,-0.8864409896592209,1.393582965447782
385,-1.6679149232280226,2.2649019343677628,-0.349128875095865,2.2796621168477254,-0.8849414637979292,1.3862859862915395
386,-1.6603394732084058,2.2555118655800372,-0.34079901863132,2.2673495750058734,-0.8834087683648906,1.378796448083211
387,-1.6528821681579877,2.246147169992012,-0.3324499740607263,2.2550512338121367,-0.881844036087156,1.3711173773734184
388,-1.6455465626289834,2.236810323576015,-0.3240874388202609,2.242774585979657,-0.8802484180815981,1.363251869174265
389,-1.6383361397495002,2.2275037497578345,-0.3157170150721519,2.2305270129536168,-0.8786230826179033,1.35520308510431
390,-1.6312543108221587,2.218229819255261,-0.3073442053016069,2.218315779699342,-0.8769692138659653,1.3469742515022356
391,-1.6243044149801515,2.2089908499701427,-0.2989744082217185,2.206148029806015,-0.8752880106343013,1.3385686575160027
392,-1.6174897188983528,2.199789106931518,-0.29061291498566166,2.1940307809056887,-0.8735806850961355,1.3299896531643691
393,-1.6108134165595862,2.1906268022898785,-0.28226490570497176,2.1819709204067315,-0.871848461511072,1.321240647378888
394,-1.6042786290732098,2.1815060953596888,-0.2739354462715905,2.1699752015397724,-0.8700925749371007,1.3123251060213548
395,-1.5978884045457442,2.172429092709824,-0.2656294854807577,2.1580502397135595,-0.8683142699407731,1.3032465498847559
396,-1.5916457180017902,2.163397848300146,-0.2573518524511933,2.146202509177531,-0.8665147993036856,1.294008552676086
397,-1.5855534713533799,2.154414363662297,-0.24910725433787573,2.1344383399867453,-0.8646954227272572,1.2846147389832483
398,-1.5796144934167176,2.1454805881236414,-0.2409002743325378,2.1227639152646396,-0.8628574055379817,1.2750687822284503
399,-1.5738315399749874,2.136598419072975,-0.23273536994620359,2.1111852687582653,-0.8610020173964612,1.2653744026116465
400,-1.5682072938850218,2.127769702265767,-0.2246168715671345,2.0997082826797064,-0.8591305310082104,1.255535365042259
401,-1.562744365226505,2.118996232167557,-0.2165489812875211,2.0883386858273427,-0.8572442208396909,1.2455554770628785
402,-1.5574452914928152,2.110279752334572,-0.20853577199145146,2.077082051979805,-0.855344361843601,1.2354385867692286
403,-1.552312537820888,2.1016219558289193,-0.2005811866960998,2.0659437985548847,-0.8534322281910255,1.2251885807242515
404,-1.547348497258254,2.0930244856664455,-0.19268903813772364,2.0549291855252956,-0.851509092010023,1.2148093818661527
405,-1.5425554910679575,2.0844889352979594,-0.18486300859400773,2.0440433145831314,-0.8495762221447122,1.2043049474247347
406,-1.5379357690658528,2.076016849118251,-0.17710664993298775,2.0332911285435498,-0.8476348829163275,1.1936792668277436
407,-1.5334915099928839,2.0676097230055035,-0.1694233838797733,2.0226774109791976,-0.8456863329089956,1.1829363596202738
408,-1.5292248219159494,2.0592690048846416,-0.1618165024902296,2.0122067860748194,-0.843731823761063,1.1720802733783173
409,-1.525137742660383,2.0509960953176263,-0.1542891688228094,2.0018837186935317,-0.8417725989807755,1.161115081635549
410,-1.5212322402694602,2.0427923481160764,-0.14684441779733148,1.9917125146438228,-0.8398098927801018,1.1500448818174158
411,-1.517510213489513,2.034659070974754,-0.13948515723046118,1.9816973211373112,-0.8378449289243026,1.1388737931804223
412,-1.5139734922788517,2.026597526124093,-0.13221416903724714,1.9718421274268774,-0.8358789196015518,1.1276059547612045
413,-1.510623838341659,2.0186089310029014,-0.12503411058876246,1.9621507656154709,-0.8339130643249639,1.1162455233480428
414,-1.507462945678572,2.010694458942927,-0.11794751621312782,1.9526269116231214,-0.8319485488401888,1.104796671448267
415,-1.5044924411613902,2.0028552398726944,-0.11095679883202669,1.94327408630451,-0.8299865440769467,1.0932635852902297
416,-1.5017138851204206,1.9950923610290943,-0.104064251718748,1.9340956567033625,-0.8280282051085197,1.0816504628241586
417,-1.4991287719520354,1.9874068676842858,-0.09727205036994446,1.9250948374360952,-0.8260746701531816,1.0699615117561856
418,-1.4967385307358456,1.9797997638772769,-0.09058225447728474,1.9162746921910998,-0.8241270595895235,1.0582009475878085
419,-1.4945445258673002,1.9722720131559743,-0.08399680999182224,1.9076381353367147,-0.822186475005667,1.0463729916810864
420,-1.4925480577020032,1.9648245393259802,-0.07751755126814364,1.8991879336251505,-0.820253998290014,1.034481869357543
421,-1.4907503632026542,1.9574582271970027,-0.07114620327765298,1.8909267079819205,-0.8183306907187808,1.0225318079863244
422,-1.4891526166025706,1.9501739233408335,-0.06488438388422824,1.8828569353742157,-0.8164175921166095,1.0105270351382356
423,-1.4877559300674763,1.9429724368425478,-0.058733606167805874,1.8749809507439563,-0.8145157200163555,0.9984717767320648
424,-1.4865613543649163,1.9358545400542742,-0.05269528078955965,1.867300948999366,-0.8126260688651811,0.9863702552206569
425,-1.4855698795348546,1.928820969345065,-0.046770718387804,1.859818987054373,-0.8107496092570519,0.9742266877971457
426,-1.4847824355670756,1.921872425852481,-0.04096113199712115,1.8525369859084941,-0.8088872872264037,0.962045284656451
427,-1.4841998930620193,1.9150095762125008,-0.035267639475757506,1.845456732752401,-0.8070400235057148,0.9498302472150958
428,-1.483823063918132,1.9082330533108154,-0.029691265946813705,1.8385798831048463,-0.8052087129364457,0.9375857664791368
429,-1.4836527019617924,1.9015434569715715,-0.02423294621866179,1.831907962946515,-0.8033942236897278,0.9253160212169234
430,-1.4836895036731046,1.8949413547368201,-0.018893527223929563,1.8254423708902698,-0.8015973969528587,0.913025176593075
431,-1.4839341087771467,1.8884272825062678,-0.013673770402385932,1.819184380313259,-0.7998190460998021,0.9007173822822089
432,-1.4843871008888574,1.882001745225493,-0.008574354075570834,1.8131351414988202,-0.7980599561592226,0.8883967708762829
433,-1.4850490082779642,1.8756652176890167,-0.003595875824265682,1.8072956837994139,-0.7963208838919617,0.8760674568978021
434,-1.4859203042086504,1.8694181449129341,0.0012611452917538069,1.8016669176600968,-0.7946025560959243,0.863733534037192
435,-1.4870014079802536,1.8632609432033733,0.005996266346342982,1.7962496368279812,-0.7929056710122019,0.8513990754885054
436,-1.4882926849719107,1.8571940002237,0.010609118518439375,1.791044520221306,-0.791230895611732,0.8390681301631036
437,-1.4897944483833014,1.8512176767526145,0.015099404570287356,1.786052134310249,-0.7895788701063201,0.8267447261254767
438,-1.4915069596075101,1.845332307069158,0.019466896809765655,1.7812729350322107,-0.7879502067586183,0.8144328683261443
439,-1.4934304031938845,1.8395381739225,0.023711443294460066,1.7767072614839858,-0.7863453819783138,0.8021364296192256
440,-1.4955650692345974,1.8338356909202103,0.02783290632035984,1.7723553973479889,-0.7847654967043182,0.7898599100648181
441,-1.4979112729483837,1.828225322108497,0.03183119012079283,1.7682175431269618,-0.7832119496363293,0.7776081090798967
442,-1.5004678489061922,1.8227060761891363,0.035706721989713475,1.7642933349730732,-0.7816800978082454,0.7653797849305564
443,-1.5032361981403375,1.817279553614694,0.03945914114429905,1.7605831557964822,-0.7801762402072214,0.7531846372697408
444,-1.5062157757996937,1.8119454342245722,0.04308876196966216,1.7570866720105656,-0.7786986958290497,0.7410243841114618
445,-1.509406498772623,1.8067038848435866,0.046595789647472796,1.753803617912026,-0.7772478912101852,0.7289028482821999
446,-1.5128082233775568,1.8015550369429902,0.04998048896430818,1.7507336269000526,-0.7758241712569436,0.7168237671703387
447,-1.5164207612069776,1.7964990024496985,0.0532431777349025,1.7478762380993562,-0.7744278634239401,0.7047908558260523
448,-1.5202438751446796,1.7915358697236106,0.05638422693253242,1.7452308962948133,-0.7730592598026047,0.6928077879728227
449,-1.5242772809203147,1.7866657050670205,0.05940405903960799,1.7427969536646328,-0.7717186222786659,0.6808782000898201
450,-1.5285206471441917,1.7818885527091186,0.06230314697195494,1.740573670958503,-0.7704061815008412,0.6690056893077324
451,-1.5329735955044788,1.7772044349477234,0.06508201301638872,1.738560218681093,-0.7691221366695898,0.6571938121272259
452,-1.5376357011541841,1.7726133524756473,0.06774122778668323,1.736755678275733,-0.7678666562716324,0.6454460840861074
453,-1.5425064929330972,1.7681152845368733,0.07028140929416915,1.7351590432119859,-0.7666398782548001,0.6337659788700548
454,-1.5475854535225095,1.7637101890103901,0.07270322211455449,1.7337692199954378,-0.7654419100927341,0.6221569273168164
455,-1.5528720196821193,1.7593980025710936,0.07500737658610979,1.7325850291644946,-0.7642728293110372,0.6106223168857745
456,-1.558365582369892,1.7551786407285515,0.07719462811324129,1.7316052062000589,-0.7631326836939791,0.5991654908123544
457,-1.5640654868953856,1.7510519978941397,0.07926577651274858,1.7308284024107135,-0.7620214917565981,0.5877897475324105
458,-1.569971033003141,1.7470179473731946,0.08122166544250642,1.730253185753539,-0.7609392430851043,0.5764983399798748
459,-1.5760814749584795,1.7430763413545165,0.08306318187798367,1.7298780416250727,-0.7598858988192866,0.5652944750316586
460,-1.5823960215901052,1.7392270108516519,0.0847912556526138,1.7297013736062385,-0.7588613921033017,0.5541813129265514
461,-1.5889138363144788,1.7354697656209432,0.08640685904632217,1.7297215041768434,-0.7578656285960788,0.5431619667496469
462,-1.5956340371310436,1.7318043940454508,0.08791100642366545,1.7299366753980212,-0.7568984869999738,0.5322395019412857
463,-1.6025556965915986,1.7282306629880508,0.08930475391494286,1.7303450495691428,-0.7559598196159377,0.5214169358390808
464,-1.6096778417483641,1.724748317618295,0.09058919913378638,1.730944709865506,-0.7550494529407937,0.5106972372689498
465,-1.6169994540726103,1.7213570812049135,0.09176548093017156,1.7317336609577307,-0.7541671882727293,0.5000833261515926
466,-1.6245194693541827,1.7180566548843357,0.09283477916873029,1.7327098296227796,-0.75331280235963,0.4895780731593314
467,-1.632236777575346,1.7148467173986586,0.09379831453075527,1.7338710653480602,-0.7524860480632946,0.47918429939670104
468,-1.6401502227648526,1.71172692480901,0.09465734833205797,1.7352151409362526,-0.7516866550568087,0.46890477612234777
469,-1.6482586028292199,1.708696910181316,0.09541318235190888,1.7367397531154372,-0.7509143305394602,0.4587422244969559
470,-1.6565606693649992,1.7057562832482858,0.09606715866715121,1.7384425231602436,-0.7501687599793462,0.4486993153676424
471,-1.665055127452343,1.7029046300479416,0.09662065948512433,1.7403209975301697,-0.7494496078793426,0.43877866908480323
472,-1.6737406354301554,1.7001415125390305,0.09707510697030497,1.742372648529944,-0.7487565185628062,0.4289828553480771
473,-1.6826158046552178,1.6974664681957221,0.09743196305781332,1.7445948749985782,-0.7480891169823319,0.419314393085062
474,-1.6916791992461588,1.694879009582507,0.09769272924832384,1.7469850030323246,-0.7474470095489903,0.40977575036048064
475,-1.7009293358131716,1.6923786239102243,0.09785894637842119,1.7495402867472727,-0.7468297849798824,0.4003693443139542
476,-1.7103646831753616,1.6899647725751488,0.09793219436038092,1.7522579090873633,-0.7462370151645761,0.3910975411272078
477,-1.7199836620676243,1.6876368906830657,0.09791409188508038,1.755134982683857,-0.7456682560510814,0.38196265602168084
478,-1.7297846448371232,1.6853943865584362,0.09780629608316205,1.7581685507708884,-0.7451230485454811,0.3729669532809108
479,-1.7397659551326643,1.6832366412419975,0.09761050213782185,1.761355588163473,-0.7446009194300085,0.3641126463027905
480,-1.7499258675870606,1.6811630079769284,0.09732844284430908,1.7646930023025933,-0.744101382293915,0.3554018976762887
481,-1.7602626074949979,1.6791728116861275,0.09696188811040096,1.768177634372854,-0.7436239384785921,0.34683681928440124
482,-1.7707743504879143,1.6772653484421565,0.09651264439254881,1.7718062604977052,-0.7431680780357449,0.3384194724323588
483,-1.781459222207092,1.6754398849310963,0.0959825540629512,1.775575593016701,-0.7427332806959055,0.3301518679986877
484,-1.7923152979773822,1.6736956579127735,0.09537349470227852,1.7794822818497789,-0.7423190168484165,0.3220359666104716
485,-1.8033406024824865,1.6720318736783235,0.09468737831377882,1.7835229159525228,-0.7419247485294611,0.3140736788396836
486,-1.8145331094442625,1.6704477075076105,0.09392615045410291,1.7876940248667739,-0.7415499304191897,0.3062668654218566
487,-1.825890741306955,1.6689423031274393,0.09309178927701534,1.791992080370113,-0.741194010844443,0.2986173374938699
488,-1.8374113689287797,1.6675147721730392,0.09218630448592702,1.7964134982279598,-0.7408564327878959,0.2911268568518941
489,-1.8490928112820755,1.6661641936540856,0.09121173619189848,1.8009546400513228,-0.7405366349010951,0.2837971362272255
490,-1.8609328351638659,1.6648896134271394,0.09017015367376557,1.80561181526322,-0.7402340525206015,0.27662983957944276
491,-1.8729291549183322,1.6636900436760629,0.0890636540378682,1.8103812831759623,-0.7399481186856179,0.2696265824055002
492,-1.885079432172978,1.6625644624022353,0.0878943607744802,1.8152592551818665,-0.7396782651560855,0.26278893206397214
493,-1.8973812755899382,1.661511812926077,0.08666442220924075,1.8202418970587544,-0.7394239234298317,0.25611840811323694
494,-1.9098322406339343,1.6605310034014362,0.08537600984745164,1.8253253313920328,-0.7391845257571247,0.24961648266219358
495,-1.9224298293584945,1.6596209063444927,0.08403131661039365,1.8305056401138515,-0.7389595061517411,0.24328458073280468
496,-1.9351714902116894,1.658780358178507,0.08263255496236876,1.835778867160282,-0.7387483013965538,0.23712408063269474
497,-1.948054617862885,1.6580081587959525,0.08118195492827185,1.8411410212463533,-0.7385503520426413,0.2311363143370056
498,-1.9610765530517436,1.6573030711393186,0.07968176200146593,1.8465880787588116,-0.7383651034002695,0.2253225678780465
499,-1.9742345824608165,1.6566638208019844,0.07813423494253835,1.852115986765666,-0.7381920065203817,0.21968408174157278
500,-1.9875259386128392,1.6560890956503351,0.07654164346973114,1.857720666141355,-0.7380305191650869,0.21422205126837424
501,-2.0009477997938707,1.6555775454683086,0.07490626584239823,1.8633980148058094,-0.7378801067656807,0.20893762705987345
502,-2.0144972900033045,1.655127781625463,0.07323038633932177,1.8691439110752164,-0.7377402433666207,0.20383191538634926
503,-2.0281714789318803,1.6547383767697494,0.07151629263412163,1.8749542171218563,-0.7376104125543426,0.1989059785968238
504,-2.0419673819683393,1.654407864545699,0.0697662730705646,1.8808247825398405,-0.7374901083688596,0.19416083552874225
505,-2.055881960235848,1.6541347393391932,0.06798261384100301,1.88675144801313,-0.7373788361972318,0.18959746191666416
506,-2.069912120658796,1.6539174560494934,0.06616759607164924,1.8927300490817511,-0.7372761136470521,0.1852167907982985
507,-2.084054716060705,1.6537544298893336,0.06432349281883021,1.8987564200016664,-0.7371814713987117,0.18101971291676483
508,-2.098306545293976,1.6536440362138363,0.06245256598102078,1.904826397693126,-0.7370944540349103,0.17700707711770897
509,-2.1126643534019496,1.6535846103788268,0.060557063131629785,1.9109358257721176,-0.7370146208460397,0.1731796907400282
510,-2.1271248318138927,1.6535744476291931,0.05863921427827845,1.9170805586588047,-0.7369415466100089,0.169538319998914
511,-2.1416846185733585,1.6536118030178057,0.05670122855454163,1.9232564657565632,-0.7368748223452066,0.16608369036002657
512,-2.1563402986002984,1.6536948913554523,0.05474529085074398,1.9294594356946484,-0.7368140560350958,0.16281648690342204
513,-2.1710884039874667,1.653821887192375,0.05277355839062525,1.9356853806272754,-0.7367588733234886,0.15973735467639094
514,-2.1859254143312157,1.653990924831585,0.050788157261497546,1.941930240581081,-0.7367089181787042,0.15684689903352622
515,-2.2008477570972995,1.6542000983746314,0.048791178905328914,1.9481899878431528,-0.7366638535260297,0.1541456859635325
516,-2.2158518080217133,1.654447461799919,0.04678467657930507,1.954460631380659,-0.7366233618466901,0.15163424240109363
517,-2.2309338915470676,1.654731029074136,0.04477066179418887,1.9607382212833664,-0.736587145742696,0.14931305652324722
518,-2.246090281294628,1.6550487742969997,0.042751100739515824,1.967018853219606,-0.7365549284662061,0.1471825780289927
519,-2.2613172005723623,1.655398631879714,0.04072791070488868,1.9732986728960178,-0.7365264544124792,0.145243218401291
520,-2.2766108229193085,1.6557784967575366,0.038702956506930675,1.9795738805111287,-0.7365014895755708,0.14349535115067535
521,-2.291967272686522,1.6561862246367582,0.03667804693185461,1.9858407351923897,-0.7364798219657199,0.14193931203949545
522,-2.3073826256549355,1.6566196322765312,0.03465493120374885,1.9920955594061782,-0.7364612619877231,0.1405753992861477
523,-2.322852909690559,1.6570764978060009,0.03263529548904043,1.9983347433299128,-0.7364456427795485,0.13940387374860141
524,-2.3383741054373406,1.6575545610771707,0.030620759447773316,2.00455474917523,-0.7364328205104324,0.13842495908651292
525,-2.353942147048285,1.658051524054137,0.028612872842440185,2.0107521154511003,-0.7364226746380858,0.1376388419015982
526,-2.3695529229551724,1.6585650512391181,0.026613112215441825,2.016923461155403,-0.7364151081241888,0.1370456718554784
527,-2.385202276677652,1.659092770136134,0.024622877646245267,2.023065489883502,-0.7364100476080282,0.13664556176488646
528,-2.400886007672212,1.6596322717528804,0.022643489599443845,2.0291749938422186,-0.736407443537708,0.13643858767368622
529,-2.416599872221906,1.6601811111417752,0.020676185874835884,2.035248857757698,-0.7364072702589178,0.13642478890171206
530,-2.4323395843675244,1.6607368079809302,0.01872211867106932,2.0412840626652304,-0.7364095260607755,0.13660416806995335
531,-2.448100816881227,1.6612968471961185,0.01678235177375309,2.047277689569735,-0.7364142331789347,0.13697669110228644
532,-2.4638792022835942,1.6618586796248005,0.014857857879544856,2.053226922965017,-0.7364214377557657,0.1375422872035567
533,-2.4796703339051733,1.6624197227233237,0.012949516067056965,2.059129054200568,-0.7364312097577662,0.13830084881416804
534,-2.495469766993776,1.6629773613186432,0.011058109425643226,2.0649814846844716,-0.7364436428503992,0.13925223154135902
535,-2.5112730198687307,1.6635289484058384,0.009184322852869409,2.0707817289112214,-0.7364588542304747,0.14039625406727096
536,-2.5270755751235474,1.6640718059929562,0.007328741031099373,2.076527417303663,-0.736476984416592,0.14173269803429323
537,-2.542872880878403,1.664603225994651,0.005491846593564276,2.0822162988583015,-0.7364981969979054,0.14326130790792518
538,-2.558660352084075,1.6651204711763392,0.003674018489858044,2.087846243583677,-0.7365226783418186,0.14498179081772145
539,-2.57443337187891,1.6656207761505173,0.0018755305604845063,2.0934152447218053,-0.7365506372611157,0.1468938163767809
540,-2.590187293000575,1.666101348427071,9.655032964306365e-05,2.098921420743146,-0.736582304641233,0.14899701648044655
541,-2.605917439254396,1.6665593695194487,-0.001662861974924379,2.1043630171059133,-0.7366179330283809,0.15129098508485822
542,-2.62161910704007,1.6669919961085642,-0.003402754166694111,2.109738407771035,-0.7366577961792646,0.15377527796605606
543,-2.6372875669387823,1.667396361266536,-0.0051232826020704,2.115046096464769,-0.7367021885734568,0.1564494124606166
544,-2.6529180653624502,1.6677695757420534,-0.0068247124316394014,2.1202847176812107,-0.7367514248890479,0.1593128671883744
545,-2.668505826267344,1.6681087293096948,-0.008507417594600275,2.12545303741799,-0.7368058394429919,0.16236508175857284
546,-2.6840460529337378,1.668410892184935,-0.010171880550136292,2.130549953638583,-0.7368657855967555,0.16560545645996
547,-2.699533929813765,1.6686731165070774,-0.011818691740635101,2.1355744964558134,-0.7369316351286834,0.1690333519361607
548,-2.7149646244493937,1.6688924378921102,-0.013448548782140746,2.1405258280316044,-0.737003777574243,0.17264808884738392
549,-2.730333289462292,1.6690658770573314,-0.015062255378205602,2.145403242188819,-0.737082619535181,0.17644894751940154
550,-2.7456350646175207,1.66919044151975,-0.016660719954048275,2.1502061637317778,-0.7371685839589625,0.18043516758105638
551,-2.7608650789627873,1.669263127370072,-0.018244954008969305,2.154934147473104,-0.7372621093898248,0.1846059475915235
552,-2.776018453044867,1.669280921123963,-0.019816070185439516,2.159586876964997,-0.7373636491926882,0.1889604446584391
553,-2.791090301204748,1.6692408016521998,-0.0213752800545004,2.1641641629342665,-0.7374736707513825,0.1934977740482421
554,-2.8060757339527873,1.6691397421910898,-0.02292389161783115,2.1686659414211995,-0.7375926546423843,0.19821700878977788
555,-2.8209698604253,1.668974712434654,-0.024463306527677142,2.1730922716231547,-0.737721093785926,0.20311717927290468
556,-2.8357677909231986,1.6687426807092438,-0.0259950170269323,2.177443333444905,-0.7378594925751534,0.2081972728426213
557,-2.8504646395339703,1.6684406162319845,-0.027520602612531864,2.1817194247585876,-0.7380083659857408,0.2134562333909919
558,-2.865055526837096,1.66806549145321,-0.029041726426163095,2.1859209583770234,-0.7381682386665216,0.21889296094725602
559,-2.8795355826934887,1.6676142844835309,-0.030560131377406208,2.190048458745233,-0.7383396440132055,0.22450631126805898
560,-2.893899949118928,1.6670839816055985,-0.03207763600521307,2.194102558355806,-0.7385231232264569,0.2302950954288857
561,-2.9081437832410857,1.666471579870239,-0.03359613008476914,2.1980839938949157,-0.7387192243557303,0.2362580794179494
562,-2.922262260339673,1.6657740897765478,-0.03511756998756477,2.2019936021265676,-0.7389285013304953,0.2423939837339716
563,-2.9362505769687477,1.664988538035065,-0.0366439738034261,2.205832315523579,-0.7391515129802894,0.24870148298913206
564,-2.950103954159771,1.6641119704126965,-0.03817741623432891,2.2096011576548973,-0.7393888220448639,0.2551792055182478
565,-2.963817640703985,1.6631414546580112,-0.03972002327059676,2.2133012383396213,-0.739640994176366,0.2618257329959535
566,-2.9773869165117404,1.6620740835046492,-0.041273966661070416,2.2169337485791045,-0.7399085969343526,0.26863960006246485
567,-2.9908070960465545,1.6609069777506473,-0.04284145818930707,2.220499955278984,-0.7401921987754928,0.2756192939596004
568,-3.0040735318310823,1.659637289410979,-0.04442474376958816,2.224001195774712,-0.740492368039555,0.2827632541784308
569,-3.017181618021433,1.6582622049397995,-0.046026097375950537,2.22743887217361,-0.7408096719324295,0.29006987211911855
570,-3.0301267940464682,1.6567789485190838,-0.04764781481967306,2.230814445528689,-0.7411446755081645,0.29753749076469294
571,-3.0429045483076598,1.6551847854093507,-0.04929220739013607,2.2341294298589762,-0.7414979406509815,0.30516440436951586
572,-3.0555104219352742,1.6534770253582631,-0.05096159537550138,2.237385386032619,-0.7418700250589476,0.3129488581638854
573,-3.067940012595753,1.651653026062085,-0.05265830147973105,2.240583915529121,-0.7422614812306395,0.32088904807589524
574,-3.080188978344561,1.649710196674313,-0.054384644153181894,2.2437266540977916,-0.742672855455095,0.3289831204705889
575,-3.092253041519475,1.6476460013565357,-0.05614293085487998,2.2468152653303655,-0.7431046868081234,0.3372291719092704
576,-3.1041279926673537,1.6454579628646335,-0.057935451264244486,2.249851434165415,-0.7435575061545765,0.34562524892830515
577,-3.1158096944980036,1.643143666163993,-0.05976447046126099,2.252836860343428,-0.7440318351582724,0.35416934783887133
578,-3.1272940858586713,1.6407007620673475,-0.06163222209414987,2.2557732518314704,-0.7445281853018589,0.3628594145496985
579,-3.13857718572082,1.6381269708869677,-0.06354090155314229,2.258662318235924,-0.7450470569156209,0.3716933444115255
580,-3.1496550971722095,1.635420086094281,-0.06549265917058467,2.261505764223421,-0.7455889382177938,0.38066898208560723
581,-3.1605240114067623,1.6325779779794847,-0.06748959346649541,2.2643052829689934,-0.7461543043687506,0.38978412143834373
582,-3.171180211702335,1.6295985973013227,-0.06953374445915883,2.267062549650927,-0.7467436165362803,0.39903650545901503
583,-3.181620077379363,1.6264799789200892,-0.07162708706057419,2.2697792150120604,-0.74735732097685,0.4084238262052101
584,-3.191840087731386,1.6232202454048954,-0.07377152457643565,2.272456899007129,-0.7479958481328454,0.4179437247756983
585,-3.2018368259171104,1.6198176106049473,-0.07596888232935384,2.275097184554787,-0.748659611744196,0.4275937913088508
586,-3.2116069828072726,1.6162703831781653,-0.0782209014256181,2.277701611414569,-0.7493490079807532,0.43737156501271335
587,-3.221147360774027,1.6125769700649262,-0.08052923268310241,2.280271670206317,-0.7500644145890967,0.4472745342201045
588,-3.2304548774169386,1.608735879901058,-0.08289543074026962,2.2828087965920147,-0.7508061900634034,0.45730013647810497
589,-3.2395265692126785,1.6047457263572926,-0.08532094836281212,2.2853143656365065,-0.7515746728326718,0.46744575866391325
590,-3.248359595081207,1.6006052313979704,-0.08780713096697612,2.287789686366149,-0.7523701804703078,0.4777087371328094
591,-3.2569512398592484,1.596313228449909,-0.09035521137595781,2.2902359965417443,-0.753193008928401,0.48808635790022503
592,-3.265298917668432,1.5918686654688505,-0.09296630482503576,2.292654457661431,-0.754043431788461,0.49857585684941635
593,-3.273400175174669,1.5872706079001142,-0.09564140423352718,2.2950461502116095,-0.7549216995444421,0.5091744199802409
594,-3.2812526947232055,1.5825182415179853,-0.09838137575552719,2.2974120691778723,-0.7558280389028738,0.5198791836835709
595,-3.2888542973439723,1.577610875138474,-0.10118695462545868,2.299753119831994,-0.756762652109498,0.5306872350504095
596,-3.2962029456215505,1.5725479431998748,-0.10405874131312931,2.30207011380969,-0.7577257163105345,0.5415956122235428
597,-3.3032967464110157,1.567329008192413,-0.10699719799580376,2.3043637654866957,-0.7587173829246031,0.552601304767425
598,-3.3101339534051943,1.5619537629425762,-0.1100026453652505,2.3066346886711706,-0.7597377770580359,0.5637012540887236
599,-3.3167129695319275,1.5564220327308027,-0.11307525977383337,2.3088833936165436,-0.760786996933658,0.574892353877268
600,-3.3230323491885514,1.5507337772497656,-0.11621507073584691,2.311110284371063,-0.7618651133658052,0.5861714505998741
601,-3.3290908002913047,1.544889092381048,-0.11942195878576989,2.313315656465793,-0.7629721692485099,0.5975353440136192
602,-3.334887186141369,1.5388882117919445,-0.12269565370418034,2.3154996949518827,-0.7641081790736343,0.6089807877150508
603,-3.3404205271071854,1.532731508352104,-0.12603573311800242,2.31766247279385,-0.7652731285012178,0.6205044897472535
604,-3.345690002105729,1.526419495352752,-0.12944162148110894,2.3198039496250167,-0.7664669739400595,0.6321031132224574
605,-3.3506949498762726,1.519952827522055,-0.13291258942856898,2.3219239708584722,-0.7676896421537156,0.6437732769750634
606,-3.3554348700621617,1.5133323018522424,-0.13644775352684135,2.324022267175984,-0.7689410299227184,0.655511556275521
607,-3.3599094240762057,1.5065588582140892,-0.14004607640275601,2.3260984543778127,-0.7702210037311532,0.6673144835729057
608,-3.364118435762326,1.4996335797715044,-0.14370636726263597,2.328152033604914,-0.7715293995071261,0.6791785492953453
609,-3.3680618917851395,1.492557693127921,-0.14742728278160033,2.330182391913703,-0.7728660222348085,0.6911002025256863
610,-3.3717399418867053,1.4853325683437741,-0.15120732839562678,2.3321888032360945,-0.7742306458521863,0.7030758519661614
611,-3.3751528989466526,1.4779597187613343,-0.15504485998592688,2.334170429714538,-0.7756230132344283,0.7151018669916522
612,-3.3783012387605127,1.470440800551776,-0.15893808593829561,2.336126323394856,-0.7770428360003309,0.7271745785286422
613,-3.3811855989936355,1.4627776114418836,-0.1628850693061077,2.338055428005724,-0.7784897927716075,0.7392902783893198
614,-3.383806781682627,1.4549720929924175,-0.16688373165879145,2.33995658240681,-0.7799635380409142,0.7514452292163426
615,-3.386165743927634,1.4470263210714691,-0.17093185351810702,2.341828520608069,-0.7814636778182679,0.7636356412076145
616,-3.38826340519846,1.4389423129458632,-0.17502701669198317,2.34366981367014,-0.7829892129614214,0.775857116526263
617,-3.390107381944426,1.4307287616805586,-0.17916878274663217,2.345481047726765,-0.7845580740873308,0.788124185292642
618,-3.391681312171586,1.422370360509691,-0.1833487808061296,2.3472549113186227,-0.786118182253165,0.8003813673464327
619,-3.393004184444442,1.4138871316364519,-0.18756990348709301,2.3489953908464107,-0.787719463621363,0.8126751879930373
620,-3.394072010113644,1.4052760982633385,-0.19182743898119647,2.350698902156152,-0.7893447580784163,0.8249850877035694
621,-3.3948866818157013,1.3965401428988204,-0.196118416822614,2.3523636357940205,-0.7909934848641215,0.8373070888248647
622,-3.395450246709294,1.3876822804050728,-0.20043975997747454,2.353987708568031,-0.792665049199515,0.8496372032873706
623,-3.395764894656428,1.3787056459950422,-0.2047882874532152,2.3555691656146838,-0.7943588151900115,0.8619714065870948
624,-3.395832960900223,1.3696134977306842,-0.2091607218244329,2.357105987367449,-0.7960741218506137,0.8743056548881297
625,-3.39565692014334,1.360409210426409,-0.21355369427794568,2.3585960940300246,-0.7978102744129051,0.8866358774051429
626,-3.395239385400038,1.3510962743307582,-0.2179637514150845,2.3600373517926645,-0.7995665503489165,0.8989579835005513
627,-3.394583103871595,1.3416782908360936,-0.22238736136362736,2.361427578344254,-0.8013421970396439,0.9112678614238523
628,-3.393690954024277,1.3321589693954994,-0.226820920478493,2.362764548959518,-0.803136433531668,0.9235613811361827
629,-3.392565941876051,1.3225421236531492,-0.23126075999754203,2.3640460025279895,-0.8049484503801966,0.9358343952181205
630,-3.3912111974399535,1.3128316677360448,-0.23570315290748112,2.3652696477800226,-0.8067774104482327,0.9480827407300781
631,-3.389629970913544,1.3030316122966443,-0.24014432089189297,2.366433169582158,-0.8086224493287518,0.9603022406918243
632,-3.3878256287855955,1.2931460604774927,-0.24458044137556834,2.367534235316323,-0.8104826759403303,0.9724887057312686
633,-3.385801649859787,1.2831792037977032,-0.24900765465194086,2.3685705013299554,-0.8123571732307079,0.9846379358366204
634,-3.38356162111443,1.273135317880329,-0.25342207104195547,2.369539619405705,-0.8142449987309873,0.9967457219543313
635,-3.3811092335257085,1.2630187581481298,-0.2578197781024172,2.3704392432690593,-0.8161451853169737,1.0088078477889455
636,-3.378448277776668,1.2528339554099903,-0.26219684783845243,2.3712670350888567,-0.8180567419016291,1.0208200915285608
637,-3.3755826399018556,1.242585411387939,-0.2665493439103417,2.3720206719612618,-0.8199786542003031,1.0327782276371695
638,-3.3725162968685485,1.2322776941857039,-0.27087332881602344,2.372697852358822,-0.8219098855223783,1.0446780286672535
639,-3.369253312105576,1.2219154337098517,-0.275164871028863,2.3732963025245644,-0.823849377606326,1.0565152671092377
640,-3.36579783097622,1.2115033170399983,-0.2794200520686081,2.3738137827893544,-0.8257960514544718,1.0682857172338571
641,-3.362154076227142,1.201046083780088,-0.2836349734948649,2.374248093802213,-0.8277488082336006,1.0799851569931689
642,-3.3583263434069357,1.1905485213843268,-0.2878057637999112,2.3745970826507614,-0.8297065301954623,1.0916093699340086
643,-3.354318996261619,1.1800154604651216,-0.29192858518375564,2.3748586488550334,-0.8316680816101404,1.1031541471165136
644,-3.350136462128482,1.1694517701044735,-0.2959996401980558,2.375030750221643,-0.833632309750558,1.1146152890756704
645,-3.3457832273265233,1.1588623531670308,-0.30001517824024293,2.3751114085400022,-0.8355980458922327,1.1259886077897079
646,-3.341263832554305,1.1482521416257006,-0.3039715018830109,2.3750987151061125,-0.8375641063383318,1.137269928665052
647,-3.336582868307854,1.1376260919124108,-0.30786497302581206,2.3749908360609404,-0.839529293478699,1.1484550925462396
648,-3.3317449703207265,1.1269891802962042,-0.3116920188528143,2.374786017528203,-0.841492396867379,1.1595399577349794
649,-3.3267548150381234,1.1163463983005164,-0.3154491375855304,2.3744825905401346,-0.8434521943257997,1.1705204020252595
650,-3.321617115129376,1.1057027481639987,-0.31913290401681516,2.3740789757383314,-0.8454074530648472,1.1813923247474023
651,-3.3163366150493205,1.0950632383554075,-0.3227399748159139,2.3735736878397002,-0.8473569308321263,1.192151648827101
652,-3.3109180866534467,1.0844328791474553,-0.32626709359330097,2.372965339856674,-0.8492993770790483,1.2027943228537574
653,-3.3053663248717555,1.073816678254555,-0.32971109571543855,2.372252647062165,-0.8512335341403623,1.2133163231504833
654,-3.2996861434520213,1.063219636545187,-0.33306891286168083,2.3714344306919077,-0.8531581384395905,1.2237136558589092
655,-3.2938823707738383,1.0526467438302451,-0.33633757731472236,2.3705096213759447,-0.8550719217045036,1.2339823590226866
656,-3.287959845741372,1.0421029747353006,-0.33951422597802994,2.3694772622931044,-0.8569736121995337,1.2441185046762893
657,-3.281923413758223,1.0315932846602045,-0.3425961041139962,2.3683365120425988,-0.8588619359679831,1.2541182009316958
658,-3.275777922792316,1.0211226058339276,-0.3455805687987954,2.3670866472291134,-0.8607356180932569,1.2639775940719318
659,-3.2695282195300965,1.0106958434639355,-0.34846509208856147,2.3657270647564026,-0.8625933839597009,1.273692870631765
660,-3.263179145629852,1.000317871989901,-0.35124726389522976,2.3642572838281257,-0.8644339605327986,1.2832602594850682
661,-3.256735534072673,0.9899935314402912,-0.35392479456869697,2.3626769476529974,-0.8662560776382402,1.292676033918088
662,-3.2502022056177333,0.9797276238984816,-0.35649551718503214,2.3609858248543474,-0.8680584692507642,1.3019365136992824
663,-3.243583965363462,0.969524910079995,-0.35895738954005507,2.35918381058384,-0.8698398747861494,1.3110380671388433
664,-3.2368855994171537,0.9593901060233803,-0.361308495848941,2.357270927340389,-0.8715990403951774,1.319977113136496
665,-3.2301118716757213,0.949327879897452,-0.3635470481534834,2.35524732549632,-0.8733347202592423,1.328750123216991
666,-3.223267520718073,0.9393428489253552,-0.3656713874391364,2.353113283533273,-0.8750456778815286,1.337353623547001
667,-3.216357256813377,0.9294395764297216,-0.3676799844656027,2.3508692079920506,-0.8767306873816961,1.3457841969411013
668,-3.2093857590433723,0.919622568997055,-0.3695714403144018,2.348515633140211,-0.8783885347811637,1.3540384848437281
669,-3.202357672541294,0.9098962737639156,-0.3713444866585017,2.3460532203629065,-0.8800180192845701,1.3621131892924498
670,-3.195277605847356,0.9002650758248392,-0.37299798575946963,2.3434827572828314,-0.881617954552449,1.3700050748573782
671,-3.188150128381981,0.8907332957631515,-0.3745309301987164,2.3408051566162236,-0.8831871699674212,1.3777109705588257
672,-3.180979768034832,0.8813051873027484,-0.37594244234914176,2.3380214547716602,-0.8847245118851397,1.3852277717542
673,-3.173771008871643,0.8719849350827968,-0.3772317735954702,2.3351328102003004,-0.8862288448768767,1.3925524420008748
674,-3.1665282889561484,0.8627766525526639,-0.37839830331081825,2.332140501505544,-0.8876990529547194,1.3996820148857498
675,-3.159255998287522,0.8536843799874603,-0.37944153759865007,2.3290459253216245,-0.8891340407816869,1.4066135958236745
676,-3.1519584768520392,0.8447120826228989,-0.38036110780921384,2.325850593970652,-0.8905327348647265,1.4133443638224588
677,-3.144640012787253,0.8358636489077322,-0.3811567688401022,2.3225561329081126,-0.8918940847282268,1.4198715732119658
678,-3.1373048406573583,0.8271428888724441,-0.38182839723117834,2.31916427796748,-0.8932170640662698,1.4261925553353016
679,-3.1299571398379475,0.8185535326123579,-0.382375989064369,2.3156768724148007,-0.894500671872451,1.4323047202007824
680,-3.1226010330080474,0.8100992288830453,-0.38279965767910196,2.312095863824442,-0.895743933545138,1.4382055580923658
681,-3.1152405847479736,0.8017835438065477,-0.38309963121479007,2.308423300787766,-0.8969459019693302,1.4438926411395627
682,-3.1078798002392514,0.7936099596846307,-0.38327624999139,2.3046613294661413,-0.8981056585673343,1.4493636248388815
683,-3.100522624065955,0.7855818739184042,-0.3833299637400601,2.300812190000701,-0.8992223143250002,1.4546162495333956
684,-3.0931729391132294,0.7777025980300551,-0.38326132869538543,2.2968782127906815,-0.900295010784707,1.459648341841497
685,-3.085834565561437,0.7699753567850935,-0.38307100456128085,2.292861814652822,-0.9013229210090732,1.4644578160386448
686,-3.078511259972088,0.7624032874112574,-0.38275975136240037,2.2887654948740215,-0.9023052505092989,1.4690426753859107
687,-3.0712067144634982,0.7549894389119893,-0.3823284261931307,2.2845918311697013,-0.9032412381420482,1.4734010134090854
688,-3.06392455597219,0.7477367714704697,-0.38177797987616635,2.2803434755602114,-0.9041301569676974,1.477531015121053
689,-3.0566683455981147,0.7406481559422535,-0.38110945354273895,2.2760231501777306,-0.9049713150756479,1.481430958193021
690,-3.0494415780284916,0.73372637343129,-0.38032397514597416,2.27163364301547,-0.9057640563667702,1.4850992140645611
691,-3.042247681039325,0.7269741149483278,-0.37942275591972585,2.2671778036318857,-0.9065077613008745,1.4885342490002462
692,-3.035090015069544,0.7203939811466484,-0.37840708679395774,2.262658538821306,-0.9072018476020192,1.4917346250856047
693,-3.0279718728650673,0.7139884821323719,-0.3772783347783565,2.258078808263004,-0.9078457709228849,1.4946990011635215
694,-3.0208964791890853,0.7077600373456088,-0.37603793932521434,2.253441620160082,-0.9084390254661308,1.4974261337089207
695,-3.0138669905956106,0.7017109755094701,-0.37468740868258954,2.2487500268795073,-0.9089811445639929,1.499914877642905
696,-3.0068864952623775,0.6958435346429714,-0.37322831624832986,2.2440071206042074,-0.9094717012130091,1.5021641870831628
697,-2.9999580128797394,0.6901598621344571,-0.3716622969352599,2.239216029007844,-0.9099103085634838,1.5041731160301905
698,-2.9930844945923,0.6846620148722273,-0.36999104355752654,2.234379910962583,-0.910296620364155,1.5059408189897274
699,-2.986268822989798,0.6793519594288657,-0.36821630324776333,2.2295019522898065,-0.9106303313601948,1.507466551529475
700,-2.9795138121438107,0.6742315722957735,-0.3663398739142303,2.2245853615632623,-0.9109111776450426,1.5087496707705577
701,-2.9728222076867907,0.669302640164402,-0.364363600746776,2.2196333659737544,-0.9111389369637997,1.5097896358114002
702,-2.9661966869303065,0.6645668602509964,-0.36228937278004025,2.2146492072641193,-0.9113134289691935,1.5105860080849998
703,-2.959639859019364,0.6600258406617023,-0.3601191195218916,2.209636137742746,-0.911434515430418,1.511138451649856
704,-2.953154265119078,0.6556811007942411,-0.35785480765453426,2.2045974163833604,-0.911502100391687,1.5114467334113872
705,-2.9467423786311215,0.6515340717735565,-0.3554984378153858,2.1995363050184564,-0.911516130283694,1.5115107232769853
706,-2.940406605436392,0.6475860969178138,-0.3530520414642778,2.1944560646331714,-0.9114765939848318,1.5113303942415661
707,-2.934149284161419,0.6438384322322315,-0.35051767784309984,2.189359951766023,-0.9113835228346536,1.5109058224060792
708,-2.927972686464884,0.6402922469270775,-0.34789743103337234,2.184251215022201,-0.9112369905970967,1.5102371869265023
709,-2.9218790173421976,0.6369486239577158,-0.3451934071170125,2.1791330917049736,-0.9110371133758552,1.509324769895706
710,-2.915870415444769,0.6338085605833013,-0.34240773144472836,2.17400880456984,-0.9107840494800096,1.5081689561563114
711,-2.9099489534116665,0.6308729689417594,-0.33954254601625533,2.1688815587059107,-0.9104779992414759,1.5067702330461206
712,-2.9041166382111827,0.6281426766385296,-0.336600006975982,2.163754538548276,-0.9101192047845332,1.5051291900763946
713,-2.898375411489428,0.6256184273461292,-0.3335822822270291,2.158630905024637,-0.9097079497461547,1.503246518541746
714,-2.8927271499242657,0.6233008814128136,-0.33049154916643997,2.15351379283909,-0.909244558949945,1.501123011064469
715,-2.8871736655819085,0.6211906164775873,-0.3273299925435552,2.148406307895325,-0.9087293980322739,1.4987595610719493
716,-2.8817167062742204,0.6192881280895666,-0.3240998024431361,2.143311524861008,-0.9081628730218505,1.4961571622084424
717,-2.8763579559150276,0.6175938303299382,-0.3208031723945346,2.1382324848748424,-0.9075454298736583,1.4933169076821888
718,-2.8710990348733336,0.6161080564343577,-0.31744229760734166,2.1331721933969012,-0.9068775539582745,1.4902399895489593
719,-2.8659415003216213,0.6148310594139066,-0.3140193733338641,2.128133618202786,-0.9061597695047634,1.4869276979302724
720,-2.8608868465782606,0.613763012673588,-0.3105365933581635,2.123119687521486,-0.9053926390022957,1.4833814201715216
721,-2.855936505441793,0.6129040106260528,-0.30699614861084523,2.118133288316307,-0.904576762556679,1.4796026399362612
722,-2.851091846516815,0.6122540693002378,-0.30340022590865623,2.113177264708061,-0.9037127772077376,1.475592936242685
723,-2.846354177529154,0.6118131269425422,-0.29975100681707234,2.108254416538859,-0.902801356203152,1.4713539824379842
724,-2.8417247446303726,0.6115810446105341,-0.29605066663417956,2.103367498074931,-0.9018432082344154,1.466887545116353
725,-2.83720473269017,0.6115576067576649,-0.2923013734933433,2.0985192168461126,-0.90083907663342,1.4621954829792367
726,-2.832795265576057,0.6117425218083441,-0.2885052875819425,2.0937122326193744,-0.8997897385317124,1.4572797456399906
727,-2.8284974064199435,0.6121354227229305,-0.28466456047313493,2.088949156503491,-0.8986960039836529,1.4521423723742732
728,-2.8243121578709545,0.6127358675518966,-0.280781334567204,2.0842325501814885,-0.8975587150543429,1.4467854908171784
729,-2.8202404623344,0.6135433399790455,-0.2768577426386515,2.079564925267143,-0.8963787448742411,1.4412113156091364
730,-2.8162832021965842,0.614557249853368,-0.2728959074850389,2.0749487427816042,-0.8951569966608521,1.435422146991105
731,-2.8124412000358667,0.6157769337099344,-0.26889794167317393,2.070386412745836,-0.8938944027111206,1.4294203693528154
732,-2.8087152188193376,0.6172016552790862,-0.264865947377915,2.0658802938841996,-0.8925919233615291,1.4232084497312152
733,-2.8051059620865724,0.6188306059853377,-0.26080201630881006,2.061432693434474,-0.8912505459238795,1.4167889362672352
734,-2.801614074119578,0.6206629054350403,-0.25670822971922447,2.057045867059006,-0.8898712835911533,1.4101644566154201
735,-2.798240140100871,0.6226976018946804,-0.25258665849280093,2.0527220188518873,-0.8884551743214915,1.4033377163146386
736,-2.7949846862590757,0.6249336727591281,-0.24843936330135574,2.048463301436295,-0.8870032796962644,1.3963114971159825
737,-2.7918481800037487,0.6273700250114844,-0.2442683948286406,2.0442718161464577,-0.8855166837573196,1.3890886552731365
738,-2.7888310300505337,0.6300054956755685,-0.24007579405404056,2.0401496132883246,-0.8839964918254801,1.381672119797445
739,-2.785933586536819,0.6328388522611228,-0.23586359258982936,2.036098692472583,-0.8824438292984478,1.374064890676022
740,-2.7831561411299877,0.6358687932038016,-0.23163381306597453,2.0321210030140087,-0.8808598404330263,1.3662700370579943
741,-2.780498927129032,0.6390939483006042,-0.2273884695560514,2.0282184443907134,-0.8792456871107464,1.3582906954081624
742,-2.7779621195618422,0.6425128791430246,-0.2231295680378349,2.024392866756822,-0.8776025475935998,1.3501300676349577
743,-2.7755458352779687,0.646124079547624,-0.21885910688178478,2.020646071501797,-0.8759316152625002,1.3417914191855498
744,-2.7732501330406683,0.6499259759877876,-0.21457907736130943,2.0169798118502458,-0.8742340973499307,1.3332780771197252
745,-2.7710750136181863,0.6539169280265404,-0.21029146417759115,2.013395793494957,-0.8725112136622253,1.3245934281582257
746,-2.7690204198773882,0.6580952287534485,-0.20599824599283345,2.0098956752569803,-0.8707641952964299,1.3157409167106997
747,-2.7670862368800453,0.6624591052258746,-0.20170139596473513,2.0064810697654956,-0.8689942833486104,1.3067240428803404
748,-2.765272291986008,0.6670067189187125,-0.19740288227613267,2.0031535441513433,-0.8672027276240887,1.297546360455932
749,-2.763578354962542,0.6717361661818364,-0.19310466865251374,1.999914620746851,-0.865390785339733,1.2882114748816458
750,-2.7620041381047473,0.6766454787100935,-0.1888087148615626,1.9967657777860244,-0.863559719832697,1.2787230412192252
751,-2.760549296366378,0.6817326240250876,-0.18451697718754467,1.9937084500978304,-0.8617107992642457,1.2690847620914187
752,-2.759213427505462,0.6869955059730901,-0.18023140887463962,1.9907440297865753,-0.8598452953316502,1.2593003856199094
753,-2.757996072245451,0.6924319652397319,-0.17595396053273415,1.987873866892779,-0.8579644819813633,1.2493737033511652
754,-2.756896714454898,0.6980397798843918,-0.1716865804994766,1.9850992700282384,-0.8560696341312967,1.2393085481783217
755,-2.7559147813469393,0.7038166658955092,-0.1674312151525983,1.9824215069791562,-0.8541620263977612,1.2291087922548696
756,-2.755049643702238,0.7097602777703609,-0.16318980916685155,1.9798418052715525,-0.8522429318364941,1.2187783449098706
757,-2.7543006161152794,0.7158682091191777,-0.15896430570950015,1.9773613526927618,-0.8503136206884258,1.20832115055559
758,-2.7536669572681847,0.7221379932976462,-0.15475664656926735,1.9749812977637582,-0.848375359141486,1.1977411865991074
759,-2.7531478702339403,0.7285671040696313,-0.15056877221355636,1.9727027501569818,-0.8464294081090062,1.1870424613587756
760,-2.752742502808646,0.7351529562996706,-0.1464026217683566,1.970526781053913,-0.8444770220152011,1.1762290119762187
761,-2.75244994787829,0.7418929066806379,-0.14226013291694262,1.9684544234383154,-0.8425194476051784,1.1653049023416626
762,-2.7522692438195753,0.7487842544960588,-0.13814324171237014,1.966486672319999,-0.8405579227698318,1.1542742210231798
763,-2.752199374935946,0.7558242424181288,-0.1340538822993429,1.9646244848844632,-0.8385936753862462,1.1431410792008037
764,-2.7522392719342896,0.7630100573468609,-0.12999398654277705,1.9628687805655691,-0.8366279221868289,1.1319096086189804
765,-2.7523878124377843,0.7703388312857173,-0.12596548355769,1.9612204410356626,-0.834661867637992,1.1205839595385076
766,-2.7526438215445714,0.7778076422633838,-0.12197029913951352,1.9596803101120355,-0.8326967028607307,1.1091682987205658
767,-2.753006072423328,0.7854135152926349,-0.11801035508949764,1.958249193574173,-0.8307336045493061,1.09766680739938
768,-2.7534732869576706,0.7931534233781825,-0.1140875684350513,1.9569278588914223,-0.82877373394045,1.0860836792962039
769,-2.7540441364307524,0.8010242885647791,-0.11020385054102533,1.9557170348568391,-0.8268182357876983,1.0744231186295568
770,-2.7547172422594475,0.8090229830348977,-0.10636110611228633,1.9546174111273396,-0.8248682373777649,1.0626893381589206
771,-2.7554911767728747,0.8171463302506676,-0.10256123208411938,1.953629637666439,-0.8229248475721789,1.0508865572454256
772,-2.7563644640376093,0.8253911061423332,-0.09880611640169945,1.952754324090575,-0.8209891558689418,1.0390189999246133
773,-2.7573355807281836,0.8337540403417812,-0.0950976366858034,1.951992038915924,-0.8190622314929796,1.0270908930003342
774,-2.758402957055047,0.8422318174731939,-0.09143765878950427,1.9513433087101886,-0.8171451225546315,1.0151064641993786
775,-2.759564977721545,0.8508210784723699,-0.08782803523816929,1.9508086171414123,-0.8152388551625966,1.0030699402735297
776,-2.760819982948691,0.8595184219733408,-0.08427060356433891,1.950388403935114,-0.8133444326558393,0.9909855452139281
777,-2.762166269531992,0.8683204057265492,-0.08076718452885323,1.9500830637308315,-0.8114628348060928,0.97885749842963
778,-2.7636020919477637,0.877223548065875,-0.07731958023626462,1.9498929448458227,-0.8095950170647456,0.9666900129645588
779,-2.765125663523651,0.8862243294392086,-0.07392957215014628,1.949818347951241,-0.8077419099205357,0.954487293819511
780,-2.766735157605005,0.8953191939341114,-0.07059891899248771,1.9498595246446664,-0.8059044180949413,0.9422535361065161
781,-2.7684287088438504,0.9045045509252447,-0.0673293545681638,1.950016675959691,-0.8040834200837703,0.9299929235443207
782,-2.770204414424793,0.9137767766578337,-0.06412258546035632,1.950289950758107,-0.8022797673369386,0.9177096265873659
783,-2.7720603354486486,0.9231322159878734,-0.0609802886779347,1.9506794440853974,-0.8004942838949283,0.9054078010070503
784,-2.7739944982475397,0.9325671840527581,-0.05790410917598665,1.951185195410402,-0.7987277656855161,0.8930915861292179
785,-2.7760048958710106,0.9420779681117967,-0.05489565734185897,1.9518071868411795,-0.7969809803544264,0.880765103601871
786,-2.778089489327397,0.9516608291407997,-0.051956506321402696,1.952545341191437,-0.7952546660481219,0.8684324551116365
787,-2.7802462092926743,0.9613120038928604,-0.049088189408722505,1.9533995201204928,-0.7935495319253971,0.8560977218260151
788,-2.782472957325574,0.9710277064640797,-0.04629219721547606,1.95436952206247,-0.7918662566736464,0.8437649618376005
789,-2.784767608267288,0.9808041310424459,-0.04356997513321359,1.955455080457863,-0.790205491516044,0.8314382120968721
790,-2.787128009666671,0.9906374516807522,-0.04092291984589225,1.9566558610442821,-0.7885678517663284,0.8191214788905667
791,-2.789551990521893,1.000523831384378,-0.03835237862868279,1.9579714619421091,-0.7869539436855202,0.8068187636203353
792,-2.7920374114346895,1.010459472610071,-0.035859662568446415,1.9594014276701093,-0.7853645407318045,0.7945342379732153
793,-2.794786847189609,1.020645300187998,-0.033512208508861385,1.9610114118936068,-0.7845502206357778,0.7830218799165165
794,-2.7971832183227114,1.0304625932315048,-0.03111243586628165,1.9626020350509474,-0.7822596473805605,0.7700337545968925
795,-2.7998393667889867,1.0405225611437325,-0.028860295761878874,1.964371434303417,-0.7807460601207572,0.7578265021780154
796,-2.8025478414689466,1.050616129461517,-0.026690507209352066,1.9662525005475435,-0.7792584366696801,0.745652500246519
797,-2.805306417050323,1.0607394590724042,-0.02460406756257949,1.9682443896937825,-0.7777974041195831,0.7335157733513668
798,-2.808112791320071,1.0708886438399277,-0.02260188167601529,1.9703461526639943,-0.776363325198785,0.721420078280847
799,-2.8109646528840964,1.0810597786544935,-0.020684780479848452,1.97255675480937,-0.7749565386709947,0.7093691433828381
800,-2.813859679775668,1.0912489583707647,-0.018853517185407953,1.9748750729638913,-0.7735773484918255,0.697366656643699
801,-2.816795542324978,1.1014522810039442,-0.017108764899100293,1.977299893911238,-0.7722260284486585,0.685416269252261
802,-2.8197699043820443,1.1116658492770743,-0.01545111381446751,1.9798299124343273,-0.7709028208578881,0.673521593223323
803,-2.8227804249430117,1.121885772569363,-0.01388106858848348,1.9824637295532366,-0.7696079368977022,0.6616862006591167
804,-2.8258247597558475,1.1321081688414296,-0.012399045817351073,1.9851998508663518,-0.7683415569326848,0.6499136230053978
805,-2.8289005627546424,1.1423291663866684,-0.011005371564798416,1.9880366849473705,-0.767103830361773,0.638207349834006
806,-2.832005487681731,1.1525449057678145,-0.009700279065624984,1.9909725419205038,-0.765894876248666,0.6265708284113611
807,-2.8351371895461996,1.1627515415872833,-0.00848390651025166,1.9940056321192383,-0.7647147835071963,0.6150074628257095
808,-2.8382933260716556,1.1729452442440298,-0.007356294964449228,1.9971340648824263,-0.7635636112014788,0.6035206132333064
809,-2.8414715591384097,1.1831222016820644,-0.006317386442608708,2.00035584750569,-0.7624413889655537,0.5921135952285645
810,-2.8446695561511173,1.1932786210615882,-0.005367022116488096,2.0036688843296546,-0.7613481173350026,0.5807896791309692
811,-2.847884991409707,1.203410730430499,-0.00450494070298646,2.0070709760081646,-0.7602837682405936,0.5695520894392027
812,-2.8511155474098135,1.2135147803224613,-0.00373077701023794,2.010559818935394,-0.7592482854360381,0.558404004224811
813,-2.854358916110656,1.223587045319381,-0.0030440606680872673,2.0141330048574795,-0.7582415849862988,0.5473485545922592
814,-2.8576128001638725,1.2336238255717575,-0.002444215048693188,2.0177880206740566,-0.7572635557996489,0.5363888241888424
815,-2.8608749140917915,1.2436214482653294,-0.0019305563831037986,2.021522248435115,-0.756314060169137,0.5255278487304738
816,-2.8641429854203753,1.2535762690391912,-0.0015022930821537717,2.0253329655411463,-0.7553929343460415,0.5147686155662244
817,-2.8674147557720384,1.2634846733605096,-0.0011585252738335328,2.0292173451583,-0.7544999891583165,0.5041140632949668
818,-2.870687981900854,1.273343077838329,-0.000898244555567862,2.0331724568466427,-0.7536350106268029,0.49356708138718486
819,-2.873960436688715,1.2831479314949317,-0.0007203339758452554,2.037195267415491,-0.7527977606323893,0.48313050986548145
820,-2.877229910090328,1.2928957169826139,-0.0006235682467432557,2.0412826420070367,-0.7519879775988192,0.4728071390087615
821,-2.8804942100306903,1.3025829517494438,-0.0006066141930878288,2.045431345413556,-0.7512053772009439,0.46259970909023523
822,-2.883751163254763,1.3122061891536752,-0.0006680314427323086,2.0496380436323163,-0.7504496530955982,0.4525109101466969
823,-2.8869986161324857,1.3217620195299067,-0.0008062733632410168,2.0538993056630757,-0.749720477681935,0.4425433817862362
824,-2.890234435414629,1.3312470712024185,-0.0010196882452062628,2.058211605547986,-0.7490175028756966,0.4326997130191683
825,-2.8934565089463953,1.3406580114525504,-0.0013065207374640675,2.0625713246588195,-0.7483403609130015,0.42298244212804126
826,-2.8966627463348082,1.3499915474361202,-0.0016649135337598597,2.0669747542306416,-0.7476886651686055,0.41339405656200134
827,-2.8998510795751447,1.359244427056065,-0.002092909312845004,2.0714180981435435,-0.7470620109989901,0.403936992866137
828,-2.9030194636351747,1.368413439789033,-0.0025884529314363913,2.0758974759514865,-0.7464599766011614,0.394613636637006
829,-2.9061658770001952,1.3774954174688614,-0.003149393869587236,2.0804089261574275,-0.7458821238905093,0.3854263225079388
830,-2.9092883221807595,1.3864872350287845,-0.003773488926946511,2.084948409732803,-0.7453279993965279,0.3763773341632648
831,-2.9123848261838674,1.395385811203104,-0.004458405167266033,2.0895118138784,-0.7447971351725253,0.36746890437779534
832,-2.915453440951464,1.404188109192104,-0.00520172310837852,2.094094956023417,-0.7442890497229799,0.35870321508557396
833,-2.9184922437665834,1.4128911372905189,-0.006000940153440437,2.0986935880581785,-0.7438032489428048,0.35008239747235625
834,-2.9214993376307663,1.4214919494831157,-0.006853474258681214,2.103303400795359,-0.7433392270710257,0.34160853209465597
835,-2.9244728516139533,1.4299876460085728,-0.007756667832023778,2.1079200286537363,-0.7428964676549755,0.33328364902168317
836,-2.9274109411800993,1.4383753738948386,-0.008707791856499503,2.11253905455802,-0.7424744445264863,0.3251097280019325
837,-2.930311788490236,1.4466523274676546,-0.00970405023088694,2.1171560150468545,-0.7420726227868226,0.3170886986514325
838,-2.9331736026855895,1.454815748834824,-0.010742584319978876,2.121766405581037,-0.7416904598004267,0.30922244066395455
839,-2.9359946201531217,1.462862928348527,-0.011820477705731358,2.1263656860428606,-0.7413274061957087,0.30151278404169324
840,-2.9387731047757932,1.47079120504797,-0.012934761129917094,2.130949286416876,-0.7409829068720823,0.29396150934583576
841,-2.941507348169668,1.4785979670844156,-0.014082417618173304,2.135512612641611,-0.7406564020113514,0.28657034796539127
842,-2.944195669910414,1.4862806521311536,-0.015260387774853168,2.1400510526213363,-0.7403473280929735,0.27934098240401806
843,-2.946836417750983,1.4938367477800991,-0.016465575237062602,2.1445599823859323,-0.7400551189112451,0.27227504658315116
844,-2.9494279678327877,1.5012637919273661,-0.017694852276272988,2.1490347723869236,-0.7397792065934203,0.26537412616064054
845,-2.951968724892172,1.5085593731495164,-0.018945065534545558,2.1534707939164015,-0.7395190226173899,0.2586397588637762
846,-2.9544571224640137,1.5157211310723275,-0.02021304188260631,2.1578634256357647,-0.7392739988273788,0.25207343483535694
847,-2.956891623084244,1.5227467567338202,-0.021495594386007344,2.162208060200216,-0.7390435684464175,0.2456765969917762
848,-2.9592707184927916,1.5296339929430058,-0.022789528365531497,2.1665001109648534,-0.7388271670843412,0.23945064139209588
849,-2.961592929838239,1.5363806346356301,-0.024091647537070493,2.1707350187573082,-0.7386242337393112,0.2333969176162901
850,-2.963856807885807,1.5429845292284843,-0.02539876021668319,2.1749082587023527,-0.7384342117923703,0.22751672915238386
851,-2.966060933229248,1.5494435769728434,-0.02670768557512715,2.179015347082474,-0.7382565499924414,0.22181133379007528
852,-2.9682039165080694,1.555755731308412,-0.028015259926965408,2.183051848219246,-0.7380907034313109,0.21628194402058593
853,-2.970284398630592,1.5619189992182727,-0.029318343038264194,2.1870133813592547,-0.7379361345065836,0.21092972744089072
854,-2.9723010510034245,1.5679314415853671,-0.03061382443736438,2.19089562754879,-0.7377923138711622,0.20575580716107927
855,-2.974252575767939,1.5737911735510908,-0.03189862971248725,2.1946943364807967,-0.7376587213679623,0.20076126221371043
856,-2.9761377060439442,1.579496364876162,-0.03316972678054042,2.1984053332982283,-0.7375348469483236,0.1959471279638057
857,-2.9779552061805896,1.5850452403037767,-0.03442413211072215,2.202024525337131,-0.7374201915725158,0.19131439651802795
858,-2.9797038720145355,1.5904360799250568,-0.035658916887190806,2.2055479087935046,-0.737314268090987,0.18686401713186218
859,-2.9813825311352455,1.5956672195466313,-0.036871213094632926,2.208971575297544,-0.737216602104966,0.18259689661354755
860,-2.982990043156831,1.6007370510597672,-0.03805821951113075,2.2122917183794275,-0.7371267328047129,0.1785138997232084
861,-2.984525299996268,1.605644022810825,-0.03921720759243508,2.2155046398105585,-0.7370442137843135,0.17461584956622267
862,-2.9859872261571816,1.6103866399722455,-0.0403455272324309,2.218606755804836,-0.7369686138314184,0.1709035279793451
863,-2.9873747790185314,1.6149634649133606,-0.04144061238445018,2.221594603064392,-0.7368995176905457,0.1673776759083616
864,-2.988686949127427,1.6193731175702537,-0.042499986528612865,2.2244648446548148,-0.7368365267986688,0.16403899377608394
865,-2.9899227604951917,1.6236142758137655,-0.043521267970777266,2.227214275695223,-0.7367792599918197,0.16088814183956662
866,-2.9910812708955903,1.6276856758145488,-0.04450217495885522,2.22983982884879,-0.7367273541812321,0.15792574053515168
867,-2.992161572164327,1.6315861124042625,-0.04544053060288622,2.232338579599924,-0.7366804649980286,0.15515237081047317
868,-2.9931627904986597,1.635314439431744,-0.04633426758569348,2.234707751304789,-0.7366382674050661,0.1525685744421197
869,-2.994084086756,1.6388695701130063,-0.047181432651433486,2.236944720002292,-0.7366004562749242,0.15017485433804373
870,-2.994924656750495,1.642250477374065,-0.04798019085995553,2.2390470189733414,-0.7365667469329125,0.14797167482367396
871,-2.9956837315462885,1.6454561941852575,-0.04872882959539737,2.2410123430366324,-0.7365368756640016,0.14595946191072157
872,-2.996360577746511,1.648485813886118,-0.04942576231823548,2.242838552570068,-0.7365106001828249,0.14413860354790126
873,-2.996954497776809,1.6513384904996016,-0.05006953205052622,2.244523677247421,-0.7364877000657726,0.14250944985265834
874,-2.9974648301623468,1.654013439034584,-0.05065881458469246,2.246065919480478,-0.7364679771442441,0.141072313323033
875,-2.9978909497974566,1.6565099357758055,-0.05119242140730251,2.247463657558014,-0.736451255858604,0.13982746902926252
876,-2.99823226820671,1.6588273185600404,-0.0516693023295256,2.2487154484731615,-0.7364373835717168,0.1387751547840504
877,-2.9984882337968575,1.6609649870379204,-0.05208854781712402,2.24982003043198,-0.7364262308418119,0.13791557129129767
878,-2.9986583320986324,1.6629224029204135,-0.052449391013364544,2.250776325036494,-0.7364176916539127,0.1372488822725711
879,-2.9987420859978697,1.6646990902094068,-0.052751209449338976,2.251583439136633,-0.7364116836094912,0.136775214571001
880,-2.9987390559552853,1.6662946354117454,-0.05299352643653865,2.2522406663458563,-0.7364081480738343,0.13649465823212625
881,-2.9986488402145355,1.6677086877363316,-0.05317601213801382,2.252747488216726,-0.7364070502810707,0.13640726656165075
882,-2.9984710749980747,1.6689409592738276,-0.05329848431459805,2.2531035750728714,-0.7364083793963221,0.13651305615959503
883,-2.998205434690676,1.6699912251588072,-0.05336090874415067,2.2533087864952535,-0.7364121485351227,0.13681200693099388
884,-2.99785163201044,1.6708593237142058,-0.05336339931224887,2.2533631714611317,-0.7364183947399172,0.13730406207295215
885,-2.9974094181673454,1.6715451565781125,-0.05330621777386346,2.2532669681352466,-0.7364271789138206,0.13798912803824082
886,-2.9968785830093783,1.6720486888129562,-0.053189773186208544,2.2530206033133933,-0.7364385857115803,0.13886707447536212
887,-2.996258955156523,1.6723699489973753,-0.05301462101412646,2.252624691519741,-0.7364527233881164,0.13993773414544552
888,-2.9955504021229986,1.6725090293011655,-0.05278146190996802,2.252080033759868,-0.736469723604923,0.14120090281623598
889,-2.9947528304281237,1.6724660855436864,-0.052491140171013306,2.2513876159325648,-0.7364897411946132,0.142656339133426
890,-2.9938661856964366,1.672241337236384,-0.05214464187820789,2.250548606904196,-0.7365129538842261,0.1443037644699217
891,-2.992890452747692,1.6718350676100442,-0.05174309272087463,2.2495643562503265,-0.7365395619777234,0.14614286275342375
892,-2.991825655677502,1.6712476236275775,-0.05128775551302378,2.248436391670255,-0.7365697879983854,0.14817328027299392
893,-2.990671857929388,1.6704794159830862,-0.05078002740750609,2.247166416080754,-0.7366038762916933,0.1503946254651337
894,-2.9894291623592353,1.6695309190882552,-0.050221436815287124,2.24575630439635,-0.7366420925896977,0.15280646868032483
895,-2.9880977112929195,1.6684026710468303,-0.049613640037697415,2.2442081000040632,-0.7366847235373524,0.15540834193044217
896,-2.986677686578292,1.6670952736183873,-0.0489584176205875,2.2425240109415956,-0.736732076182225,0.158199738618379
897,-2.985169309632309,1.6656093921722115,-0.048257670439610933,2.2407064057882864,-0.7367844774279966,0.1611801132502249
898,-2.9835728414844853,1.6639457556324668,-0.04751341552717103,2.238757809279448,-0.7368422734532833,0.16434888113144208
899,-2.981888582817612,1.6621051564156328,-0.04672778165168556,2.2366808976548413,-0.7369058290965818,0.16770541804776046
900,-2.980116874006742,1.660088450361223,-0.04590300466084707,2.2344784937530635,-0.7369755272085453,0.17124905993189382
901,-2.9782580951573516,1.6578965566567196,-0.045041422601138636,2.2321535618642274,-0.7370517679728219,0.17497910251722348
902,-2.9763126661437878,1.6555304577578527,-0.04414547062636509,2.2297092023538174,-0.7371349681967909,0.1788948009796597
903,-2.9742810466484677,1.6529911993047304,-0.043217675708433934,2.2271486460710745,-0.7372255605730889,0.18299536956848278
904,-2.9721637362031093,1.6502798900350952,-0.04226065116454447,2.2244752485562183,-0.7373239929138522,0.18727998122795636
905,-2.9699612742321992,1.6473977016949763,-0.04127709101492649,2.2216924840607812,-0.7374307273584949,0.19174776721041964
906,-2.9676742400995724,1.6443458689476014,-0.04026976418590644,2.2188039393960004,-0.7375462395566394,0.19639781668233036
907,-2.965303253158438,1.6411256892809678,-0.03924150857369013,2.2158133076248037,-0.7376710178276393,0.20122917632459636
908,-2.9628489728051863,1.6377385229144035,-0.03819522498416039,2.2127243816128597,-0.73780556229798,0.2062408499282961
909,-2.9603120985372073,1.6341857927044026,-0.0371338709646567,2.209541047454853,-0.737950384018143,0.21143179798727474
910,-2.95769337001465,1.6304689840496882,-0.03606045454370488,2.206267277792104,-0.7381060040602371,0.21680093728872263
911,-2.9549935671261536,1.6265896447955641,-0.034978027895077535,2.202907125038141,-0.7382729525981173,0.22234714050334414
912,-2.9522135100580464,1.622549385137079,-0.03388968094248712,2.1994647145286987,-0.7384517679711214,0.22806923577605392
913,-2.9493540593667333,1.6183498775207827,-0.03279853492147744,2.195944237612932,-0.7386429957332125,0.23396600631882564
914,-2.9464161160535327,1.6139928565443324,-0.031707735915040836,2.1923499447025807,-0.738847187688854,0.24003619000686283
915,-2.943400621641075,1.6094801188531327,-0.030620448379548915,2.188686138295891,-0.7390649009170832,0.24627847897936003
916,-2.9403085582503836,1.604813523033148,-0.029539848677349267,2.184957165992879,-0.7392966967853012,0.2526915192462096
917,-2.9371409486773894,1.5999949894986787,-0.028469118632621138,2.181167413518767,-0.7395431399543397,0.25927391030199726
918,-2.933898856467411,1.5950265003736785,-0.027411439126352688,2.1773212977716865,-0.7398047973759447,0.26602420474826505
919,-2.9305833859862362,1.5899100993652797,-0.026369983746782344,2.173423259911248,-0.7400822372845155,0.2729409079256581
920,-2.9271956824858285,1.5846478916276028,-0.025347912510720993,2.1694777585036538,-0.7403760281840375,0.28002247755670606
921,-2.92373693216323,1.5792420436144452,-0.024348365671354122,2.1654892627391993,-0.7406867378324439,0.28726732340124583
922,-2.9202083622099564,1.5736947829182109,-0.023374457627372225,2.161462245737291,-0.7410149322235042,0.29467380692439343
923,-2.9166112408503753,1.5680083980935944,-0.022429270948175484,2.1574011779540125,-0.7413611745690041,0.302240240979597
924,-2.9129468773662834,1.56218523846329,-0.0215158505291686,2.1533105207065,-0.7417260242814376,0.3099648895067701
925,-2.9092166221056157,1.5562277139037017,-0.020637197891003822,2.1491947198283112,-0.7421100359594801,0.31784596724755143
926,-2.9054218664722504,1.5501382946076672,-0.019796265635510624,2.145058199468799,-0.742513758376286,0.32588163947749943
927,-2.9015640428950142,1.543919510822336,-0.018995952071213962,2.1409053560496862,-0.7429377334736601,0.3340700217580381
928,-2.8976446247725005,1.5375739525588843,-0.01823909601996032,2.136740552390686,-0.7433824953615813,0.34240917970737816
929,-2.8936651263912676,1.5311042692716474,-0.017528471816193436,2.132568112015985,-0.7438485693252094,0.3508971287923224
930,-2.8896271028147424,1.5245131695040894,-0.016866784509085964,2.128392313652152,-0.7443364708407283,0.35953183414203693
931,-2.8855321497398276,1.5178034204986113,-0.016256665277598836,2.1242173859278264,-0.7448467046007103,0.36831121038423914
932,-2.8813819033183092,1.5109778477673808,-0.01570066706728812,2.120047502284359,-0.7453797635498952,0.3772331215044109
933,-2.8771780399408646,1.504039334622022,-0.015201260457398336,2.1158867761062528,-0.7459361279339565,0.3862953807303799
934,-2.8729222759801543,1.4969908216586971,-0.014760829765370298,2.111739256078887,-0.7465162643602216,0.39549575044094687
935,-2.8686163674910166,1.4898353061966552,-0.01438166939581742,2.1076089217808978,-0.7471206248733325,0.4048319421012916
936,-2.864262109864534,1.4825758416670807,-0.014065980439305736,2.103499679516914,-0.7477496460450992,0.4143016162241123
937,-2.859861337434651,1.4752155369509614,-0.013815867526804082,2.099415358396848,-0.7484037480823879,0.4239023823600965
938,-2.8554159230329432,1.467757555661635,-0.013633335942513591,2.095359706664801,-0.7490833339491965,0.43363179911357025
939,-2.8509277774920623,1.4602051153726028,-0.013520289000212626,2.0913363882831058,-0.7497887885102393,0.44348737419037154
940,-2.84639884909283,1.4525614867856373,-0.013478525683686016,2.087348979772385,-0.7505204776899418,0.4534665644715715
941,-2.841831122956485,1.4448299928407333,-0.013509738554662087,2.083400967311456,-0.7512787476559946,0.4635667761218638
942,-2.8372266203766845,1.4370140077625777,-0.013615511927048463,2.079495744096227,-0.7520639240192609,0.47378536472419475
943,-2.8325873980922047,1.4291169560445418,-0.013797320309097971,2.0756366079595727,-0.7528763110559513,0.48411963544616243
944,-2.82791554749999,1.4211423113698831,-0.014056527111903527,2.07182675925098,-0.7537161909571519,0.49456684324304073
945,-2.8232131938042464,1.413093595465949,-0.014394383622072793,2.0680692989741893,-0.7545838230960253,0.5051241930874101
946,-2.81848249510315,1.4049743768929723,-0.014812028236664165,2.064367227181278,-0.7554794433203382,0.5157888402327575
947,-2.8137256414130265,1.396788269767413,-0.015310485956847808,2.060723441620051,-0.7564032632729454,0.5265578905133464
948,-2.8089448536289314,1.3885389324188135,-0.015890668136803843,2.057140736631622,-0.7573554697368006,0.5374284006766454
949,-2.8041423824195526,1.3802300659781659,-0.01655337248103983,2.05362180229176,-0.7583362240016264,0.5483973787451093
950,-2.7993205070618465,1.37186541290325,-0.01729928328846264,2.0501692237947235,-0.7593456612647866,0.5594617844195501
951,-2.794481534210841,1.3634487554364605,-0.018128971932445337,2.046785481069218,-0.7603838900550555,0.5706185295124797
952,-2.7896277966100422,1.354983914000609,-0.019042897575047624,2.043472948625021,-0.7614509916918709,0.5818644784236655
953,-2.7847616517361153,1.3464747455264356,-0.020041408101911573,2.040233895617196,-0.7625470197580273,0.5931964486355663
954,-2.7798854803931023,1.3379251417271656,-0.021124741278621295,2.0370704861290783,-0.7636719996288547,0.6046112112713415
955,-2.7750016852359494,1.3293390272999526,-0.022293026108319625,2.033984779654224,-0.7648259279930008,0.616105491650247
956,-2.7701126892511327,1.3207203580820488,-0.023546284394464934,2.0309787317816053,-0.766008772441791,0.6276759699170299
957,-2.76522093418026,1.3120731191476631,-0.024884432489723496,2.02805419506543,-0.7672204710835218,0.6393192817013874
958,-2.760328878892832,1.3034013228517458,-0.026307283228585554,2.0252129200776094,-0.7684609321832246,0.6510320188076653
959,-2.7554389976845655,1.2947090067971714,-0.027814548016287466,2.022456556615811,-0.7697300337591582,0.6628107298657423
960,-2.7505537785859393,1.2860002318100672,-0.029405839097818687,2.01978665509131,-0.771027623391369,0.6746519211980625
961,-2.745675721597631,1.277279079839996,-0.03108067196765496,2.0172046680576736,-0.7723535179577264,0.6865520576179561
962,-2.7408073368256316,1.2685496517578607,-0.032838467891085577,2.014711951851529,-0.7737075032125051,0.6985075630739214
963,-2.7359511427738865,1.2598160653094668,-0.03467855662383357,2.0123097684325435,-0.7750893340330197,0.7105148219650461
964,-2.7311096641765613,1.2510824526068718,-0.03660017909559787,2.0099992871886165,-0.7764987332656434,0.7225701790585939
965,-2.72628543049091,1.2423529582786146,-0.038602490429249126,2.0077815870784397,-0.7779353929529914,0.7346699417911527
966,-2.721480975306492,1.2336317385346072,-0.040684563382365924,2.0056576591984863,-0.7793989788750864,0.746810385885859
967,-2.716698831787469,1.2249229562625044,-0.04284539052600311,2.0036284080897477,-0.7808891215270243,0.75898774740783
968,-2.7119414966008137,1.2162307446084595,-0.04508387624938859,2.0016946428732725,-0.782405295188397,0.7711981029127658
969,-2.705642203765615,1.2059899804775127,-0.046892229569069355,1.999350469193467,-0.7783429854545496,0.7778335380584211
970,-2.702511616535097,1.1989129760652992,-0.04978920595742353,1.9981165301844306,-0.7855148837920857,0.7957033432410406
971,-2.697843906299077,1.1902955574088987,-0.05225346066370207,1.9964733589329016,-0.7871066076337903,0.8079897347715519
972,-2.6932111808740067,1.1817114923240029,-0.0547903681235653,1.994928197034163,-0.788722805166786,0.8202939607450268
973,-2.6886158670642053,1.1731648726121195,-0.057398486970932194,1.993481458755121,-0.7903626722897767,0.832611819078896
974,-2.6840604443429417,1.1646598473865244,-0.0600763402629898,1.992133510415771,-0.7920256093148258,0.8449393152950241
975,-2.6795473793604385,1.156200557224103,-0.06282239805330736,1.9908846521244001,-0.7937109943262931,0.8572724369579424
976,-2.67507912169538,1.1477911295597605,-0.06563507994588047,1.989735119499728,-0.7954181751484488,0.8696071467203678
977,-2.6706581020993756,1.1394356765728972,-0.06851275841768734,1.98868508616793,-0.7971464703010422,0.8819393843550292
978,-2.6662867300264836,1.1311382923581466,-0.0714537618668476,1.987734665992031,-0.798895167281677,0.8942650661112019
979,-2.6619673923605864,1.1229030512932296,-0.07445637799679328,1.9868839156444333,-0.8006635251598443,0.9065800883805563
980,-2.6577024512263145,1.1147340054897155,-0.07751885683743986,1.986132836823953,-0.8024507737654574,0.91888032795476
981,-2.653494242233293,1.106635182676504,-0.08063941383767848,1.9854813785520293,-0.8042561143523408,0.931161643754991
982,-2.649345072761667,1.0986105841241027,-0.08381623289129281,1.9849294394105963,-0.8060787203222977,0.9434198786185963
983,-2.6452572201761533,1.0906641824969774,-0.08704746925083884,1.9844768696764956,-0.8079177375727105,0.9556508607055716
984,-2.6412329301471518,1.0827999198126212,-0.09033125237892259,1.9841234734022293,-0.8097722851264124,0.9678504051832137
985,-2.6372744150071825,1.075021705435654,-0.0936656887112296,1.9838690104177465,-0.8116414557393814,0.9800143158841998
986,-2.633383852150187,1.0673334141145863,-0.0970488643221612,1.9837131982444842,-0.8135243165415305,0.992138386992993
987,-2.629563382486095,1.0597388840737096,-0.10047884749422908,1.9836557139231332,-0.8154199097223269,1.004218404772017
988,-2.6258151089416324,1.0522419151511735,-0.1039536911819815,1.9836961957462504,-0.8173272532334205,1.0162501492994205
989,-2.6221410950203268,1.0448462669962741,-0.10747143537105186,1.9838342448966473,-0.8192453415384919,1.0282293962483215
990,-2.6185433634134254,1.0375556573177414,-0.11103010932301294,1.9840694269825478,-0.8211731463910714,1.0401519186879642
991,-2.615023894669051,1.030373760190443,-0.11462773370861268,1.9844012734724314,-0.823109617638601,1.0520134889047088
992,-2.6115846259233706,1.0233042044243257,-0.11826232262413106,1.9848292830246121,-0.8250536840865967,1.0638098802764244
993,-2.6082274496808635,1.0163505719827837,-0.12193188548711498,1.9853529227081153,-0.8270042543505911,1.0755368691276135
994,-2.604954212662597,1.0095163964694152,-0.12563442881384845,1.9859716291175256,-0.8289602177792065,1.087190236648326
995,-2.601766714706466,1.0028051616672125,-0.1293679578734016,1.9866848093769547,-0.8309204453766652,1.0987657708048066
996,-2.598666707732063,0.996220300142922,-0.1331304782213656,1.9874918420365122,-0.8328837907752872,1.110259268292191
997,-2.595655894761397,0.9897651919078608,-0.13691999710995129,1.9883920778582724,-0.8348490912251427,1.1216665364960121
998,-2.592735928998396,0.9834431631382072,-0.14073452477675197,1.9893848404942969,-0.836815168608159,1.1329833954695812
999,-2.5899084129696286,0.977257484957274,-0.14457207561298224,1.9904694270578243,-0.8387808304916928,1.144205679941915
