Time,Ours,Competitor1,PJM,Demand
2024-01-01 01:00:00,93382.98443831716,85735.38767123288,178974,80933.0
2024-01-01 02:00:00,92797.55325314232,82645.91506849315,178873,79675.0
2024-01-01 03:00:00,92797.55325314232,83089.51835616438,178157,78911.0
2024-01-01 04:00:00,93041.2930177194,83891.0,178015,79480.0
2024-01-01 05:00:00,93382.98443831716,83985.00657534247,178353,80973.0
2024-01-01 06:00:00,94134.83343307118,89147.0,178458,82850.0
2024-01-01 07:00:00,94327.92907885987,91467.0,178802,84279.0
2024-01-01 08:00:00,94626.54430756312,93045.0,179196,85472.0
2024-01-01 09:00:00,97996.57811032502,93773.25698630136,179439,86633.0
2024-01-01 10:00:00,95450.316597224,93515.87232876712,178730,87793.0
2024-01-01 11:00:00,94626.54430756312,93045.0,177994,88641.0
2024-01-01 12:00:00,94491.12740286293,93762.0,177404,89557.0
2024-01-01 13:00:00,94298.9047292391,91406.0,176837,90262.0
2024-01-01 14:00:00,94298.9047292391,91406.0,176522,90569.0
2024-01-01 15:00:00,94626.54430756312,93045.0,176475,91592.0
2024-01-01 16:00:00,100714.27921452606,99821.08109589042,176739,94190.0
2024-01-01 17:00:00,108933.06733769029,102772.0,176786,97967.0
2024-01-01 18:00:00,110449.89108776508,105096.218630137,177009,98379.0
2024-01-01 19:00:00,110279.13570378444,106225.35068493152,180046,97375.0
2024-01-01 20:00:00,108933.06733769029,104795.0,180645,95569.0
2024-01-01 21:00:00,105028.41848675102,102406.0,180722,93512.0
2024-01-01 22:00:00,100714.27921452606,96820.27205479452,180235,89927.0
2024-01-01 23:00:00,94626.54430756312,93045.0,180338,86468.0
2024-01-02 00:00:00,94298.9047292391,91930.93863013698,177398,84070.0
2024-01-02 01:00:00,94327.92907885987,91425.28438356164,177376,82812.0
2024-01-02 02:00:00,94134.83343307118,89683.95506849315,178195,82164.0
2024-01-02 03:00:00,94327.92907885987,91428.21369863012,178169,82620.0
2024-01-02 04:00:00,94298.9047292391,91521.0,178395,84795.0
2024-01-02 05:00:00,100714.27921452606,97812.65643835616,179103,89449.0
2024-01-02 06:00:00,110449.89108776508,104193.38904109588,179486,96456.0
2024-01-02 07:00:00,115502.26970954592,109135.0,180350,101748.0
2024-01-02 08:00:00,115502.26970954592,109135.0,182114,102798.0
2024-01-02 09:00:00,115246.49300634468,105452.69534246575,183358,101900.0
2024-01-02 10:00:00,110449.89108776508,104282.0,183138,100590.0
2024-01-02 11:00:00,108933.06733769029,104795.0,183050,98532.0
2024-01-02 12:00:00,106067.40916376552,101936.67397260274,183342,97113.0
2024-01-02 13:00:00,105028.41848675102,102337.54082191782,183103,96298.0
2024-01-02 14:00:00,105028.41848675102,99813.0,182729,95847.0
2024-01-02 15:00:00,105028.41848675102,99956.01287671232,182115,96555.0
2024-01-02 16:00:00,110279.13570378444,105126.0,180598,99799.0
2024-01-02 17:00:00,115502.26970954592,106135.2098630137,180211,105473.0
2024-01-02 18:00:00,115411.08118914992,108260.0,180007,107206.0
2024-01-02 19:00:00,115502.26970954592,108701.46547945206,179065,106671.0
2024-01-02 20:00:00,115502.26970954592,106050.92876712327,178681,105358.0
2024-01-02 21:00:00,115182.93192576164,107284.90767123288,178566,102748.0
2024-01-02 22:00:00,108933.06733769029,102810.72328767124,178804,98936.0
2024-01-02 23:00:00,103436.93264425,99769.06219178082,178868,95113.0
2024-01-03 00:00:00,99204.96244670232,97919.0,176882,92346.0
2024-01-03 01:00:00,94673.18508432285,93034.39479452054,176250,91064.0
2024-01-03 02:00:00,94491.12740286293,93228.9701369863,176305,90525.0
2024-01-03 03:00:00,94626.54430756312,93045.0,176192,91020.0
2024-01-03 04:00:00,99204.96244670232,95718.93671232877,175691,92893.0
2024-01-03 05:00:00,105028.41848675102,99084.77232876713,175878,97502.0
2024-01-03 06:00:00,115246.49300634468,106389.0,176084,104597.0
2024-01-03 07:00:00,115513.54902658272,111019.0,176144,109121.0
2024-01-03 08:00:00,115513.54902658272,110382.72383561645,177347,108519.0
2024-01-03 09:00:00,115502.26970954592,108271.0,177911,104575.0
2024-01-03 10:00:00,112936.71227701013,104935.0,177552,100714.0
2024-01-03 11:00:00,110449.89108776508,104161.57342465754,176908,98198.0
2024-01-03 12:00:00,108296.72003975153,107235.0,176866,96567.0
2024-01-03 13:00:00,105371.2778700864,101120.0,176998,95776.0
2024-01-03 14:00:00,105028.41848675102,99956.01287671232,176201,95405.0
2024-01-03 15:00:00,105028.41848675102,101594.81452054797,175680,96766.0
2024-01-03 16:00:00,110449.89108776508,102081.0893150685,175930,100002.0
2024-01-03 17:00:00,115502.26970954592,106137.0,176011,104834.0
2024-01-03 18:00:00,115502.26970954592,108308.64383561644,176877,105574.0
2024-01-03 19:00:00,115502.26970954592,106902.90520547946,179411,104619.0
2024-01-03 20:00:00,115420.76438491268,108416.07041095891,178700,103148.0
2024-01-03 21:00:00,112936.71227701013,104123.0,178772,100130.0
2024-01-03 22:00:00,106067.40916376552,103680.0,178718,95532.0
2024-01-03 23:00:00,100390.24094382828,96292.0,179097,90946.0
2024-01-04 00:00:00,97045.51186894887,92277.0,176057,87693.0
2024-01-04 01:00:00,94298.9047292391,91473.05150684933,175723,86102.0
2024-01-04 02:00:00,94327.92907885987,91467.0,175668,85183.0
2024-01-04 03:00:00,94298.9047292391,91102.22136986302,175805,85360.0
2024-01-04 04:00:00,94673.18508432285,93045.0,176049,86991.0
2024-01-04 05:00:00,103992.5426815722,97367.64602739726,176600,91523.0
2024-01-04 06:00:00,112239.8762330241,106180.62547945206,176861,98475.0
2024-01-04 07:00:00,115502.26970954592,109016.0,177019,103236.0
2024-01-04 08:00:00,115411.08118914992,108260.0,177793,104142.0
2024-01-04 09:00:00,115502.26970954592,108253.96657534246,178223,103801.0
2024-01-04 10:00:00,115246.49300634468,103847.40547945203,178505,103117.0
2024-01-04 11:00:00,110669.61907692369,102602.88301369864,177798,101781.0
2024-01-04 12:00:00,110279.13570378444,104760.77041095892,177612,100840.0
2024-01-04 13:00:00,108933.06733769029,104742.05534246576,177475,100716.0
2024-01-04 14:00:00,108933.06733769029,107083.32657534248,177396,99886.0
2024-01-04 15:00:00,110279.13570378444,103533.0,178002,99822.0
2024-01-04 16:00:00,115246.49300634468,111013.93013698632,177260,102361.0
2024-01-04 17:00:00,115513.54902658272,113313.04328767124,176923,108000.0
2024-01-04 18:00:00,118884.55611603551,114099.85041095893,177199,109982.0
2024-01-04 19:00:00,116888.84701197685,114517.14383561644,178468,109762.0
2024-01-04 20:00:00,116186.28886461792,113316.7591780822,178915,108657.0
2024-01-04 21:00:00,115411.08118914992,110394.39835616438,179264,106273.0
2024-01-04 22:00:00,115246.49300634468,110467.2991780822,178930,102468.0
2024-01-04 23:00:00,110279.13570378444,102544.93506849316,179319,98751.0
2024-01-05 00:00:00,105028.41848675102,98475.51835616438,175139,96399.0
2024-01-05 01:00:00,103992.5426815722,97367.64602739726,175195,95396.0
2024-01-05 02:00:00,103835.88987989083,98107.60328767124,174924,95221.0
2024-01-05 03:00:00,104316.4683735078,97063.68739726028,175411,95986.0
2024-01-05 04:00:00,105371.2778700864,100252.0,175025,98182.0
2024-01-05 05:00:00,112239.8762330241,106175.41780821918,176578,103169.0
2024-01-05 06:00:00,115513.54902658272,111019.0,177288,110458.0
2024-01-05 07:00:00,125607.60616047637,116453.7490410959,177551,115470.0
2024-01-05 08:00:00,124693.64890014708,113374.53534246577,178842,114749.0
2024-01-05 09:00:00,115851.04611483528,116854.0,178959,110287.0
2024-01-05 10:00:00,115502.26970954592,109995.30575342466,178223,105629.0
2024-01-05 11:00:00,115246.49300634468,104366.18273972602,177481,101933.0
2024-01-05 12:00:00,110449.89108776508,105648.89178082193,176944,99152.0
2024-01-05 13:00:00,108933.06733769029,104795.0,177145,96990.0
2024-01-05 14:00:00,107056.98511407408,102142.0,177420,96025.0
2024-01-05 15:00:00,108933.06733769029,102142.0,176952,96811.0
2024-01-05 16:00:00,112239.8762330241,106189.03369863014,176164,100580.0
2024-01-05 17:00:00,115411.08118914992,109943.27698630135,176878,106165.0
2024-01-05 18:00:00,115513.54902658272,112585.51123287671,177697,107570.0
2024-01-05 19:00:00,115411.08118914992,109949.0,180214,107034.0
2024-01-05 20:00:00,115411.08118914992,109740.918630137,180374,105981.0
2024-01-05 21:00:00,115502.26970954592,108679.79397260274,180086,103842.0
2024-01-05 22:00:00,112239.8762330241,109988.8484931507,180093,100425.0
2024-01-05 23:00:00,106067.40916376552,102082.38301369864,180208,96680.0
2024-01-06 00:00:00,101743.9800329198,100132.48767123288,175734,93866.0
2024-01-06 01:00:00,99204.96244670232,97836.4095890411,176217,91962.0
2024-01-06 02:00:00,97554.6989626052,93217.25698630136,176244,90767.0
2024-01-06 03:00:00,94673.18508432285,92311.0,176236,90248.0
2024-01-06 04:00:00,97554.6989626052,93062.0608219178,176599,90414.0
2024-01-06 05:00:00,99204.96244670232,96257.11589041096,176461,91552.0
2024-01-06 06:00:00,103992.5426815722,97367.21205479452,177096,93864.0
2024-01-06 07:00:00,106067.40916376552,100936.29342465752,176974,96360.0
2024-01-06 08:00:00,110449.89108776508,109050.97589041098,176542,98375.0
2024-01-06 09:00:00,110449.89108776508,109039.36712328768,176810,100307.0
2024-01-06 10:00:00,110449.89108776508,105687.0,176778,101525.0
2024-01-06 11:00:00,109652.05424873118,110345.08273972604,176536,101942.0
2024-01-06 12:00:00,106067.40916376552,103495.27150684933,176576,101945.0
2024-01-06 13:00:00,105028.41848675102,108240.34164383564,175911,101503.0
2024-01-06 14:00:00,105028.41848675102,102864.0,175752,100858.0
2024-01-06 15:00:00,105028.41848675102,101303.19424657534,176661,100491.0
2024-01-06 16:00:00,106400.45426680386,102142.0,176600,101523.0
2024-01-06 17:00:00,112239.8762330241,105537.0,176762,103705.0
2024-01-06 18:00:00,112936.71227701013,111010.0,176733,103306.0
2024-01-06 19:00:00,110449.89108776508,104286.86438356164,179301,101516.0
2024-01-06 20:00:00,110279.13570378444,106189.54794520549,179220,99395.0
2024-01-06 21:00:00,106067.40916376552,99746.1791780822,179340,96701.0
2024-01-06 22:00:00,101990.41957035977,99324.0,179646,93482.0
2024-01-06 23:00:00,95450.316597224,92848.02,179889,90086.0
2024-01-07 00:00:00,94327.92907885987,89903.0,175656,87303.0
2024-01-07 01:00:00,94134.83343307118,87356.0,175693,85597.0
2024-01-07 02:00:00,93382.98443831716,86229.38493150685,175763,84419.0
2024-01-07 03:00:00,93382.98443831716,86443.0,176676,83889.0
2024-01-07 04:00:00,93382.98443831716,86258.0,177203,84222.0
2024-01-07 05:00:00,94134.83343307118,87356.0,177566,85429.0
2024-01-07 06:00:00,94327.92907885987,89903.0,178219,87377.0
2024-01-07 07:00:00,94491.12740286293,91618.88602739728,178446,89805.0
2024-01-07 08:00:00,98648.58090725508,94178.65397260274,178917,91792.0
2024-01-07 09:00:00,99204.96244670232,95298.99150684931,179987,93116.0
2024-01-07 10:00:00,99204.96244670232,96545.16520547944,180892,92730.0
2024-01-07 11:00:00,98811.21062208444,93409.36547945206,180943,92126.0
2024-01-07 12:00:00,98485.3522952513,95669.0,181053,92018.0
2024-01-07 13:00:00,95450.316597224,93045.0,180670,92121.0
2024-01-07 14:00:00,94673.18508432285,95535.58986301372,180048,92526.0
2024-01-07 15:00:00,98485.3522952513,95613.23452054797,180186,93605.0
2024-01-07 16:00:00,101743.9800329198,100132.48767123288,179990,96561.0
2024-01-07 17:00:00,108933.06733769029,109029.0,179642,100547.0
2024-01-07 18:00:00,110449.89108776508,110535.0,178776,101247.0
2024-01-07 19:00:00,110279.13570378444,110535.0,180387,100517.0
2024-01-07 20:00:00,108933.06733769029,110535.0,179833,98956.0
2024-01-07 21:00:00,105028.41848675102,108786.0,179954,95897.0
2024-01-07 22:00:00,100714.27921452606,96349.3997260274,179891,92213.0
2024-01-07 23:00:00,94491.12740286293,92850.0,180012,88696.0
2024-01-08 00:00:00,94327.92907885987,90589.58328767124,175980,86044.0
2024-01-08 01:00:00,94134.83343307118,87947.66383561643,175670,84926.0
2024-01-08 02:00:00,94134.83343307118,87628.43342465753,175772,84407.0
2024-01-08 03:00:00,94134.83343307118,89676.65890410959,175792,84904.0
2024-01-08 04:00:00,94327.92907885987,91467.0,176462,87441.0
2024-01-08 05:00:00,99693.10790253672,95752.0,176947,92606.0
2024-01-08 06:00:00,110449.89108776508,105646.61342465754,177872,100560.0
2024-01-08 07:00:00,115502.26970954592,109375.3005479452,178384,105932.0
2024-01-08 08:00:00,115502.26970954592,109135.0,180090,105981.0
2024-01-08 09:00:00,115246.49300634468,105548.53178082193,181596,103157.0
2024-01-08 10:00:00,112561.98385774477,107339.75808219178,181966,100246.0
2024-01-08 11:00:00,110449.89108776508,105687.0,181223,98013.0
2024-01-08 12:00:00,108933.06733769029,104795.0,180154,96519.0
2024-01-08 13:00:00,106067.40916376552,103638.28438356164,180079,95506.0
2024-01-08 14:00:00,106067.40916376552,108469.72657534249,179853,94952.0
2024-01-08 15:00:00,106067.40916376552,100234.44630136988,180127,95856.0
2024-01-08 16:00:00,110449.89108776508,106349.0,180067,99103.0
2024-01-08 17:00:00,115502.26970954592,110847.0,181160,104565.0
2024-01-08 18:00:00,115513.54902658272,111207.0,182718,106288.0
2024-01-08 19:00:00,115411.08118914992,111207.0,179926,105829.0
2024-01-08 20:00:00,115502.26970954592,110807.56273972604,179884,104621.0
2024-01-08 21:00:00,115246.49300634468,105460.0,179757,101875.0
2024-01-08 22:00:00,108933.06733769029,104795.0,179394,97537.0
2024-01-08 23:00:00,103992.5426815722,98957.0,179817,93400.0
2024-01-09 00:00:00,94491.12740286293,92836.0,181127,90341.0
2024-01-09 01:00:00,94327.92907885987,91156.0,180948,88507.0
2024-01-09 02:00:00,94134.83343307118,89044.95863013699,181436,87927.0
2024-01-09 03:00:00,94134.83343307118,89490.68602739726,181553,87819.0
2024-01-09 04:00:00,94327.92907885987,90879.0,181118,89190.0
2024-01-09 05:00:00,98811.21062208444,94088.0,181207,93224.0
2024-01-09 06:00:00,106067.40916376552,102142.0,182411,99727.0
2024-01-09 07:00:00,113553.53844535294,110950.7898630137,181401,104611.0
2024-01-09 08:00:00,115246.49300634468,106389.0,181248,105776.0
2024-01-09 09:00:00,115182.93192576164,104866.0,180536,106022.0
2024-01-09 10:00:00,112239.8762330241,105398.4578082192,179766,106382.0
2024-01-09 11:00:00,110449.89108776508,102802.0,178509,105962.0
2024-01-09 12:00:00,108933.06733769029,101167.21342465752,178085,105401.0
2024-01-09 13:00:00,107056.98511407408,102142.0,177252,104663.0
2024-01-09 14:00:00,106067.40916376552,108436.28356164384,177159,103107.0
2024-01-09 15:00:00,105371.2778700864,101599.42547945204,177981,102186.0
2024-01-09 16:00:00,108933.06733769029,100349.62602739726,179307,102774.0
2024-01-09 17:00:00,112936.71227701013,106770.0,179262,104278.0
2024-01-09 18:00:00,112561.98385774477,105462.0,179169,103131.0
2024-01-09 19:00:00,110449.89108776508,102802.0,178991,100436.0
2024-01-09 20:00:00,106067.40916376552,100955.0,179464,97279.0
2024-01-09 21:00:00,103992.5426815722,97745.02739726027,179664,93425.0
2024-01-09 22:00:00,94491.12740286293,92647.27342465754,179311,88722.0
2024-01-09 23:00:00,94134.83343307118,88181.16,179369,84353.0
2024-01-10 00:00:00,92797.55325314232,82533.91369863013,178387,81737.0
2024-01-10 01:00:00,92679.3231217016,80891.8101369863,178386,79945.0
2024-01-10 02:00:00,92679.3231217016,81329.07671232877,178272,79207.0
2024-01-10 03:00:00,92679.3231217016,81376.0,178311,79870.0
2024-01-10 04:00:00,92679.3231217016,81355.20630136986,178623,81839.0
2024-01-10 05:00:00,94134.83343307118,87352.0,180152,86300.0
2024-01-10 06:00:00,99043.97248374922,94088.0,179898,93224.0
2024-01-10 07:00:00,105028.41848675102,101609.0,180216,98821.0
2024-01-10 08:00:00,108006.473811032,107235.0,181076,100165.0
2024-01-10 09:00:00,106400.45426680386,102220.0,181942,99064.0
2024-01-10 10:00:00,106067.40916376552,100499.18575342468,181287,98573.0
2024-01-10 11:00:00,105371.2778700864,100172.0,180650,98537.0
2024-01-10 12:00:00,105028.41848675102,102406.0,180706,99602.0
2024-01-10 13:00:00,105028.41848675102,102307.16273972605,181037,100087.0
2024-01-10 14:00:00,105028.41848675102,102314.64876712328,180742,99530.0
2024-01-10 15:00:00,105028.41848675102,102666.73095890413,179740,99903.0
2024-01-10 16:00:00,108933.06733769029,102728.49424657534,178882,102101.0
2024-01-10 17:00:00,115246.49300634468,105525.0,179352,105542.0
2024-01-10 18:00:00,115502.26970954592,107406.09643835617,180048,105994.0
2024-01-10 19:00:00,115420.76438491268,107681.0,178712,105031.0
2024-01-10 20:00:00,115246.49300634468,105824.0,178664,103264.0
2024-01-10 21:00:00,110449.89108776508,105687.0,178951,100340.0
2024-01-10 22:00:00,105028.41848675102,99024.92657534248,179141,96059.0
2024-01-10 23:00:00,99204.96244670232,97919.0,179162,91694.0
2024-01-11 00:00:00,94327.92907885987,91920.3605479452,178559,88743.0
2024-01-11 01:00:00,94327.92907885987,89335.0,178375,87288.0
2024-01-11 02:00:00,94134.83343307118,89253.86191780823,178478,86833.0
2024-01-11 03:00:00,94134.83343307118,89296.93369863014,179063,87272.0
2024-01-11 04:00:00,94327.92907885987,91443.7010958904,180232,89259.0
2024-01-11 05:00:00,99487.46394458582,95752.0,182100,94067.0
2024-01-11 06:00:00,110449.89108776508,105648.1594520548,181688,101635.0
2024-01-11 07:00:00,115420.76438491268,113631.38219178084,182114,106428.0
2024-01-11 08:00:00,115313.87472507662,108568.0,182969,106106.0
2024-01-11 09:00:00,112936.71227701013,104020.0,183674,102560.0
2024-01-11 10:00:00,110279.13570378444,104742.38082191782,182920,99531.0
2024-01-11 11:00:00,106067.40916376552,99645.0,182145,97025.0
2024-01-11 12:00:00,105028.41848675102,99941.71890410958,180714,94532.0
2024-01-11 13:00:00,105028.41848675102,98749.93342465756,180437,92925.0
2024-01-11 14:00:00,104316.4683735078,98419.0,180809,92096.0
2024-01-11 15:00:00,105028.41848675102,98822.0,178053,92349.0
2024-01-11 16:00:00,108296.72003975153,102051.51835616438,176358,95097.0
2024-01-11 17:00:00,115246.49300634468,105824.0,176028,100287.0
2024-01-11 18:00:00,115313.87472507662,107681.0,176149,102312.0
2024-01-11 19:00:00,115246.49300634468,106389.0,178900,102095.0
2024-01-11 20:00:00,112936.71227701013,103224.2591780822,179535,101275.0
2024-01-11 21:00:00,109495.88441179668,104795.0,179576,98906.0
2024-01-11 22:00:00,104316.4683735078,97418.0,179613,95150.0
2024-01-11 23:00:00,97045.51186894887,93529.0,179783,91702.0
2024-01-12 00:00:00,94298.9047292391,91877.83123287672,178824,89446.0
2024-01-12 01:00:00,94327.92907885987,89013.10931506849,179930,88237.0
2024-01-12 02:00:00,94134.83343307118,88546.12849315068,180346,88134.0
2024-01-12 03:00:00,94134.83343307118,86989.0,181070,88776.0
2024-01-12 04:00:00,94327.92907885987,91925.89369863014,181526,91113.0
2024-01-12 05:00:00,99204.96244670232,98889.16712328768,181912,95668.0
2024-01-12 06:00:00,109652.05424873118,103533.0,182142,102940.0
2024-01-12 07:00:00,115246.49300634468,113627.88328767124,183959,107861.0
2024-01-12 08:00:00,115313.87472507662,113660.78383561644,184978,107059.0
2024-01-12 09:00:00,112936.71227701013,105610.17643835615,185436,103202.0
2024-01-12 10:00:00,110449.89108776508,105687.0,184851,100065.0
2024-01-12 11:00:00,108933.06733769029,100374.48465753424,184362,97893.0
2024-01-12 12:00:00,106067.40916376552,100317.0,183073,97053.0
2024-01-12 13:00:00,105028.41848675102,101193.9690410959,182199,96819.0
2024-01-12 14:00:00,105028.41848675102,98756.41260273971,181362,97152.0
2024-01-12 15:00:00,105028.41848675102,98756.41260273971,181170,97653.0
2024-01-12 16:00:00,106067.40916376552,100380.75808219178,180948,99687.0
2024-01-12 17:00:00,110669.61907692369,105203.0,181964,102230.0
2024-01-12 18:00:00,110449.89108776508,103969.1695890411,182823,101379.0
2024-01-12 19:00:00,108933.06733769029,100109.58109589042,180251,99042.0
2024-01-12 20:00:00,105028.41848675102,99921.9189041096,179430,96372.0
2024-01-12 21:00:00,100390.24094382828,95177.0,180043,92890.0
2024-01-12 22:00:00,94491.12740286293,90509.0,180550,88957.0
2024-01-12 23:00:00,94134.83343307118,88033.98657534247,180766,85177.0
2024-01-13 00:00:00,93382.98443831716,85735.38767123288,180554,81982.0
2024-01-13 01:00:00,92679.3231217016,81730.57534246576,180890,79856.0
2024-01-13 02:00:00,92679.3231217016,80618.25068493151,181311,78476.0
2024-01-13 03:00:00,92679.3231217016,81376.0,181730,78214.0
2024-01-13 04:00:00,92679.3231217016,80618.49479452055,181720,79106.0
2024-01-13 05:00:00,92797.55325314232,82638.10356164383,182068,80972.0
2024-01-13 06:00:00,93514.7072505474,87849.86657534247,182658,84091.0
2024-01-13 07:00:00,94327.92907885987,90802.57534246576,182824,87841.0
2024-01-13 08:00:00,98485.3522952513,93667.89369863014,185231,90425.0
2024-01-13 09:00:00,100714.27921452606,100155.0,186454,92134.0
2024-01-13 10:00:00,104159.37558364496,99734.0,186155,93755.0
2024-01-13 11:00:00,104316.4683735078,99734.0,186387,94315.0
2024-01-13 12:00:00,103992.5426815722,99722.8794520548,186230,94335.0
2024-01-13 13:00:00,101990.41957035977,100155.0,186215,93152.0
2024-01-13 14:00:00,101743.9800329198,100155.0,185806,92947.0
2024-01-13 15:00:00,103835.88987989083,100132.4605479452,185111,93990.0
2024-01-13 16:00:00,105028.41848675102,102060.41479452056,183669,97228.0
2024-01-13 17:00:00,110669.61907692369,107281.51452054796,184003,101828.0
2024-01-13 18:00:00,112936.71227701013,109088.99041095893,183682,103937.0
2024-01-13 19:00:00,112561.98385774477,105629.0,179775,103484.0
2024-01-13 20:00:00,110449.89108776508,109172.0,179542,102594.0
2024-01-13 21:00:00,108933.06733769029,102465.2805479452,179444,100776.0
2024-01-13 22:00:00,105028.41848675102,108775.61178082191,179330,98476.0
2024-01-13 23:00:00,100390.24094382828,98873.6797260274,179402,95713.0
2024-01-14 00:00:00,99204.96244670232,98903.0,182444,93560.0
2024-01-14 01:00:00,97996.57811032502,97830.00849315069,182300,92030.0
2024-01-14 02:00:00,95450.316597224,93921.161369863,182512,91677.0
2024-01-14 03:00:00,97554.6989626052,97766.89260273974,182683,91988.0
2024-01-14 04:00:00,98811.21062208444,97858.48794520547,182828,92999.0
2024-01-14 05:00:00,100714.27921452606,100087.16465753425,182824,94740.0
2024-01-14 06:00:00,105028.41848675102,108403.0,182617,97621.0
2024-01-14 07:00:00,110279.13570378444,110535.0,183498,100953.0
2024-01-14 08:00:00,112561.98385774477,107347.0,185450,102173.0
2024-01-14 09:00:00,112936.71227701013,105629.0,186589,101335.0
2024-01-14 10:00:00,112936.71227701013,107040.64410958903,186390,99709.0
2024-01-14 11:00:00,112239.8762330241,109172.0,185977,99340.0
2024-01-14 12:00:00,112239.8762330241,109075.90219178084,185592,100701.0
2024-01-14 13:00:00,112239.8762330241,109091.66082191782,185291,99968.0
2024-01-14 14:00:00,112936.71227701013,107118.91506849317,186263,99016.0
2024-01-14 15:00:00,115420.76438491268,113775.0,185140,99754.0
2024-01-14 16:00:00,115513.54902658272,112101.0,183187,104205.0
2024-01-14 17:00:00,137287.911317552,117712.0,181686,110162.0
2024-01-14 18:00:00,142299.2051614486,126413.49589041097,180586,112742.0
2024-01-14 19:00:00,142299.2051614486,126487.0,180398,112199.0
2024-01-14 20:00:00,141260.4271111625,124583.0,180549,111601.0
2024-01-14 21:00:00,133516.29440773558,120534.88410958904,180521,109752.0
2024-01-14 22:00:00,119824.53698810434,114069.0,181018,106593.0
2024-01-14 23:00:00,115513.54902658272,112734.0,181078,103558.0
2024-01-15 00:00:00,115502.26970954592,110662.3583561644,178560,101315.0
2024-01-15 01:00:00,115246.49300634468,108568.0,178823,100021.0
2024-01-15 02:00:00,115246.49300634468,108568.0,178646,99405.0
2024-01-15 03:00:00,115420.76438491268,113775.0,178434,99922.0
2024-01-15 04:00:00,115411.08118914992,111727.11232876712,178037,101626.0
2024-01-15 05:00:00,119824.53698810434,123136.0,178243,105189.0
2024-01-15 06:00:00,142157.09459214125,127644.0,178434,110062.0
2024-01-15 07:00:00,145657.13324780838,131358.66438356164,177853,114165.0
2024-01-15 08:00:00,145657.13324780838,128159.35068493152,177706,116484.0
2024-01-15 09:00:00,145657.13324780838,131358.66438356164,177602,117933.0
2024-01-15 10:00:00,144554.56394859767,128755.0,177481,118271.0
2024-01-15 11:00:00,142157.09459214125,128755.0,177518,117875.0
2024-01-15 12:00:00,142157.09459214125,121262.0,177775,117115.0
2024-01-15 13:00:00,142299.2051614486,121376.73397260274,177977,116789.0
2024-01-15 14:00:00,142299.2051614486,126487.0,177579,116259.0
2024-01-15 15:00:00,142299.2051614486,126319.92054794522,177710,116491.0
2024-01-15 16:00:00,143709.51973405964,128755.0,177084,118393.0
2024-01-15 17:00:00,145676.1695966177,134025.0,177767,121887.0
2024-01-15 18:00:00,145676.1695966177,134025.0,177690,122822.0
2024-01-15 19:00:00,145657.13324780838,131358.66438356164,179252,121406.0
2024-01-15 20:00:00,144554.56394859767,128748.43616438356,179482,119736.0
2024-01-15 21:00:00,142299.2051614486,123355.57178082192,180398,116275.0
2024-01-15 22:00:00,125844.57273494256,118152.0,180280,111805.0
2024-01-15 23:00:00,115513.54902658272,112093.29698630136,180569,107650.0
2024-01-16 00:00:00,115411.08118914992,112670.80273972604,178458,104611.0
2024-01-16 01:00:00,115502.26970954592,113495.63561643836,178657,102874.0
2024-01-16 02:00:00,115420.76438491268,113690.7279452055,178992,102082.0
2024-01-16 03:00:00,115502.26970954592,113495.63561643836,179490,102129.0
2024-01-16 04:00:00,115411.08118914992,110387.10219178082,179608,103909.0
2024-01-16 05:00:00,124693.64890014708,123136.0,179523,107841.0
2024-01-16 06:00:00,143709.51973405964,128622.50273972604,179646,113326.0
2024-01-16 07:00:00,145676.1695966177,133897.93671232878,179824,117618.0
2024-01-16 08:00:00,144778.24285425222,129316.0,179818,120268.0
2024-01-16 09:00:00,144693.60424410825,129316.0,180910,121290.0
2024-01-16 10:00:00,145676.1695966177,132664.94109589042,181010,121804.0
2024-01-16 11:00:00,145676.1695966177,128177.46904109589,181491,121688.0
2024-01-16 12:00:00,145657.13324780838,125626.0,182013,121019.0
2024-01-16 13:00:00,145592.1837044152,125626.0,182910,120437.0
2024-01-16 14:00:00,145592.1837044152,133559.64054794522,183307,119261.0
2024-01-16 15:00:00,145657.13324780838,131280.3594520548,183075,118922.0
2024-01-16 16:00:00,145676.1695966177,132595.4783561644,182074,120828.0
2024-01-16 17:00:00,144569.35218666244,130885.45835616438,182585,125530.0
2024-01-16 18:00:00,145906.3625040024,134965.0,183007,127954.0
2024-01-16 19:00:00,145906.3625040024,137159.61150684932,179367,127562.0
2024-01-16 20:00:00,144569.35218666244,129640.0,179273,126372.0
2024-01-16 21:00:00,145676.1695966177,131470.5402739726,179002,123947.0
2024-01-16 22:00:00,144608.2765338529,128826.0,179426,119925.0
2024-01-16 23:00:00,141260.4271111625,125788.0,179755,116868.0
2024-01-17 00:00:00,125607.60616047637,123531.9608219178,183899,115022.0
2024-01-17 01:00:00,119824.53698810434,121923.0,183715,114245.0
2024-01-17 02:00:00,119824.53698810434,121923.0,184197,114433.0
2024-01-17 03:00:00,125844.57273494256,123543.0,183552,115293.0
2024-01-17 04:00:00,137287.911317552,124836.0,184544,117550.0
2024-01-17 05:00:00,144608.2765338529,126264.70493150686,183808,121865.0
2024-01-17 06:00:00,144569.35218666244,135057.9183561644,183611,128021.0
2024-01-17 07:00:00,149376.1231487283,134408.6709589041,183971,133023.0
2024-01-17 08:00:00,146359.04463158053,134888.65534246576,185835,133426.0
2024-01-17 09:00:00,144569.35218666244,134027.0,187642,129982.0
2024-01-17 10:00:00,144569.35218666244,131682.03616438358,187385,126556.0
2024-01-17 11:00:00,145676.1695966177,132664.94109589042,187954,124038.0
2024-01-17 12:00:00,145657.13324780838,126864.47205479452,187553,121455.0
2024-01-17 13:00:00,145592.1837044152,125412.6104109589,187359,119264.0
2024-01-17 14:00:00,144554.56394859767,124395.8087671233,187298,117454.0
2024-01-17 15:00:00,145654.20576810944,133559.64054794522,186054,116991.0
2024-01-17 16:00:00,145676.1695966177,132664.94109589042,183864,119480.0
2024-01-17 17:00:00,144569.35218666244,133135.0,182841,124915.0
2024-01-17 18:00:00,145906.3625040024,134965.0,182272,127226.0
2024-01-17 19:00:00,145906.3625040024,134965.0,181594,126463.0
2024-01-17 20:00:00,144569.35218666244,133118.6989041096,181275,124890.0
2024-01-17 21:00:00,145676.1695966177,130556.51835616438,181540,121968.0
2024-01-17 22:00:00,144608.2765338529,128826.0,181946,117311.0
2024-01-17 23:00:00,137287.911317552,117476.90657534248,181998,113250.0
2024-01-18 00:00:00,115513.54902658272,121900.32493150684,180305,110414.0
2024-01-18 01:00:00,115513.54902658272,112442.0,179796,108964.0
2024-01-18 02:00:00,115411.08118914992,110392.0,179440,108631.0
2024-01-18 03:00:00,115513.54902658272,112442.0,178964,108825.0
2024-01-18 04:00:00,116374.84942125872,121677.0,178762,110346.0
2024-01-18 05:00:00,137287.911317552,123531.9608219178,178665,114509.0
2024-01-18 06:00:00,144554.56394859767,129081.0,179401,121097.0
2024-01-18 07:00:00,144778.24285425222,134616.23232876713,178831,125188.0
2024-01-18 08:00:00,145676.1695966177,134741.40630136986,179720,124375.0
2024-01-18 09:00:00,145155.17602940046,126746.98383561644,179128,122058.0
2024-01-18 10:00:00,142157.09459214125,121002.78383561644,179653,119023.0
2024-01-18 11:00:00,137287.911317552,118318.83671232878,179471,116563.0
2024-01-18 12:00:00,125607.60616047637,114013.0,179368,114644.0
2024-01-18 13:00:00,119824.53698810434,112934.7202739726,178916,113288.0
2024-01-18 14:00:00,116611.0972241348,112251.40191780822,178730,111859.0
2024-01-18 15:00:00,116611.0972241348,112251.40191780822,178644,111536.0
2024-01-18 16:00:00,124693.64890014708,114013.0,177997,112989.0
2024-01-18 17:00:00,142299.2051614486,126487.0,178123,116370.0
2024-01-18 18:00:00,142157.09459214125,118317.12849315068,178192,117102.0
2024-01-18 19:00:00,142299.2051614486,121096.4405479452,182371,115850.0
2024-01-18 20:00:00,138130.82021062062,123237.44986301372,182385,114096.0
2024-01-18 21:00:00,125607.60616047637,118673.0794520548,182143,110937.0
2024-01-18 22:00:00,115513.54902658272,114521.21424657536,181845,106644.0
2024-01-18 23:00:00,115246.49300634468,108962.0,182013,102874.0
2024-01-19 00:00:00,115246.49300634468,106747.0,178227,100096.0
2024-01-19 01:00:00,112561.98385774477,107347.0,178522,98501.0
2024-01-19 02:00:00,110669.61907692369,105486.17095890411,179338,97691.0
2024-01-19 03:00:00,112239.8762330241,105537.0,179932,97828.0
2024-01-19 04:00:00,115246.49300634468,106747.0,180269,99581.0
2024-01-19 05:00:00,115513.54902658272,112138.0,180791,103245.0
2024-01-19 06:00:00,142355.40750166253,124836.0,181726,108651.0
2024-01-19 07:00:00,145657.13324780838,125605.0,182039,113352.0
2024-01-19 08:00:00,145657.13324780838,125605.0,182397,115621.0
2024-01-19 09:00:00,144554.56394859767,129006.24821917807,182171,116741.0
2024-01-19 10:00:00,142157.09459214125,127644.0,182534,117261.0
2024-01-19 11:00:00,142299.2051614486,118982.08712328768,182188,116627.0
2024-01-19 12:00:00,142355.40750166253,119587.63041095893,183284,115959.0
2024-01-19 13:00:00,137287.911317552,118735.22794520548,182960,115247.0
2024-01-19 14:00:00,137287.911317552,116338.16849315068,183476,114624.0
2024-01-19 15:00:00,137287.911317552,121343.58109589042,184228,114403.0
2024-01-19 16:00:00,142299.2051614486,126487.0,183873,116073.0
2024-01-19 17:00:00,144554.56394859767,123123.34356164384,184308,119945.0
2024-01-19 18:00:00,145592.1837044152,133574.01589041098,183984,121114.0
2024-01-19 19:00:00,144554.56394859767,125064.17506849316,181713,119656.0
2024-01-19 20:00:00,143709.51973405964,128672.21095890412,181040,117837.0
2024-01-19 21:00:00,142299.2051614486,126402.2397260274,181086,115311.0
2024-01-19 22:00:00,133516.29440773558,120770.3202739726,181003,112096.0
2024-01-19 23:00:00,119218.49284708383,113135.0,181212,108943.0
2024-01-20 00:00:00,115502.26970954592,111725.0,182092,106858.0
2024-01-20 01:00:00,115502.26970954592,111725.0,181894,105648.0
2024-01-20 02:00:00,115502.26970954592,111725.0,181222,105381.0
2024-01-20 03:00:00,115502.26970954592,111725.0,181267,105940.0
2024-01-20 04:00:00,115411.08118914992,111764.0,182313,107145.0
2024-01-20 05:00:00,116374.84942125872,120982.0,182405,109249.0
2024-01-20 06:00:00,132540.56409793024,117264.2791780822,182310,112681.0
2024-01-20 07:00:00,142299.2051614486,127464.38958904112,183094,116237.0
2024-01-20 08:00:00,142157.09459214125,127644.0,185638,118074.0
2024-01-20 09:00:00,142157.09459214125,127644.0,186008,118532.0
2024-01-20 10:00:00,142299.2051614486,121006.67534246577,185249,118394.0
2024-01-20 11:00:00,142355.40750166253,124836.0,184390,117180.0
2024-01-20 12:00:00,137287.911317552,118313.11369863014,184104,115621.0
2024-01-20 13:00:00,129368.21201592498,117513.33561643836,184181,114047.0
2024-01-20 14:00:00,121023.22333629204,117973.0,184690,113403.0
2024-01-20 15:00:00,125607.60616047637,114034.40328767124,184548,113752.0
2024-01-20 16:00:00,137287.911317552,119591.5978082192,182691,116476.0
2024-01-20 17:00:00,142157.09459214125,127517.84958904111,182586,121334.0
2024-01-20 18:00:00,145727.1666025497,133559.64054794522,182592,124115.0
2024-01-20 19:00:00,145592.1837044152,133574.01589041098,182071,123757.0
2024-01-20 20:00:00,144554.56394859767,128826.0,181479,122871.0
2024-01-20 21:00:00,142157.09459214125,121080.17068493152,181740,120948.0
2024-01-20 22:00:00,138130.82021062062,124836.0,182134,117834.0
2024-01-20 23:00:00,129368.21201592498,118510.32767123288,182201,114941.0
2024-01-21 00:00:00,,,179330,
2024-01-21 01:00:00,,,178604,
2024-01-21 02:00:00,,,177717,
2024-01-21 03:00:00,,,177844,
2024-01-21 04:00:00,119824.53698810434,123136.0,178372,110388.0
2024-01-21 05:00:00,125844.57273494256,123136.0,178447,111785.0
2024-01-21 06:00:00,137287.911317552,124836.0,178666,114208.0
2024-01-21 07:00:00,142299.2051614486,127480.69068493151,179973,116723.0
2024-01-21 08:00:00,142157.09459214125,127644.0,183036,117530.0
2024-01-21 09:00:00,142299.2051614486,121615.2698630137,185081,115824.0
2024-01-21 10:00:00,137287.911317552,118724.13452054794,185257,113405.0
2024-01-21 11:00:00,130219.82884352356,117402.42767123289,184136,111002.0
2024-01-21 12:00:00,119824.53698810434,118948.9495890411,184606,108723.0
2024-01-21 13:00:00,116374.84942125872,114133.0,184682,106422.0
2024-01-21 14:00:00,115513.54902658272,112734.0,184576,104645.0
2024-01-21 15:00:00,115513.54902658272,112734.0,184409,104825.0
2024-01-21 16:00:00,119824.53698810434,114058.0693150685,182694,108094.0
2024-01-21 17:00:00,142299.2051614486,126487.0,182590,114289.0
2024-01-21 18:00:00,143709.51973405964,123672.59753424658,182808,118194.0
2024-01-21 19:00:00,144608.2765338529,126531.0,180930,118498.0
2024-01-21 20:00:00,142157.09459214125,123151.57890410958,180904,117894.0
2024-01-21 21:00:00,142355.40750166253,123298.53150684932,181338,115687.0
2024-01-21 22:00:00,124693.64890014708,114019.5397260274,181193,112682.0
2024-01-21 23:00:00,115513.54902658272,111983.0,181378,109511.0
2024-01-22 00:00:00,115502.26970954592,111694.89315068492,183966,107779.0
2024-01-22 01:00:00,115502.26970954592,111725.0,184129,107095.0
2024-01-22 02:00:00,115502.26970954592,111696.33068493153,183902,107550.0
2024-01-22 03:00:00,115502.26970954592,111685.75260273973,183964,108635.0
2024-01-22 04:00:00,115513.54902658272,120731.5978082192,184003,111386.0
2024-01-22 05:00:00,132540.56409793024,123531.9608219178,184030,116412.0
2024-01-22 06:00:00,145155.17602940046,128654.26410958904,183421,123918.0
2024-01-22 07:00:00,144778.24285425222,129316.0,183560,128796.0
2024-01-22 08:00:00,145676.1695966177,133989.38712328768,185175,127635.0
2024-01-22 09:00:00,142157.09459214125,128755.0,186213,122339.0
2024-01-22 10:00:00,137287.911317552,117172.39616438356,184884,117518.0
2024-01-22 11:00:00,119824.53698810434,115035.70849315068,184606,113841.0
2024-01-22 12:00:00,115513.54902658272,112101.0,183537,110457.0
2024-01-22 13:00:00,115411.08118914992,110357.94794520548,183236,107984.0
2024-01-22 14:00:00,115502.26970954592,109461.0,182517,106377.0
2024-01-22 15:00:00,115502.26970954592,109461.0,181289,106335.0
2024-01-22 16:00:00,115513.54902658272,112218.54219178084,179312,108350.0
2024-01-22 17:00:00,130219.82884352356,116947.0,178737,112488.0
2024-01-22 18:00:00,137287.911317552,119434.0,179422,114677.0
2024-01-22 19:00:00,137287.911317552,119434.0,178971,113967.0
2024-01-22 20:00:00,132540.56409793024,118137.78739726028,178909,112046.0
2024-01-22 21:00:00,118884.55611603551,115095.0,179163,108897.0
2024-01-22 22:00:00,115502.26970954592,109461.0,179146,104441.0
2024-01-22 23:00:00,112561.98385774477,107339.75808219178,179201,99977.0
2024-01-23 00:00:00,108933.06733769029,101566.53835616438,174924,96842.0
2024-01-23 01:00:00,105028.41848675102,98793.93863013698,173686,95274.0
2024-01-23 02:00:00,105028.41848675102,98906.79232876711,173821,94631.0
2024-01-23 03:00:00,105028.41848675102,98906.79232876711,174337,94797.0
2024-01-23 04:00:00,106067.40916376552,100072.0,174331,96718.0
2024-01-23 05:00:00,112936.71227701013,105428.59178082192,174505,101134.0
2024-01-23 06:00:00,115513.54902658272,111723.33780821918,175559,107851.0
2024-01-23 07:00:00,127575.89377431764,120035.12,176596,112334.0
2024-01-23 08:00:00,130219.82884352356,117492.99315068494,176602,112095.0
2024-01-23 09:00:00,119824.53698810434,113176.0,176381,109895.0
2024-01-23 10:00:00,118884.55611603551,114225.18657534246,175956,107706.0
2024-01-23 11:00:00,115513.54902658272,110767.0,175150,105525.0
2024-01-23 12:00:00,115411.08118914992,110105.0,174783,103462.0
2024-01-23 13:00:00,115502.26970954592,109461.0,174054,102093.0
2024-01-23 14:00:00,115420.76438491268,105676.0,173741,101142.0
2024-01-23 15:00:00,115313.87472507662,108306.08383561645,174436,101269.0
2024-01-23 16:00:00,115502.26970954592,110894.04739726028,174312,102717.0
2024-01-23 17:00:00,116374.84942125872,112173.0,174380,106443.0
2024-01-23 18:00:00,119218.49284708383,115037.71561643836,174492,107452.0
2024-01-23 19:00:00,115851.04611483528,111346.45835616438,176590,106383.0
2024-01-23 20:00:00,115411.08118914992,108964.4490410959,176584,104190.0
2024-01-23 21:00:00,115313.87472507662,107668.84876712329,177264,100665.0
2024-01-23 22:00:00,109652.05424873118,103229.25205479452,176986,95823.0
2024-01-23 23:00:00,104316.4683735078,96953.0,177171,91080.0
2024-01-24 00:00:00,97751.71869406504,93641.918630137,171794,87884.0
2024-01-24 01:00:00,94298.9047292391,90742.05068493151,172007,85835.0
2024-01-24 02:00:00,94327.92907885987,89899.1101369863,172134,84888.0
2024-01-24 03:00:00,94327.92907885987,89949.4304109589,172353,84619.0
2024-01-24 04:00:00,94298.9047292391,90460.32767123288,172502,85897.0
2024-01-24 05:00:00,99693.10790253672,97977.05041095892,173703,90090.0
2024-01-24 06:00:00,110279.13570378444,103242.0,173759,96724.0
2024-01-24 07:00:00,115313.87472507662,108403.64794520548,173680,101234.0
2024-01-24 08:00:00,115502.26970954592,107876.16356164384,174460,101569.0
2024-01-24 09:00:00,115420.76438491268,109809.53835616438,174708,100803.0
2024-01-24 10:00:00,115246.49300634468,105683.21342465752,172798,99883.0
2024-01-24 11:00:00,115246.49300634468,105822.0,172660,98694.0
2024-01-24 12:00:00,112936.71227701013,107919.0,172002,97682.0
2024-01-24 13:00:00,112561.98385774477,107331.3498630137,173703,96733.0
2024-01-24 14:00:00,110449.89108776508,106317.91671232878,173318,95775.0
2024-01-24 15:00:00,110449.89108776508,105153.47287671232,174212,95566.0
2024-01-24 16:00:00,112936.71227701013,107919.0,174052,96787.0
2024-01-24 17:00:00,115502.26970954592,107837.51287671234,173724,100027.0
2024-01-24 18:00:00,115502.26970954592,107837.51287671234,174336,100597.0
2024-01-24 19:00:00,115246.49300634468,107157.7597260274,176581,99020.0
2024-01-24 20:00:00,111228.28732467044,105203.0,176910,96999.0
2024-01-24 21:00:00,106067.40916376552,101129.85589041097,176790,93437.0
2024-01-24 22:00:00,99487.46394458582,95185.17561643836,176364,88829.0
2024-01-24 23:00:00,94298.9047292391,92963.27726027396,176476,83980.0
2024-01-25 00:00:00,92797.55325314232,84915.19068493151,169933,80664.0
2024-01-25 01:00:00,92679.3231217016,84391.77808219178,169843,78339.0
2024-01-25 02:00:00,92679.3231217016,81460.0,170348,77115.0
2024-01-25 03:00:00,92679.3231217016,81460.0,170107,76862.0
2024-01-25 04:00:00,92679.3231217016,80096.0,170125,78069.0
2024-01-25 05:00:00,93200.12394718891,84850.1791780822,171330,81834.0
2024-01-25 06:00:00,94298.9047292391,90748.0,171915,88364.0
2024-01-25 07:00:00,100390.24094382828,95508.4183561644,171789,92981.0
2024-01-25 08:00:00,103992.5426815722,96843.8410958904,171647,93887.0
2024-01-25 09:00:00,104976.16326014204,97306.04931506848,171398,93999.0
2024-01-25 10:00:00,105028.41848675102,97763.49616438356,171311,93755.0
2024-01-25 11:00:00,104976.16326014204,98757.77616438355,171155,92903.0
2024-01-25 12:00:00,104316.4683735078,96982.1791780822,170617,92223.0
2024-01-25 13:00:00,103992.5426815722,98737.278630137,169855,91784.0
2024-01-25 14:00:00,101743.9800329198,99243.6301369863,170369,90971.0
2024-01-25 15:00:00,101743.9800329198,96308.2378082192,171480,90574.0
2024-01-25 16:00:00,105028.41848675102,97244.75808219178,171486,91666.0
2024-01-25 17:00:00,108296.72003975153,103182.41643835616,171651,94356.0
2024-01-25 18:00:00,108933.06733769029,103225.0,172992,95025.0
2024-01-25 19:00:00,105028.41848675102,101158.24767123288,176081,93652.0
2024-01-25 20:00:00,103835.88987989083,97972.7109589041,176283,91681.0
2024-01-25 21:00:00,98485.3522952513,92375.07780821918,176405,88731.0
2024-01-25 22:00:00,94327.92907885987,90936.6704109589,176262,84538.0
2024-01-25 23:00:00,93200.12394718891,84839.8994520548,176137,80144.0
2024-01-26 00:00:00,92679.3231217016,79081.10493150685,171832,76870.0
2024-01-26 01:00:00,92679.3231217016,78065.31424657535,172264,74590.0
2024-01-26 02:00:00,92679.3231217016,75753.0,172277,73250.0
2024-01-26 03:00:00,92679.3231217016,75684.41123287671,172060,72950.0
2024-01-26 04:00:00,92679.3231217016,76199.96219178083,172068,74247.0
2024-01-26 05:00:00,92679.3231217016,81341.28219178083,173478,77833.0
2024-01-26 06:00:00,93514.7072505474,87145.47424657535,174285,84118.0
2024-01-26 07:00:00,94491.12740286293,93417.4191780822,174042,89226.0
2024-01-26 08:00:00,98485.3522952513,92751.998630137,174398,90594.0
2024-01-26 09:00:00,98811.21062208444,94434.59260273972,174400,90982.0
2024-01-26 10:00:00,99043.97248374922,93900.48328767125,174145,90992.0
2024-01-26 11:00:00,98811.21062208444,94453.98575342464,174006,90689.0
2024-01-26 12:00:00,98485.3522952513,94314.92876712327,173182,90062.0
2024-01-26 13:00:00,97996.57811032502,95135.0,173257,89517.0
2024-01-26 14:00:00,97045.51186894887,94331.96219178084,172848,88935.0
2024-01-26 15:00:00,97554.6989626052,93775.9695890411,172120,88865.0
2024-01-26 16:00:00,99204.96244670232,95492.198630137,171765,89801.0
2024-01-26 17:00:00,105028.41848675102,99706.49698630135,172165,91852.0
2024-01-26 18:00:00,105028.41848675102,98680.18301369864,172070,92305.0
2024-01-26 19:00:00,100390.24094382828,95696.68684931508,176602,90571.0
2024-01-26 20:00:00,97996.57811032502,93933.54821917808,176358,88541.0
2024-01-26 21:00:00,94327.92907885987,90748.0,175762,86122.0
2024-01-26 22:00:00,94134.83343307118,89200.0,176015,82634.0
2024-01-26 23:00:00,92679.3231217016,85087.4306849315,176497,79035.0
2024-01-27 00:00:00,92679.3231217016,81460.0,171118,76009.0
2024-01-27 01:00:00,92679.3231217016,77141.53178082191,170510,73962.0
2024-01-27 02:00:00,92679.3231217016,75748.11780821918,170618,72788.0
2024-01-27 03:00:00,92679.3231217016,75191.79232876713,170978,72579.0
2024-01-27 04:00:00,92679.3231217016,75780.2405479452,171287,73055.0
2024-01-27 05:00:00,92679.3231217016,77200.0,170837,74828.0
2024-01-27 06:00:00,92679.3231217016,83167.0,170497,77617.0
2024-01-27 07:00:00,93041.2930177194,84728.46767123288,171372,80929.0
2024-01-27 08:00:00,93804.97658595216,87152.1194520548,173122,83513.0
2024-01-27 09:00:00,94134.83343307118,89677.0,173727,84782.0
2024-01-27 10:00:00,94327.92907885987,89850.0,173475,84843.0
2024-01-27 11:00:00,94327.92907885987,89845.30767123288,172454,84818.0
2024-01-27 12:00:00,94134.83343307118,90930.86602739726,172107,84526.0
2024-01-27 13:00:00,94134.83343307118,89767.0,173012,84023.0
2024-01-27 14:00:00,94134.83343307118,87463.40630136986,173156,83638.0
2024-01-27 15:00:00,94134.83343307118,89669.32410958904,173269,84117.0
2024-01-27 16:00:00,94327.92907885987,90625.4783561644,174199,85881.0
2024-01-27 17:00:00,99043.97248374922,93909.0,175056,88803.0
2024-01-27 18:00:00,99204.96244670232,98266.43095890412,176028,89817.0
2024-01-27 19:00:00,98177.71798127398,93738.0,176824,88877.0
2024-01-27 20:00:00,94491.12740286293,92464.0,176423,87483.0
2024-01-27 21:00:00,94327.92907885987,89850.0,176554,85763.0
2024-01-27 22:00:00,93514.7072505474,87594.0,176547,83077.0
2024-01-27 23:00:00,92679.3231217016,85126.0,176463,80103.0
2024-01-28 00:00:00,92679.3231217016,80771.24493150685,176949,77719.0
2024-01-28 01:00:00,92679.3231217016,78211.8087671233,177270,75968.0
2024-01-28 02:00:00,92679.3231217016,77196.01287671232,178351,74950.0
2024-01-28 03:00:00,92679.3231217016,76324.0,178553,74561.0
2024-01-28 04:00:00,92679.3231217016,77141.53178082191,178645,75154.0
2024-01-28 05:00:00,92679.3231217016,79046.3205479452,178565,76366.0
2024-01-28 06:00:00,92679.3231217016,83167.0,178400,78663.0
2024-01-28 07:00:00,92797.55325314232,84749.0,178698,81884.0
2024-01-28 08:00:00,93993.51091008769,89200.0,179303,84956.0
2024-01-28 09:00:00,94327.92907885987,90467.71315068493,179636,87612.0
2024-01-28 10:00:00,94298.9047292391,90952.0,179822,89467.0
2024-01-28 11:00:00,94491.12740286293,91515.06,179137,90267.0
2024-01-28 12:00:00,97554.6989626052,94101.85589041097,178485,90905.0
2024-01-28 13:00:00,97996.57811032502,93904.36191780822,177871,90945.0
2024-01-28 14:00:00,98485.3522952513,93738.0,176719,90975.0
2024-01-28 15:00:00,99204.96244670232,94647.0,176092,91670.0
2024-01-28 16:00:00,103835.88987989083,98411.10712328769,176475,93547.0
2024-01-28 17:00:00,108933.06733769029,103220.82301369862,176868,96400.0
2024-01-28 18:00:00,109652.05424873118,110365.28958904112,176836,98202.0
2024-01-28 19:00:00,106067.40916376552,101833.68383561644,177477,97635.0
2024-01-28 20:00:00,105028.41848675102,99497.09342465756,176877,96071.0
2024-01-28 21:00:00,100390.24094382828,97474.04520547946,176459,93203.0
2024-01-28 22:00:00,94491.12740286293,91893.0,176436,89863.0
2024-01-28 23:00:00,94134.83343307118,89677.0,176674,86065.0
2024-01-29 00:00:00,93514.7072505474,83901.0,172973,83330.0
2024-01-29 01:00:00,93382.98443831716,85017.17506849315,172699,81900.0
2024-01-29 02:00:00,93041.2930177194,84749.0,173244,81386.0
2024-01-29 03:00:00,93382.98443831716,84162.9893150685,172776,81809.0
2024-01-29 04:00:00,93514.7072505474,87125.0,172928,84083.0
2024-01-29 05:00:00,94298.9047292391,92449.59753424658,173364,89034.0
2024-01-29 06:00:00,105028.41848675102,98912.0,174032,96677.0
2024-01-29 07:00:00,112561.98385774477,107295.19452054796,173680,101942.0
2024-01-29 08:00:00,115246.49300634468,105263.4490410959,174952,103036.0
2024-01-29 09:00:00,115182.93192576164,106959.99534246576,176295,102638.0
2024-01-29 10:00:00,112936.71227701013,105335.0,175491,102109.0
2024-01-29 11:00:00,112561.98385774477,107347.0,175914,101822.0
2024-01-29 12:00:00,110449.89108776508,105191.36410958903,176280,100911.0
2024-01-29 13:00:00,110449.89108776508,102007.0,176218,100508.0
2024-01-29 14:00:00,110279.13570378444,103101.0,176268,99337.0
2024-01-29 15:00:00,110449.89108776508,104316.75808219178,177142,98887.0
2024-01-29 16:00:00,112936.71227701013,107919.0,176118,100752.0
2024-01-29 17:00:00,115411.08118914992,109169.08657534247,176414,104773.0
2024-01-29 18:00:00,115513.54902658272,111724.4205479452,177782,106780.0
2024-01-29 19:00:00,115411.08118914992,109193.90438356165,177640,106003.0
2024-01-29 20:00:00,115502.26970954592,107119.0,177577,104287.0
2024-01-29 21:00:00,112936.71227701013,104423.12,177632,101089.0
2024-01-29 22:00:00,106067.40916376552,99612.25561643836,177588,96486.0
2024-01-29 23:00:00,100678.90904360544,95755.0,177709,92339.0
2024-01-30 00:00:00,99043.97248374922,94647.0,178265,89446.0
2024-01-30 01:00:00,94626.54430756312,95728.34383561644,178087,87720.0
2024-01-30 02:00:00,94491.12740286293,95728.34383561644,177665,87126.0
2024-01-30 03:00:00,94626.54430756312,95728.34383561644,177287,87490.0
2024-01-30 04:00:00,99204.96244670232,94647.0,176766,89368.0
2024-01-30 05:00:00,105028.41848675102,101256.0,177055,94235.0
2024-01-30 06:00:00,115313.87472507662,105875.0,177158,101924.0
2024-01-30 07:00:00,115513.54902658272,112105.0994520548,177726,106692.0
2024-01-30 08:00:00,115513.54902658272,110925.0,179109,106836.0
2024-01-30 09:00:00,115411.08118914992,109121.7293150685,179624,105492.0
2024-01-30 10:00:00,115492.8737749451,108260.95095890413,178047,103950.0
2024-01-30 11:00:00,115246.49300634468,104854.12,177411,102454.0
2024-01-30 12:00:00,112561.98385774477,107347.0,177328,101320.0
2024-01-30 13:00:00,110449.89108776508,104759.92301369864,176962,101031.0
2024-01-30 14:00:00,110449.89108776508,102664.66465753425,176746,100335.0
2024-01-30 15:00:00,110449.89108776508,102591.6989041096,177147,100476.0
2024-01-30 16:00:00,115182.93192576164,104854.3098630137,176829,102366.0
2024-01-30 17:00:00,115513.54902658272,109295.35561643836,176376,105645.0
2024-01-30 18:00:00,115851.04611483528,112943.28219178085,176483,107147.0
2024-01-30 19:00:00,115513.54902658272,112944.50273972604,178281,105982.0
2024-01-30 20:00:00,115502.26970954592,109198.0,178404,104159.0
2024-01-30 21:00:00,115246.49300634468,106771.0194520548,178257,100762.0
2024-01-30 22:00:00,108933.06733769029,101066.9594520548,178112,95972.0
2024-01-30 23:00:00,103992.5426815722,97440.59397260274,178220,91354.0
2024-01-31 00:00:00,97996.57811032502,95135.0,171977,88330.0
2024-01-31 01:00:00,94298.9047292391,93507.0,172112,86498.0
2024-01-31 02:00:00,94327.92907885987,89987.45260273972,171580,85666.0
2024-01-31 03:00:00,94327.92907885987,93431.08191780825,170749,85679.0
2024-01-31 04:00:00,94491.12740286293,92480.218630137,170706,87232.0
2024-01-31 05:00:00,101990.41957035977,95293.83315068494,171878,91675.0
2024-01-31 06:00:00,110669.61907692369,107306.3594520548,172727,98750.0
2024-01-31 07:00:00,115502.26970954592,106313.97287671232,172802,103368.0
2024-01-31 08:00:00,115411.08118914992,109317.0,173097,104350.0
2024-01-31 09:00:00,115502.26970954592,105862.1306849315,173378,103594.0
2024-01-31 10:00:00,115313.87472507662,106151.4383561644,172948,102389.0
2024-01-31 11:00:00,115182.93192576164,105274.0,173060,101312.0
2024-01-31 12:00:00,112239.8762330241,106733.84465753424,173468,100452.0
2024-01-31 13:00:00,110449.89108776508,103784.27424657534,173670,100016.0
2024-01-31 14:00:00,110449.89108776508,102717.00301369865,174788,99140.0
2024-01-31 15:00:00,110449.89108776508,102717.00301369865,175580,98930.0
2024-01-31 16:00:00,112936.71227701013,107919.0,175268,100389.0
2024-01-31 17:00:00,115502.26970954592,109198.0,175222,103387.0
2024-01-31 18:00:00,115513.54902658272,109309.67671232876,176189,104946.0
2024-01-31 19:00:00,115502.26970954592,109198.0,178534,104378.0
2024-01-31 20:00:00,115420.76438491268,108909.08821917808,177916,103168.0
2024-01-31 21:00:00,112561.98385774477,107347.0,178231,100458.0
2024-01-31 22:00:00,106067.40916376552,101916.0,178235,96421.0
2024-01-31 23:00:00,99487.46394458582,97435.2589041096,178301,92676.0
2024-02-01 00:00:00,94626.54430756312,93045.0,177619,89955.0
2024-02-01 01:00:00,94298.9047292391,91442.0194520548,177905,88643.0
2024-02-01 02:00:00,94327.92907885987,91467.0,178148,88385.0
2024-02-01 03:00:00,94298.9047292391,91467.0,178299,88870.0
2024-02-01 04:00:00,94673.18508432285,93045.0,178151,91218.0
2024-02-01 05:00:00,104316.4683735078,96374.57397260274,179306,96025.0
2024-02-01 06:00:00,112936.71227701013,109145.0,179515,103637.0
2024-02-01 07:00:00,115411.08118914992,109047.86876712328,179676,108263.0
2024-02-01 08:00:00,115502.26970954592,108675.1808219178,180787,106337.0
2024-02-01 09:00:00,115246.49300634468,110875.30301369863,181298,101867.0
2024-02-01 10:00:00,110449.89108776508,102547.3690410959,179682,98019.0
2024-02-01 11:00:00,108933.06733769029,101655.0,179278,94561.0
2024-02-01 12:00:00,105028.41848675102,100225.7989041096,178045,91912.0
2024-02-01 13:00:00,104976.16326014204,100061.0,177428,90679.0
2024-02-01 14:00:00,101990.41957035977,98452.0,177182,89541.0
2024-02-01 15:00:00,101743.9800329198,97872.40904109587,177168,89195.0
2024-02-01 16:00:00,105028.41848675102,100602.09863013698,174814,91237.0
2024-02-01 17:00:00,110449.89108776508,104639.9405479452,174403,95498.0
2024-02-01 18:00:00,112239.8762330241,106149.10821917807,174736,98439.0
2024-02-01 19:00:00,110449.89108776508,102453.0,178125,97856.0
2024-02-01 20:00:00,109161.28564507312,102797.56849315068,177944,96764.0
2024-02-01 21:00:00,105028.41848675102,99960.0,178088,94071.0
2024-02-01 22:00:00,99204.96244670232,96828.35479452056,178038,89846.0
2024-02-01 23:00:00,94327.92907885987,92814.0,178087,85698.0
2024-02-02 00:00:00,94134.83343307118,89750.18356164383,176120,82689.0
2024-02-02 01:00:00,93382.98443831716,83741.0,176028,80897.0
2024-02-02 02:00:00,93382.98443831716,85704.98246575343,176101,80155.0
2024-02-02 03:00:00,93382.98443831716,83160.77808219178,176108,80294.0
2024-02-02 04:00:00,94134.83343307118,86247.0,175781,81719.0
2024-02-02 05:00:00,94298.9047292391,90862.4219178082,176117,85794.0
2024-02-02 06:00:00,105028.41848675102,102732.31643835618,177163,92727.0
2024-02-02 07:00:00,110449.89108776508,106157.70630136986,177058,97736.0
2024-02-02 08:00:00,112936.71227701013,105099.76821917808,177095,98473.0
2024-02-02 09:00:00,110669.61907692369,106157.70630136986,178062,97861.0
2024-02-02 10:00:00,110449.89108776508,104710.0,177085,97323.0
2024-02-02 11:00:00,108933.06733769029,100839.20849315068,177102,96153.0
2024-02-02 12:00:00,106067.40916376552,102090.73698630136,177138,95185.0
2024-02-02 13:00:00,105371.2778700864,101086.0,176601,94413.0
2024-02-02 14:00:00,105028.41848675102,102781.24684931508,176236,93274.0
2024-02-02 15:00:00,105028.41848675102,102781.24684931508,177124,92759.0
2024-02-02 16:00:00,106067.40916376552,100248.44684931506,178093,94005.0
2024-02-02 17:00:00,111228.28732467044,110062.0,177371,96914.0
2024-02-02 18:00:00,114470.47583760836,109062.63561643836,177857,98753.0
2024-02-02 19:00:00,112239.8762330241,110062.0,178629,98104.0
2024-02-02 20:00:00,110279.13570378444,102937.0,179256,96986.0
2024-02-02 21:00:00,106067.40916376552,103633.34794520547,179454,94892.0
2024-02-02 22:00:00,101743.9800329198,98914.52493150684,179472,91981.0
2024-02-02 23:00:00,95450.316597224,93208.44328767124,179242,88673.0
2024-02-03 00:00:00,94327.92907885987,91467.0,176302,86264.0
2024-02-03 01:00:00,94134.83343307118,89683.95506849315,176037,84760.0
2024-02-03 02:00:00,94134.83343307118,89641.8597260274,176120,84136.0
2024-02-03 03:00:00,94134.83343307118,89629.65424657534,176747,84352.0
2024-02-03 04:00:00,94327.92907885987,89583.61534246575,176800,85151.0
2024-02-03 05:00:00,94298.9047292391,93444.0,176798,87510.0
2024-02-03 06:00:00,99204.96244670232,98832.2082191781,176823,90988.0
2024-02-03 07:00:00,105028.41848675102,97205.63671232876,177064,94345.0
2024-02-03 08:00:00,105371.2778700864,101545.0,178545,95115.0
2024-02-03 09:00:00,105028.41848675102,97987.301369863,180645,92911.0
2024-02-03 10:00:00,101743.9800329198,97361.0287671233,180694,90216.0
2024-02-03 11:00:00,99204.96244670232,96590.0,180422,87489.0
2024-02-03 12:00:00,94626.54430756312,93039.7109589041,178966,84882.0
2024-02-03 13:00:00,94327.92907885987,91469.72767123287,179289,82844.0
2024-02-03 14:00:00,94327.92907885987,89087.73095890411,179445,81221.0
2024-02-03 15:00:00,94327.92907885987,89044.11671232877,178748,81691.0
2024-02-03 16:00:00,94491.12740286293,89845.0,177485,84400.0
2024-02-03 17:00:00,100953.1346132427,97872.40904109587,176925,88866.0
2024-02-03 18:00:00,105028.41848675102,98970.92301369864,177986,93131.0
2024-02-03 19:00:00,105028.41848675102,102406.0,179186,93759.0
2024-02-03 20:00:00,105028.41848675102,98539.8616438356,179295,93592.0
2024-02-03 21:00:00,103835.88987989083,98419.0,179460,92726.0
2024-02-03 22:00:00,99204.96244670232,96566.67397260274,179494,90929.0
2024-02-03 23:00:00,94298.9047292391,91629.15506849316,179451,88807.0
2024-02-04 00:00:00,94327.92907885987,91443.7010958904,179101,87231.0
2024-02-04 01:00:00,94134.83343307118,89656.1808219178,178507,86280.0
2024-02-04 02:00:00,94134.83343307118,89678.66602739727,178209,86112.0
2024-02-04 03:00:00,94134.83343307118,89624.01260273973,177927,86277.0
2024-02-04 04:00:00,94327.92907885987,90879.0,178030,87275.0
2024-02-04 05:00:00,94298.9047292391,92846.74684931508,178080,89270.0
2024-02-04 06:00:00,99204.96244670232,97836.4095890411,177819,92246.0
2024-02-04 07:00:00,103145.17347493324,98122.7109589041,178335,94865.0
2024-02-04 08:00:00,103835.88987989083,98122.7109589041,181225,94155.0
2024-02-04 09:00:00,99204.96244670232,96288.33479452056,183152,90481.0
2024-02-04 10:00:00,94491.12740286293,92603.00821917808,182900,86617.0
2024-02-04 11:00:00,94327.92907885987,90461.01643835616,182419,83842.0
2024-02-04 12:00:00,94134.83343307118,90089.0,181132,81620.0
2024-02-04 13:00:00,93514.7072505474,89019.58767123288,181296,80027.0
2024-02-04 14:00:00,93382.98443831716,88822.0,181138,79264.0
2024-02-04 15:00:00,93514.7072505474,89052.0,181022,80001.0
2024-02-04 16:00:00,94327.92907885987,89677.0,179761,83250.0
2024-02-04 17:00:00,99204.96244670232,96590.0,178783,88741.0
2024-02-04 18:00:00,105028.41848675102,97940.60328767124,179670,93687.0
2024-02-04 19:00:00,105028.41848675102,97958.34191780824,179580,94846.0
2024-02-04 20:00:00,105028.41848675102,102808.23452054797,179670,94438.0
2024-02-04 21:00:00,101743.9800329198,98108.4983561644,179741,92669.0
2024-02-04 22:00:00,98485.3522952513,95669.0,179799,90166.0
2024-02-04 23:00:00,94327.92907885987,90690.7495890411,179834,87577.0
2024-02-05 00:00:00,94327.92907885987,91443.7010958904,177815,85980.0
2024-02-05 01:00:00,94134.83343307118,89689.0,177417,85430.0
2024-02-05 02:00:00,94134.83343307118,89689.0,177059,85731.0
2024-02-05 03:00:00,94327.92907885987,91467.0,176706,86984.0
2024-02-05 04:00:00,94626.54430756312,92949.1991780822,176752,90008.0
2024-02-05 05:00:00,105028.41848675102,99685.0,177239,95605.0
2024-02-05 06:00:00,115246.49300634468,106389.0,177892,103740.0
2024-02-05 07:00:00,115513.54902658272,111750.0,178099,108495.0
2024-02-05 08:00:00,115513.54902658272,110382.72383561645,179914,106089.0
2024-02-05 09:00:00,115246.49300634468,108272.58657534247,180770,100938.0
2024-02-05 10:00:00,110449.89108776508,105687.0,179786,97059.0
2024-02-05 11:00:00,106067.40916376552,103680.0,178833,93848.0
2024-02-05 12:00:00,105028.41848675102,99661.59260273972,177580,91595.0
2024-02-05 13:00:00,101743.9800329198,98419.0,177409,89868.0
2024-02-05 14:00:00,99693.10790253672,97078.0,177736,88780.0
2024-02-05 15:00:00,99693.10790253672,97078.0,178248,88928.0
2024-02-05 16:00:00,105028.41848675102,98218.1,176359,91802.0
2024-02-05 17:00:00,110449.89108776508,102800.92657534248,175327,96813.0
2024-02-05 18:00:00,115246.49300634468,110864.75205479452,176538,100966.0
2024-02-05 19:00:00,115246.49300634468,109804.47780821918,179498,101288.0
2024-02-05 20:00:00,115182.93192576164,106967.50849315069,179134,100403.0
2024-02-05 21:00:00,110449.89108776508,104028.0,179391,98055.0
2024-02-05 22:00:00,105028.41848675102,102406.0,179273,94220.0
2024-02-05 23:00:00,99204.96244670232,98346.2394520548,178910,90883.0
2024-02-06 00:00:00,98407.07895218318,93506.65315068491,175914,88756.0
2024-02-06 01:00:00,94491.12740286293,92731.77671232876,176107,87804.0
2024-02-06 02:00:00,94491.12740286293,93591.4493150685,176312,87627.0
2024-02-06 03:00:00,95450.316597224,92779.84657534248,176037,88405.0
2024-02-06 04:00:00,99693.10790253672,97056.70821917808,175719,90967.0
2024-02-06 05:00:00,108637.26447077382,101598.86328767124,176116,96129.0
2024-02-06 06:00:00,115502.26970954592,108872.0,176666,104206.0
2024-02-06 07:00:00,119824.53698810434,113630.0,177379,108505.0
2024-02-06 08:00:00,116374.84942125872,111751.0,177947,106491.0
2024-02-06 09:00:00,115502.26970954592,108690.0,180010,102253.0
2024-02-06 10:00:00,112936.71227701013,104123.0,179189,98545.0
2024-02-06 11:00:00,108933.06733769029,103100.63616438356,178010,95564.0
2024-02-06 12:00:00,105028.41848675102,102406.0,177754,93176.0
2024-02-06 13:00:00,104316.4683735078,98462.06520547943,177792,91218.0
2024-02-06 14:00:00,100953.1346132427,99821.5693150685,177020,90067.0
2024-02-06 15:00:00,100714.27921452606,97636.0,178705,90194.0
2024-02-06 16:00:00,105028.41848675102,98917.9101369863,177048,92969.0
2024-02-06 17:00:00,110669.61907692369,105604.84904109588,175353,98167.0
2024-02-06 18:00:00,115420.76438491268,113631.38219178084,175929,102830.0
2024-02-06 19:00:00,115502.26970954592,107557.09424657536,178675,103591.0
2024-02-06 20:00:00,115373.57395578912,108458.3284931507,178637,102969.0
2024-02-06 21:00:00,112936.71227701013,102427.0,178632,100761.0
2024-02-06 22:00:00,106400.45426680386,101239.0,178806,97036.0
2024-02-06 23:00:00,103145.17347493324,99305.0,178984,93727.0
2024-02-07 00:00:00,99487.46394458582,94970.0,176360,91760.0
2024-02-07 01:00:00,99204.96244670232,94185.76520547945,176429,90868.0
2024-02-07 02:00:00,98811.21062208444,94033.0,176490,90817.0
2024-02-07 03:00:00,99204.96244670232,96293.0,176431,91520.0
2024-02-07 04:00:00,103992.5426815722,96620.38191780822,176253,93877.0
2024-02-07 05:00:00,110279.13570378444,104198.0,176822,99158.0
2024-02-07 06:00:00,115411.08118914992,110403.67452054794,178556,106823.0
2024-02-07 07:00:00,119824.53698810434,113166.42547945204,178446,111265.0
2024-02-07 08:00:00,116888.84701197685,111751.0,179761,108379.0
2024-02-07 09:00:00,115502.26970954592,108684.30410958904,180452,102426.0
2024-02-07 10:00:00,110449.89108776508,105687.0,179708,97500.0
2024-02-07 11:00:00,105028.41848675102,100785.88520547946,178954,93758.0
2024-02-07 12:00:00,101743.9800329198,99866.89232876712,178709,90830.0
2024-02-07 13:00:00,99204.96244670232,97066.60821917807,177998,89390.0
2024-02-07 14:00:00,97996.57811032502,93456.93726027396,178129,88189.0
2024-02-07 15:00:00,98485.3522952513,95669.0,177936,88076.0
2024-02-07 16:00:00,100714.27921452606,97400.02219178082,176843,90571.0
2024-02-07 17:00:00,108933.06733769029,100387.70164383562,176767,94908.0
2024-02-07 18:00:00,112239.8762330241,105454.97506849316,178311,98966.0
2024-02-07 19:00:00,112561.98385774477,107295.87260273974,179460,99632.0
2024-02-07 20:00:00,110449.89108776508,104753.76602739726,179414,99145.0
2024-02-07 21:00:00,108933.06733769029,102027.1887671233,179112,97089.0
2024-02-07 22:00:00,103992.5426815722,97357.17643835615,179222,93595.0
2024-02-07 23:00:00,97751.71869406504,93844.0,178992,90131.0
2024-02-08 00:00:00,94298.9047292391,90440.0,179464,87870.0
2024-02-08 01:00:00,94327.92907885987,91451.05150684933,179278,87031.0
2024-02-08 02:00:00,94327.92907885987,91458.56465753424,179520,86908.0
2024-02-08 03:00:00,94327.92907885987,91467.0,179783,87849.0
2024-02-08 04:00:00,95450.316597224,92301.37123287671,180148,90189.0
2024-02-08 05:00:00,105028.41848675102,98822.0,180902,94960.0
2024-02-08 06:00:00,115246.49300634468,106442.50821917808,181694,102316.0
2024-02-08 07:00:00,115411.08118914992,110403.67452054794,182579,106309.0
2024-02-08 08:00:00,115502.26970954592,108650.94246575344,184602,104205.0
2024-02-08 09:00:00,112239.8762330241,106133.81068493152,184236,98962.0
2024-02-08 10:00:00,106067.40916376552,101110.80520547944,183248,94277.0
2024-02-08 11:00:00,101743.9800329198,98391.60547945206,182787,91061.0
2024-02-08 12:00:00,98811.21062208444,95730.0,182766,89129.0
2024-02-08 13:00:00,94626.54430756312,93838.56,182699,88031.0
2024-02-08 14:00:00,94298.9047292391,90065.27698630137,182256,87108.0
2024-02-08 15:00:00,94298.9047292391,90062.72739726027,183018,87152.0
2024-02-08 16:00:00,97554.6989626052,94865.70684931507,181804,89086.0
2024-02-08 17:00:00,104159.37558364496,97394.9501369863,181216,92959.0
2024-02-08 18:00:00,105371.2778700864,101579.0,181473,96066.0
2024-02-08 19:00:00,105371.2778700864,101120.0,179647,95918.0
2024-02-08 20:00:00,105028.41848675102,98411.44191780822,179387,94750.0
2024-02-08 21:00:00,100714.27921452606,99436.91698630138,179540,92013.0
2024-02-08 22:00:00,94491.12740286293,93472.75835616438,179250,87819.0
2024-02-08 23:00:00,94134.83343307118,87798.8194520548,179014,83706.0
2024-02-09 00:00:00,93041.2930177194,82454.0,179238,80740.0
2024-02-09 01:00:00,92679.3231217016,81821.0,178886,78868.0
2024-02-09 02:00:00,92679.3231217016,84500.0,178077,77804.0
2024-02-09 03:00:00,92679.3231217016,81381.25780821918,177563,77868.0
2024-02-09 04:00:00,92797.55325314232,84260.46630136986,177590,79443.0
2024-02-09 05:00:00,94134.83343307118,89308.0,178353,83513.0
2024-02-09 06:00:00,99204.96244670232,95806.02575342466,179109,90333.0
2024-02-09 07:00:00,105028.41848675102,101470.68219178084,179509,94799.0
2024-02-09 08:00:00,105028.41848675102,99960.0,179710,95183.0
2024-02-09 09:00:00,101743.9800329198,97629.84301369864,179108,93157.0
2024-02-09 10:00:00,98811.21062208444,95730.0,178846,90159.0
2024-02-09 11:00:00,94491.12740286293,92654.0,178933,87294.0
2024-02-09 12:00:00,94327.92907885987,89463.29479452055,177966,85205.0
2024-02-09 13:00:00,94327.92907885987,90058.19561643836,178301,84288.0
2024-02-09 14:00:00,94134.83343307118,89237.47397260273,178140,83696.0
2024-02-09 15:00:00,94134.83343307118,89231.15424657534,177828,83791.0
2024-02-09 16:00:00,94327.92907885987,89620.86739726027,176518,85062.0
2024-02-09 17:00:00,94626.54430756312,93602.59424657536,175858,87588.0
2024-02-09 18:00:00,98648.58090725508,95669.0,176268,89754.0
2024-02-09 19:00:00,97045.51186894887,92252.0,176750,89043.0
2024-02-09 20:00:00,94491.12740286293,91056.0,176766,87510.0
2024-02-09 21:00:00,94327.92907885987,90048.05150684931,176873,85367.0
2024-02-09 22:00:00,93382.98443831716,86208.29917808219,176890,82180.0
2024-02-09 23:00:00,92679.3231217016,81658.03150684932,176919,78600.0
2024-02-10 00:00:00,92679.3231217016,77192.37835616438,173079,75571.0
2024-02-10 01:00:00,92679.3231217016,75140.69452054794,173350,73808.0
2024-02-10 02:00:00,92679.3231217016,74232.4490410959,173310,72815.0
2024-02-10 03:00:00,92679.3231217016,73629.83232876712,173402,72340.0
2024-02-10 04:00:00,92679.3231217016,74310.12849315068,173486,72933.0
2024-02-10 05:00:00,92679.3231217016,75352.85369863013,174027,74574.0
2024-02-10 06:00:00,92679.3231217016,78344.66739726027,173567,77407.0
2024-02-10 07:00:00,92679.3231217016,81344.2405479452,172906,80378.0
2024-02-10 08:00:00,93041.2930177194,85248.09232876713,173516,82321.0
2024-02-10 09:00:00,93382.98443831716,85283.0,173994,83152.0
2024-02-10 10:00:00,93200.12394718891,84742.27342465754,174798,83473.0
2024-02-10 11:00:00,92797.55325314232,84358.8295890411,175123,82779.0
2024-02-10 12:00:00,92679.3231217016,83704.0,174730,81891.0
2024-02-10 13:00:00,92679.3231217016,82188.59753424658,174552,80083.0
2024-02-10 14:00:00,92679.3231217016,79377.91808219178,174622,79038.0
2024-02-10 15:00:00,92679.3231217016,81181.74684931507,174091,79135.0
2024-02-10 16:00:00,92679.3231217016,83654.3101369863,173595,80391.0
2024-02-10 17:00:00,93382.98443831716,86223.0,173346,82867.0
2024-02-10 18:00:00,94134.83343307118,87776.0,173131,85304.0
2024-02-10 19:00:00,94134.83343307118,87923.87726027398,175584,84902.0
2024-02-10 20:00:00,93514.7072505474,87594.0,175633,83636.0
2024-02-10 21:00:00,93041.2930177194,84141.92876712329,176074,81452.0
2024-02-10 22:00:00,92679.3231217016,78982.0,176175,78821.0
2024-02-10 23:00:00,92679.3231217016,78969.6093150685,176146,75854.0
2024-02-11 00:00:00,92679.3231217016,76071.06438356165,172067,73570.0
2024-02-11 01:00:00,92679.3231217016,74484.34547945205,172050,71926.0
2024-02-11 02:00:00,92679.3231217016,73281.0,171780,71126.0
2024-02-11 03:00:00,92679.3231217016,72387.50465753424,171781,70885.0
2024-02-11 04:00:00,92679.3231217016,73281.0,171647,71304.0
2024-02-11 05:00:00,92679.3231217016,76338.57643835618,171746,72639.0
2024-02-11 06:00:00,92679.3231217016,76655.0,171720,74813.0
2024-02-11 07:00:00,92679.3231217016,79504.60328767124,171592,77567.0
2024-02-11 08:00:00,92679.3231217016,83667.49205479452,172088,80427.0
2024-02-11 09:00:00,93041.2930177194,83996.0,174496,82688.0
2024-02-11 10:00:00,93200.12394718891,84161.38904109588,174759,83676.0
2024-02-11 11:00:00,93382.98443831716,85705.09095890411,174883,84142.0
2024-02-11 12:00:00,93200.12394718891,84053.3997260274,175073,83935.0
2024-02-11 13:00:00,93041.2930177194,83981.5704109589,175067,83229.0
2024-02-11 14:00:00,92797.55325314232,84289.0,175135,82526.0
2024-02-11 15:00:00,93200.12394718891,84834.25780821918,175755,82544.0
2024-02-11 16:00:00,94134.83343307118,89200.0,175354,84542.0
2024-02-11 17:00:00,94298.9047292391,91516.0,174806,87825.0
2024-02-11 18:00:00,98648.58090725508,95728.34547945204,174749,89294.0
2024-02-11 19:00:00,98648.58090725508,95728.34547945204,178450,87572.0
2024-02-11 20:00:00,95450.316597224,92840.50684931508,178549,86193.0
2024-02-11 21:00:00,94298.9047292391,91516.0,178960,84965.0
2024-02-11 22:00:00,94134.83343307118,87613.0,178824,82400.0
2024-02-11 23:00:00,93200.12394718891,84162.0,178887,81204.0
2024-02-12 00:00:00,92679.3231217016,80728.35123287671,173040,78567.0
2024-02-12 01:00:00,92679.3231217016,80736.0,173023,76896.0
2024-02-12 02:00:00,92679.3231217016,79793.0,173060,76331.0
2024-02-12 03:00:00,92679.3231217016,81358.64109589042,173158,76620.0
2024-02-12 04:00:00,92679.3231217016,81245.2898630137,173539,78695.0
2024-02-12 05:00:00,94134.83343307118,88876.34849315068,174248,83544.0
2024-02-12 06:00:00,100058.33210454736,97049.41205479452,173457,90893.0
2024-02-12 07:00:00,108933.06733769029,104795.0,173182,95862.0
2024-02-12 08:00:00,108933.06733769029,104795.0,172677,96743.0
2024-02-12 09:00:00,106067.40916376552,103632.15452054796,173909,95694.0
2024-02-12 10:00:00,105028.41848675102,99661.59260273972,174733,94263.0
2024-02-12 11:00:00,101743.9800329198,97609.82602739726,174554,92722.0
2024-02-12 12:00:00,99204.96244670232,97772.48547945204,174319,91806.0
2024-02-12 13:00:00,98811.21062208444,97859.62712328768,174972,91229.0
2024-02-12 14:00:00,97554.6989626052,93815.0,174904,90672.0
2024-02-12 15:00:00,95450.316597224,95556.55616438355,176042,90850.0
2024-02-12 16:00:00,99204.96244670232,98244.46109589042,176712,92437.0
2024-02-12 17:00:00,105028.41848675102,97469.73315068492,176841,95537.0
2024-02-12 18:00:00,108637.26447077382,104721.1704109589,177304,97975.0
2024-02-12 19:00:00,108006.473811032,107009.25287671234,178632,97566.0
2024-02-12 20:00:00,105371.2778700864,98417.95150684932,179033,95856.0
2024-02-12 21:00:00,101743.9800329198,97408.51178082192,179126,92854.0
2024-02-12 22:00:00,94491.12740286293,93929.0,178939,88801.0
2024-02-12 23:00:00,94134.83343307118,90065.80958904109,178955,84905.0
2024-02-13 00:00:00,93382.98443831716,86396.8904109589,176061,82197.0
2024-02-13 01:00:00,92797.55325314232,84289.0,176536,80959.0
2024-02-13 02:00:00,92679.3231217016,82533.91369863013,177004,80762.0
2024-02-13 03:00:00,92797.55325314232,82536.73452054795,177314,81362.0
2024-02-13 04:00:00,93382.98443831716,83232.0,176636,83289.0
2024-02-13 05:00:00,94327.92907885987,90879.0,176906,87974.0
2024-02-13 06:00:00,104976.16326014204,98206.0301369863,177204,95050.0
2024-02-13 07:00:00,110449.89108776508,105687.0,176995,99943.0
2024-02-13 08:00:00,111228.28732467044,106331.04438356165,178242,101477.0
2024-02-13 09:00:00,110449.89108776508,104194.7180821918,178660,100846.0
2024-02-13 10:00:00,108933.06733769029,104795.0,178300,99665.0
2024-02-13 11:00:00,106067.40916376552,108661.0,178932,97566.0
2024-02-13 12:00:00,105028.41848675102,102348.55287671232,180663,96059.0
2024-02-13 13:00:00,104432.8351667816,98788.66958904108,181242,94210.0
2024-02-13 14:00:00,101990.41957035977,97200.75671232876,181902,92704.0
2024-02-13 15:00:00,101743.9800329198,97386.25342465754,181680,92046.0
2024-02-13 16:00:00,105028.41848675102,98537.20356164384,179597,93758.0
2024-02-13 17:00:00,110449.89108776508,105077.9794520548,177825,97734.0
2024-02-13 18:00:00,115246.49300634468,107797.96684931508,178157,101613.0
2024-02-13 19:00:00,115246.49300634468,107853.0,179844,101950.0
2024-02-13 20:00:00,112936.71227701013,105431.54821917808,179705,100656.0
2024-02-13 21:00:00,110279.13570378444,103242.0,179535,97932.0
2024-02-13 22:00:00,105028.41848675102,99734.0,179224,93852.0
2024-02-13 23:00:00,98811.21062208444,97919.0,179644,90030.0
2024-02-14 00:00:00,94491.12740286293,93609.44849315067,176941,87365.0
2024-02-14 01:00:00,94298.9047292391,90425.32630136986,176156,85824.0
2024-02-14 02:00:00,94327.92907885987,91467.0,176497,85364.0
2024-02-14 03:00:00,94298.9047292391,90022.83945205479,176729,85727.0
2024-02-14 04:00:00,98485.3522952513,94610.25287671231,176807,87705.0
2024-02-14 05:00:00,105028.41848675102,101255.18602739729,177339,92841.0
2024-02-14 06:00:00,115313.87472507662,108568.0,177983,100705.0
2024-02-14 07:00:00,115744.7580999724,112091.50684931508,178562,105118.0
2024-02-14 08:00:00,115513.54902658272,109934.32191780822,180153,103475.0
2024-02-14 09:00:00,115492.8737749451,110408.68273972603,180465,99946.0
2024-02-14 10:00:00,112239.8762330241,103892.0,180051,97003.0
2024-02-14 11:00:00,108933.06733769029,102461.45616438356,179729,94517.0
2024-02-14 12:00:00,105028.41848675102,102406.0,179646,92613.0
2024-02-14 13:00:00,105028.41848675102,101255.18602739729,179582,91300.0
2024-02-14 14:00:00,101743.9800329198,99324.97287671232,179626,89794.0
2024-02-14 15:00:00,103436.93264425,99324.0,180509,89595.0
2024-02-14 16:00:00,105028.41848675102,108620.22246575344,179156,91473.0
2024-02-14 17:00:00,112239.8762330241,105537.0,177839,96194.0
2024-02-14 18:00:00,115502.26970954592,111425.00438356164,178934,100705.0
2024-02-14 19:00:00,115502.26970954592,108251.14575342466,179497,101466.0
2024-02-14 20:00:00,115420.76438491268,109592.70739726028,180255,101070.0
2024-02-14 21:00:00,112936.71227701013,105032.0,180309,99226.0
2024-02-14 22:00:00,106400.45426680386,101236.34191780824,180366,95717.0
2024-02-14 23:00:00,101990.41957035977,100122.50630136988,180411,92638.0
2024-02-15 00:00:00,99204.96244670232,96266.06657534248,181181,90590.0
2024-02-15 01:00:00,98648.58090725508,93766.50465753424,180935,89888.0
2024-02-15 02:00:00,98485.3522952513,93675.31835616438,181020,89829.0
2024-02-15 03:00:00,99204.96244670232,93769.0,180891,90683.0
2024-02-15 04:00:00,101743.9800329198,97409.0,181415,92930.0
2024-02-15 05:00:00,108933.06733769029,103533.0,182198,98378.0
2024-02-15 06:00:00,115411.08118914992,110395.8901369863,183027,105910.0
2024-02-15 07:00:00,119824.53698810434,114069.0,184528,109831.0
2024-02-15 08:00:00,116374.84942125872,112173.0,185576,107028.0
2024-02-15 09:00:00,115502.26970954592,107643.0,186168,102471.0
2024-02-15 10:00:00,112936.71227701013,104057.0,185840,99374.0
2024-02-15 11:00:00,108933.06733769029,100841.94794520548,185279,96806.0
2024-02-15 12:00:00,105028.41848675102,98498.93506849316,184769,94704.0
2024-02-15 13:00:00,103992.5426815722,98453.05068493151,185170,93316.0
2024-02-15 14:00:00,100714.27921452606,96695.5890410959,186044,92009.0
2024-02-15 15:00:00,100390.24094382828,97934.15013698633,186583,91466.0
2024-02-15 16:00:00,104316.4683735078,99708.61260273973,183610,93095.0
2024-02-15 17:00:00,108933.06733769029,101061.65123287671,181460,96687.0
2024-02-15 18:00:00,112239.8762330241,104200.0,179720,100141.0
2024-02-15 19:00:00,112239.8762330241,104184.78383561644,179512,100366.0
2024-02-15 20:00:00,110449.89108776508,102535.51753424658,179330,98783.0
2024-02-15 21:00:00,105371.2778700864,103894.44657534247,178629,95821.0
2024-02-15 22:00:00,99487.46394458582,97024.24164383562,178507,91964.0
2024-02-15 23:00:00,94298.9047292391,91533.0,179559,88421.0
2024-02-16 00:00:00,94327.92907885987,89885.20712328768,178575,85707.0
2024-02-16 01:00:00,94134.83343307118,87652.0,178220,84340.0
2024-02-16 02:00:00,94134.83343307118,87646.44328767124,177266,83780.0
2024-02-16 03:00:00,94134.83343307118,88411.81671232877,176858,84324.0
2024-02-16 04:00:00,94327.92907885987,92238.0,177333,86376.0
2024-02-16 05:00:00,99204.96244670232,94507.5019178082,177931,91032.0
2024-02-16 06:00:00,110279.13570378444,110364.36739726028,178372,98169.0
2024-02-16 07:00:00,115420.76438491268,110460.0,178714,102174.0
2024-02-16 08:00:00,115502.26970954592,110921.14356164384,179098,101786.0
2024-02-16 09:00:00,115246.49300634468,109803.69123287672,179389,99866.0
2024-02-16 10:00:00,110669.61907692369,109122.98821917808,178813,97932.0
2024-02-16 11:00:00,108933.06733769029,103533.0,178800,95945.0
2024-02-16 12:00:00,106067.40916376552,102142.0,178659,94051.0
2024-02-16 13:00:00,105028.41848675102,108403.0,178232,93089.0
2024-02-16 14:00:00,105028.41848675102,101317.0,178612,92319.0
2024-02-16 15:00:00,105028.41848675102,98805.8887671233,178743,92807.0
2024-02-16 16:00:00,106067.40916376552,100637.0,178668,95150.0
2024-02-16 17:00:00,110449.89108776508,109172.0,178456,98617.0
2024-02-16 18:00:00,115246.49300634468,109845.0,178766,101208.0
2024-02-16 19:00:00,115246.49300634468,111026.0,179930,100888.0
2024-02-16 20:00:00,112936.71227701013,105230.46684931508,179823,99691.0
2024-02-16 21:00:00,110449.89108776508,104244.0,180305,97698.0
2024-02-16 22:00:00,105028.41848675102,108199.33123287674,180296,94579.0
2024-02-16 23:00:00,100714.27921452606,97387.50109589042,180074,91063.0
2024-02-17 00:00:00,97996.57811032502,94638.0,179516,88555.0
2024-02-17 01:00:00,94491.12740286293,92451.60465753423,180139,87417.0
2024-02-17 02:00:00,94298.9047292391,92007.0,180573,86919.0
2024-02-17 03:00:00,94298.9047292391,92007.0,181028,87203.0
2024-02-17 04:00:00,94491.12740286293,93758.77232876713,180964,87883.0
2024-02-17 05:00:00,99204.96244670232,94526.0,180449,89757.0
2024-02-17 06:00:00,105028.41848675102,108167.8682191781,180766,92800.0
2024-02-17 07:00:00,108933.06733769029,101587.25068493153,181011,95802.0
2024-02-17 08:00:00,110449.89108776508,109077.47534246575,183335,98187.0
2024-02-17 09:00:00,110449.89108776508,109039.36712328768,184316,99333.0
2024-02-17 10:00:00,110279.13570378444,104253.45397260274,184051,98960.0
2024-02-17 11:00:00,108933.06733769029,102155.0,183680,98382.0
2024-02-17 12:00:00,105371.2778700864,101545.0,184054,97720.0
2024-02-17 13:00:00,105028.41848675102,108210.80438356166,185118,96267.0
2024-02-17 14:00:00,103835.88987989083,99324.0,185512,94634.0
2024-02-17 15:00:00,103992.5426815722,99324.0,186635,94328.0
2024-02-17 16:00:00,105371.2778700864,108556.6183561644,185765,96145.0
2024-02-17 17:00:00,111228.28732467044,109061.52684931508,184115,100177.0
2024-02-17 18:00:00,115502.26970954592,113449.6887671233,184387,104765.0
2024-02-17 19:00:00,115502.26970954592,113449.6887671233,181262,105503.0
2024-02-17 20:00:00,115502.26970954592,113498.45643835617,180566,104965.0
2024-02-17 21:00:00,115246.49300634468,109767.34602739727,180331,103598.0
2024-02-17 22:00:00,112041.22177270328,105537.0,180180,101269.0
2024-02-17 23:00:00,108933.06733769029,101386.67095890411,180004,98906.0
2024-02-18 00:00:00,106067.40916376552,108661.0,183588,97025.0
2024-02-18 01:00:00,105028.41848675102,108131.1975342466,183448,96112.0
2024-02-18 02:00:00,105028.41848675102,100808.0,183510,95652.0
2024-02-18 03:00:00,105028.41848675102,100808.0,183525,95911.0
2024-02-18 04:00:00,105371.2778700864,108786.0,183253,96884.0
2024-02-18 05:00:00,108933.06733769029,109029.0,183302,98516.0
2024-02-18 06:00:00,112239.8762330241,105537.0,184127,101048.0
2024-02-18 07:00:00,115246.49300634468,109807.48849315068,184438,103330.0
2024-02-18 08:00:00,115182.93192576164,109761.0,187164,103113.0
2024-02-18 09:00:00,110279.13570378444,110535.0,188238,100226.0
2024-02-18 10:00:00,105028.41848675102,108403.0,188159,97140.0
2024-02-18 11:00:00,100058.33210454736,98393.0,187204,94136.0
2024-02-18 12:00:00,97554.6989626052,94335.0,187017,91520.0
2024-02-18 13:00:00,94298.9047292391,92967.0202739726,185907,89200.0
2024-02-18 14:00:00,94327.92907885987,93974.0,184956,87371.0
2024-02-18 15:00:00,94327.92907885987,93648.0,184786,87142.0
2024-02-18 16:00:00,95450.316597224,94122.0,183218,89187.0
2024-02-18 17:00:00,105028.41848675102,99938.30410958904,181259,93635.0
2024-02-18 18:00:00,110449.89108776508,110364.36739726028,181004,98328.0
2024-02-18 19:00:00,110669.61907692369,105490.0495890411,180650,99476.0
2024-02-18 20:00:00,110669.61907692369,105503.09589041096,180302,98736.0
2024-02-18 21:00:00,108933.06733769029,109029.0,180476,96938.0
2024-02-18 22:00:00,105028.41848675102,108196.998630137,180129,93980.0
2024-02-18 23:00:00,100678.90904360544,97505.11150684932,180146,91157.0
2024-02-19 00:00:00,98648.58090725508,95558.4293150685,177718,89515.0
2024-02-19 01:00:00,97554.6989626052,94895.0,176801,88822.0
2024-02-19 02:00:00,98485.3522952513,94611.93452054796,176225,89110.0
2024-02-19 03:00:00,99204.96244670232,94916.49397260274,175876,90209.0
2024-02-19 04:00:00,104159.37558364496,99623.51150684932,175636,92782.0
2024-02-19 05:00:00,110449.89108776508,104198.0,175973,97316.0
2024-02-19 06:00:00,115513.54902658272,112661.2010958904,176135,103449.0
2024-02-19 07:00:00,125607.60616047637,114069.0,177121,107030.0
2024-02-19 08:00:00,119824.53698810434,114069.0,179506,104952.0
2024-02-19 09:00:00,115411.08118914992,110105.0,179809,100722.0
2024-02-19 10:00:00,115182.93192576164,107007.0,179282,97190.0
2024-02-19 11:00:00,109495.88441179668,105662.80602739728,178949,94302.0
2024-02-19 12:00:00,105028.41848675102,102666.73095890413,178820,91950.0
2024-02-19 13:00:00,104316.4683735078,96909.0,178930,90165.0
2024-02-19 14:00:00,100714.27921452606,96720.0,178490,88828.0
2024-02-19 15:00:00,100390.24094382828,97503.4298630137,179090,88421.0
2024-02-19 16:00:00,105028.41848675102,99709.26356164383,177596,90415.0
2024-02-19 17:00:00,110449.89108776508,105099.0,175513,94906.0
2024-02-19 18:00:00,115420.76438491268,109339.87753424658,175485,100049.0
2024-02-19 19:00:00,115502.26970954592,109461.0,178940,101422.0
2024-02-19 20:00:00,115502.26970954592,109382.0,179346,101211.0
2024-02-19 21:00:00,115182.93192576164,109580.42465753424,179472,99229.0
2024-02-19 22:00:00,109495.88441179668,102328.0,179386,95909.0
2024-02-19 23:00:00,105028.41848675102,99044.0,179176,93187.0
2024-02-20 00:00:00,101743.9800329198,100155.0,175473,91388.0
2024-02-20 01:00:00,100390.24094382828,95048.0,176090,90723.0
2024-02-20 02:00:00,100058.33210454736,95048.0,176635,91091.0
2024-02-20 03:00:00,101743.9800329198,100155.0,176810,92181.0
2024-02-20 04:00:00,105028.41848675102,108134.37095890414,176775,94764.0
2024-02-20 05:00:00,112561.98385774477,105437.0,177082,100137.0
2024-02-20 06:00:00,115851.04611483528,114100.29232876711,176925,108178.0
2024-02-20 07:00:00,130219.82884352356,114837.8594520548,178011,111906.0
2024-02-20 08:00:00,119824.53698810434,114069.0,180429,107663.0
2024-02-20 09:00:00,115502.26970954592,109443.88520547946,180349,101277.0
2024-02-20 10:00:00,111228.28732467044,105160.5791780822,179170,96390.0
2024-02-20 11:00:00,106067.40916376552,100418.00164383564,180151,92933.0
2024-02-20 12:00:00,103835.88987989083,99299.45342465752,180126,90502.0
2024-02-20 13:00:00,99204.96244670232,98393.0,180849,88632.0
2024-02-20 14:00:00,98485.3522952513,96116.50767123287,181394,87293.0
2024-02-20 15:00:00,98177.71798127398,96132.15780821918,182082,86940.0
2024-02-20 16:00:00,100390.24094382828,93567.0,180407,89592.0
2024-02-20 17:00:00,108006.473811032,102108.25205479452,177588,93921.0
2024-02-20 18:00:00,113553.53844535294,107919.0,178246,98899.0
2024-02-20 19:00:00,115246.49300634468,105822.0,179105,100212.0
2024-02-20 20:00:00,112936.71227701013,107858.65068493152,179790,99781.0
2024-02-20 21:00:00,110449.89108776508,103769.49205479452,179903,97791.0
2024-02-20 22:00:00,105028.41848675102,108134.28958904112,179765,94039.0
2024-02-20 23:00:00,100058.33210454736,96293.0,179574,90778.0
2024-02-21 00:00:00,95450.316597224,92785.0,178744,88730.0
2024-02-21 01:00:00,94491.12740286293,92932.31479452054,178997,88092.0
2024-02-21 02:00:00,94491.12740286293,92825.82876712328,178695,88452.0
2024-02-21 03:00:00,94673.18508432285,92785.0,178697,89548.0
2024-02-21 04:00:00,99487.46394458582,95752.0,178535,92018.0
2024-02-21 05:00:00,106067.40916376552,100510.76739726028,179001,97477.0
2024-02-21 06:00:00,115502.26970954592,107643.0,179397,105425.0
2024-02-21 07:00:00,116374.84942125872,111557.7980821918,180590,108986.0
2024-02-21 08:00:00,115411.08118914992,109193.7109589041,182409,105603.0
2024-02-21 09:00:00,113553.53844535294,109735.66684931506,182487,100346.0
2024-02-21 10:00:00,106067.40916376552,101878.21726027396,181804,95985.0
2024-02-21 11:00:00,101743.9800329198,99271.57068493152,181597,92244.0
2024-02-21 12:00:00,98811.21062208444,96984.0,182439,89826.0
2024-02-21 13:00:00,94491.12740286293,93758.77232876713,181898,87871.0
2024-02-21 14:00:00,94298.9047292391,94702.0,181130,86400.0
2024-02-21 15:00:00,94298.9047292391,94570.0994520548,180514,86263.0
2024-02-21 16:00:00,95450.316597224,94335.0,178107,88533.0
2024-02-21 17:00:00,104316.4683735078,97608.0101369863,175961,92498.0
2024-02-21 18:00:00,108933.06733769029,101614.41205479452,175886,96779.0
2024-02-21 19:00:00,108933.06733769029,102825.09863013698,176769,97364.0
2024-02-21 20:00:00,106400.45426680386,100054.20712328768,177197,96491.0
2024-02-21 21:00:00,105028.41848675102,99815.63205479452,177422,94129.0
2024-02-21 22:00:00,99204.96244670232,96911.47232876714,177500,90200.0
2024-02-21 23:00:00,94327.92907885987,91600.31068493152,177495,86765.0
2024-02-22 00:00:00,94134.83343307118,87880.59890410959,175152,84506.0
2024-02-22 01:00:00,93514.7072505474,86907.0,174629,83563.0
2024-02-22 02:00:00,93382.98443831716,86884.78602739726,174454,83355.0
2024-02-22 03:00:00,93514.7072505474,87125.0,174681,83635.0
2024-02-22 04:00:00,94134.83343307118,89049.0,174427,85803.0
2024-02-22 05:00:00,98407.07895218318,95783.07589041095,174289,90657.0
2024-02-22 06:00:00,108933.06733769029,101593.16356164384,174605,97816.0
2024-02-22 07:00:00,115246.49300634468,107853.0,175290,101557.0
2024-02-22 08:00:00,112561.98385774477,105428.5104109589,176821,99369.0
2024-02-22 09:00:00,108933.06733769029,102769.1704109589,177002,96148.0
2024-02-22 10:00:00,105028.41848675102,97637.86876712328,176127,93875.0
2024-02-22 11:00:00,101743.9800329198,96325.0,176052,92458.0
2024-02-22 12:00:00,99204.96244670232,98305.40712328767,174765,91912.0
2024-02-22 13:00:00,98485.3522952513,96719.0,174669,91128.0
2024-02-22 14:00:00,94626.54430756312,94122.0,174933,90770.0
2024-02-22 15:00:00,94491.12740286293,94115.81589041096,175421,91062.0
2024-02-22 16:00:00,98648.58090725508,96694.4805479452,174315,92693.0
2024-02-22 17:00:00,103145.17347493324,96891.0,173824,94920.0
2024-02-22 18:00:00,105028.41848675102,97694.80657534246,173847,97081.0
2024-02-22 19:00:00,105028.41848675102,97953.81232876712,177352,96576.0
2024-02-22 20:00:00,103992.5426815722,96982.4504109589,177153,94803.0
2024-02-22 21:00:00,99204.96244670232,96976.81232876712,177313,91548.0
2024-02-22 22:00:00,94327.92907885987,92221.42767123289,177044,87375.0
2024-02-22 23:00:00,93382.98443831716,85681.0,176998,83134.0
2024-02-23 00:00:00,92679.3231217016,84500.0,173536,80079.0
2024-02-23 01:00:00,92679.3231217016,79049.0,173722,78236.0
2024-02-23 02:00:00,92679.3231217016,79031.89095890411,174144,77421.0
2024-02-23 03:00:00,92679.3231217016,79690.28849315069,174098,77303.0
2024-02-23 04:00:00,92679.3231217016,80736.0,173846,78890.0
2024-02-23 05:00:00,93382.98443831716,85717.5405479452,174406,83009.0
2024-02-23 06:00:00,94491.12740286293,91292.9101369863,174996,89813.0
2024-02-23 07:00:00,101743.9800329198,96159.18438356165,175522,93921.0
2024-02-23 08:00:00,103992.5426815722,96615.17424657536,175325,94564.0
2024-02-23 09:00:00,101743.9800329198,95502.03643835615,174472,93624.0
2024-02-23 10:00:00,99204.96244670232,95520.0,173420,92386.0
2024-02-23 11:00:00,98485.3522952513,96678.83041095892,173622,91249.0
2024-02-23 12:00:00,94491.12740286293,93894.0,174206,90147.0
2024-02-23 13:00:00,94298.9047292391,91508.38767123288,174571,89216.0
2024-02-23 14:00:00,94327.92907885987,89464.0,174745,87961.0
2024-02-23 15:00:00,94327.92907885987,89464.0,175234,87743.0
2024-02-23 16:00:00,94298.9047292391,92095.03232876712,175766,89061.0
2024-02-23 17:00:00,98811.21062208444,96678.83041095892,175538,90861.0
2024-02-23 18:00:00,100714.27921452606,95696.61178082191,176129,93193.0
2024-02-23 19:00:00,100390.24094382828,95498.22,177122,93186.0
2024-02-23 20:00:00,99204.96244670232,94922.0,176722,92206.0
2024-02-23 21:00:00,94626.54430756312,93894.0,176593,90214.0
2024-02-23 22:00:00,94327.92907885987,89839.1506849315,176580,87507.0
2024-02-23 23:00:00,93382.98443831716,88822.0,176705,84221.0
2024-02-24 00:00:00,93041.2930177194,83935.0,177393,81688.0
2024-02-24 01:00:00,92679.3231217016,83499.21232876713,177515,80239.0
2024-02-24 02:00:00,92679.3231217016,81809.58109589042,177880,79338.0
2024-02-24 03:00:00,92679.3231217016,81377.62328767123,177719,79126.0
2024-02-24 04:00:00,92679.3231217016,83538.08602739726,177661,79760.0
2024-02-24 05:00:00,93382.98443831716,85044.0,177098,81857.0
2024-02-24 06:00:00,94134.83343307118,89049.0,176371,85119.0
2024-02-24 07:00:00,94491.12740286293,91124.60246575344,176259,88104.0
2024-02-24 08:00:00,98485.3522952513,93489.53835616438,176755,90133.0
2024-02-24 09:00:00,98811.21062208444,93537.8783561644,177172,90832.0
2024-02-24 10:00:00,98485.3522952513,93513.0,176480,90481.0
2024-02-24 11:00:00,94673.18508432285,93403.0,175965,89109.0
2024-02-24 12:00:00,94491.12740286293,91136.0,175329,86640.0
2024-02-24 13:00:00,94327.92907885987,90808.0,174938,84853.0
2024-02-24 14:00:00,94327.92907885987,89839.1506849315,174553,84187.0
2024-02-24 15:00:00,94327.92907885987,90887.65479452055,173188,84625.0
2024-02-24 16:00:00,94491.12740286293,91503.41260273971,173388,87163.0
2024-02-24 17:00:00,100714.27921452606,95707.0,173212,90980.0
2024-02-24 18:00:00,106067.40916376552,108475.96493150688,173427,95355.0
2024-02-24 19:00:00,106067.40916376552,102154.64739726028,175071,96623.0
2024-02-24 20:00:00,106067.40916376552,101834.6602739726,175517,96368.0
2024-02-24 21:00:00,105028.41848675102,99480.93397260274,175683,95263.0
2024-02-24 22:00:00,101990.41957035977,99272.54356164383,175950,93237.0
2024-02-24 23:00:00,99204.96244670232,93569.31424657536,175990,91024.0
2024-02-25 00:00:00,94626.54430756312,92138.27205479452,174939,89412.0
2024-02-25 01:00:00,94491.12740286293,90931.0,176338,88747.0
2024-02-25 02:00:00,94298.9047292391,91382.01150684932,176411,88555.0
2024-02-25 03:00:00,94491.12740286293,90931.0,176563,89083.0
2024-02-25 04:00:00,94626.54430756312,92138.73315068492,176900,90125.0
2024-02-25 05:00:00,99204.96244670232,93752.60602739724,176866,92392.0
2024-02-25 06:00:00,103992.5426815722,98754.28493150685,176971,95272.0
2024-02-25 07:00:00,105028.41848675102,99585.0,178132,96999.0
2024-02-25 08:00:00,105028.41848675102,98063.41698630137,180898,95227.0
2024-02-25 09:00:00,99204.96244670232,96781.0,180727,91501.0
2024-02-25 10:00:00,94491.12740286293,90556.0,179187,88023.0
2024-02-25 11:00:00,94327.92907885987,90464.3498630137,178229,85264.0
2024-02-25 12:00:00,94134.83343307118,88053.0,177193,83038.0
2024-02-25 13:00:00,93382.98443831716,88757.47369863014,176537,81206.0
2024-02-25 14:00:00,92797.55325314232,84930.0,176597,80017.0
2024-02-25 15:00:00,93200.12394718891,84927.91150684931,175737,80208.0
2024-02-25 16:00:00,94134.83343307118,88053.0,173994,82934.0
2024-02-25 17:00:00,94491.12740286293,94724.48246575343,172000,87629.0
2024-02-25 18:00:00,100714.27921452606,96026.10356164385,172123,92823.0
2024-02-25 19:00:00,104316.4683735078,98741.94383561645,174200,94666.0
2024-02-25 20:00:00,103992.5426815722,98723.63561643836,174138,94213.0
2024-02-25 21:00:00,99487.46394458582,95690.36767123287,174067,91987.0
2024-02-25 22:00:00,94626.54430756312,93856.461369863,173922,88814.0
2024-02-25 23:00:00,94327.92907885987,90023.99726027397,173895,85596.0
2024-02-26 00:00:00,93514.7072505474,86864.36219178082,172184,83341.0
2024-02-26 01:00:00,93382.98443831716,85029.32630136986,171747,82270.0
2024-02-26 02:00:00,93382.98443831716,84042.49616438356,171575,81713.0
2024-02-26 03:00:00,93382.98443831716,84723.84301369863,171410,81934.0
2024-02-26 04:00:00,94134.83343307118,89049.0,171241,84103.0
2024-02-26 05:00:00,95450.316597224,92497.76739726028,171826,88813.0
2024-02-26 06:00:00,106067.40916376552,101890.0,172752,96673.0
2024-02-26 07:00:00,112936.71227701013,105124.0,173520,100183.0
2024-02-26 08:00:00,110449.89108776508,104774.0,175335,97414.0
2024-02-26 09:00:00,105028.41848675102,101916.0,175234,93104.0
2024-02-26 10:00:00,100714.27921452606,95742.95726027398,173851,90039.0
2024-02-26 11:00:00,98177.71798127398,93492.57616438356,173308,87028.0
2024-02-26 12:00:00,94491.12740286293,93401.55205479452,173492,84718.0
2024-02-26 13:00:00,94327.92907885987,88936.0,174072,83530.0
2024-02-26 14:00:00,94327.92907885987,89850.0,175134,82760.0
2024-02-26 15:00:00,94134.83343307118,89665.17424657535,175604,82846.0
2024-02-26 16:00:00,94327.92907885987,88933.99287671233,174730,84350.0
2024-02-26 17:00:00,98177.71798127398,92760.0,174247,87475.0
2024-02-26 18:00:00,101743.9800329198,97876.39616438356,175416,90852.0
2024-02-26 19:00:00,100714.27921452606,97740.47068493153,175518,91265.0
2024-02-26 20:00:00,99204.96244670232,94689.89671232876,175607,89546.0
2024-02-26 21:00:00,94491.12740286293,94714.98931506852,175126,86637.0
2024-02-26 22:00:00,94134.83343307118,88182.19068493151,174789,82461.0
2024-02-26 23:00:00,92797.55325314232,84365.55616438357,174764,78669.0
2024-02-27 00:00:00,92679.3231217016,78002.0,175892,76198.0
2024-02-27 01:00:00,92679.3231217016,76651.17561643836,175838,74662.0
2024-02-27 02:00:00,92679.3231217016,74599.32191780822,175546,74191.0
2024-02-27 03:00:00,92679.3231217016,74599.32191780822,175566,74533.0
2024-02-27 04:00:00,92679.3231217016,76781.40328767123,175560,76191.0
2024-02-27 05:00:00,92679.3231217016,83471.6791780822,175940,80720.0
2024-02-27 06:00:00,94327.92907885987,89902.06657534247,175248,87746.0
2024-02-27 07:00:00,98648.58090725508,92760.0,176310,91202.0
2024-02-27 08:00:00,98485.3522952513,92760.0,177780,89665.0
2024-02-27 09:00:00,94491.12740286293,92313.8189041096,177892,87485.0
2024-02-27 10:00:00,94298.9047292391,92104.2,177526,85781.0
2024-02-27 11:00:00,94327.92907885987,90228.54465753424,177086,85170.0
2024-02-27 12:00:00,94327.92907885987,88732.0,175183,84800.0
2024-02-27 13:00:00,94327.92907885987,89440.80520547945,174008,85457.0
2024-02-27 14:00:00,94134.83343307118,89241.0,172863,85601.0
2024-02-27 15:00:00,94327.92907885987,89241.0,173151,86212.0
2024-02-27 16:00:00,94327.92907885987,90613.54410958904,173749,87609.0
2024-02-27 17:00:00,95450.316597224,93013.23424657536,173963,89657.0
2024-02-27 18:00:00,99204.96244670232,92893.28410958905,174900,91378.0
2024-02-27 19:00:00,98485.3522952513,92648.40547945203,175377,90798.0
2024-02-27 20:00:00,94491.12740286293,92117.8701369863,175165,88586.0
2024-02-27 21:00:00,94134.83343307118,88436.42191780821,175542,85119.0
2024-02-27 22:00:00,92797.55325314232,84365.55616438357,175325,80434.0
2024-02-27 23:00:00,92679.3231217016,79924.95150684932,175273,76148.0
2024-02-28 00:00:00,92679.3231217016,74591.45616438356,174894,72900.0
2024-02-28 01:00:00,92679.3231217016,72387.50465753424,175185,71019.0
2024-02-28 02:00:00,92679.3231217016,70551.6402739726,175223,70111.0
2024-02-28 03:00:00,92679.3231217016,70546.54109589041,174774,69854.0
2024-02-28 04:00:00,92679.3231217016,72433.41260273973,174888,71028.0
2024-02-28 05:00:00,92679.3231217016,78695.12246575343,175779,74996.0
2024-02-28 06:00:00,92797.55325314232,84384.0,176050,81640.0
2024-02-28 07:00:00,94134.83343307118,89829.95589041096,175594,86147.0
2024-02-28 08:00:00,94327.92907885987,89836.03150684932,176240,87907.0
2024-02-28 09:00:00,94327.92907885987,89829.95589041096,176768,88831.0
2024-02-28 10:00:00,94327.92907885987,89105.6295890411,176994,89496.0
2024-02-28 11:00:00,94327.92907885987,89829.95589041096,176823,89765.0
2024-02-28 12:00:00,94327.92907885987,89836.03150684932,176644,89848.0
2024-02-28 13:00:00,94327.92907885987,89850.0,176733,90229.0
2024-02-28 14:00:00,94134.83343307118,89890.0,176683,89966.0
2024-02-28 15:00:00,94327.92907885987,89328.92438356165,178188,90273.0
2024-02-28 16:00:00,94298.9047292391,94702.0,180023,91498.0
2024-02-28 17:00:00,98811.21062208444,92757.1791780822,179920,93662.0
2024-02-28 18:00:00,101743.9800329198,96308.2378082192,178125,96120.0
2024-02-28 19:00:00,101743.9800329198,95323.64739726028,178100,96586.0
2024-02-28 20:00:00,99204.96244670232,97459.48,177679,95424.0
2024-02-28 21:00:00,94491.12740286293,93205.60684931508,177896,93145.0
2024-02-28 22:00:00,94134.83343307118,89032.53616438356,177818,89843.0
2024-02-28 23:00:00,93200.12394718891,84853.0,177865,86972.0
2024-02-29 00:00:00,93382.98443831716,86344.00246575342,175358,85239.0
2024-02-29 01:00:00,93382.98443831716,85044.0,174512,84735.0
2024-02-29 02:00:00,93382.98443831716,85044.0,174227,85126.0
2024-02-29 03:00:00,93382.98443831716,86353.52273972603,173627,85984.0
2024-02-29 04:00:00,94134.83343307118,88148.0,173135,88626.0
2024-02-29 05:00:00,98811.21062208444,92891.68383561644,173303,94405.0
2024-02-29 06:00:00,110449.89108776508,102937.0,173593,102375.0
2024-02-29 07:00:00,115420.76438491268,108245.30082191782,174328,105997.0
2024-02-29 08:00:00,115246.49300634468,105274.0,178216,103057.0
2024-02-29 09:00:00,110449.89108776508,100798.85589041097,179049,99217.0
2024-02-29 10:00:00,106067.40916376552,101803.30575342466,179151,96402.0
2024-02-29 11:00:00,104976.16326014204,97306.04931506848,179263,93820.0
2024-02-29 12:00:00,100714.27921452606,95430.0,177847,91363.0
2024-02-29 13:00:00,99204.96244670232,94717.04712328767,178222,89860.0
2024-02-29 14:00:00,97996.57811032502,95069.90410958904,179572,88384.0
2024-02-29 15:00:00,97996.57811032502,95135.0,179480,88192.0
2024-02-29 16:00:00,100390.24094382828,95164.57753424658,178330,90399.0
2024-02-29 17:00:00,106067.40916376552,101140.0,176534,94473.0
2024-02-29 18:00:00,112561.98385774477,107347.0,175873,99500.0
2024-02-29 19:00:00,113553.53844535294,107919.0,177207,101453.0
2024-02-29 20:00:00,112239.8762330241,105437.0,177141,101105.0
2024-02-29 21:00:00,108933.06733769029,102470.0,177108,99035.0
2024-02-29 22:00:00,105028.41848675102,98409.24438356164,177108,95422.0
2024-02-29 23:00:00,99204.96244670232,94618.46630136986,177312,92058.0
2024-03-01 00:00:00,95196.75625531722,93045.0,177481,89928.0
2024-03-01 01:00:00,94491.12740286293,92441.29780821918,177468,88744.0
2024-03-01 02:00:00,94298.9047292391,90873.0,177090,88647.0
2024-03-01 03:00:00,94491.12740286293,92654.0,176684,89278.0
2024-03-01 04:00:00,99204.96244670232,95706.78246575342,176540,91528.0
2024-03-01 05:00:00,105028.41848675102,98428.5698630137,177003,96486.0
2024-03-01 06:00:00,115246.49300634468,106389.0,178412,103701.0
2024-03-01 07:00:00,115411.08118914992,110041.53753424656,179961,105746.0
2024-03-01 08:00:00,115502.26970954592,108619.34,180800,101741.0
2024-03-01 09:00:00,110669.61907692369,106182.68684931508,179778,97222.0
2024-03-01 10:00:00,106067.40916376552,99749.0,178924,93752.0
2024-03-01 11:00:00,103992.5426815722,98811.0693150685,178028,91272.0
2024-03-01 12:00:00,99204.96244670232,97043.71616438356,177794,89689.0
2024-03-01 13:00:00,97554.6989626052,95669.0,176734,88973.0
2024-03-01 14:00:00,94491.12740286293,92654.0,176016,88499.0
2024-03-01 15:00:00,94491.12740286293,91784.4490410959,175784,89352.0
2024-03-01 16:00:00,97751.71869406504,95669.0,175268,91877.0
2024-03-01 17:00:00,101743.9800329198,97879.0,175316,94247.0
2024-03-01 18:00:00,105028.41848675102,101086.0,175623,96333.0
2024-03-01 19:00:00,105028.41848675102,101086.0,177905,95718.0
2024-03-01 20:00:00,105028.41848675102,102787.97342465754,177474,93972.0
2024-03-01 21:00:00,100678.90904360544,99506.0,177596,91283.0
2024-03-01 22:00:00,94626.54430756312,93208.44328767124,177278,87468.0
2024-03-01 23:00:00,94134.83343307118,89423.13205479452,177463,83681.0
2024-03-02 00:00:00,93041.2930177194,82536.94219178082,172187,80812.0
2024-03-02 01:00:00,92679.3231217016,81018.0,172326,78784.0
2024-03-02 02:00:00,92679.3231217016,81333.74191780822,172308,77573.0
2024-03-02 03:00:00,92679.3231217016,80396.05315068494,172117,76884.0
2024-03-02 04:00:00,92679.3231217016,81376.0,171735,77154.0
2024-03-02 05:00:00,92679.3231217016,81816.95863013699,171820,78527.0
2024-03-02 06:00:00,93382.98443831716,85283.0,171921,81030.0
2024-03-02 07:00:00,94134.83343307118,90089.0,172338,83353.0
2024-03-02 08:00:00,94327.92907885987,90036.28410958905,172944,86124.0
2024-03-02 09:00:00,94327.92907885987,90605.69452054794,173109,87691.0
2024-03-02 10:00:00,94327.92907885987,89898.35835616439,173773,87780.0
2024-03-02 11:00:00,94134.83343307118,89305.99287671233,173887,86855.0
2024-03-02 12:00:00,93804.97658595216,85638.7495890411,174599,85354.0
2024-03-02 13:00:00,93382.98443831716,84376.8589041096,174830,83623.0
2024-03-02 14:00:00,92797.55325314232,82314.6104109589,174928,81902.0
2024-03-02 15:00:00,92797.55325314232,82320.49616438356,175175,81275.0
2024-03-02 16:00:00,93200.12394718891,83980.43123287671,175200,81945.0
2024-03-02 17:00:00,93514.7072505474,86964.78630136987,173600,83568.0
2024-03-02 18:00:00,94327.92907885987,90064.0,174157,85960.0
2024-03-02 19:00:00,94327.92907885987,90064.0,176854,86249.0
2024-03-02 20:00:00,94134.83343307118,87818.69315068494,176486,84800.0
2024-03-02 21:00:00,93514.7072505474,84490.07780821918,177081,82943.0
2024-03-02 22:00:00,92797.55325314232,84289.0,176903,80104.0
2024-03-02 23:00:00,92679.3231217016,83773.10219178082,176947,77238.0
2024-03-03 00:00:00,92679.3231217016,76314.01863013698,171739,74893.0
2024-03-03 01:00:00,92679.3231217016,73670.00575342466,172122,73212.0
2024-03-03 02:00:00,92679.3231217016,74027.36054794521,172156,72256.0
2024-03-03 03:00:00,92679.3231217016,73630.0,172487,71908.0
2024-03-03 04:00:00,92679.3231217016,73572.56246575342,172760,72455.0
2024-03-03 05:00:00,92679.3231217016,75839.0,172889,74003.0
2024-03-03 06:00:00,92679.3231217016,78063.38849315069,173652,76070.0
2024-03-03 07:00:00,92679.3231217016,79525.0,174676,77432.0
2024-03-03 08:00:00,92679.3231217016,79210.09506849316,176075,77468.0
2024-03-03 09:00:00,92679.3231217016,79512.0893150685,177283,76403.0
2024-03-03 10:00:00,92679.3231217016,78674.85726027397,177345,74956.0
2024-03-03 11:00:00,92679.3231217016,77515.0,177447,73745.0
2024-03-03 12:00:00,92679.3231217016,76523.97863013699,177368,72919.0
2024-03-03 13:00:00,92679.3231217016,75932.38904109588,177525,72315.0
2024-03-03 14:00:00,92679.3231217016,75213.6802739726,177282,72391.0
2024-03-03 15:00:00,92679.3231217016,76173.40904109589,176590,73175.0
2024-03-03 16:00:00,92679.3231217016,77876.0,176113,75249.0
2024-03-03 17:00:00,92679.3231217016,81659.95726027398,174701,78277.0
2024-03-03 18:00:00,93382.98443831716,82780.28767123287,174459,82100.0
2024-03-03 19:00:00,93382.98443831716,88752.45589041096,174871,83662.0
2024-03-03 20:00:00,93382.98443831716,83610.0,174775,82431.0
2024-03-03 21:00:00,92679.3231217016,83148.82684931507,174572,79787.0
2024-03-03 22:00:00,92679.3231217016,78574.61534246575,175160,76367.0
2024-03-03 23:00:00,92679.3231217016,75348.02575342466,174941,73123.0
2024-03-04 00:00:00,92679.3231217016,73628.48109589041,173143,70893.0
2024-03-04 01:00:00,92679.3231217016,71109.76520547945,172232,69684.0
2024-03-04 02:00:00,92679.3231217016,70583.18630136986,171827,69180.0
2024-03-04 03:00:00,92679.3231217016,71115.0,171697,69562.0
2024-03-04 04:00:00,92679.3231217016,73826.25287671233,171786,71732.0
2024-03-04 05:00:00,92679.3231217016,78735.0,172038,76443.0
2024-03-04 06:00:00,93514.7072505474,85809.0,173187,83492.0
2024-03-04 07:00:00,94298.9047292391,94687.65178082192,173688,87180.0
2024-03-04 08:00:00,94298.9047292391,94702.0,174652,87335.0
2024-03-04 09:00:00,94327.92907885987,88827.0,174529,85610.0
2024-03-04 10:00:00,94134.83343307118,87887.0,174473,83939.0
2024-03-04 11:00:00,94134.83343307118,87180.5890410959,174585,83036.0
2024-03-04 12:00:00,94134.83343307118,87144.49780821918,174620,82828.0
2024-03-04 13:00:00,93993.51091008769,87130.28520547946,174786,83142.0
2024-03-04 14:00:00,93804.97658595216,87130.28520547946,174923,83194.0
2024-03-04 15:00:00,94134.83343307118,87311.66767123288,175480,83284.0
2024-03-04 16:00:00,94134.83343307118,88447.0,175276,84343.0
2024-03-04 17:00:00,94298.9047292391,90909.99753424658,175232,86354.0
2024-03-04 18:00:00,97554.6989626052,94895.0,174701,88981.0
2024-03-04 19:00:00,95450.316597224,93606.04219178084,174684,89444.0
2024-03-04 20:00:00,94298.9047292391,94078.80082191782,174332,87355.0
2024-03-04 21:00:00,94134.83343307118,89326.13753424658,174409,83873.0
2024-03-04 22:00:00,92679.3231217016,83346.35780821918,174413,79534.0
2024-03-04 23:00:00,92679.3231217016,79012.4098630137,174460,75493.0
2024-03-05 00:00:00,92679.3231217016,75058.0,173279,71913.0
2024-03-05 01:00:00,92679.3231217016,74527.79671232877,172962,70423.0
2024-03-05 02:00:00,92679.3231217016,72280.04438356165,172581,69659.0
2024-03-05 03:00:00,92679.3231217016,72282.91945205479,172996,69737.0
2024-03-05 04:00:00,92679.3231217016,73847.92438356165,172280,71323.0
2024-03-05 05:00:00,92679.3231217016,78220.0,172896,75778.0
2024-03-05 06:00:00,93382.98443831716,85283.0,173416,82620.0
2024-03-05 07:00:00,94327.92907885987,90805.28767123289,172734,86697.0
2024-03-05 08:00:00,94298.9047292391,89822.42684931507,173425,87812.0
2024-03-05 09:00:00,94327.92907885987,90299.08,173445,87943.0
2024-03-05 10:00:00,94327.92907885987,90593.05506849317,172906,87552.0
2024-03-05 11:00:00,94327.92907885987,90422.31150684932,172077,87012.0
2024-03-05 12:00:00,94327.92907885987,87553.75095890411,171832,86823.0
2024-03-05 13:00:00,94327.92907885987,88887.31835616438,171708,86512.0
2024-03-05 14:00:00,94327.92907885987,89076.55342465754,170834,85734.0
2024-03-05 15:00:00,94134.83343307118,89111.0,169479,85584.0
2024-03-05 16:00:00,94327.92907885987,90230.17205479452,169476,86324.0
2024-03-05 17:00:00,94626.54430756312,93212.0893150685,169753,88299.0
2024-03-05 18:00:00,99204.96244670232,92012.23205479451,169850,90485.0
2024-03-05 19:00:00,98811.21062208444,94826.05260273971,173822,90730.0
2024-03-05 20:00:00,94491.12740286293,93151.658630137,173714,88651.0
2024-03-05 21:00:00,94134.83343307118,89872.20712328768,173824,85330.0
2024-03-05 22:00:00,93041.2930177194,84141.92876712329,173837,81002.0
2024-03-05 23:00:00,92679.3231217016,78238.0,173915,76630.0
2024-03-06 00:00:00,92679.3231217016,75361.58602739726,167663,74126.0
2024-03-06 01:00:00,92679.3231217016,73846.40547945205,167946,72369.0
2024-03-06 02:00:00,92679.3231217016,73620.53397260275,168125,71419.0
2024-03-06 03:00:00,92679.3231217016,72516.47397260273,168266,71112.0
2024-03-06 04:00:00,92679.3231217016,74306.87369863014,168455,72480.0
2024-03-06 05:00:00,92679.3231217016,78735.0,168736,76495.0
2024-03-06 06:00:00,93382.98443831716,85796.14356164384,169276,82909.0
2024-03-06 07:00:00,94327.92907885987,93007.0,169679,87167.0
2024-03-06 08:00:00,94298.9047292391,91489.0,169994,88617.0
2024-03-06 09:00:00,94327.92907885987,90006.34767123288,170335,89341.0
2024-03-06 10:00:00,94327.92907885987,90015.0,170218,89492.0
2024-03-06 11:00:00,94327.92907885987,89891.68602739726,170332,88974.0
2024-03-06 12:00:00,94327.92907885987,87546.3298630137,169916,88732.0
2024-03-06 13:00:00,94134.83343307118,89890.0,170038,88639.0
2024-03-06 14:00:00,94134.83343307118,88871.54465753425,169530,88080.0
2024-03-06 15:00:00,94134.83343307118,88204.5304109589,169211,87947.0
2024-03-06 16:00:00,94327.92907885987,89095.0,169794,89287.0
2024-03-06 17:00:00,94491.12740286293,91951.0,170339,91037.0
2024-03-06 18:00:00,98811.21062208444,92347.08712328768,170023,92871.0
2024-03-06 19:00:00,98811.21062208444,92342.88301369864,173110,92854.0
2024-03-06 20:00:00,94626.54430756312,92726.0808219178,173348,91081.0
2024-03-06 21:00:00,94327.92907885987,90033.16082191782,172620,87639.0
2024-03-06 22:00:00,93382.98443831716,84491.80520547945,172662,83244.0
2024-03-06 23:00:00,92679.3231217016,83669.11150684932,172753,79031.0
2024-03-07 00:00:00,92679.3231217016,77860.0,168009,75885.0
2024-03-07 01:00:00,92679.3231217016,75839.0,167623,73991.0
2024-03-07 02:00:00,92679.3231217016,74299.57753424658,168171,72881.0
2024-03-07 03:00:00,92679.3231217016,74299.57753424658,168209,72971.0
2024-03-07 04:00:00,92679.3231217016,75836.66739726027,168103,74342.0
2024-03-07 05:00:00,92679.3231217016,83118.42219178083,168852,78473.0
2024-03-07 06:00:00,94134.83343307118,89394.0,169655,85602.0
2024-03-07 07:00:00,94491.12740286293,91934.6402739726,170305,89155.0
2024-03-07 08:00:00,94626.54430756312,91934.6402739726,171190,89137.0
2024-03-07 09:00:00,94298.9047292391,93444.0,170631,88348.0
2024-03-07 10:00:00,94298.9047292391,93007.0,170444,87635.0
2024-03-07 11:00:00,94327.92907885987,92189.88328767124,170732,86975.0
2024-03-07 12:00:00,94134.83343307118,90931.95095890413,170372,86219.0
2024-03-07 13:00:00,94134.83343307118,88747.9893150685,170016,85137.0
2024-03-07 14:00:00,94134.83343307118,89756.88301369864,170577,84543.0
2024-03-07 15:00:00,94134.83343307118,88215.0,170123,84436.0
2024-03-07 16:00:00,94134.83343307118,90914.34794520547,169821,85351.0
2024-03-07 17:00:00,94298.9047292391,91516.0,168957,87253.0
2024-03-07 18:00:00,97751.71869406504,92434.6597260274,169447,90045.0
2024-03-07 19:00:00,97996.57811032502,95648.00657534249,173632,90892.0
2024-03-07 20:00:00,94491.12740286293,91836.62821917808,173360,89663.0
2024-03-07 21:00:00,94327.92907885987,90064.0,173357,86582.0
2024-03-07 22:00:00,93382.98443831716,84736.43616438356,173434,82657.0
2024-03-07 23:00:00,92679.3231217016,83724.52438356166,173410,79054.0
2024-03-08 00:00:00,92679.3231217016,77376.74383561643,169720,76359.0
2024-03-08 01:00:00,92679.3231217016,75756.0693150685,169864,74596.0
2024-03-08 02:00:00,92679.3231217016,75839.0,170043,74004.0
2024-03-08 03:00:00,92679.3231217016,75839.0,170121,74067.0
2024-03-08 04:00:00,92679.3231217016,77200.0,170616,75759.0
2024-03-08 05:00:00,92679.3231217016,80439.27205479452,171739,80078.0
2024-03-08 06:00:00,94134.83343307118,89308.0,173030,86604.0
2024-03-08 07:00:00,95450.316597224,92936.28849315069,174061,89528.0
2024-03-08 08:00:00,94626.54430756312,93870.97232876712,174352,88578.0
2024-03-08 09:00:00,94298.9047292391,90939.7789041096,173809,86997.0
2024-03-08 10:00:00,94327.92907885987,90896.30712328768,173632,85432.0
2024-03-08 11:00:00,94134.83343307118,90049.69835616439,173149,84204.0
2024-03-08 12:00:00,94134.83343307118,87764.4997260274,172755,83175.0
2024-03-08 13:00:00,93514.7072505474,87025.0,172295,82916.0
2024-03-08 14:00:00,93382.98443831716,86223.0,171168,82659.0
2024-03-08 15:00:00,93382.98443831716,86223.0,170828,83044.0
2024-03-08 16:00:00,94134.83343307118,87764.4997260274,171557,84610.0
2024-03-08 17:00:00,94327.92907885987,89408.24602739727,171109,86525.0
2024-03-08 18:00:00,94298.9047292391,91517.56684931507,171979,88725.0
2024-03-08 19:00:00,94298.9047292391,93007.0,173432,88463.0
2024-03-08 20:00:00,94327.92907885987,90063.34904109589,173171,87094.0
2024-03-08 21:00:00,94134.83343307118,88045.48684931507,173056,84851.0
2024-03-08 22:00:00,92797.55325314232,85120.68383561644,172815,81775.0
2024-03-08 23:00:00,92679.3231217016,79208.0,172807,78292.0
2024-03-09 00:00:00,92679.3231217016,77382.9008219178,171402,75536.0
2024-03-09 01:00:00,92679.3231217016,75837.42684931507,171198,73671.0
2024-03-09 02:00:00,92679.3231217016,74312.0,171584,72650.0
2024-03-09 03:00:00,92679.3231217016,74027.14356164384,171334,72230.0
2024-03-09 04:00:00,92679.3231217016,74312.0,171218,72652.0
2024-03-09 05:00:00,92679.3231217016,75767.0,171425,74356.0
2024-03-09 06:00:00,92679.3231217016,79525.0,171575,77275.0
2024-03-09 07:00:00,92679.3231217016,80843.0,171874,80188.0
2024-03-09 08:00:00,93200.12394718891,85268.51616438356,172164,83363.0
2024-03-09 09:00:00,93382.98443831716,88788.69260273973,172215,85926.0
2024-03-09 10:00:00,93514.7072505474,87831.66684931506,171918,87035.0
2024-03-09 11:00:00,93514.7072505474,87561.31643835617,171455,87599.0
2024-03-09 12:00:00,93382.98443831716,85081.0,172067,87275.0
2024-03-09 13:00:00,93382.98443831716,84736.43616438356,172250,86657.0
2024-03-09 14:00:00,93041.2930177194,84481.60684931507,172455,85975.0
2024-03-09 15:00:00,92797.55325314232,84495.2498630137,172371,85667.0
2024-03-09 16:00:00,93382.98443831716,85283.0,172894,86255.0
2024-03-09 17:00:00,94134.83343307118,89200.0,172919,87613.0
2024-03-09 18:00:00,94327.92907885987,89476.0,172892,89138.0
2024-03-09 19:00:00,94327.92907885987,90052.58109589042,171846,89072.0
2024-03-09 20:00:00,94134.83343307118,89278.40849315068,171749,87569.0
2024-03-09 21:00:00,93382.98443831716,85195.6495890411,173265,85351.0
2024-03-09 22:00:00,92679.3231217016,83344.32356164383,172990,82377.0
2024-03-09 23:00:00,92679.3231217016,79208.0,173028,79133.0
2024-03-10 00:00:00,92679.3231217016,78735.0,172154,76668.0
2024-03-10 01:00:00,92679.3231217016,75767.0,171983,75114.0
2024-03-10 03:00:00,92679.3231217016,75820.12219178083,172221,74321.0
2024-03-10 04:00:00,92679.3231217016,75360.63671232876,172564,74628.0
2024-03-10 05:00:00,92679.3231217016,77311.0,172551,75772.0
2024-03-10 06:00:00,92679.3231217016,79223.0,172761,78099.0
2024-03-10 07:00:00,92797.55325314232,82647.0,172962,80686.0
2024-03-10 08:00:00,93382.98443831716,88822.0,174398,82322.0
2024-03-10 09:00:00,94134.83343307118,89178.38273972603,175978,82796.0
2024-03-10 10:00:00,94134.83343307118,89178.38273972603,176492,82928.0
2024-03-10 11:00:00,94134.83343307118,89200.0,176951,83754.0
2024-03-10 12:00:00,93514.7072505474,89195.98575342465,176776,83709.0
2024-03-10 13:00:00,93382.98443831716,88822.0,176903,83298.0
2024-03-10 14:00:00,93382.98443831716,88962.38465753426,176540,83369.0
2024-03-10 15:00:00,93382.98443831716,88976.21753424658,175813,83408.0
2024-03-10 16:00:00,93382.98443831716,89195.98575342465,176300,84321.0
2024-03-10 17:00:00,94134.83343307118,90089.0,175498,86494.0
2024-03-10 18:00:00,94491.12740286293,93656.0,173233,89818.0
2024-03-10 19:00:00,100714.27921452606,96295.73095890413,171899,94503.0
2024-03-10 20:00:00,105028.41848675102,97519.88438356164,173062,96566.0
2024-03-10 21:00:00,101743.9800329198,97872.89726027397,173014,94911.0
2024-03-10 22:00:00,98485.3522952513,93279.0,172919,91576.0
2024-03-10 23:00:00,94327.92907885987,92781.80465753425,174053,87991.0
2024-03-11 00:00:00,93382.98443831716,83170.0,167799,85325.0
2024-03-11 01:00:00,93041.2930177194,82129.0,167599,83844.0
2024-03-11 02:00:00,93041.2930177194,82318.0,168432,83290.0
2024-03-11 03:00:00,93382.98443831716,83547.21205479452,169500,83872.0
2024-03-11 04:00:00,94134.83343307118,87651.0,170253,85923.0
2024-03-11 05:00:00,94673.18508432285,92954.0,171658,90873.0
2024-03-11 06:00:00,107056.98511407408,104795.0,172546,98331.0
2024-03-11 07:00:00,112936.71227701013,107080.0,173566,103646.0
2024-03-11 08:00:00,112239.8762330241,106995.51095890412,175895,103444.0
2024-03-11 09:00:00,107056.98511407408,104795.0,177450,99131.0
2024-03-11 10:00:00,104316.4683735078,97331.58246575342,177661,95082.0
2024-03-11 11:00:00,99204.96244670232,97788.0,177906,91944.0
2024-03-11 12:00:00,94673.18508432285,94122.0,178056,89460.0
2024-03-11 13:00:00,94298.9047292391,94173.0,178079,87335.0
2024-03-11 14:00:00,94327.92907885987,93974.0,177937,85311.0
2024-03-11 15:00:00,94327.92907885987,93502.0,178655,83944.0
2024-03-11 16:00:00,94327.92907885987,91671.0,179201,84162.0
2024-03-11 17:00:00,98485.3522952513,92775.0,177851,85772.0
2024-03-11 18:00:00,103835.88987989083,96897.0,175498,88386.0
2024-03-11 19:00:00,105028.41848675102,99685.0,174224,91989.0
2024-03-11 20:00:00,103992.5426815722,96867.67397260274,175053,93540.0
2024-03-11 21:00:00,99204.96244670232,95723.0,175162,91434.0
2024-03-11 22:00:00,94327.92907885987,91597.05589041096,174391,87539.0
2024-03-11 23:00:00,93514.7072505474,87545.58493150685,174506,83478.0
2024-03-12 00:00:00,92679.3231217016,83509.89890410959,173584,80665.0
2024-03-12 01:00:00,92679.3231217016,80027.71452054795,173479,79105.0
2024-03-12 02:00:00,92679.3231217016,81376.0,173509,78678.0
2024-03-12 03:00:00,92679.3231217016,80716.90520547946,173492,78758.0
2024-03-12 04:00:00,92797.55325314232,82293.26000000001,173484,80767.0
2024-03-12 05:00:00,94134.83343307118,89272.11589041096,173913,85192.0
2024-03-12 06:00:00,100714.27921452606,97653.51178082192,174073,92230.0
2024-03-12 07:00:00,106067.40916376552,108661.0,174930,97066.0
2024-03-12 08:00:00,105028.41848675102,98635.39205479452,176802,95514.0
2024-03-12 09:00:00,99204.96244670232,94931.998630137,177322,91251.0
2024-03-12 10:00:00,94491.12740286293,93403.58630136988,176895,87469.0
2024-03-12 11:00:00,94327.92907885987,89247.0,176168,84413.0
2024-03-12 12:00:00,94134.83343307118,88185.58109589042,176167,82222.0
2024-03-12 13:00:00,93514.7072505474,88765.88191780822,175811,80767.0
2024-03-12 14:00:00,93382.98443831716,83041.0,176605,79744.0
2024-03-12 15:00:00,93382.98443831716,82872.0,177025,79131.0
2024-03-12 16:00:00,93382.98443831716,86040.01890410959,177171,79949.0
2024-03-12 17:00:00,94134.83343307118,87043.0,175778,81694.0
2024-03-12 18:00:00,94327.92907885987,89621.01863013698,172637,83516.0
2024-03-12 19:00:00,94491.12740286293,91027.12356164384,171818,86196.0
2024-03-12 20:00:00,94298.9047292391,93014.0,172266,86965.0
2024-03-12 21:00:00,94134.83343307118,88442.0,172263,84369.0
2024-03-12 22:00:00,92797.55325314232,84289.0,172517,80072.0
2024-03-12 23:00:00,92679.3231217016,79992.0,172435,76062.0
2024-03-13 00:00:00,92679.3231217016,76028.47479452055,171512,73076.0
2024-03-13 01:00:00,92679.3231217016,74267.5597260274,171491,71500.0
2024-03-13 02:00:00,92679.3231217016,73401.79890410959,171674,71058.0
2024-03-13 03:00:00,92679.3231217016,73574.0,171395,71051.0
2024-03-13 04:00:00,92679.3231217016,75839.0,171066,72952.0
2024-03-13 05:00:00,92679.3231217016,81341.28219178083,170806,77666.0
2024-03-13 06:00:00,94134.83343307118,90089.0,170851,84933.0
2024-03-13 07:00:00,94491.12740286293,93655.64739726028,170526,90168.0
2024-03-13 08:00:00,94491.12740286293,93405.02383561643,171628,89852.0
2024-03-13 09:00:00,94327.92907885987,88861.05068493151,171884,86701.0
2024-03-13 10:00:00,94134.83343307118,87214.6397260274,171513,83983.0
2024-03-13 11:00:00,93382.98443831716,83654.0,171096,81726.0
2024-03-13 12:00:00,93200.12394718891,82739.0,170724,80393.0
2024-03-13 13:00:00,92797.55325314232,82308.66383561643,170736,79747.0
2024-03-13 14:00:00,92797.55325314232,84827.98931506851,170902,79462.0
2024-03-13 15:00:00,92797.55325314232,81536.0,171320,79353.0
2024-03-13 16:00:00,93382.98443831716,84104.38547945206,171860,80210.0
2024-03-13 17:00:00,94134.83343307118,86215.4005479452,170940,81622.0
2024-03-13 18:00:00,94327.92907885987,87837.55534246576,168334,83132.0
2024-03-13 19:00:00,94327.92907885987,90865.0,167408,85159.0
2024-03-13 20:00:00,94327.92907885987,89059.98109589041,172431,85937.0
2024-03-13 21:00:00,93514.7072505474,87594.0,172323,83223.0
2024-03-13 22:00:00,92679.3231217016,79864.0,172424,78821.0
2024-03-13 23:00:00,92679.3231217016,76829.27068493151,172524,74647.0
2024-03-14 00:00:00,92679.3231217016,73090.0,167913,71563.0
2024-03-14 01:00:00,92679.3231217016,71639.90301369863,168505,69902.0
2024-03-14 02:00:00,92679.3231217016,70892.0,168424,69235.0
2024-03-14 03:00:00,92679.3231217016,70803.73452054795,169340,69536.0
2024-03-14 04:00:00,92679.3231217016,73281.0,169464,70922.0
2024-03-14 05:00:00,92679.3231217016,77369.37260273972,169586,75512.0
2024-03-14 06:00:00,93382.98443831716,85252.59479452056,169673,82818.0
2024-03-14 07:00:00,94134.83343307118,89192.0,169807,87954.0
2024-03-14 08:00:00,94134.83343307118,89239.67095890411,171714,88018.0
2024-03-14 09:00:00,94134.83343307118,88203.09287671233,173166,85690.0
2024-03-14 10:00:00,93382.98443831716,86738.62465753425,172760,83393.0
2024-03-14 11:00:00,93382.98443831716,82739.0,172428,82014.0
2024-03-14 12:00:00,93041.2930177194,84325.76191780822,171162,81480.0
2024-03-14 13:00:00,93041.2930177194,82739.0,170890,81173.0
2024-03-14 14:00:00,93200.12394718891,83670.04301369864,173282,81031.0
2024-03-14 15:00:00,93382.98443831716,83897.38547945206,174075,81314.0
2024-03-14 16:00:00,93514.7072505474,84323.11424657534,173882,82374.0
2024-03-14 17:00:00,94134.83343307118,87451.75671232877,173151,84059.0
2024-03-14 18:00:00,94327.92907885987,91046.11808219178,171688,85013.0
2024-03-14 19:00:00,94327.92907885987,91632.05095890412,171904,86466.0
2024-03-14 20:00:00,94327.92907885987,89122.45123287672,172488,86498.0
2024-03-14 21:00:00,93514.7072505474,84993.0,172417,83131.0
2024-03-14 22:00:00,92679.3231217016,80702.01726027398,172617,78599.0
2024-03-14 23:00:00,92679.3231217016,79497.60164383563,172573,74221.0
2024-03-15 00:00:00,92679.3231217016,72460.26410958904,168935,70888.0
2024-03-15 01:00:00,92679.3231217016,70512.0,169538,68657.0
2024-03-15 02:00:00,92679.3231217016,69275.0,169572,67378.0
2024-03-15 03:00:00,92679.3231217016,69049.67178082193,169358,66786.0
2024-03-15 04:00:00,92679.3231217016,70423.0,169408,67653.0
2024-03-15 05:00:00,92679.3231217016,73852.0,170131,71246.0
2024-03-15 06:00:00,92679.3231217016,80883.81232876712,169854,77415.0
2024-03-15 07:00:00,93382.98443831716,84145.0,169475,82397.0
2024-03-15 08:00:00,94134.83343307118,88011.09452054795,170020,83812.0
2024-03-15 09:00:00,94134.83343307118,86003.14849315069,169948,84376.0
2024-03-15 10:00:00,94134.83343307118,86003.14849315069,170390,83900.0
2024-03-15 11:00:00,93993.51091008769,85655.07780821918,170159,83052.0
2024-03-15 12:00:00,93514.7072505474,85071.42410958905,169732,83174.0
2024-03-15 13:00:00,93514.7072505474,85332.58602739726,169334,82865.0
2024-03-15 14:00:00,93382.98443831716,86060.68684931507,168164,82398.0
2024-03-15 15:00:00,93382.98443831716,86223.0,167632,82041.0
2024-03-15 16:00:00,93514.7072505474,87025.0,167837,81849.0
2024-03-15 17:00:00,94134.83343307118,89709.63424657534,168391,82219.0
2024-03-15 18:00:00,94134.83343307118,89469.62602739726,167136,82375.0
2024-03-15 19:00:00,94134.83343307118,88201.02438356164,166644,83497.0
2024-03-15 20:00:00,94134.83343307118,87624.90383561644,171086,83579.0
2024-03-15 21:00:00,93382.98443831716,84476.83315068494,171209,81537.0
2024-03-15 22:00:00,92679.3231217016,79831.11287671233,172225,78229.0
2024-03-15 23:00:00,92679.3231217016,76282.78164383562,172250,74763.0
2024-03-16 00:00:00,92679.3231217016,73125.0,164322,71786.0
2024-03-16 01:00:00,92679.3231217016,71115.0,164738,69894.0
2024-03-16 02:00:00,92679.3231217016,70539.4490410959,164974,68689.0
2024-03-16 03:00:00,92679.3231217016,69446.22630136987,165101,68606.0
2024-03-16 04:00:00,92679.3231217016,70543.70739726028,166113,69181.0
2024-03-16 05:00:00,92679.3231217016,73260.35917808219,167096,71130.0
2024-03-16 06:00:00,92679.3231217016,75897.36547945206,167866,74182.0
2024-03-16 07:00:00,92679.3231217016,78735.0,169153,77326.0
2024-03-16 08:00:00,92679.3231217016,83045.35205479454,171513,79026.0
2024-03-16 09:00:00,92679.3231217016,78649.04520547946,174164,78225.0
2024-03-16 10:00:00,92679.3231217016,81460.0,174996,76437.0
2024-03-16 11:00:00,92679.3231217016,79267.20794520549,176041,74878.0
2024-03-16 12:00:00,92679.3231217016,75828.0,176074,73490.0
2024-03-16 13:00:00,92679.3231217016,75058.0,176045,71769.0
2024-03-16 14:00:00,92679.3231217016,74643.71397260274,175972,70730.0
2024-03-16 15:00:00,92679.3231217016,73966.59178082192,175574,70730.0
2024-03-16 16:00:00,92679.3231217016,75921.43123287671,175810,71934.0
2024-03-16 17:00:00,92679.3231217016,77914.58246575342,174048,73949.0
2024-03-16 18:00:00,92679.3231217016,80057.0,171562,75990.0
2024-03-16 19:00:00,92679.3231217016,81621.0,170614,78346.0
2024-03-16 20:00:00,92679.3231217016,81613.40547945205,170301,79488.0
2024-03-16 21:00:00,92679.3231217016,79623.80602739727,169920,77969.0
2024-03-16 22:00:00,92679.3231217016,76602.0,170048,75425.0
2024-03-16 23:00:00,92679.3231217016,74060.2498630137,169967,72493.0
2024-03-17 00:00:00,92679.3231217016,72494.84164383562,169981,69888.0
2024-03-17 01:00:00,92679.3231217016,71461.0,170516,68143.0
2024-03-17 02:00:00,92679.3231217016,69610.40767123288,170464,67082.0
2024-03-17 03:00:00,92679.3231217016,68578.80657534246,170132,66770.0
2024-03-17 04:00:00,92679.3231217016,69087.0,169974,67137.0
2024-03-17 05:00:00,92679.3231217016,70969.0,169724,68536.0
2024-03-17 06:00:00,92679.3231217016,73124.05068493151,169752,70778.0
2024-03-17 07:00:00,92679.3231217016,75788.40328767123,170048,73520.0
2024-03-17 08:00:00,92679.3231217016,78088.5589041096,172090,75621.0
2024-03-17 09:00:00,92679.3231217016,77593.80657534246,174019,76130.0
2024-03-17 10:00:00,92679.3231217016,78598.0,174202,75311.0
2024-03-17 11:00:00,92679.3231217016,77582.30630136987,174314,74342.0
2024-03-17 12:00:00,92679.3231217016,77782.85945205479,174110,74050.0
2024-03-17 13:00:00,92679.3231217016,78488.03534246575,174262,73292.0
2024-03-17 14:00:00,92679.3231217016,78517.92520547945,174110,73089.0
2024-03-17 15:00:00,92679.3231217016,79676.29287671234,174418,73320.0
2024-03-17 16:00:00,92679.3231217016,79069.63178082192,175099,75026.0
2024-03-17 17:00:00,92679.3231217016,83700.90794520549,173293,77590.0
2024-03-17 18:00:00,93382.98443831716,88751.50657534247,171126,79938.0
2024-03-17 19:00:00,94134.83343307118,89178.38273972603,170139,83177.0
2024-03-17 20:00:00,94134.83343307118,89767.0,169496,85008.0
2024-03-17 21:00:00,93382.98443831716,88757.47369863014,169358,82900.0
2024-03-17 22:00:00,92679.3231217016,82227.0,170514,79399.0
2024-03-17 23:00:00,92679.3231217016,79984.29698630137,170595,75871.0
2024-03-18 00:00:00,92679.3231217016,78547.0,165128,73643.0
2024-03-18 01:00:00,92679.3231217016,77857.77589041097,164844,72658.0
2024-03-18 02:00:00,92679.3231217016,77778.0,164744,72342.0
2024-03-18 03:00:00,92679.3231217016,78001.0,164770,72948.0
2024-03-18 04:00:00,92679.3231217016,80736.0,164824,75197.0
2024-03-18 05:00:00,93382.98443831716,88951.18273972603,164386,80181.0
2024-03-18 06:00:00,98811.21062208444,94621.5904109589,165901,88223.0
2024-03-18 07:00:00,105371.2778700864,101510.90602739726,166116,93859.0
2024-03-18 08:00:00,106067.40916376552,100069.76602739726,168093,94755.0
2024-03-18 09:00:00,105028.41848675102,99043.83726027395,169562,93451.0
2024-03-18 10:00:00,104316.4683735078,96904.2805479452,170668,91919.0
2024-03-18 11:00:00,101743.9800329198,100076.53232876712,170809,90809.0
2024-03-18 12:00:00,99487.46394458582,97968.23534246576,170546,89820.0
2024-03-18 13:00:00,99204.96244670232,93243.34547945204,170406,88904.0
2024-03-18 14:00:00,97996.57811032502,94895.0,169856,87805.0
2024-03-18 15:00:00,95450.316597224,94329.22273972604,169367,88415.0
2024-03-18 16:00:00,99204.96244670232,96984.0,169091,90154.0
2024-03-18 17:00:00,102948.55470585694,99866.86520547944,168623,92529.0
2024-03-18 18:00:00,105371.2778700864,102674.0,167597,94770.0
2024-03-18 19:00:00,108933.06733769029,102183.0,166613,97761.0
2024-03-18 20:00:00,108933.06733769029,100664.1008219178,167173,98718.0
2024-03-18 21:00:00,105028.41848675102,102356.71698630136,167265,96347.0
2024-03-18 22:00:00,99204.96244670232,94922.0,168398,92199.0
2024-03-18 23:00:00,94327.92907885987,94702.0,168447,88217.0
2024-03-19 00:00:00,94134.83343307118,89871.36630136987,166286,85497.0
2024-03-19 01:00:00,94134.83343307118,88367.03726027398,166584,84075.0
2024-03-19 02:00:00,94134.83343307118,87651.0,167241,83638.0
2024-03-19 03:00:00,94134.83343307118,88411.81671232877,166146,84111.0
2024-03-19 04:00:00,94327.92907885987,91614.22493150683,166648,86005.0
2024-03-19 05:00:00,99487.46394458582,97247.2991780822,167193,91029.0
2024-03-19 06:00:00,110449.89108776508,104189.7002739726,167044,98587.0
2024-03-19 07:00:00,115502.26970954592,111389.09315068492,168268,103525.0
2024-03-19 08:00:00,115246.49300634468,106747.0,179003,102643.0
2024-03-19 09:00:00,110449.89108776508,104168.95095890413,171770,99832.0
2024-03-19 10:00:00,106067.40916376552,100862.86246575342,171745,97139.0
2024-03-19 11:00:00,103992.5426815722,97433.29780821918,171628,94331.0
2024-03-19 12:00:00,99204.96244670232,97991.64273972604,171919,91625.0
2024-03-19 13:00:00,97751.71869406504,93639.0,171475,89309.0
2024-03-19 14:00:00,94491.12740286293,94779.7597260274,171416,87458.0
2024-03-19 15:00:00,94298.9047292391,94702.0,171073,86130.0
2024-03-19 16:00:00,94491.12740286293,93753.37479452055,171175,86567.0
2024-03-19 17:00:00,98485.3522952513,96132.15780821918,169579,88643.0
2024-03-19 18:00:00,101743.9800329198,97331.0,167546,90807.0
2024-03-19 19:00:00,105028.41848675102,97948.06219178082,166166,93607.0
2024-03-19 20:00:00,105028.41848675102,101537.161369863,165712,94925.0
2024-03-19 21:00:00,103835.88987989083,97783.0,165561,92310.0
2024-03-19 22:00:00,94626.54430756312,93855.13232876713,165687,88008.0
2024-03-19 23:00:00,94134.83343307118,90052.70904109589,165634,83804.0
2024-03-20 00:00:00,93382.98443831716,84604.52191780822,165440,80725.0
2024-03-20 01:00:00,92797.55325314232,82761.76602739726,165350,79256.0
2024-03-20 02:00:00,92679.3231217016,83185.1991780822,165336,78613.0
2024-03-20 03:00:00,92797.55325314232,82755.93452054795,165436,78797.0
2024-03-20 04:00:00,93382.98443831716,83745.7109589041,165808,80485.0
2024-03-20 05:00:00,94327.92907885987,90808.0,165854,85159.0
2024-03-20 06:00:00,105028.41848675102,95993.04712328767,166943,92488.0
2024-03-20 07:00:00,110279.13570378444,103231.50328767124,167731,96829.0
2024-03-20 08:00:00,108933.06733769029,100372.01643835616,169054,95976.0
2024-03-20 09:00:00,105028.41848675102,98476.81315068492,170166,93364.0
2024-03-20 10:00:00,99693.10790253672,97699.24383561643,170140,90805.0
2024-03-20 11:00:00,97554.6989626052,94895.0,170454,88584.0
2024-03-20 12:00:00,94298.9047292391,93444.0,170090,86681.0
2024-03-20 13:00:00,94327.92907885987,93734.28438356164,170021,85763.0
2024-03-20 14:00:00,94327.92907885987,89844.92794520548,169901,84807.0
2024-03-20 15:00:00,94134.83343307118,90961.0,169950,84263.0
2024-03-20 16:00:00,94327.92907885987,93974.0,170030,84748.0
2024-03-20 17:00:00,94626.54430756312,93631.01150684932,168082,86050.0
2024-03-20 18:00:00,100390.24094382828,95510.69671232876,165716,87886.0
2024-03-20 19:00:00,104432.8351667816,96049.7994520548,164120,91039.0
2024-03-20 20:00:00,105028.41848675102,99036.02575342466,166155,93113.0
2024-03-20 21:00:00,100390.24094382828,95415.62465753424,165805,91578.0
2024-03-20 22:00:00,94491.12740286293,91010.40547945203,166522,88103.0
2024-03-20 23:00:00,94134.83343307118,90517.08794520548,166557,84720.0
2024-03-21 00:00:00,93382.98443831716,86067.57616438356,160806,82696.0
2024-03-21 01:00:00,93382.98443831716,85166.11095890412,160478,81886.0
2024-03-21 02:00:00,93382.98443831716,84714.45835616438,160316,81736.0
2024-03-21 03:00:00,93514.7072505474,86864.68767123288,160899,82698.0
2024-03-21 04:00:00,94327.92907885987,89319.67534246575,160882,85203.0
2024-03-21 05:00:00,99204.96244670232,96767.76383561644,160496,90531.0
2024-03-21 06:00:00,110449.89108776508,103663.0,161152,98342.0
2024-03-21 07:00:00,115502.26970954592,108785.08383561645,161696,103479.0
2024-03-21 08:00:00,115420.76438491268,107535.118630137,164328,102000.0
2024-03-21 09:00:00,110669.61907692369,103663.0,165046,98357.0
2024-03-21 10:00:00,106067.40916376552,101852.92246575342,165594,95230.0
2024-03-21 11:00:00,104316.4683735078,98763.39835616438,165676,92252.0
2024-03-21 12:00:00,99204.96244670232,98393.0,165359,89772.0
2024-03-21 13:00:00,97996.57811032502,96694.4805479452,165521,87738.0
2024-03-21 14:00:00,94491.12740286293,91589.0,165303,85656.0
2024-03-21 15:00:00,94298.9047292391,92966.5591780822,165468,84502.0
2024-03-21 16:00:00,94626.54430756312,93876.39698630138,165643,84854.0
2024-03-21 17:00:00,99204.96244670232,95784.62547945206,164590,86487.0
2024-03-21 18:00:00,105028.41848675102,98948.84465753424,162514,89059.0
2024-03-21 19:00:00,109652.05424873118,101362.57534246576,161462,93125.0
2024-03-21 20:00:00,110449.89108776508,105099.0,165831,95765.0
2024-03-21 21:00:00,108006.473811032,101580.4797260274,165770,94309.0
2024-03-21 22:00:00,103145.17347493324,97760.48767123288,166344,90786.0
2024-03-21 23:00:00,95450.316597224,92460.05068493151,166660,87002.0
2024-03-22 00:00:00,94327.92907885987,89335.0,163724,84718.0
2024-03-22 01:00:00,94134.83343307118,89536.41123287671,162954,83693.0
2024-03-22 02:00:00,94134.83343307118,89049.0,163508,83616.0
2024-03-22 03:00:00,94327.92907885987,90915.3205479452,163904,83998.0
2024-03-22 04:00:00,94491.12740286293,91509.63534246576,163750,86070.0
2024-03-22 05:00:00,101990.41957035977,97456.0,164010,91033.0
2024-03-22 06:00:00,112561.98385774477,105437.0,164567,98224.0
2024-03-22 07:00:00,115502.26970954592,108818.17424657536,165410,102672.0
2024-03-22 08:00:00,115246.49300634468,106389.0,167640,101427.0
2024-03-22 09:00:00,110279.13570378444,103867.0,167712,98255.0
2024-03-22 10:00:00,105028.41848675102,96721.0,166594,95195.0
2024-03-22 11:00:00,99204.96244670232,98033.11424657534,165937,92851.0
2024-03-22 12:00:00,94491.12740286293,93758.77232876713,164508,90218.0
2024-03-22 13:00:00,94327.92907885987,92162.05479452056,163982,88829.0
2024-03-22 14:00:00,94134.83343307118,90961.0,163114,88152.0
2024-03-22 15:00:00,94134.83343307118,89767.0,162926,88537.0
2024-03-22 16:00:00,94134.83343307118,89362.07589041097,163857,89528.0
2024-03-22 17:00:00,94327.92907885987,90064.0,163657,90288.0
2024-03-22 18:00:00,94491.12740286293,94817.0,163431,90622.0
2024-03-22 19:00:00,98485.3522952513,96132.15780821918,164640,91815.0
2024-03-22 20:00:00,98811.21062208444,96719.0,165301,91671.0
2024-03-22 21:00:00,94491.12740286293,94788.38493150684,165193,89222.0
2024-03-22 22:00:00,94134.83343307118,90961.0,165596,85663.0
2024-03-22 23:00:00,93382.98443831716,85281.04712328767,165453,81761.0
2024-03-23 00:00:00,92679.3231217016,80495.5704109589,162867,78853.0
2024-03-23 01:00:00,92679.3231217016,79708.0,162298,76894.0
2024-03-23 02:00:00,92679.3231217016,78091.0,162224,75862.0
2024-03-23 03:00:00,92679.3231217016,77200.0,162661,75740.0
2024-03-23 04:00:00,92679.3231217016,77979.27424657534,162579,76083.0
2024-03-23 05:00:00,92679.3231217016,80392.29205479453,162527,77707.0
2024-03-23 06:00:00,92679.3231217016,82778.33835616439,161485,80507.0
2024-03-23 07:00:00,93382.98443831716,89052.0,162625,83492.0
2024-03-23 08:00:00,94134.83343307118,90067.81671232877,162667,86725.0
2024-03-23 09:00:00,94327.92907885987,89909.34547945205,162748,89031.0
2024-03-23 10:00:00,94134.83343307118,89284.64684931508,163559,90048.0
2024-03-23 11:00:00,94134.83343307118,89756.88301369864,164297,89528.0
2024-03-23 12:00:00,93514.7072505474,86389.0,164529,87933.0
2024-03-23 13:00:00,93382.98443831716,84409.0,164717,86491.0
2024-03-23 14:00:00,92797.55325314232,84930.0,164938,84709.0
2024-03-23 15:00:00,92679.3231217016,85105.87452054795,165605,83738.0
2024-03-23 16:00:00,92797.55325314232,84407.94219178082,166240,83984.0
2024-03-23 17:00:00,93382.98443831716,86219.33835616439,165004,84783.0
2024-03-23 18:00:00,94134.83343307118,90922.7290410959,163727,85871.0
2024-03-23 19:00:00,94298.9047292391,94616.04630136988,163628,88696.0
2024-03-23 20:00:00,94491.12740286293,90974.59753424658,165690,91081.0
2024-03-23 21:00:00,94327.92907885987,90706.23698630136,166098,90329.0
2024-03-23 22:00:00,94134.83343307118,89049.0,166611,88765.0
2024-03-23 23:00:00,93382.98443831716,85211.0,166647,86378.0
2024-03-24 00:00:00,93382.98443831716,85733.43479452055,163694,84552.0
2024-03-24 01:00:00,93041.2930177194,83990.45397260274,163229,83292.0
2024-03-24 02:00:00,92797.55325314232,83456.0,163486,82958.0
2024-03-24 03:00:00,92797.55325314232,83996.0,164889,83066.0
2024-03-24 04:00:00,93382.98443831716,84056.0,165633,83887.0
2024-03-24 05:00:00,93993.51091008769,89200.0,165398,85688.0
2024-03-24 06:00:00,94327.92907885987,88981.42328767123,164842,88573.0
2024-03-24 07:00:00,94491.12740286293,92119.6010958904,165806,91070.0
2024-03-24 08:00:00,94673.18508432285,93016.86876712328,168699,90895.0
2024-03-24 09:00:00,94298.9047292391,90952.0,171656,88486.0
2024-03-24 10:00:00,94134.83343307118,89300.97506849315,172781,85665.0
2024-03-24 11:00:00,93382.98443831716,89052.0,172709,83115.0
2024-03-24 12:00:00,92797.55325314232,86376.52082191782,172653,81060.0
2024-03-24 13:00:00,92679.3231217016,84500.0,172452,78892.0
2024-03-24 14:00:00,92679.3231217016,83167.0,172140,77451.0
2024-03-24 15:00:00,92679.3231217016,83160.21917808219,171854,76566.0
2024-03-24 16:00:00,92679.3231217016,84500.0,172277,77351.0
2024-03-24 17:00:00,93041.2930177194,84853.0,171057,79576.0
2024-03-24 18:00:00,94134.83343307118,89701.60575342466,168731,82370.0
2024-03-24 19:00:00,94298.9047292391,91376.4783561644,167992,86237.0
2024-03-24 20:00:00,97554.6989626052,93738.0,167433,89102.0
2024-03-24 21:00:00,94491.12740286293,90547.34767123288,167292,88121.0
2024-03-24 22:00:00,94134.83343307118,89676.6202739726,166963,85446.0
2024-03-24 23:00:00,93382.98443831716,89045.76164383562,167026,82507.0
2024-03-25 00:00:00,92797.55325314232,83977.46191780822,166418,80629.0
2024-03-25 01:00:00,92679.3231217016,83499.21232876713,166545,79834.0
2024-03-25 02:00:00,92679.3231217016,81821.0,166168,79750.0
2024-03-25 03:00:00,92797.55325314232,83977.46191780822,165960,80507.0
2024-03-25 04:00:00,93382.98443831716,88822.0,165905,82990.0
2024-03-25 05:00:00,94298.9047292391,91908.18219178084,166010,88066.0
2024-03-25 06:00:00,105028.41848675102,101206.17452054795,167383,95308.0
2024-03-25 07:00:00,112239.8762330241,109933.7882191781,168257,99522.0
2024-03-25 08:00:00,110279.13570378444,104760.54684931508,170438,97544.0
2024-03-25 09:00:00,105028.41848675102,98516.3591780822,171311,93547.0
2024-03-25 10:00:00,99204.96244670232,94916.49397260274,171033,90407.0
2024-03-25 11:00:00,94491.12740286293,94779.7597260274,170692,87747.0
2024-03-25 12:00:00,94327.92907885987,93502.0,170153,85188.0
2024-03-25 13:00:00,94134.83343307118,89767.0,169580,83464.0
2024-03-25 14:00:00,93382.98443831716,86065.16219178082,169515,82082.0
2024-03-25 15:00:00,93382.98443831716,84402.16493150685,169356,80965.0
2024-03-25 16:00:00,93382.98443831716,86088.0,170236,81260.0
2024-03-25 17:00:00,94134.83343307118,87875.12,168809,83012.0
2024-03-25 18:00:00,94298.9047292391,94604.00356164384,166195,84993.0
2024-03-25 19:00:00,97751.71869406504,92376.0,164838,87424.0
2024-03-25 20:00:00,98811.21062208444,94647.0,163859,89225.0
2024-03-25 21:00:00,94491.12740286293,94817.0,164098,87049.0
2024-03-25 22:00:00,94134.83343307118,89724.41643835617,164021,83186.0
2024-03-25 23:00:00,92797.55325314232,85120.68383561644,164298,79439.0
2024-03-26 00:00:00,92679.3231217016,79801.0,166028,76877.0
2024-03-26 01:00:00,92679.3231217016,78580.0,166020,75490.0
2024-03-26 02:00:00,92679.3231217016,79022.72328767124,166205,75289.0
2024-03-26 03:00:00,92679.3231217016,78715.44410958904,166731,75540.0
2024-03-26 04:00:00,92679.3231217016,80688.26410958904,166901,77567.0
2024-03-26 05:00:00,93382.98443831716,88964.0391780822,167010,82242.0
2024-03-26 06:00:00,98811.21062208444,94641.87369863014,167443,89265.0
2024-03-26 07:00:00,105028.41848675102,98912.0,167662,93561.0
2024-03-26 08:00:00,105028.41848675102,98219.29342465752,168637,93271.0
2024-03-26 09:00:00,99693.10790253672,94926.06575342466,168810,91054.0
2024-03-26 10:00:00,97996.57811032502,93492.57616438356,169308,89112.0
2024-03-26 11:00:00,94298.9047292391,94153.22712328768,169525,87475.0
2024-03-26 12:00:00,94327.92907885987,88936.0,169150,86542.0
2024-03-26 13:00:00,94134.83343307118,90931.95095890413,169823,85613.0
2024-03-26 14:00:00,94134.83343307118,89724.41643835617,169387,84647.0
2024-03-26 15:00:00,93514.7072505474,86985.03369863014,169089,83905.0
2024-03-26 16:00:00,94134.83343307118,85865.0,169856,85019.0
2024-03-26 17:00:00,94134.83343307118,87505.40904109589,169326,86553.0
2024-03-26 18:00:00,94327.92907885987,91070.25780821918,168433,87851.0
2024-03-26 19:00:00,94673.18508432285,93031.0,167666,89665.0
2024-03-26 20:00:00,97996.57811032502,93332.33780821918,166356,90307.0
2024-03-26 21:00:00,94298.9047292391,94702.0,166295,87605.0
2024-03-26 22:00:00,93514.7072505474,87006.0,166401,83610.0
2024-03-26 23:00:00,92679.3231217016,84438.34876712329,166055,79630.0
2024-03-27 00:00:00,92679.3231217016,79046.23917808219,165374,76704.0
2024-03-27 01:00:00,92679.3231217016,76514.0,165214,74794.0
2024-03-27 02:00:00,92679.3231217016,75694.6095890411,165090,73795.0
2024-03-27 03:00:00,92679.3231217016,74699.0,165561,73850.0
2024-03-27 04:00:00,92679.3231217016,77731.86328767124,165270,75350.0
2024-03-27 05:00:00,92679.3231217016,84427.33671232878,164837,79551.0
2024-03-27 06:00:00,94327.92907885987,89011.11780821918,165624,86441.0
2024-03-27 07:00:00,99204.96244670232,95520.0,165311,90922.0
2024-03-27 08:00:00,99487.46394458582,94596.2805479452,166766,92189.0
2024-03-27 09:00:00,99204.96244670232,94443.10931506848,166186,92405.0
2024-03-27 10:00:00,98407.07895218318,95079.28876712327,165604,92095.0
2024-03-27 11:00:00,94491.12740286293,93197.91397260276,164752,91151.0
2024-03-27 12:00:00,94298.9047292391,92951.26164383562,164632,90262.0
2024-03-27 13:00:00,94327.92907885987,89195.0,164435,89710.0
2024-03-27 14:00:00,94134.83343307118,87508.32767123288,164390,89157.0
2024-03-27 15:00:00,94134.83343307118,87809.17287671233,164916,88297.0
2024-03-27 16:00:00,94134.83343307118,87829.0,165728,87993.0
2024-03-27 17:00:00,94327.92907885987,89195.0,165495,88370.0
2024-03-27 18:00:00,94491.12740286293,91898.0,164655,88608.0
2024-03-27 19:00:00,98177.71798127398,93069.47260273973,163382,89822.0
2024-03-27 20:00:00,98648.58090725508,92656.0,166406,90753.0
2024-03-27 21:00:00,94298.9047292391,91070.25780821918,166811,88711.0
2024-03-27 22:00:00,93993.51091008769,89153.21232876713,166626,84837.0
2024-03-27 23:00:00,92679.3231217016,85047.3695890411,166726,80899.0
2024-03-28 00:00:00,92679.3231217016,80670.68821917809,160752,78010.0
2024-03-28 01:00:00,92679.3231217016,78732.39616438356,160776,76297.0
2024-03-28 02:00:00,92679.3231217016,78538.1306849315,160601,75485.0
2024-03-28 03:00:00,92679.3231217016,78210.69671232876,160834,75631.0
2024-03-28 04:00:00,92679.3231217016,79023.97150684931,160641,77413.0
2024-03-28 05:00:00,93382.98443831716,85206.47041095891,160687,81499.0
2024-03-28 06:00:00,94491.12740286293,92395.0,161559,88084.0
2024-03-28 07:00:00,103992.5426815722,96862.93589041095,162590,92648.0
2024-03-28 08:00:00,104316.4683735078,97609.78164383562,163539,93972.0
2024-03-28 09:00:00,100714.27921452606,97471.95671232876,163545,93288.0
2024-03-28 10:00:00,99204.96244670232,93900.48328767125,163565,92251.0
2024-03-28 11:00:00,94673.18508432285,92510.0,164220,91193.0
2024-03-28 12:00:00,94298.9047292391,90415.54821917808,164618,89740.0
2024-03-28 13:00:00,94327.92907885987,89195.0,165651,88456.0
2024-03-28 14:00:00,94134.83343307118,90867.45178082192,166747,87275.0
2024-03-28 15:00:00,94134.83343307118,88216.94575342466,166521,86288.0
2024-03-28 16:00:00,94134.83343307118,90961.0,167347,85733.0
2024-03-28 17:00:00,94327.92907885987,88903.14493150685,167272,86477.0
2024-03-28 18:00:00,94491.12740286293,92458.37698630136,165818,86920.0
2024-03-28 19:00:00,98648.58090725508,91190.0,163767,88207.0
2024-03-28 20:00:00,99204.96244670232,92651.22630136988,166921,89693.0
2024-03-28 21:00:00,94491.12740286293,91874.1493150685,167102,87930.0
2024-03-28 22:00:00,94134.83343307118,90089.0,167099,84433.0
2024-03-28 23:00:00,92797.55325314232,85198.46904109589,167083,80834.0
2024-03-29 00:00:00,92679.3231217016,79978.0,162686,78293.0
2024-03-29 01:00:00,92679.3231217016,81381.88493150685,162566,76913.0
2024-03-29 02:00:00,92679.3231217016,78734.91863013699,162589,76234.0
2024-03-29 03:00:00,92679.3231217016,79548.74739726027,162632,76539.0
2024-03-29 04:00:00,92679.3231217016,80690.0,163231,78108.0
2024-03-29 05:00:00,93382.98443831716,86360.41205479452,163512,81674.0
2024-03-29 06:00:00,95450.316597224,92510.0,164411,86701.0
2024-03-29 07:00:00,104159.37558364496,97423.88602739728,166172,89983.0
2024-03-29 08:00:00,101743.9800329198,96215.0,168527,88854.0
2024-03-29 09:00:00,98811.21062208444,94438.47123287672,169271,85837.0
2024-03-29 10:00:00,94298.9047292391,91509.13780821918,169248,82771.0
2024-03-29 11:00:00,94134.83343307118,89677.0,169318,80466.0
2024-03-29 12:00:00,93514.7072505474,86145.57753424658,169814,78507.0
2024-03-29 13:00:00,93382.98443831716,85034.1,168951,76976.0
2024-03-29 14:00:00,93041.2930177194,84112.0,169392,75923.0
2024-03-29 15:00:00,92797.55325314232,84365.55616438357,169454,75136.0
2024-03-29 16:00:00,92797.55325314232,84112.0,170642,75913.0
2024-03-29 17:00:00,93382.98443831716,84799.50465753424,170152,77422.0
2024-03-29 18:00:00,93382.98443831716,86219.33835616439,167858,78955.0
2024-03-29 19:00:00,94134.83343307118,87652.0,167188,80880.0
2024-03-29 20:00:00,94134.83343307118,90961.0,168846,82744.0
2024-03-29 21:00:00,93514.7072505474,86145.57753424658,169347,81539.0
2024-03-29 22:00:00,92797.55325314232,84930.0,169473,79179.0
2024-03-29 23:00:00,92679.3231217016,81420.18301369864,169570,76415.0
2024-03-30 00:00:00,92679.3231217016,76789.32410958904,165879,73919.0
2024-03-30 01:00:00,92679.3231217016,75195.0,165507,72455.0
2024-03-30 02:00:00,92679.3231217016,73567.13780821918,165688,71882.0
2024-03-30 03:00:00,92679.3231217016,72823.2698630137,165937,71833.0
2024-03-30 04:00:00,92679.3231217016,73852.0,165213,72590.0
2024-03-30 05:00:00,92679.3231217016,76774.18931506849,164895,74431.0
2024-03-30 06:00:00,92679.3231217016,81460.0,165084,77244.0
2024-03-30 07:00:00,92679.3231217016,84500.0,166309,79634.0
2024-03-30 08:00:00,92679.3231217016,85105.87452054795,167093,79762.0
2024-03-30 09:00:00,92679.3231217016,85126.0,167621,78570.0
2024-03-30 10:00:00,92679.3231217016,84500.0,168250,77129.0
2024-03-30 11:00:00,92679.3231217016,83167.0,168650,75886.0
2024-03-30 12:00:00,92679.3231217016,79708.0,168986,74635.0
2024-03-30 13:00:00,92679.3231217016,77983.0,168959,73744.0
2024-03-30 14:00:00,92679.3231217016,76783.27561643836,168551,73410.0
2024-03-30 15:00:00,92679.3231217016,76797.0,168069,73743.0
2024-03-30 16:00:00,92679.3231217016,79543.49424657534,168317,74707.0
2024-03-30 17:00:00,92679.3231217016,78539.0,166895,75998.0
2024-03-30 18:00:00,92679.3231217016,82877.48136986302,165045,77196.0
2024-03-30 19:00:00,92679.3231217016,81275.72684931508,162316,78680.0
2024-03-30 20:00:00,92679.3231217016,83553.03095890411,167230,79667.0
2024-03-30 21:00:00,92679.3231217016,83085.27753424658,167465,78321.0
2024-03-30 22:00:00,92679.3231217016,78526.84876712329,167405,75568.0
2024-03-30 23:00:00,92679.3231217016,75612.0,167422,72320.0
2024-03-31 00:00:00,92679.3231217016,72305.10794520548,161502,69221.0
2024-03-31 01:00:00,92679.3231217016,68586.8101369863,161303,67243.0
2024-03-31 02:00:00,92679.3231217016,68363.0,161167,66177.0
2024-03-31 03:00:00,92679.3231217016,67386.0,160642,65813.0
2024-03-31 04:00:00,92679.3231217016,68903.68767123288,161059,66003.0
2024-03-31 05:00:00,92679.3231217016,68587.0,161048,67239.0
2024-03-31 06:00:00,92679.3231217016,71992.81452054795,161347,69470.0
2024-03-31 07:00:00,92679.3231217016,73667.76876712329,161686,71673.0
2024-03-31 08:00:00,92679.3231217016,75643.0,162642,72886.0
2024-03-31 09:00:00,92679.3231217016,75786.53178082191,163122,73209.0
2024-03-31 10:00:00,92679.3231217016,75698.0,163326,73270.0
2024-03-31 11:00:00,92679.3231217016,76045.31698630138,163174,73118.0
2024-03-31 12:00:00,92679.3231217016,75643.0,164206,72324.0
2024-03-31 13:00:00,92679.3231217016,75643.0,163777,70341.0
2024-03-31 14:00:00,92679.3231217016,75612.0,163451,69024.0
2024-03-31 15:00:00,92679.3231217016,75612.0,162835,68905.0
2024-03-31 16:00:00,92679.3231217016,75453.98219178083,163442,69556.0
2024-03-31 17:00:00,92679.3231217016,79676.29287671234,163052,71013.0
2024-03-31 18:00:00,92679.3231217016,82917.0,162794,73092.0
2024-03-31 19:00:00,92679.3231217016,83535.8890410959,162768,75604.0
2024-03-31 20:00:00,92797.55325314232,83572.9394520548,165672,77874.0
2024-03-31 21:00:00,92679.3231217016,80154.0,166223,76761.0
2024-03-31 22:00:00,92679.3231217016,80113.11452054796,166192,74065.0
2024-03-31 23:00:00,92679.3231217016,75612.0,166280,70686.0
2024-04-01 00:00:00,92679.3231217016,72282.94739726027,163750,68331.0
2024-04-01 01:00:00,92679.3231217016,69269.0,163507,66822.0
2024-04-01 02:00:00,92679.3231217016,68536.0,163437,66325.0
2024-04-01 03:00:00,92679.3231217016,68536.0,163597,66362.0
2024-04-01 04:00:00,92679.3231217016,70297.95863013699,163866,68021.0
2024-04-01 05:00:00,92679.3231217016,74272.74027397261,163355,71913.0
2024-04-01 06:00:00,92679.3231217016,81375.0,164020,77728.0
2024-04-01 07:00:00,94134.83343307118,88127.64575342466,164378,82626.0
2024-04-01 08:00:00,94134.83343307118,89234.0,165543,85201.0
2024-04-01 09:00:00,94134.83343307118,89234.0,165715,86796.0
2024-04-01 10:00:00,94134.83343307118,87366.19561643836,165761,87718.0
2024-04-01 11:00:00,94134.83343307118,86259.0,164744,87527.0
2024-04-01 12:00:00,94134.83343307118,88157.90547945206,164604,86827.0
2024-04-01 13:00:00,94134.83343307118,86046.0,164910,86205.0
2024-04-01 14:00:00,93804.97658595216,85952.88520547946,165231,85878.0
2024-04-01 15:00:00,93514.7072505474,84491.0,165562,85336.0
2024-04-01 16:00:00,94134.83343307118,86038.05287671233,165636,85489.0
2024-04-01 17:00:00,94134.83343307118,88618.00301369863,165267,86335.0
2024-04-01 18:00:00,94327.92907885987,93376.8802739726,163820,87047.0
2024-04-01 19:00:00,94327.92907885987,91419.29013698632,162900,88150.0
2024-04-01 20:00:00,94327.92907885987,91428.75616438357,166029,88351.0
2024-04-01 21:00:00,94134.83343307118,86819.0,166450,85240.0
2024-04-01 22:00:00,92679.3231217016,82244.0,166418,80910.0
2024-04-01 23:00:00,92679.3231217016,77993.6583561644,166482,76621.0
2024-04-02 00:00:00,92679.3231217016,74468.28849315069,161596,73347.0
2024-04-02 01:00:00,92679.3231217016,71276.0,161937,71352.0
2024-04-02 02:00:00,92679.3231217016,71173.02164383561,162557,70173.0
2024-04-02 03:00:00,92679.3231217016,70147.35835616439,162765,69894.0
2024-04-02 04:00:00,92679.3231217016,71175.0,162961,71319.0
2024-04-02 05:00:00,92679.3231217016,75940.0,162736,74973.0
2024-04-02 06:00:00,92797.55325314232,82319.0,162883,81176.0
2024-04-02 07:00:00,94134.83343307118,87959.66684931506,163445,85897.0
2024-04-02 08:00:00,94327.92907885987,89895.56465753425,164521,88214.0
2024-04-02 09:00:00,94327.92907885987,88641.83808219178,164363,89169.0
2024-04-02 10:00:00,94327.92907885987,88634.70465753425,164405,89724.0
2024-04-02 11:00:00,94327.92907885987,93415.50383561644,165070,89594.0
2024-04-02 12:00:00,94327.92907885987,93340.83342465755,165261,89934.0
2024-04-02 13:00:00,94134.83343307118,89871.06794520548,166627,89910.0
2024-04-02 14:00:00,94134.83343307118,88871.54465753425,167722,89300.0
2024-04-02 15:00:00,94134.83343307118,86784.20356164384,168429,88479.0
2024-04-02 16:00:00,94134.83343307118,87820.48328767123,168718,88521.0
2024-04-02 17:00:00,94327.92907885987,93817.25452054795,168084,89591.0
2024-04-02 18:00:00,94298.9047292391,94604.73589041096,167022,89953.0
2024-04-02 19:00:00,94491.12740286293,94817.0,166919,90237.0
2024-04-02 20:00:00,94491.12740286293,94817.0,167155,89732.0
2024-04-02 21:00:00,94327.92907885987,89212.51835616438,167094,86974.0
2024-04-02 22:00:00,93200.12394718891,83891.0,166792,82534.0
2024-04-02 23:00:00,92679.3231217016,79516.40191780822,167061,78443.0
2024-04-03 00:00:00,92679.3231217016,75197.0,166595,75337.0
2024-04-03 01:00:00,92679.3231217016,73831.81232876712,166641,73210.0
2024-04-03 02:00:00,92679.3231217016,71440.72602739726,166672,72327.0
2024-04-03 03:00:00,92679.3231217016,71027.0,166498,72215.0
2024-04-03 04:00:00,92679.3231217016,73625.30767123288,166329,73632.0
2024-04-03 05:00:00,92679.3231217016,78001.0,166307,77546.0
2024-04-03 06:00:00,93382.98443831716,84151.80164383561,166711,84050.0
2024-04-03 07:00:00,94327.92907885987,89593.0,167238,89139.0
2024-04-03 08:00:00,94298.9047292391,91489.0,167362,91459.0
2024-04-03 09:00:00,94491.12740286293,94817.0,167228,92494.0
2024-04-03 10:00:00,94491.12740286293,94817.0,166834,93127.0
2024-04-03 11:00:00,94298.9047292391,91486.42328767123,166146,93216.0
2024-04-03 12:00:00,94298.9047292391,94702.0,167149,92782.0
2024-04-03 13:00:00,94327.92907885987,93550.6002739726,167806,92374.0
2024-04-03 14:00:00,94327.92907885987,93502.0,167845,92065.0
2024-04-03 15:00:00,94327.92907885987,93502.0,168397,91180.0
2024-04-03 16:00:00,94327.92907885987,93974.0,169178,91141.0
2024-04-03 17:00:00,94298.9047292391,94702.0,169233,91697.0
2024-04-03 18:00:00,94491.12740286293,91951.0,167945,92058.0
2024-04-03 19:00:00,97554.6989626052,94895.0,168224,93016.0
2024-04-03 20:00:00,97996.57811032502,95622.07671232877,168005,93646.0
2024-04-03 21:00:00,94298.9047292391,90398.0,167372,91175.0
2024-04-03 22:00:00,93514.7072505474,87025.0,167038,86847.0
2024-04-03 23:00:00,92679.3231217016,82243.21342465753,166780,82894.0
2024-04-04 00:00:00,92679.3231217016,80360.12383561644,165168,79983.0
2024-04-04 01:00:00,92679.3231217016,78001.0,164926,78359.0
2024-04-04 02:00:00,92679.3231217016,77778.0,164905,77829.0
2024-04-04 03:00:00,92679.3231217016,77994.95150684932,164607,77929.0
2024-04-04 04:00:00,92679.3231217016,79168.90301369863,164564,79564.0
2024-04-04 05:00:00,92797.55325314232,84289.0,164870,84054.0
2024-04-04 06:00:00,94298.9047292391,90715.89452054795,165030,90928.0
2024-04-04 07:00:00,100390.24094382828,95272.68684931508,165555,94916.0
2024-04-04 08:00:00,100714.27921452606,97599.38356164384,166492,94767.0
2024-04-04 09:00:00,99204.96244670232,95814.0,166738,93335.0
2024-04-04 10:00:00,98485.3522952513,94287.5589041096,168207,91999.0
2024-04-04 11:00:00,94491.12740286293,92749.79534246576,167934,90243.0
2024-04-04 12:00:00,94298.9047292391,94687.65178082192,167791,89341.0
2024-04-04 13:00:00,94327.92907885987,93687.76794520549,167615,88865.0
2024-04-04 14:00:00,94327.92907885987,93961.19780821918,167708,87945.0
2024-04-04 15:00:00,94134.83343307118,89177.02794520548,167614,87696.0
2024-04-04 16:00:00,94327.92907885987,93502.0,168770,88204.0
2024-04-04 17:00:00,94298.9047292391,94702.0,168580,89061.0
2024-04-04 18:00:00,94626.54430756312,91979.88438356164,166504,90025.0
2024-04-04 19:00:00,99204.96244670232,96590.0,166057,92170.0
2024-04-04 20:00:00,99487.46394458582,96658.0,166956,93745.0
2024-04-04 21:00:00,95450.316597224,95510.93479452057,167247,91739.0
2024-04-04 22:00:00,94327.92907885987,89363.22630136987,167188,87823.0
2024-04-04 23:00:00,93382.98443831716,85733.43479452055,167479,84176.0
2024-04-05 00:00:00,92797.55325314232,83220.99726027397,162784,81204.0
2024-04-05 01:00:00,92679.3231217016,81400.0,162585,79267.0
2024-04-05 02:00:00,92679.3231217016,80879.14712328768,162351,78416.0
2024-04-05 03:00:00,92679.3231217016,81400.0,162262,78466.0
2024-04-05 04:00:00,92797.55325314232,82985.56109589041,162212,79938.0
2024-04-05 05:00:00,94134.83343307118,89420.85369863013,162662,84116.0
2024-04-05 06:00:00,99204.96244670232,96243.20164383562,162867,90432.0
2024-04-05 07:00:00,105371.2778700864,100181.53369863014,164428,93970.0
2024-04-05 08:00:00,106067.40916376552,100753.00876712328,166166,93659.0
2024-04-05 09:00:00,105028.41848675102,99007.03095890411,166653,91989.0
2024-04-05 10:00:00,103145.17347493324,98419.0,167121,91168.0
2024-04-05 11:00:00,99487.46394458582,97066.60821917807,167376,90276.0
2024-04-05 12:00:00,98407.07895218318,95669.0,167477,89150.0
2024-04-05 13:00:00,94491.12740286293,93708.64849315069,167199,88161.0
2024-04-05 14:00:00,94298.9047292391,94702.0,167226,86992.0
2024-04-05 15:00:00,94327.92907885987,93974.0,166774,85980.0
2024-04-05 16:00:00,94327.92907885987,93974.0,166100,86139.0
2024-04-05 17:00:00,94298.9047292391,94702.0,164640,86777.0
2024-04-05 18:00:00,94491.12740286293,93020.25506849316,163680,87868.0
2024-04-05 19:00:00,98811.21062208444,95730.0,162661,89786.0
2024-04-05 20:00:00,99204.96244670232,97019.52219178082,166310,91476.0
2024-04-05 21:00:00,97996.57811032502,95641.03589041096,165959,90078.0
2024-04-05 22:00:00,94327.92907885987,93776.0,165927,87149.0
2024-04-05 23:00:00,93514.7072505474,87328.75534246575,166304,83670.0
2024-04-06 00:00:00,92797.55325314232,82647.0,155052,81040.0
2024-04-06 01:00:00,92679.3231217016,81400.0,155306,79357.0
2024-04-06 02:00:00,92679.3231217016,80886.79589041095,155016,78386.0
2024-04-06 03:00:00,92679.3231217016,81376.0,155000,78354.0
2024-04-06 04:00:00,92679.3231217016,81589.7109589041,156472,79105.0
2024-04-06 05:00:00,92797.55325314232,83644.19863013699,156547,81043.0
2024-04-06 06:00:00,93514.7072505474,85796.46904109589,156949,83878.0
2024-04-06 07:00:00,94327.92907885987,90601.11068493153,158835,85617.0
2024-04-06 08:00:00,94298.9047292391,94575.84958904111,161749,85512.0
2024-04-06 09:00:00,94327.92907885987,93570.9698630137,162326,84051.0
2024-04-06 10:00:00,94134.83343307118,89420.85369863013,162084,82795.0
2024-04-06 11:00:00,94134.83343307118,87352.0,161889,81350.0
2024-04-06 12:00:00,93382.98443831716,84162.0,161441,79594.0
2024-04-06 13:00:00,92679.3231217016,81604.37342465753,160988,78330.0
2024-04-06 14:00:00,92679.3231217016,79316.15643835616,160577,76927.0
2024-04-06 15:00:00,92679.3231217016,79032.0,160082,76651.0
2024-04-06 16:00:00,92679.3231217016,78930.0,160069,77213.0
2024-04-06 17:00:00,92679.3231217016,81004.71671232877,159947,78207.0
2024-04-06 18:00:00,92797.55325314232,84272.91589041096,158688,79292.0
2024-04-06 19:00:00,93514.7072505474,87571.18931506849,157950,81397.0
2024-04-06 20:00:00,94134.83343307118,89712.99753424658,160689,83636.0
2024-04-06 21:00:00,93514.7072505474,87854.80301369863,161379,82873.0
2024-04-06 22:00:00,93041.2930177194,84154.6495890411,161809,80702.0
2024-04-06 23:00:00,92679.3231217016,83711.7493150685,162444,78079.0
2024-04-07 00:00:00,92679.3231217016,78735.0,157464,75948.0
2024-04-07 01:00:00,92679.3231217016,77200.0,157752,74655.0
2024-04-07 02:00:00,92679.3231217016,76860.73534246575,157823,74275.0
2024-04-07 03:00:00,92679.3231217016,76611.69315068494,157722,74278.0
2024-04-07 04:00:00,92679.3231217016,77845.10931506849,158587,75080.0
2024-04-07 05:00:00,92679.3231217016,79181.0,158720,76932.0
2024-04-07 06:00:00,92679.3231217016,81595.0,159111,79399.0
2024-04-07 07:00:00,92797.55325314232,83660.20136986302,160896,80846.0
2024-04-07 08:00:00,93200.12394718891,83996.0,163631,80085.0
2024-04-07 09:00:00,92797.55325314232,82632.19068493151,164875,77896.0
2024-04-07 10:00:00,92679.3231217016,80548.80246575343,164847,76036.0
2024-04-07 11:00:00,92679.3231217016,79048.53890410959,164863,74649.0
2024-04-07 12:00:00,92679.3231217016,77097.0,164693,73229.0
2024-04-07 13:00:00,92679.3231217016,76868.0,164550,71898.0
2024-04-07 14:00:00,92679.3231217016,76056.97808219178,164024,71432.0
2024-04-07 15:00:00,92679.3231217016,76056.97808219178,163868,71355.0
2024-04-07 16:00:00,92679.3231217016,76852.81095890411,163444,72783.0
2024-04-07 17:00:00,92679.3231217016,78237.8101369863,162877,74818.0
2024-04-07 18:00:00,92679.3231217016,82928.98191780823,159359,77114.0
2024-04-07 19:00:00,93382.98443831716,83666.4898630137,157887,79502.0
2024-04-07 20:00:00,93514.7072505474,87182.60602739725,159513,81901.0
2024-04-07 21:00:00,93382.98443831716,83120.0,160104,80228.0
2024-04-07 22:00:00,92679.3231217016,82179.30575342466,160584,77100.0
2024-04-07 23:00:00,92679.3231217016,78029.0,160805,73795.0
2024-04-08 00:00:00,92679.3231217016,76047.0,155136,71314.0
2024-04-08 01:00:00,92679.3231217016,74404.42328767123,155225,70088.0
2024-04-08 02:00:00,92679.3231217016,73963.36547945206,155127,69835.0
2024-04-08 03:00:00,92679.3231217016,74312.0,155603,70470.0
2024-04-08 04:00:00,92679.3231217016,76882.0,156294,72818.0
2024-04-08 05:00:00,92679.3231217016,81400.0,156912,77808.0
2024-04-08 06:00:00,94327.92907885987,93502.0,157631,84671.0
2024-04-08 07:00:00,98811.21062208444,92736.0,158859,88003.0
2024-04-08 08:00:00,97996.57811032502,92699.46328767124,160715,86377.0
2024-04-08 09:00:00,94298.9047292391,94071.7487671233,160032,83713.0
2024-04-08 10:00:00,94327.92907885987,88165.03643835617,159422,81737.0
2024-04-08 11:00:00,94134.83343307118,86045.0,159546,80379.0
2024-04-08 12:00:00,93514.7072505474,87838.82739726028,159638,79319.0
2024-04-08 13:00:00,93382.98443831716,83409.0,159599,78704.0
2024-04-08 14:00:00,94134.83343307118,87401.60219178082,156942,79299.0
2024-04-08 15:00:00,94134.83343307118,84881.0,156310,80938.0
2024-04-08 16:00:00,93382.98443831716,83405.52821917809,159192,79618.0
2024-04-08 17:00:00,93514.7072505474,84845.12712328768,158549,81103.0
2024-04-08 18:00:00,94134.83343307118,87739.43780821918,155920,82492.0
2024-04-08 19:00:00,94327.92907885987,88889.0,154434,84257.0
2024-04-08 20:00:00,94327.92907885987,89910.85726027397,158630,85807.0
2024-04-08 21:00:00,94134.83343307118,87549.09753424658,158564,83399.0
2024-04-08 22:00:00,92679.3231217016,82244.0,158765,78709.0
2024-04-08 23:00:00,92679.3231217016,77490.56191780823,159476,74138.0
2024-04-09 00:00:00,92679.3231217016,73814.72465753424,151868,70773.0
2024-04-09 01:00:00,92679.3231217016,70575.72739726027,152487,68578.0
2024-04-09 02:00:00,92679.3231217016,69393.28630136987,152447,67660.0
2024-04-09 03:00:00,92679.3231217016,69065.26767123288,152400,67633.0
2024-04-09 04:00:00,92679.3231217016,72266.10383561644,153523,69222.0
2024-04-09 05:00:00,92679.3231217016,74740.15205479453,153527,73272.0
2024-04-09 06:00:00,92679.3231217016,81149.0,154124,79815.0
2024-04-09 07:00:00,93514.7072505474,87025.0,154598,83313.0
2024-04-09 08:00:00,94134.83343307118,87352.0,154806,83096.0
2024-04-09 09:00:00,93514.7072505474,86753.0,153516,81556.0
2024-04-09 10:00:00,93382.98443831716,83575.85452054795,153487,81026.0
2024-04-09 11:00:00,93382.98443831716,83575.85452054795,153269,80589.0
2024-04-09 12:00:00,93382.98443831716,83575.85452054795,153029,80480.0
2024-04-09 13:00:00,93382.98443831716,83391.2605479452,151905,81045.0
2024-04-09 14:00:00,93514.7072505474,86693.2202739726,152580,81150.0
2024-04-09 15:00:00,93514.7072505474,87857.0,152041,81343.0
2024-04-09 16:00:00,94134.83343307118,87736.86109589042,151446,82310.0
2024-04-09 17:00:00,94134.83343307118,88381.45479452056,151229,83860.0
2024-04-09 18:00:00,94327.92907885987,93502.0,150594,84657.0
2024-04-09 19:00:00,94327.92907885987,90865.0,150154,85724.0
2024-04-09 20:00:00,94327.92907885987,90865.0,155148,86545.0
2024-04-09 21:00:00,93514.7072505474,87127.49150684931,155470,83745.0
2024-04-09 22:00:00,92679.3231217016,80154.28767123287,155504,78789.0
2024-04-09 23:00:00,92679.3231217016,79587.0,155730,73990.0
2024-04-10 00:00:00,92679.3231217016,73600.92383561644,147897,70301.0
2024-04-10 01:00:00,92679.3231217016,69528.86301369863,147395,67987.0
2024-04-10 02:00:00,92679.3231217016,68581.82520547946,147495,66614.0
2024-04-10 03:00:00,92679.3231217016,67558.94575342466,147591,66160.0
2024-04-10 04:00:00,92679.3231217016,70143.0,149178,67275.0
2024-04-10 05:00:00,92679.3231217016,73428.0,149560,70732.0
2024-04-10 06:00:00,92679.3231217016,79320.0,150272,76904.0
2024-04-10 07:00:00,93382.98443831716,83409.0,150674,80945.0
2024-04-10 08:00:00,93514.7072505474,87025.0,151414,82371.0
2024-04-10 09:00:00,93514.7072505474,85622.12657534247,151627,82556.0
2024-04-10 10:00:00,94134.83343307118,87312.12876712329,152449,82293.0
2024-04-10 11:00:00,94134.83343307118,87305.02246575343,152701,81983.0
2024-04-10 12:00:00,94134.83343307118,87240.0,152538,81915.0
2024-04-10 13:00:00,94134.83343307118,85003.58246575342,152570,82093.0
2024-04-10 14:00:00,94134.83343307118,86406.68328767123,152477,82367.0
2024-04-10 15:00:00,94134.83343307118,88204.5304109589,153856,82991.0
2024-04-10 16:00:00,94134.83343307118,87515.0,150206,83756.0
2024-04-10 17:00:00,94327.92907885987,89288.0,150070,85153.0
2024-04-10 18:00:00,94327.92907885987,90865.0,149898,85530.0
2024-04-10 19:00:00,94327.92907885987,91655.21424657534,150197,86305.0
2024-04-10 20:00:00,94327.92907885987,93697.04410958904,155719,87254.0
2024-04-10 21:00:00,94134.83343307118,85615.49753424658,155788,84786.0
2024-04-10 22:00:00,92679.3231217016,82184.35068493152,156142,79845.0
2024-04-10 23:00:00,92679.3231217016,77517.65342465753,156590,74917.0
2024-04-11 00:00:00,92679.3231217016,73428.0,149947,71159.0
2024-04-11 01:00:00,92679.3231217016,70509.58602739726,149626,68716.0
2024-04-11 02:00:00,92679.3231217016,68997.71671232877,149975,67443.0
2024-04-11 03:00:00,92679.3231217016,67845.94438356164,149894,67027.0
2024-04-11 04:00:00,92679.3231217016,69208.25068493151,150707,67798.0
2024-04-11 05:00:00,92679.3231217016,73418.34410958904,151108,71327.0
2024-04-11 06:00:00,92679.3231217016,79320.0,151736,77768.0
2024-04-11 07:00:00,93382.98443831716,83409.0,152018,82200.0
2024-04-11 08:00:00,93514.7072505474,85657.73315068493,152509,84000.0
2024-04-11 09:00:00,94134.83343307118,85383.78520547945,152377,84799.0
2024-04-11 10:00:00,94134.83343307118,88853.7789041096,152572,85127.0
2024-04-11 11:00:00,94134.83343307118,87821.43260273973,152513,85410.0
2024-04-11 12:00:00,94134.83343307118,89231.15424657534,153190,85406.0
2024-04-11 13:00:00,94134.83343307118,89902.64739726027,153490,85277.0
2024-04-11 14:00:00,94134.83343307118,89189.80301369863,153425,84910.0
2024-04-11 15:00:00,94134.83343307118,89076.22794520548,153548,85057.0
2024-04-11 16:00:00,94327.92907885987,93502.0,153740,85564.0
2024-04-11 17:00:00,94327.92907885987,93974.0,154481,86199.0
2024-04-11 18:00:00,94327.92907885987,93644.7775342466,155097,86392.0
2024-04-11 19:00:00,94327.92907885987,93519.95095890413,155383,86705.0
2024-04-11 20:00:00,94327.92907885987,88927.0,155943,87109.0
2024-04-11 21:00:00,94134.83343307118,86424.66383561643,155842,84523.0
2024-04-11 22:00:00,92679.3231217016,81085.0,156492,80024.0
2024-04-11 23:00:00,92679.3231217016,77543.17643835617,157084,75624.0
2024-04-12 00:00:00,92679.3231217016,73839.0,155738,72173.0
2024-04-12 01:00:00,92679.3231217016,69733.0,155711,69851.0
2024-04-12 02:00:00,92679.3231217016,68593.0,156107,68404.0
2024-04-12 03:00:00,92679.3231217016,68085.15561643835,156450,67937.0
2024-04-12 04:00:00,92679.3231217016,68844.8101369863,157029,68592.0
2024-04-12 05:00:00,92679.3231217016,73402.01589041096,157184,72034.0
2024-04-12 06:00:00,92679.3231217016,78607.08,157667,78176.0
2024-04-12 07:00:00,93382.98443831716,83549.74465753425,157954,82411.0
2024-04-12 08:00:00,93514.7072505474,87025.0,160254,84174.0
2024-04-12 09:00:00,94134.83343307118,85464.89232876712,161881,84622.0
2024-04-12 10:00:00,94134.83343307118,86634.06794520548,162473,84396.0
2024-04-12 11:00:00,94134.83343307118,85854.55753424657,162708,83858.0
2024-04-12 12:00:00,93514.7072505474,88047.68383561644,163123,83580.0
2024-04-12 13:00:00,93382.98443831716,87499.63808219178,162995,82651.0
2024-04-12 14:00:00,93382.98443831716,83654.0,161922,81849.0
2024-04-12 15:00:00,93382.98443831716,83097.6189041096,162901,81306.0
2024-04-12 16:00:00,93382.98443831716,84644.55342465754,162490,81379.0
2024-04-12 17:00:00,93382.98443831716,83399.01863013698,162614,81892.0
2024-04-12 18:00:00,93382.98443831716,84099.57753424658,161346,82303.0
2024-04-12 19:00:00,93382.98443831716,84076.0,159344,82880.0
2024-04-12 20:00:00,93382.98443831716,88788.69260273973,158322,83811.0
2024-04-12 21:00:00,93041.2930177194,83459.17726027398,158514,81849.0
2024-04-12 22:00:00,92679.3231217016,79977.80520547945,158657,78459.0
2024-04-12 23:00:00,92679.3231217016,75052.69671232876,158685,74522.0
2024-04-13 00:00:00,92679.3231217016,73808.8389041096,155833,71303.0
2024-04-13 01:00:00,92679.3231217016,70264.19068493151,155529,69174.0
2024-04-13 02:00:00,92679.3231217016,69348.86082191781,155584,67920.0
2024-04-13 03:00:00,92679.3231217016,68367.0,155236,67347.0
2024-04-13 04:00:00,92679.3231217016,69610.40767123288,154787,67814.0
2024-04-13 05:00:00,92679.3231217016,71756.05726027397,154062,69493.0
2024-04-13 06:00:00,92679.3231217016,73291.2898630137,152062,72025.0
2024-04-13 07:00:00,92679.3231217016,76093.47041095891,152848,74360.0
2024-04-13 08:00:00,92679.3231217016,79015.94246575343,154657,76277.0
2024-04-13 09:00:00,92679.3231217016,81394.7684931507,156097,76598.0
2024-04-13 10:00:00,92679.3231217016,78037.23342465753,156695,75874.0
2024-04-13 11:00:00,92679.3231217016,79260.83397260275,157036,75037.0
2024-04-13 12:00:00,92679.3231217016,76858.83232876712,158161,73863.0
2024-04-13 13:00:00,92679.3231217016,74451.40767123288,159076,72710.0
2024-04-13 14:00:00,92679.3231217016,73969.0,159365,71403.0
2024-04-13 15:00:00,92679.3231217016,73100.0,159450,70917.0
2024-04-13 16:00:00,92679.3231217016,73676.40328767123,159632,71477.0
2024-04-13 17:00:00,92679.3231217016,77952.75753424657,161479,73112.0
2024-04-13 18:00:00,92679.3231217016,78525.14,159574,74830.0
2024-04-13 19:00:00,92679.3231217016,80442.0,157638,76347.0
2024-04-13 20:00:00,92679.3231217016,80549.9608219178,158815,77983.0
2024-04-13 21:00:00,92679.3231217016,79127.6389041096,159432,77168.0
2024-04-13 22:00:00,92679.3231217016,76056.62602739726,159646,74420.0
2024-04-13 23:00:00,92679.3231217016,73500.48547945205,159678,71279.0
2024-04-14 00:00:00,92679.3231217016,70274.79589041095,157264,68438.0
2024-04-14 01:00:00,92679.3231217016,68500.28767123287,157312,66556.0
2024-04-14 02:00:00,92679.3231217016,67386.0,157628,65730.0
2024-04-14 03:00:00,92679.3231217016,66879.0,157677,65665.0
2024-04-14 04:00:00,92679.3231217016,66730.4304109589,157777,66066.0
2024-04-14 05:00:00,92679.3231217016,67886.69095890412,157557,67370.0
2024-04-14 06:00:00,92679.3231217016,70143.0,157404,69334.0
2024-04-14 07:00:00,92679.3231217016,71110.17205479452,159090,70455.0
2024-04-14 08:00:00,92679.3231217016,72558.0,161629,70991.0
2024-04-14 09:00:00,92679.3231217016,73964.0,162274,70338.0
2024-04-14 10:00:00,92679.3231217016,73964.0,162406,69745.0
2024-04-14 11:00:00,92679.3231217016,74579.41698630137,161684,69552.0
2024-04-14 12:00:00,92679.3231217016,72845.36054794521,160571,70196.0
2024-04-14 13:00:00,92679.3231217016,76422.77041095891,159605,70485.0
2024-04-14 14:00:00,92679.3231217016,76418.83753424657,158660,70531.0
2024-04-14 15:00:00,92679.3231217016,79587.0,158304,72106.0
2024-04-14 16:00:00,92679.3231217016,79413.34493150686,158697,74752.0
2024-04-14 17:00:00,92679.3231217016,83744.70410958905,158810,78013.0
2024-04-14 18:00:00,92679.3231217016,82888.0093150685,156701,80527.0
2024-04-14 19:00:00,93041.2930177194,83696.0,154201,82050.0
2024-04-14 20:00:00,93382.98443831716,84106.3312328767,158399,83448.0
2024-04-14 21:00:00,92679.3231217016,81954.03863013699,158381,81592.0
2024-04-14 22:00:00,92679.3231217016,76576.0,158440,76962.0
2024-04-14 23:00:00,92679.3231217016,74599.0,158535,72287.0
2024-04-15 00:00:00,92679.3231217016,71259.48109589041,150508,68607.0
2024-04-15 01:00:00,92679.3231217016,68151.37260273972,150812,65996.0
2024-04-15 02:00:00,92679.3231217016,66729.91506849315,151434,64395.0
2024-04-15 03:00:00,92679.3231217016,67282.0,151826,64056.0
2024-04-15 04:00:00,92679.3231217016,68205.37479452055,153019,65095.0
2024-04-15 05:00:00,92679.3231217016,72118.0,153390,68597.0
2024-04-15 06:00:00,92679.3231217016,78360.16493150685,153431,75000.0
2024-04-15 07:00:00,92797.55325314232,82943.9202739726,154721,78798.0
2024-04-15 08:00:00,93382.98443831716,83745.76876712329,156337,80109.0
2024-04-15 09:00:00,93382.98443831716,85246.0,156461,80386.0
2024-04-15 10:00:00,94134.83343307118,87335.04794520549,156591,81523.0
2024-04-15 11:00:00,94134.83343307118,86056.0,156414,82694.0
2024-04-15 12:00:00,94327.92907885987,89399.71616438357,156208,84144.0
2024-04-15 13:00:00,94327.92907885987,92814.0,155451,85786.0
2024-04-15 14:00:00,94298.9047292391,94173.0,155223,87321.0
2024-04-15 15:00:00,94491.12740286293,94817.0,154775,88589.0
2024-04-15 16:00:00,95450.316597224,94855.0202739726,154839,91038.0
2024-04-15 17:00:00,98811.21062208444,96912.54630136986,154384,92626.0
2024-04-15 18:00:00,99204.96244670232,94922.0,151970,93099.0
2024-04-15 19:00:00,99204.96244670232,96949.79753424658,150764,92696.0
2024-04-15 20:00:00,97996.57811032502,94895.33780821918,157814,92706.0
2024-04-15 21:00:00,94327.92907885987,93502.0,158766,89123.0
2024-04-15 22:00:00,92797.55325314232,84289.0,158668,82836.0
2024-04-15 23:00:00,92679.3231217016,78969.6093150685,158650,76732.0
2024-04-16 00:00:00,92679.3231217016,73635.20630136986,154262,72037.0
2024-04-16 01:00:00,92679.3231217016,71115.0,154245,69003.0
2024-04-16 02:00:00,92679.3231217016,69009.0,154635,67047.0
2024-04-16 03:00:00,92679.3231217016,68591.3997260274,153694,66008.0
2024-04-16 04:00:00,92679.3231217016,69791.92438356165,154350,66717.0
2024-04-16 05:00:00,92679.3231217016,73871.4397260274,154795,70143.0
2024-04-16 06:00:00,92679.3231217016,79536.41123287671,155694,75984.0
2024-04-16 07:00:00,93382.98443831716,84046.72739726027,157235,79627.0
2024-04-16 08:00:00,93514.7072505474,86088.0,158843,79960.0
2024-04-16 09:00:00,93382.98443831716,86088.0,158960,79573.0
2024-04-16 10:00:00,93514.7072505474,85239.13780821918,158603,79756.0
2024-04-16 11:00:00,93514.7072505474,85064.02,159116,80128.0
2024-04-16 12:00:00,94134.83343307118,86774.37150684932,159448,80815.0
2024-04-16 13:00:00,94134.83343307118,89204.27506849315,159730,82272.0
2024-04-16 14:00:00,94134.83343307118,89877.63178082192,160409,83823.0
2024-04-16 15:00:00,94327.92907885987,93942.53698630138,160446,85357.0
2024-04-16 16:00:00,94298.9047292391,94141.56410958905,159839,87667.0
2024-04-16 17:00:00,94673.18508432285,93220.11780821918,158325,89733.0
2024-04-16 18:00:00,96149.30832351594,94288.7005479452,156323,90390.0
2024-04-16 19:00:00,97554.6989626052,95575.0,155351,89777.0
2024-04-16 20:00:00,94626.54430756312,93714.48,156894,90431.0
2024-04-16 21:00:00,94134.83343307118,89890.0,157090,87257.0
2024-04-16 22:00:00,92797.55325314232,85286.18383561644,157573,81313.0
2024-04-16 23:00:00,92679.3231217016,78960.658630137,157562,75616.0
2024-04-17 00:00:00,92679.3231217016,73229.12136986302,152218,71463.0
2024-04-17 01:00:00,92679.3231217016,72313.0,152414,68866.0
2024-04-17 02:00:00,92679.3231217016,69804.81315068493,152659,67318.0
2024-04-17 03:00:00,92679.3231217016,68599.8101369863,152788,66586.0
2024-04-17 04:00:00,92679.3231217016,69801.89150684931,153264,67241.0
2024-04-17 05:00:00,92679.3231217016,73658.46547945206,153686,70719.0
2024-04-17 06:00:00,92679.3231217016,79792.59178082192,154995,76775.0
2024-04-17 07:00:00,93382.98443831716,86160.07397260274,155620,80555.0
2024-04-17 08:00:00,93514.7072505474,85646.99506849315,156351,81819.0
2024-04-17 09:00:00,94134.83343307118,85656.0,156895,82523.0
2024-04-17 10:00:00,94134.83343307118,86410.1008219178,157401,83210.0
2024-04-17 11:00:00,94134.83343307118,86406.68328767123,157918,83845.0
2024-04-17 12:00:00,94134.83343307118,89101.23561643835,158342,84531.0
2024-04-17 13:00:00,94134.83343307118,89890.0,158059,85698.0
2024-04-17 14:00:00,94327.92907885987,93502.0,157848,85941.0
2024-04-17 15:00:00,94327.92907885987,93926.91397260276,157194,86422.0
2024-04-17 16:00:00,94327.92907885987,94619.7893150685,156713,87323.0
2024-04-17 17:00:00,94491.12740286293,94817.0,157184,88109.0
2024-04-17 18:00:00,94491.12740286293,95530.0295890411,157079,88056.0
2024-04-17 19:00:00,94491.12740286293,95575.0,156100,87906.0
2024-04-17 20:00:00,94491.12740286293,94817.0,157249,87738.0
2024-04-17 21:00:00,94134.83343307118,88447.0,157605,84971.0
2024-04-17 22:00:00,92797.55325314232,84270.0408219178,158443,79939.0
2024-04-17 23:00:00,92679.3231217016,79436.0,158315,74699.0
2024-04-18 00:00:00,92679.3231217016,73664.97506849315,150476,70824.0
2024-04-18 01:00:00,92679.3231217016,71240.68465753425,149881,68144.0
2024-04-18 02:00:00,92679.3231217016,69273.53534246575,149595,66603.0
2024-04-18 03:00:00,92679.3231217016,68123.77945205479,149421,65967.0
2024-04-18 04:00:00,92679.3231217016,69860.02575342466,149242,66946.0
2024-04-18 05:00:00,92679.3231217016,73877.0,149085,70464.0
2024-04-18 06:00:00,92679.3231217016,80379.46273972603,150223,76643.0
2024-04-18 07:00:00,93382.98443831716,84110.0,152326,80693.0
2024-04-18 08:00:00,93514.7072505474,86088.0,154443,82409.0
2024-04-18 09:00:00,93514.7072505474,85894.35479452055,154648,83228.0
2024-04-18 10:00:00,94134.83343307118,87781.78630136987,154859,83986.0
2024-04-18 11:00:00,94134.83343307118,87586.96164383562,154525,84365.0
2024-04-18 12:00:00,94134.83343307118,89092.99013698631,154661,84803.0
2024-04-18 13:00:00,94134.83343307118,90961.0,155147,85760.0
2024-04-18 14:00:00,94134.83343307118,93433.0797260274,155510,85845.0
2024-04-18 15:00:00,94327.92907885987,93502.0,156126,86088.0
2024-04-18 16:00:00,94327.92907885987,93974.0,155916,87754.0
2024-04-18 17:00:00,94298.9047292391,94656.21589041095,155262,88887.0
2024-04-18 18:00:00,94491.12740286293,94813.8808219178,152951,89124.0
2024-04-18 19:00:00,94491.12740286293,94817.0,152460,88843.0
2024-04-18 20:00:00,94491.12740286293,94817.0,157894,89056.0
2024-04-18 21:00:00,94134.83343307118,88447.0,157989,86092.0
2024-04-18 22:00:00,92797.55325314232,83582.67671232877,158350,80518.0
2024-04-18 23:00:00,92679.3231217016,76660.0,158547,75123.0
2024-04-19 00:00:00,92679.3231217016,72275.0,152731,71135.0
2024-04-19 01:00:00,92679.3231217016,70279.0,152956,68605.0
2024-04-19 02:00:00,92679.3231217016,69851.91589041096,153400,67025.0
2024-04-19 03:00:00,92679.3231217016,68565.46547945206,153829,66459.0
2024-04-19 04:00:00,92679.3231217016,69938.0,154717,67555.0
2024-04-19 05:00:00,92679.3231217016,73090.0,155919,70858.0
2024-04-19 06:00:00,92679.3231217016,79201.74164383562,156857,76785.0
2024-04-19 07:00:00,93200.12394718891,84363.24630136986,156582,80887.0
2024-04-19 08:00:00,93382.98443831716,85654.0394520548,156868,82316.0
2024-04-19 09:00:00,93382.98443831716,86049.78328767123,156866,82871.0
2024-04-19 10:00:00,93382.98443831716,84121.0,157057,82739.0
2024-04-19 11:00:00,93041.2930177194,84121.0,157539,82283.0
2024-04-19 12:00:00,92797.55325314232,82765.0,158588,81535.0
2024-04-19 13:00:00,92797.55325314232,82743.3284931507,158867,81266.0
2024-04-19 14:00:00,92679.3231217016,82123.0,159829,80866.0
2024-04-19 15:00:00,92679.3231217016,81621.0,159680,80363.0
2024-04-19 16:00:00,92679.3231217016,82991.51835616438,159292,80481.0
2024-04-19 17:00:00,92797.55325314232,83554.71260273973,158692,81054.0
2024-04-19 18:00:00,93041.2930177194,83590.0,156908,80935.0
2024-04-19 19:00:00,93200.12394718891,84106.59753424658,155395,81422.0
2024-04-19 20:00:00,93382.98443831716,84664.32630136986,159195,82156.0
2024-04-19 21:00:00,92797.55325314232,83311.67315068493,159372,80263.0
2024-04-19 22:00:00,92679.3231217016,79976.48547945205,159703,76864.0
2024-04-19 23:00:00,92679.3231217016,74852.61260273973,159999,72775.0
2024-04-20 00:00:00,92679.3231217016,72439.0,153470,69465.0
2024-04-20 01:00:00,92679.3231217016,69850.80383561645,153862,67136.0
2024-04-20 02:00:00,92679.3231217016,68015.0693150685,153806,65734.0
2024-04-20 03:00:00,92679.3231217016,68363.0,154036,65140.0
2024-04-20 04:00:00,92679.3231217016,67757.68739726028,153924,65322.0
2024-04-20 05:00:00,92679.3231217016,69855.41479452055,154005,66682.0
2024-04-20 06:00:00,92679.3231217016,71937.13424657534,155333,69011.0
2024-04-20 07:00:00,92679.3231217016,75137.95506849315,155353,71353.0
2024-04-20 08:00:00,92679.3231217016,76390.08575342466,157363,73868.0
2024-04-20 09:00:00,92679.3231217016,78088.5589041096,159452,74749.0
2024-04-20 10:00:00,92679.3231217016,78072.4205479452,159476,74494.0
2024-04-20 11:00:00,92679.3231217016,76864.90794520549,159520,73273.0
2024-04-20 12:00:00,92679.3231217016,75937.0,159781,72234.0
2024-04-20 13:00:00,92679.3231217016,74669.54109589041,159836,71099.0
2024-04-20 14:00:00,92679.3231217016,75195.0,160174,70301.0
2024-04-20 15:00:00,92679.3231217016,75195.0,160599,70703.0
2024-04-20 16:00:00,92679.3231217016,74677.0,161119,72044.0
2024-04-20 17:00:00,92679.3231217016,76517.33342465754,160772,73614.0
2024-04-20 18:00:00,92679.3231217016,79020.79095890411,159200,75000.0
2024-04-20 19:00:00,92679.3231217016,79109.0,157058,76123.0
2024-04-20 20:00:00,92679.3231217016,80895.66958904109,160256,77883.0
2024-04-20 21:00:00,92679.3231217016,79987.0,161560,76780.0
2024-04-20 22:00:00,92679.3231217016,80157.0,161192,73939.0
2024-04-20 23:00:00,92679.3231217016,73857.90520547946,161816,70781.0
2024-04-21 00:00:00,92679.3231217016,72503.68383561644,151917,68046.0
2024-04-21 01:00:00,92679.3231217016,71417.79260273973,151772,66387.0
2024-04-21 02:00:00,92679.3231217016,69039.0,151599,65295.0
2024-04-21 03:00:00,92679.3231217016,68529.47041095891,151402,65089.0
2024-04-21 04:00:00,92679.3231217016,69087.0,150696,65588.0
2024-04-21 05:00:00,92679.3231217016,72276.54630136986,151070,66852.0
2024-04-21 06:00:00,92679.3231217016,73418.34410958904,151557,68863.0
2024-04-21 07:00:00,92679.3231217016,75816.37917808219,152439,70724.0
2024-04-21 08:00:00,92679.3231217016,76404.0,153075,73163.0
2024-04-21 09:00:00,92679.3231217016,76422.7994520548,153082,74997.0
2024-04-21 10:00:00,92679.3231217016,80046.90657534248,152840,75918.0
2024-04-21 11:00:00,92679.3231217016,79488.08136986302,153030,75775.0
2024-04-21 12:00:00,92679.3231217016,77964.15753424658,153439,75233.0
2024-04-21 13:00:00,92679.3231217016,76398.98328767123,153911,74412.0
2024-04-21 14:00:00,92679.3231217016,74445.45479452056,154094,74083.0
2024-04-21 15:00:00,92679.3231217016,74066.0,154816,74214.0
2024-04-21 16:00:00,92679.3231217016,74613.0,155152,75440.0
2024-04-21 17:00:00,92679.3231217016,77983.0,155673,77004.0
2024-04-21 18:00:00,92679.3231217016,81214.4594520548,155712,78088.0
2024-04-21 19:00:00,92679.3231217016,81519.08712328767,154189,79972.0
2024-04-21 20:00:00,93041.2930177194,84370.0,161093,82556.0
2024-04-21 21:00:00,92679.3231217016,83185.1991780822,161041,81826.0
2024-04-21 22:00:00,92679.3231217016,82602.36684931508,161000,78550.0
2024-04-21 23:00:00,92679.3231217016,79489.38328767124,161649,75055.0
2024-04-22 00:00:00,92679.3231217016,73535.0,150594,72770.0
2024-04-22 01:00:00,92679.3231217016,72710.59315068493,150784,71617.0
2024-04-22 02:00:00,92679.3231217016,72962.65890410959,151210,71419.0
2024-04-22 03:00:00,92679.3231217016,73513.61315068493,151663,72074.0
2024-04-22 04:00:00,92679.3231217016,75837.42684931507,151990,74413.0
2024-04-22 05:00:00,92679.3231217016,83167.0,152853,79479.0
2024-04-22 06:00:00,94134.83343307118,87982.66739726027,154577,86763.0
2024-04-22 07:00:00,94491.12740286293,93762.0,155815,90062.0
2024-04-22 08:00:00,94491.12740286293,94817.0,157677,88261.0
2024-04-22 09:00:00,94327.92907885987,93502.0,157645,85095.0
2024-04-22 10:00:00,94134.83343307118,85894.32767123288,157586,82649.0
2024-04-22 11:00:00,93382.98443831716,86034.35013698631,157982,80939.0
2024-04-22 12:00:00,92797.55325314232,83590.0,158843,79765.0
2024-04-22 13:00:00,92679.3231217016,83154.06164383562,159544,78901.0
2024-04-22 14:00:00,92679.3231217016,80295.0,159934,77910.0
2024-04-22 15:00:00,92679.3231217016,83506.76136986302,160690,77347.0
2024-04-22 16:00:00,92679.3231217016,81305.64383561644,161527,78075.0
2024-04-22 17:00:00,92797.55325314232,82182.95150684932,160672,79801.0
2024-04-22 18:00:00,93382.98443831716,84096.00438356164,158371,81313.0
2024-04-22 19:00:00,93514.7072505474,86233.0,156127,82818.0
2024-04-22 20:00:00,94134.83343307118,88424.26136986302,160988,84941.0
2024-04-22 21:00:00,93804.97658595216,86315.0,161008,83238.0
2024-04-22 22:00:00,92679.3231217016,83365.18136986301,161255,79291.0
2024-04-22 23:00:00,92679.3231217016,78091.0,161265,75222.0
2024-04-23 00:00:00,92679.3231217016,75202.0,154518,72470.0
2024-04-23 01:00:00,92679.3231217016,74226.07506849316,154762,71159.0
2024-04-23 02:00:00,92679.3231217016,73672.0,154973,70823.0
2024-04-23 03:00:00,92679.3231217016,73612.02931506849,155757,71178.0
2024-04-23 04:00:00,92679.3231217016,75738.05506849315,156246,73139.0
2024-04-23 05:00:00,92679.3231217016,81376.0,157128,77621.0
2024-04-23 06:00:00,94134.83343307118,88433.0,158108,84737.0
2024-04-23 07:00:00,94298.9047292391,94097.62438356163,159368,87227.0
2024-04-23 08:00:00,94327.92907885987,93570.9698630137,162252,85441.0
2024-04-23 09:00:00,94134.83343307118,87327.84876712329,161968,82769.0
2024-04-23 10:00:00,93382.98443831716,86065.16219178082,161738,81221.0
2024-04-23 11:00:00,93382.98443831716,84115.49397260274,160664,80151.0
2024-04-23 12:00:00,92797.55325314232,81865.0,160209,79468.0
2024-04-23 13:00:00,92679.3231217016,82549.66958904109,159350,79147.0
2024-04-23 14:00:00,92679.3231217016,81504.0,158890,78694.0
2024-04-23 15:00:00,92679.3231217016,81960.08712328767,159378,78770.0
2024-04-23 16:00:00,92679.3231217016,83000.68602739726,159893,79753.0
2024-04-23 17:00:00,93200.12394718891,84348.95232876712,160102,81406.0
2024-04-23 18:00:00,93382.98443831716,84111.94575342466,157793,82617.0
2024-04-23 19:00:00,93993.51091008769,86296.6104109589,156371,83667.0
2024-04-23 20:00:00,94134.83343307118,88431.55753424657,160112,85266.0
2024-04-23 21:00:00,93514.7072505474,86943.10109589042,160286,83090.0
2024-04-23 22:00:00,92679.3231217016,80158.1791780822,159960,78194.0
2024-04-23 23:00:00,92679.3231217016,76011.6402739726,160899,73373.0
2024-04-24 00:00:00,92679.3231217016,72009.75095890411,153929,70119.0
2024-04-24 01:00:00,92679.3231217016,71416.68054794522,153789,68150.0
2024-04-24 02:00:00,92679.3231217016,69275.0,153810,66972.0
2024-04-24 03:00:00,92679.3231217016,69269.3312328767,154065,66941.0
2024-04-24 04:00:00,92679.3231217016,70274.22630136987,154958,68080.0
2024-04-24 05:00:00,92679.3231217016,74451.3405479452,154909,71992.0
2024-04-24 06:00:00,92679.3231217016,81400.0,155408,78295.0
2024-04-24 07:00:00,93382.98443831716,86088.0,156334,82500.0
2024-04-24 08:00:00,93993.51091008769,87109.16,158090,83490.0
2024-04-24 09:00:00,93514.7072505474,87025.0,157578,82755.0
2024-04-24 10:00:00,93382.98443831716,86223.0,156562,82218.0
2024-04-24 11:00:00,93382.98443831716,84400.8901369863,156264,81428.0
2024-04-24 12:00:00,93382.98443831716,84688.51835616438,156481,81232.0
2024-04-24 13:00:00,93200.12394718891,83923.01150684932,155563,81185.0
2024-04-24 14:00:00,92797.55325314232,83587.3690410959,155774,80822.0
2024-04-24 15:00:00,92797.55325314232,83280.53561643836,155309,80472.0
2024-04-24 16:00:00,93200.12394718891,84778.48410958904,155661,81169.0
2024-04-24 17:00:00,93382.98443831716,83653.67452054794,155155,82403.0
2024-04-24 18:00:00,93514.7072505474,84993.0,153921,83111.0
2024-04-24 19:00:00,94134.83343307118,86109.82657534246,152907,83995.0
2024-04-24 20:00:00,94134.83343307118,88866.3098630137,160416,85546.0
2024-04-24 21:00:00,93514.7072505474,86315.0,160533,83816.0
2024-04-24 22:00:00,92679.3231217016,81328.06219178082,160223,79328.0
2024-04-24 23:00:00,92679.3231217016,77562.0,160979,75004.0
2024-04-25 00:00:00,92679.3231217016,74356.21342465753,150085,71509.0
2024-04-25 01:00:00,92679.3231217016,72713.04520547946,149385,69486.0
2024-04-25 02:00:00,92679.3231217016,72485.75534246575,149536,68766.0
2024-04-25 03:00:00,92679.3231217016,72099.04575342465,149688,68802.0
2024-04-25 04:00:00,92679.3231217016,73667.14493150685,151021,70339.0
2024-04-25 05:00:00,92679.3231217016,79055.0,152644,74849.0
2024-04-25 06:00:00,93382.98443831716,85681.0,153574,81213.0
2024-04-25 07:00:00,94327.92907885987,89426.55397260273,155736,85103.0
2024-04-25 08:00:00,94327.92907885987,93522.36493150686,157593,85095.0
2024-04-25 09:00:00,94134.83343307118,90961.0,157405,83484.0
2024-04-25 10:00:00,93514.7072505474,86491.40630136986,157803,82163.0
2024-04-25 11:00:00,93382.98443831716,84549.09424657535,157266,80368.0
2024-04-25 12:00:00,92797.55325314232,84270.0408219178,156898,79271.0
2024-04-25 13:00:00,92679.3231217016,85126.0,156176,78779.0
2024-04-25 14:00:00,92679.3231217016,85068.6884931507,156140,78254.0
2024-04-25 15:00:00,92679.3231217016,84500.0,156115,78087.0
2024-04-25 16:00:00,92679.3231217016,85068.6884931507,155958,78820.0
2024-04-25 17:00:00,92797.55325314232,84270.0408219178,156472,79852.0
2024-04-25 18:00:00,93382.98443831716,84675.58246575342,155220,80857.0
2024-04-25 19:00:00,93514.7072505474,86315.0,154271,82214.0
2024-04-25 20:00:00,94134.83343307118,88442.0,162208,84216.0
2024-04-25 21:00:00,93804.97658595216,87425.14739726028,162417,83203.0
2024-04-25 22:00:00,92679.3231217016,83013.0,162466,79196.0
2024-04-25 23:00:00,92679.3231217016,78029.0,163142,75136.0
2024-04-26 00:00:00,92679.3231217016,75197.0,154980,72242.0
2024-04-26 01:00:00,92679.3231217016,74563.79397260274,155342,70696.0
2024-04-26 02:00:00,92679.3231217016,72862.74520547946,155510,70161.0
2024-04-26 03:00:00,92679.3231217016,73516.0,155708,70300.0
2024-04-26 04:00:00,92679.3231217016,74743.0,156587,72036.0
2024-04-26 05:00:00,92679.3231217016,81460.0,157397,76275.0
2024-04-26 06:00:00,93382.98443831716,85809.0,158836,82346.0
2024-04-26 07:00:00,94327.92907885987,93405.08849315067,160701,85210.0
2024-04-26 08:00:00,94327.92907885987,88443.39260273972,162474,84217.0
2024-04-26 09:00:00,93993.51091008769,87425.90684931507,162820,82257.0
2024-04-26 10:00:00,93382.98443831716,84409.0,162993,80708.0
2024-04-26 11:00:00,92797.55325314232,83456.0,162353,79269.0
2024-04-26 12:00:00,92679.3231217016,81595.0,161722,78257.0
2024-04-26 13:00:00,92679.3231217016,83167.0,161440,78003.0
2024-04-26 14:00:00,92679.3231217016,83160.21917808219,161006,77545.0
2024-04-26 15:00:00,92679.3231217016,82905.4997260274,160290,77523.0
2024-04-26 16:00:00,92679.3231217016,82917.0,160201,78621.0
2024-04-26 17:00:00,92679.3231217016,83534.56273972603,160105,79804.0
2024-04-26 18:00:00,92679.3231217016,81525.0,159497,80080.0
2024-04-26 19:00:00,92679.3231217016,85126.0,158565,80440.0
2024-04-26 20:00:00,93200.12394718891,84363.24630136986,160560,81806.0
2024-04-26 21:00:00,92679.3231217016,83292.03589041096,160606,80485.0
2024-04-26 22:00:00,92679.3231217016,79082.0,161698,76928.0
2024-04-26 23:00:00,92679.3231217016,74613.0,161801,73011.0
2024-04-27 00:00:00,92679.3231217016,71261.0,157387,69562.0
2024-04-27 01:00:00,92679.3231217016,69851.91589041096,156646,67356.0
2024-04-27 02:00:00,92679.3231217016,68551.16575342466,157445,65964.0
2024-04-27 03:00:00,92679.3231217016,68363.0,158061,65378.0
2024-04-27 04:00:00,92679.3231217016,67768.0,158083,65655.0
2024-04-27 05:00:00,92679.3231217016,71417.79260273973,158425,67099.0
2024-04-27 06:00:00,92679.3231217016,72439.0,158421,69122.0
2024-04-27 07:00:00,92679.3231217016,75598.24849315069,159035,71099.0
2024-04-27 08:00:00,92679.3231217016,75691.51753424658,159881,73386.0
2024-04-27 09:00:00,92679.3231217016,76836.78383561644,160160,75038.0
2024-04-27 10:00:00,92679.3231217016,76836.78383561644,160915,76209.0
2024-04-27 11:00:00,92679.3231217016,76050.55178082192,161017,76698.0
2024-04-27 12:00:00,92679.3231217016,78752.0,160760,77078.0
2024-04-27 13:00:00,92679.3231217016,78678.8484931507,160635,77283.0
2024-04-27 14:00:00,92679.3231217016,78732.52547945206,160319,77336.0
2024-04-27 15:00:00,92679.3231217016,79587.0,159987,78046.0
2024-04-27 16:00:00,92679.3231217016,81100.0,161166,78752.0
2024-04-27 17:00:00,92679.3231217016,82493.0,160893,79592.0
2024-04-27 18:00:00,92679.3231217016,82917.0,159776,80324.0
2024-04-27 19:00:00,92679.3231217016,82120.0,158776,80700.0
2024-04-27 20:00:00,92679.3231217016,82118.74164383562,162572,81388.0
2024-04-27 21:00:00,92679.3231217016,80692.97369863014,162442,80153.0
2024-04-27 22:00:00,92679.3231217016,77200.0,162766,76680.0
2024-04-27 23:00:00,92679.3231217016,74599.0,163658,72755.0
2024-04-28 00:00:00,92679.3231217016,72296.26575342465,154105,69398.0
2024-04-28 01:00:00,92679.3231217016,68349.62465753425,153976,67037.0
2024-04-28 02:00:00,92679.3231217016,67148.48684931507,154047,65376.0
2024-04-28 03:00:00,92679.3231217016,65739.0,154365,64274.0
2024-04-28 04:00:00,92679.3231217016,65422.0,154480,64069.0
2024-04-28 05:00:00,92679.3231217016,66818.0,155076,64721.0
2024-04-28 06:00:00,92679.3231217016,67577.0,155144,65779.0
2024-04-28 07:00:00,92679.3231217016,69866.88794520548,158282,67148.0
2024-04-28 08:00:00,92679.3231217016,72319.29342465753,161797,69260.0
2024-04-28 09:00:00,92679.3231217016,73871.4397260274,163138,70904.0
2024-04-28 10:00:00,92679.3231217016,76378.49479452055,165089,71888.0
2024-04-28 11:00:00,92679.3231217016,77983.0,165316,72986.0
2024-04-28 12:00:00,92679.3231217016,81759.0,165831,74547.0
2024-04-28 13:00:00,92679.3231217016,83574.0,165491,76222.0
2024-04-28 14:00:00,92797.55325314232,86520.0,164422,78348.0
2024-04-28 15:00:00,93382.98443831716,88800.92520547945,163761,80981.0
2024-04-28 16:00:00,94134.83343307118,90077.82520547946,164035,84474.0
2024-04-28 17:00:00,94298.9047292391,91672.46767123288,163449,87875.0
2024-04-28 18:00:00,94626.54430756312,93015.89232876712,160700,89617.0
2024-04-28 19:00:00,95450.316597224,94112.0,158181,90230.0
2024-04-28 20:00:00,95450.316597224,94112.0,164287,90654.0
2024-04-28 21:00:00,94327.92907885987,89788.85808219179,164743,88477.0
2024-04-28 22:00:00,93382.98443831716,86691.93753424658,164112,83129.0
2024-04-28 23:00:00,92679.3231217016,82573.0,164770,77463.0
2024-04-29 00:00:00,92679.3231217016,78752.0,156916,72696.0
2024-04-29 01:00:00,92679.3231217016,73328.15424657534,157412,69641.0
2024-04-29 02:00:00,92679.3231217016,70481.6495890411,156310,67417.0
2024-04-29 03:00:00,92679.3231217016,70248.71041095891,155681,66561.0
2024-04-29 04:00:00,92679.3231217016,70489.0,155347,67238.0
2024-04-29 05:00:00,92679.3231217016,73852.0,155323,70411.0
2024-04-29 06:00:00,92679.3231217016,83160.21917808219,156665,76110.0
2024-04-29 07:00:00,93382.98443831716,83683.0,158946,80443.0
2024-04-29 08:00:00,94134.83343307118,86782.73890410959,160243,83150.0
2024-04-29 09:00:00,94327.92907885987,89968.22219178082,161699,85560.0
2024-04-29 10:00:00,97751.71869406504,94635.4997260274,162737,88506.0
2024-04-29 11:00:00,101743.9800329198,95676.0,162942,91693.0
2024-04-29 12:00:00,105371.2778700864,100810.82465753423,163030,94877.0
2024-04-29 13:00:00,110449.89108776508,104249.6295890411,162712,98011.0
2024-04-29 14:00:00,115246.49300634468,105029.0,162035,100107.0
2024-04-29 15:00:00,115502.26970954592,111827.0,161499,102388.0
2024-04-29 16:00:00,115411.08118914992,112595.76383561644,161128,104498.0
2024-04-29 17:00:00,115513.54902658272,110767.0,159470,105917.0
2024-04-29 18:00:00,115513.54902658272,112319.0,156955,105678.0
2024-04-29 19:00:00,115502.26970954592,113049.0,154872,103965.0
2024-04-29 20:00:00,115246.49300634468,108308.82328767124,162409,102126.0
2024-04-29 21:00:00,108933.06733769029,103034.43780821918,163311,97919.0
2024-04-29 22:00:00,99204.96244670232,94647.0,162741,90562.0
2024-04-29 23:00:00,94134.83343307118,88326.0,163222,83110.0
2024-04-30 00:00:00,92679.3231217016,82099.82027397261,153628,77377.0
2024-04-30 01:00:00,92679.3231217016,76514.0,152814,73500.0
2024-04-30 02:00:00,92679.3231217016,75342.87726027398,152896,70941.0
2024-04-30 03:00:00,92679.3231217016,74759.14520547945,152902,69532.0
2024-04-30 04:00:00,92679.3231217016,73072.0,153082,69465.0
2024-04-30 05:00:00,92679.3231217016,79564.35205479452,152876,72214.0
2024-04-30 06:00:00,92679.3231217016,81865.0,153140,77595.0
2024-04-30 07:00:00,94134.83343307118,87448.93178082192,154206,81484.0
2024-04-30 08:00:00,94327.92907885987,88884.74164383562,155963,83325.0
2024-04-30 09:00:00,94298.9047292391,92966.50712328768,156645,84583.0
2024-04-30 10:00:00,97554.6989626052,95759.0,157304,86156.0
2024-04-30 11:00:00,99204.96244670232,94178.0008219178,157483,87759.0
2024-04-30 12:00:00,103835.88987989083,98751.43698630136,158199,89536.0
2024-04-30 13:00:00,105028.41848675102,100811.39424657536,158577,91531.0
2024-04-30 14:00:00,108933.06733769029,103182.09095890413,158626,93233.0
2024-04-30 15:00:00,110449.89108776508,102988.34630136986,158489,94558.0
2024-04-30 16:00:00,112936.71227701013,107919.0,158486,96512.0
2024-04-30 17:00:00,115246.49300634468,105875.0,157694,97816.0
2024-04-30 18:00:00,113553.53844535294,107837.4402739726,156597,97233.0
2024-04-30 19:00:00,112239.8762330241,107261.64301369865,155435,96172.0
2024-04-30 20:00:00,109161.28564507312,101165.77589041097,162162,95259.0
2024-04-30 21:00:00,103992.5426815722,97774.1306849315,162571,91841.0
2024-04-30 22:00:00,94327.92907885987,91089.0,162439,85498.0
2024-04-30 23:00:00,93041.2930177194,83894.40191780822,163289,79190.0
2024-05-01 00:00:00,92679.3231217016,78254.11068493151,159097,74163.0
2024-05-01 01:00:00,92679.3231217016,77662.44246575343,158486,70940.0
2024-05-01 02:00:00,92679.3231217016,72651.0,158761,68922.0
2024-05-01 03:00:00,92679.3231217016,71115.0,158591,68056.0
2024-05-01 04:00:00,92679.3231217016,72651.0,158519,68549.0
2024-05-01 05:00:00,92679.3231217016,77661.90000000001,158292,71479.0
2024-05-01 06:00:00,92679.3231217016,81949.0,158587,76889.0
2024-05-01 07:00:00,93382.98443831716,88968.40602739727,160057,81087.0
2024-05-01 08:00:00,94134.83343307118,87043.0,161250,83177.0
2024-05-01 09:00:00,94327.92907885987,90188.08,161709,84334.0
2024-05-01 10:00:00,94298.9047292391,91666.06356164384,162310,85968.0
2024-05-01 11:00:00,96149.30832351594,95521.89260273972,161967,87632.0
2024-05-01 12:00:00,99204.96244670232,99275.98876712329,162863,89998.0
2024-05-01 13:00:00,103992.5426815722,100061.0,163188,92352.0
2024-05-01 14:00:00,105028.41848675102,101086.0,162726,94177.0
2024-05-01 15:00:00,108006.473811032,107235.0,162500,96717.0
2024-05-01 16:00:00,110449.89108776508,104710.0,162018,99584.0
2024-05-01 17:00:00,110669.61907692369,110062.0,160742,101398.0
2024-05-01 18:00:00,110449.89108776508,110062.0,158081,101301.0
2024-05-01 19:00:00,109652.05424873118,103106.81753424658,155444,99349.0
2024-05-01 20:00:00,106067.40916376552,107068.2189041096,164244,97603.0
2024-05-01 21:00:00,100390.24094382828,99506.0,164124,94032.0
2024-05-01 22:00:00,94327.92907885987,90850.02794520548,164960,86952.0
2024-05-01 23:00:00,92679.3231217016,83364.69315068494,165880,80020.0
2024-05-02 00:00:00,92679.3231217016,77860.0,153461,74708.0
2024-05-02 01:00:00,92679.3231217016,74486.0,153768,71002.0
2024-05-02 02:00:00,92679.3231217016,72651.0,154340,68782.0
2024-05-02 03:00:00,92679.3231217016,71205.0,155293,67695.0
2024-05-02 04:00:00,92679.3231217016,71259.48109589041,156130,68157.0
2024-05-02 05:00:00,92679.3231217016,74866.7802739726,156752,71303.0
2024-05-02 06:00:00,92679.3231217016,83711.3695890411,157494,76523.0
2024-05-02 07:00:00,93382.98443831716,84886.0,159136,80760.0
2024-05-02 08:00:00,94134.83343307118,90448.54739726028,161299,83262.0
2024-05-02 09:00:00,94327.92907885987,89643.0,162515,84869.0
2024-05-02 10:00:00,94491.12740286293,93917.0,162424,86937.0
2024-05-02 11:00:00,99204.96244670232,95877.87726027398,162000,89644.0
2024-05-02 12:00:00,104316.4683735078,100697.0,162524,92841.0
2024-05-02 13:00:00,108006.473811032,107235.0,164514,96677.0
2024-05-02 14:00:00,112239.8762330241,110062.0,164332,100233.0
2024-05-02 15:00:00,115313.87472507662,108964.0,163345,103553.0
2024-05-02 16:00:00,115411.08118914992,108772.0,162699,106981.0
2024-05-02 17:00:00,115513.54902658272,110844.10657534246,161326,108953.0
2024-05-02 18:00:00,115513.54902658272,112606.91150684933,158898,108608.0
2024-05-02 19:00:00,115502.26970954592,110793.9197260274,156703,105923.0
2024-05-02 20:00:00,115246.49300634468,106214.0,164467,103043.0
2024-05-02 21:00:00,108933.06733769029,101297.43342465752,164472,98781.0
2024-05-02 22:00:00,99204.96244670232,95877.68739726028,164227,91385.0
2024-05-02 23:00:00,94134.83343307118,90538.0,164686,83679.0
2024-05-03 00:00:00,92679.3231217016,81947.07863013698,155014,77833.0
2024-05-03 01:00:00,92679.3231217016,75877.7095890411,155002,73782.0
2024-05-03 02:00:00,92679.3231217016,73452.47753424657,155244,71063.0
2024-05-03 03:00:00,92679.3231217016,73338.0,155582,69445.0
2024-05-03 04:00:00,92679.3231217016,73338.0,155585,69563.0
2024-05-03 05:00:00,92679.3231217016,75741.58986301371,154981,72245.0
2024-05-03 06:00:00,92679.3231217016,81074.82027397261,154859,76825.0
2024-05-03 07:00:00,93382.98443831716,84934.64383561644,156486,80426.0
2024-05-03 08:00:00,94134.83343307118,90047.20301369863,156979,83019.0
2024-05-03 09:00:00,94327.92907885987,89904.0,157408,84774.0
2024-05-03 10:00:00,94626.54430756312,95575.0,158764,86225.0
2024-05-03 11:00:00,99043.97248374922,95877.87726027398,158519,87536.0
2024-05-03 12:00:00,100714.27921452606,99436.91698630138,159342,88617.0
2024-05-03 13:00:00,103992.5426815722,100061.0,159540,89795.0
2024-05-03 14:00:00,105028.41848675102,102864.0,159489,90070.0
2024-05-03 15:00:00,105028.41848675102,102864.0,157996,89952.0
2024-05-03 16:00:00,105028.41848675102,102864.0,157560,90508.0
2024-05-03 17:00:00,105028.41848675102,102864.0,156753,90148.0
2024-05-03 18:00:00,101743.9800329198,97879.0,155820,88673.0
2024-05-03 19:00:00,99204.96244670232,96570.79671232877,155216,86722.0
2024-05-03 20:00:00,94673.18508432285,95575.0,163162,86282.0
2024-05-03 21:00:00,94327.92907885987,90791.5501369863,164500,83836.0
2024-05-03 22:00:00,93200.12394718891,85158.0,164844,79363.0
2024-05-03 23:00:00,92679.3231217016,79034.0,166601,74505.0
2024-05-04 00:00:00,92679.3231217016,73839.0,154341,70444.0
2024-05-04 01:00:00,92679.3231217016,70592.65397260274,154194,67596.0
2024-05-04 02:00:00,92679.3231217016,67756.98219178083,154644,65688.0
2024-05-04 03:00:00,92679.3231217016,66731.0,154210,64478.0
2024-05-04 04:00:00,92679.3231217016,66202.82657534246,154295,64406.0
2024-05-04 05:00:00,92679.3231217016,67756.98219178083,154583,65174.0
2024-05-04 06:00:00,92679.3231217016,71336.95397260274,155374,66818.0
2024-05-04 07:00:00,92679.3231217016,71267.0,155511,68944.0
2024-05-04 08:00:00,92679.3231217016,74245.53178082191,155444,72358.0
2024-05-04 09:00:00,92679.3231217016,77723.0,155331,74880.0
2024-05-04 10:00:00,92679.3231217016,78677.0,156143,76736.0
2024-05-04 11:00:00,92679.3231217016,82917.0,156065,77889.0
2024-05-04 12:00:00,92679.3231217016,79680.32767123288,157377,78466.0
2024-05-04 13:00:00,92679.3231217016,80333.26136986302,158384,78815.0
2024-05-04 14:00:00,92679.3231217016,83790.0,158721,79223.0
2024-05-04 15:00:00,92679.3231217016,81949.0,158660,79855.0
2024-05-04 16:00:00,92679.3231217016,86544.66164383563,159332,80957.0
2024-05-04 17:00:00,93200.12394718891,85158.0,159029,81844.0
2024-05-04 18:00:00,93382.98443831716,85991.0,158358,81897.0
2024-05-04 19:00:00,93382.98443831716,85960.32356164383,158672,81417.0
2024-05-04 20:00:00,93382.98443831716,85991.0,162964,81439.0
2024-05-04 21:00:00,92679.3231217016,82968.93452054795,162591,79785.0
2024-05-04 22:00:00,92679.3231217016,78227.59753424658,163544,76687.0
2024-05-04 23:00:00,92679.3231217016,73535.0,164067,72345.0
2024-05-05 00:00:00,92679.3231217016,70399.97232876712,157665,69062.0
2024-05-05 01:00:00,92679.3231217016,67386.0,157655,66511.0
2024-05-05 02:00:00,92679.3231217016,65321.457534246576,157584,64770.0
2024-05-05 03:00:00,92679.3231217016,64862.90082191781,157341,63672.0
2024-05-05 04:00:00,92679.3231217016,64559.0,157165,63500.0
2024-05-05 05:00:00,92679.3231217016,65235.747397260275,156880,63840.0
2024-05-05 06:00:00,92679.3231217016,65929.0,156697,65025.0
2024-05-05 07:00:00,92679.3231217016,68403.0,157149,67067.0
2024-05-05 08:00:00,92679.3231217016,70369.0,157462,70448.0
2024-05-05 09:00:00,92679.3231217016,73672.0,157096,73504.0
2024-05-05 10:00:00,92679.3231217016,75220.0,158256,75469.0
2024-05-05 11:00:00,92679.3231217016,77938.16356164384,158535,77012.0
2024-05-05 12:00:00,92679.3231217016,77876.0,159276,78343.0
2024-05-05 13:00:00,92679.3231217016,81759.0,159170,79256.0
2024-05-05 14:00:00,92679.3231217016,82917.0,159039,80126.0
2024-05-05 15:00:00,92679.3231217016,83741.80191780822,158424,81150.0
2024-05-05 16:00:00,92679.3231217016,82653.82657534246,158399,82925.0
2024-05-05 17:00:00,93041.2930177194,85126.48273972602,157520,84388.0
2024-05-05 18:00:00,93382.98443831716,86585.68767123288,157032,84852.0
2024-05-05 19:00:00,93382.98443831716,86628.0,155946,84682.0
2024-05-05 20:00:00,93382.98443831716,86617.17780821917,163939,84704.0
2024-05-05 21:00:00,92797.55325314232,85146.82520547946,165616,82747.0
2024-05-05 22:00:00,92679.3231217016,82460.1808219178,165348,78280.0
2024-05-05 23:00:00,92679.3231217016,74643.74109589041,165689,73498.0
2024-05-06 00:00:00,92679.3231217016,70288.3298630137,155368,69862.0
2024-05-06 01:00:00,92679.3231217016,68868.0,155384,67520.0
2024-05-06 02:00:00,92679.3231217016,66498.0,155459,66221.0
2024-05-06 03:00:00,92679.3231217016,66489.3205479452,155268,65894.0
2024-05-06 04:00:00,92679.3231217016,67370.0,155336,66969.0
2024-05-06 05:00:00,92679.3231217016,70096.0,155341,70565.0
2024-05-06 06:00:00,92679.3231217016,77715.18849315068,155645,76621.0
2024-05-06 07:00:00,92679.3231217016,81186.74383561643,155609,80901.0
2024-05-06 08:00:00,93041.2930177194,83764.16082191782,155803,83086.0
2024-05-06 09:00:00,93382.98443831716,85068.0,156519,84567.0
2024-05-06 10:00:00,93514.7072505474,85484.26849315068,156814,85596.0
2024-05-06 11:00:00,94134.83343307118,85899.0,157516,86619.0
2024-05-06 12:00:00,94134.83343307118,88381.45479452056,158802,87605.0
2024-05-06 13:00:00,94327.92907885987,90837.03589041096,159629,88681.0
2024-05-06 14:00:00,94298.9047292391,94173.0,159685,89150.0
2024-05-06 15:00:00,94491.12740286293,93891.77534246576,159762,89903.0
2024-05-06 16:00:00,98485.3522952513,93260.20356164384,159417,91024.0
2024-05-06 17:00:00,99204.96244670232,99302.0,158870,91872.0
2024-05-06 18:00:00,99487.46394458582,98940.0,158392,91916.0
2024-05-06 19:00:00,99204.96244670232,98923.80739726029,157896,91160.0
2024-05-06 20:00:00,99204.96244670232,95877.68739726028,165896,91391.0
2024-05-06 21:00:00,94298.9047292391,93014.0,166418,88856.0
2024-05-06 22:00:00,93382.98443831716,86740.0,166221,83468.0
2024-05-06 23:00:00,92679.3231217016,81759.0,167342,77890.0
2024-05-07 00:00:00,92679.3231217016,74311.26767123288,157252,73211.0
2024-05-07 01:00:00,92679.3231217016,71259.48109589041,157338,70247.0
2024-05-07 02:00:00,92679.3231217016,70604.85945205479,157430,68559.0
2024-05-07 03:00:00,92679.3231217016,68977.68602739726,157461,67850.0
2024-05-07 04:00:00,92679.3231217016,70614.0,157636,68657.0
2024-05-07 05:00:00,92679.3231217016,76596.0,157965,71862.0
2024-05-07 06:00:00,92679.3231217016,79397.32493150685,158773,77376.0
2024-05-07 07:00:00,93041.2930177194,83310.8002739726,159447,81584.0
2024-05-07 08:00:00,93514.7072505474,86987.51561643837,159837,83675.0
2024-05-07 09:00:00,94134.83343307118,88215.0,159472,84955.0
2024-05-07 10:00:00,94327.92907885987,89904.0,160752,86425.0
2024-05-07 11:00:00,94298.9047292391,92844.4698630137,161910,88214.0
2024-05-07 12:00:00,96149.30832351594,95575.0,163170,90367.0
2024-05-07 13:00:00,99487.46394458582,99292.181369863,163416,92818.0
2024-05-07 14:00:00,102948.55470585694,98430.3284931507,164519,94752.0
2024-05-07 15:00:00,105028.41848675102,102787.97342465754,165353,96013.0
2024-05-07 16:00:00,106067.40916376552,101042.85013698632,164941,97867.0
2024-05-07 17:00:00,108933.06733769029,103071.0,163388,99407.0
2024-05-07 18:00:00,108933.06733769029,107235.0,161332,99459.0
2024-05-07 19:00:00,106067.40916376552,101084.94219178082,158955,98383.0
2024-05-07 20:00:00,105028.41848675102,102815.77479452056,166034,97678.0
2024-05-07 21:00:00,99693.10790253672,99292.181369863,165997,94669.0
2024-05-07 22:00:00,94327.92907885987,90274.37643835616,165933,88295.0
2024-05-07 23:00:00,92679.3231217016,85341.0,166225,81872.0
2024-05-08 00:00:00,92679.3231217016,78729.9008219178,156732,76774.0
2024-05-08 01:00:00,92679.3231217016,76414.30794520548,156563,73499.0
2024-05-08 02:00:00,92679.3231217016,73806.77753424658,156366,71461.0
2024-05-08 03:00:00,92679.3231217016,71815.44328767124,156708,70178.0
2024-05-08 04:00:00,92679.3231217016,71707.45397260274,156485,70697.0
2024-05-08 05:00:00,92679.3231217016,74466.0,156608,73922.0
2024-05-08 06:00:00,92679.3231217016,81095.0,157167,79461.0
2024-05-08 07:00:00,93514.7072505474,85480.17287671233,158848,83923.0
2024-05-08 08:00:00,94327.92907885987,89643.0,160652,86839.0
2024-05-08 09:00:00,94491.12740286293,93909.9208219178,161280,88884.0
2024-05-08 10:00:00,99487.46394458582,99302.0,162569,91690.0
2024-05-08 11:00:00,105028.41848675102,100054.27342465754,162753,94831.0
2024-05-08 12:00:00,108933.06733769029,101645.0,162762,97818.0
2024-05-08 13:00:00,112936.71227701013,110879.8082191781,163976,100737.0
2024-05-08 14:00:00,115502.26970954592,112540.0,164583,103281.0
2024-05-08 15:00:00,115411.08118914992,111207.0,164843,105666.0
2024-05-08 16:00:00,115513.54902658272,113377.0,164438,107955.0
2024-05-08 17:00:00,116888.84701197685,113705.83232876712,163025,108749.0
2024-05-08 18:00:00,115513.54902658272,113377.0,161136,107214.0
2024-05-08 19:00:00,115411.08118914992,111207.0,159847,104345.0
2024-05-08 20:00:00,115313.87472507662,108346.44767123288,166624,102434.0
2024-05-08 21:00:00,110449.89108776508,102258.97506849316,167709,98530.0
2024-05-08 22:00:00,100390.24094382828,99506.0,167556,91268.0
2024-05-08 23:00:00,94134.83343307118,89509.50493150685,167878,83993.0
2024-05-09 00:00:00,92679.3231217016,82875.89753424659,157303,78187.0
2024-05-09 01:00:00,92679.3231217016,78382.36767123287,157344,74026.0
2024-05-09 02:00:00,92679.3231217016,74927.0,157127,71364.0
2024-05-09 03:00:00,92679.3231217016,74109.62821917808,156784,69733.0
2024-05-09 04:00:00,92679.3231217016,74115.70383561644,156815,69923.0
2024-05-09 05:00:00,92679.3231217016,77833.09369863014,156719,72776.0
2024-05-09 06:00:00,92797.55325314232,82637.77808219178,157296,77965.0
2024-05-09 07:00:00,94134.83343307118,86060.20136986302,159206,82046.0
2024-05-09 08:00:00,94327.92907885987,90865.0,160126,84669.0
2024-05-09 09:00:00,94298.9047292391,92958.39726027398,161204,85679.0
2024-05-09 10:00:00,94491.12740286293,95530.0295890411,162948,86738.0
2024-05-09 11:00:00,95450.316597224,95575.0,163172,87529.0
2024-05-09 12:00:00,98485.3522952513,94507.0,163366,88383.0
2024-05-09 13:00:00,99043.97248374922,94498.67315068492,163304,89679.0
2024-05-09 14:00:00,99204.96244670232,94474.64191780824,163670,90037.0
2024-05-09 15:00:00,99204.96244670232,94895.8975342466,163512,89975.0
2024-05-09 16:00:00,99204.96244670232,98923.80739726029,163895,90888.0
2024-05-09 17:00:00,99487.46394458582,99292.181369863,163885,91426.0
2024-05-09 18:00:00,99204.96244670232,98940.0,163669,90614.0
2024-05-09 19:00:00,98811.21062208444,95730.0,162035,89797.0
2024-05-09 20:00:00,97996.57811032502,93662.46904109589,166380,89247.0
2024-05-09 21:00:00,94298.9047292391,93014.0,166620,86950.0
2024-05-09 22:00:00,93382.98443831716,86611.0,166806,81456.0
2024-05-09 23:00:00,92679.3231217016,79991.86438356164,166942,76066.0
2024-05-10 00:00:00,92679.3231217016,73839.0,156767,71793.0
2024-05-10 01:00:00,92679.3231217016,69574.0,156490,69073.0
2024-05-10 02:00:00,92679.3231217016,67883.0,156519,67344.0
2024-05-10 03:00:00,92679.3231217016,67602.29479452055,156314,66407.0
2024-05-10 04:00:00,92679.3231217016,67883.0,156574,67257.0
2024-05-10 05:00:00,92679.3231217016,72395.68410958904,157071,70111.0
2024-05-10 06:00:00,92679.3231217016,77987.81808219178,157201,75226.0
2024-05-10 07:00:00,92679.3231217016,81317.0,158671,79509.0
2024-05-10 08:00:00,93200.12394718891,83797.0,159518,81771.0
2024-05-10 09:00:00,93382.98443831716,85068.0,160086,82993.0
2024-05-10 10:00:00,93382.98443831716,84884.31835616438,161416,83571.0
2024-05-10 11:00:00,93382.98443831716,84886.0,161457,84161.0
2024-05-10 12:00:00,93382.98443831716,85063.06356164384,161222,84370.0
2024-05-10 13:00:00,93382.98443831716,86197.5098630137,160609,84354.0
2024-05-10 14:00:00,93382.98443831716,86569.14876712329,162028,83853.0
2024-05-10 15:00:00,93382.98443831716,85068.0,161691,83269.0
2024-05-10 16:00:00,93382.98443831716,87229.7495890411,162256,83088.0
2024-05-10 17:00:00,93382.98443831716,88954.92575342467,161795,82853.0
2024-05-10 18:00:00,93382.98443831716,89589.93095890412,161330,82192.0
2024-05-10 19:00:00,93382.98443831716,88006.10520547946,159420,81880.0
2024-05-10 20:00:00,93382.98443831716,85061.38191780822,165245,81863.0
2024-05-10 21:00:00,93041.2930177194,85158.0,166390,80809.0
2024-05-10 22:00:00,92679.3231217016,79957.78821917808,167094,77123.0
2024-05-10 23:00:00,92679.3231217016,73942.0,167040,72861.0
2024-05-11 00:00:00,92679.3231217016,71257.04,158366,69447.0
2024-05-11 01:00:00,92679.3231217016,69269.3312328767,159122,66883.0
2024-05-11 02:00:00,92679.3231217016,67381.30767123288,159076,65253.0
2024-05-11 03:00:00,92679.3231217016,66731.0,158321,64424.0
2024-05-11 04:00:00,92679.3231217016,66731.0,158895,64757.0
2024-05-11 05:00:00,92679.3231217016,68080.13780821918,159529,65897.0
2024-05-11 06:00:00,92679.3231217016,71382.66465753425,160273,67324.0
2024-05-11 07:00:00,92679.3231217016,72745.05068493151,161657,69109.0
2024-05-11 08:00:00,92679.3231217016,74555.03506849315,162988,70541.0
2024-05-11 09:00:00,92679.3231217016,75675.37917808219,164160,71327.0
2024-05-11 10:00:00,92679.3231217016,76291.0,164627,71868.0
2024-05-11 11:00:00,92679.3231217016,75424.0,165394,71973.0
2024-05-11 12:00:00,92679.3231217016,78034.0,165767,71957.0
2024-05-11 13:00:00,92679.3231217016,74667.42547945205,165907,71843.0
2024-05-11 14:00:00,92679.3231217016,74276.4290410959,166122,71853.0
2024-05-11 15:00:00,92679.3231217016,76457.0,166203,72265.0
2024-05-11 16:00:00,92679.3231217016,79500.12410958904,166414,73299.0
2024-05-11 17:00:00,92679.3231217016,81100.0,166500,74605.0
2024-05-11 18:00:00,92679.3231217016,81283.0,164059,75357.0
2024-05-11 19:00:00,92679.3231217016,82052.41726027397,161232,75802.0
2024-05-11 20:00:00,92679.3231217016,79820.0,165404,76797.0
2024-05-11 21:00:00,92679.3231217016,79931.0,165508,76049.0
2024-05-11 22:00:00,92679.3231217016,74651.0,165475,73475.0
2024-05-11 23:00:00,92679.3231217016,72118.0,165701,70012.0
2024-05-12 00:00:00,92679.3231217016,68085.15561643835,156333,67046.0
2024-05-12 01:00:00,92679.3231217016,65735.34191780823,156318,64818.0
2024-05-12 02:00:00,92679.3231217016,64868.0,156313,63452.0
2024-05-12 03:00:00,92679.3231217016,64559.0,156515,62838.0
2024-05-12 04:00:00,92679.3231217016,64114.0,156570,62802.0
2024-05-12 05:00:00,92679.3231217016,65320.273424657535,156725,63739.0
2024-05-12 06:00:00,92679.3231217016,66879.0,157540,64846.0
2024-05-12 07:00:00,92679.3231217016,68401.83369863014,160324,66825.0
2024-05-12 08:00:00,92679.3231217016,71778.0,162772,69154.0
2024-05-12 09:00:00,92679.3231217016,72544.0,162168,71067.0
2024-05-12 10:00:00,92679.3231217016,74392.90164383562,163308,72023.0
2024-05-12 11:00:00,92679.3231217016,75180.78739726027,162576,72353.0
2024-05-12 12:00:00,92679.3231217016,74677.0,163251,72499.0
2024-05-12 13:00:00,92679.3231217016,74672.49753424658,164188,72427.0
2024-05-12 14:00:00,92679.3231217016,78034.0,164584,72553.0
2024-05-12 15:00:00,92679.3231217016,79587.0,164647,73479.0
2024-05-12 16:00:00,92679.3231217016,79014.71534246576,164172,74744.0
2024-05-12 17:00:00,92679.3231217016,81994.77315068494,164059,77005.0
2024-05-12 18:00:00,92679.3231217016,81519.08712328767,162605,78731.0
2024-05-12 19:00:00,92679.3231217016,85042.13479452055,161132,79848.0
2024-05-12 20:00:00,92797.55325314232,85158.0,166674,81107.0
2024-05-12 21:00:00,92679.3231217016,81333.89369863014,166997,80564.0
2024-05-12 22:00:00,92679.3231217016,79436.0,167199,76597.0
2024-05-12 23:00:00,92679.3231217016,74398.46191780822,167219,72190.0
2024-05-13 00:00:00,92679.3231217016,71415.89397260275,160367,68874.0
2024-05-13 01:00:00,92679.3231217016,67594.7002739726,160706,66832.0
2024-05-13 02:00:00,92679.3231217016,66089.0,160668,65605.0
2024-05-13 03:00:00,92679.3231217016,66190.64821917808,160611,65388.0
2024-05-13 04:00:00,92679.3231217016,67297.0,160341,66877.0
2024-05-13 05:00:00,92679.3231217016,71106.26630136986,159399,70378.0
2024-05-13 06:00:00,92679.3231217016,77772.65671232877,160425,76003.0
2024-05-13 07:00:00,92679.3231217016,81356.88794520548,161883,79664.0
2024-05-13 08:00:00,92679.3231217016,82071.2498630137,161181,81189.0
2024-05-13 09:00:00,92797.55325314232,83274.8397260274,161415,81915.0
2024-05-13 10:00:00,93041.2930177194,82485.49041095891,160336,82903.0
2024-05-13 11:00:00,93382.98443831716,86555.91260273973,160593,83768.0
2024-05-13 12:00:00,93382.98443831716,84579.89150684931,160617,84610.0
2024-05-13 13:00:00,94134.83343307118,87468.0,161790,85541.0
2024-05-13 14:00:00,94134.83343307118,87467.0,162327,87031.0
2024-05-13 15:00:00,94327.92907885987,93502.0,162484,88495.0
2024-05-13 16:00:00,94298.9047292391,92977.57342465754,161546,90287.0
2024-05-13 17:00:00,94626.54430756312,94785.5098630137,159988,91436.0
2024-05-13 18:00:00,95450.316597224,95575.0,157645,91580.0
2024-05-13 19:00:00,94626.54430756312,93421.0,155780,90841.0
2024-05-13 20:00:00,94491.12740286293,95575.0,163296,90677.0
2024-05-13 21:00:00,94327.92907885987,90865.0,164072,88559.0
2024-05-13 22:00:00,92797.55325314232,85158.0,164454,82869.0
2024-05-13 23:00:00,92679.3231217016,81009.89643835617,164746,76894.0
2024-05-14 00:00:00,92679.3231217016,76500.41753424659,155429,72312.0
2024-05-14 01:00:00,92679.3231217016,69781.9701369863,155324,69381.0
2024-05-14 02:00:00,92679.3231217016,67205.0,155091,67595.0
2024-05-14 03:00:00,92679.3231217016,66905.0,155072,66816.0
2024-05-14 04:00:00,92679.3231217016,68523.98438356165,154823,67683.0
2024-05-14 05:00:00,92679.3231217016,70410.97287671233,154400,70759.0
2024-05-14 06:00:00,92679.3231217016,76478.02931506849,154522,75913.0
2024-05-14 07:00:00,92679.3231217016,81892.19424657534,154983,80001.0
2024-05-14 08:00:00,93382.98443831716,84553.0,154645,82064.0
2024-05-14 09:00:00,93382.98443831716,83645.96219178083,153044,83372.0
2024-05-14 10:00:00,93514.7072505474,85484.26849315068,153693,84584.0
2024-05-14 11:00:00,94134.83343307118,88302.72821917808,153895,85746.0
2024-05-14 12:00:00,94134.83343307118,89038.19589041096,156161,86692.0
2024-05-14 13:00:00,94134.83343307118,89890.0,156672,87435.0
2024-05-14 14:00:00,94327.92907885987,89199.29561643835,156592,87554.0
2024-05-14 15:00:00,94327.92907885987,93502.0,156432,87575.0
2024-05-14 16:00:00,94327.92907885987,91651.82383561644,157531,87961.0
2024-05-14 17:00:00,94298.9047292391,93014.0,158394,88526.0
2024-05-14 18:00:00,94298.9047292391,93014.0,158346,88266.0
2024-05-14 19:00:00,94298.9047292391,93014.0,158664,87690.0
2024-05-14 20:00:00,94298.9047292391,93014.0,162158,87710.0
2024-05-14 21:00:00,94134.83343307118,88057.0,161784,85780.0
2024-05-14 22:00:00,92797.55325314232,83373.50821917808,162031,80897.0
2024-05-14 23:00:00,92679.3231217016,77562.0,162336,75689.0
2024-05-15 00:00:00,92679.3231217016,76510.86,153372,71936.0
2024-05-15 01:00:00,92679.3231217016,71415.89397260275,153273,69211.0
2024-05-15 02:00:00,92679.3231217016,68356.6495890411,153284,67593.0
2024-05-15 03:00:00,92679.3231217016,68838.6797260274,153285,66916.0
2024-05-15 04:00:00,92679.3231217016,68982.67671232877,153485,67808.0
2024-05-15 05:00:00,92679.3231217016,71820.0,153399,71172.0
2024-05-15 06:00:00,92679.3231217016,77313.53534246575,154209,76843.0
2024-05-15 07:00:00,92679.3231217016,82973.84383561644,154594,81391.0
2024-05-15 08:00:00,93382.98443831716,84553.0,154470,83866.0
2024-05-15 09:00:00,93382.98443831716,85226.58191780822,154397,84599.0
2024-05-15 10:00:00,94134.83343307118,85777.23205479453,154303,85351.0
2024-05-15 11:00:00,94134.83343307118,85391.0,154496,85629.0
2024-05-15 12:00:00,94134.83343307118,88610.16438356164,155100,85830.0
2024-05-15 13:00:00,94327.92907885987,88135.70821917808,154332,86313.0
2024-05-15 14:00:00,94327.92907885987,93357.02602739728,153968,86730.0
2024-05-15 15:00:00,94327.92907885987,89445.60602739725,154388,87181.0
2024-05-15 16:00:00,94327.92907885987,91634.00383561644,153997,87913.0
2024-05-15 17:00:00,94298.9047292391,93014.0,154214,88827.0
2024-05-15 18:00:00,94298.9047292391,93014.0,153980,88618.0
2024-05-15 19:00:00,94298.9047292391,94656.21589041095,153368,88158.0
2024-05-15 20:00:00,94327.92907885987,92977.57342465754,160978,88229.0
2024-05-15 21:00:00,94134.83343307118,89509.50493150685,161301,86522.0
2024-05-15 22:00:00,92679.3231217016,83375.0,161090,81436.0
2024-05-15 23:00:00,92679.3231217016,77562.0,161336,75953.0
2024-05-16 00:00:00,92679.3231217016,76596.0,151091,71739.0
2024-05-16 01:00:00,92679.3231217016,69523.8701369863,150652,69011.0
2024-05-16 02:00:00,92679.3231217016,67558.94575342466,150671,67546.0
2024-05-16 03:00:00,92679.3231217016,66612.94794520548,150689,66591.0
2024-05-16 04:00:00,92679.3231217016,68078.51616438356,150871,67359.0
2024-05-16 05:00:00,92679.3231217016,72393.35150684931,151367,70572.0
2024-05-16 06:00:00,92679.3231217016,78072.4205479452,153046,75733.0
2024-05-16 07:00:00,92679.3231217016,81317.0,155588,79731.0
2024-05-16 08:00:00,93200.12394718891,85158.0,156570,81734.0
2024-05-16 09:00:00,93382.98443831716,86611.0,156576,83120.0
2024-05-16 10:00:00,93514.7072505474,85484.26849315068,156914,84942.0
2024-05-16 11:00:00,94134.83343307118,86635.18000000001,157493,86552.0
2024-05-16 12:00:00,94134.83343307118,90961.0,157666,88388.0
2024-05-16 13:00:00,94327.92907885987,91614.22493150683,156746,90316.0
2024-05-16 14:00:00,94298.9047292391,92977.57342465754,156497,91580.0
2024-05-16 15:00:00,94491.12740286293,93912.79589041095,158448,92461.0
2024-05-16 16:00:00,98485.3522952513,96912.54630136986,157430,94004.0
2024-05-16 17:00:00,99204.96244670232,98923.80739726029,156478,94846.0
2024-05-16 18:00:00,99204.96244670232,98923.80739726029,154578,94523.0
2024-05-16 19:00:00,98811.21062208444,95688.25726027398,152749,93364.0
2024-05-16 20:00:00,98485.3522952513,94601.1394520548,160502,92747.0
2024-05-16 21:00:00,94298.9047292391,93014.0,161554,90812.0
2024-05-16 22:00:00,93382.98443831716,86611.0,161635,85036.0
2024-05-16 23:00:00,92679.3231217016,79992.0,161248,78932.0
2024-05-17 00:00:00,92679.3231217016,75190.49041095891,150578,74211.0
2024-05-17 01:00:00,92679.3231217016,71820.0,150376,70879.0
2024-05-17 02:00:00,92679.3231217016,69796.27561643836,150684,69061.0
2024-05-17 03:00:00,92679.3231217016,70566.01890410959,150431,68028.0
2024-05-17 04:00:00,92679.3231217016,70576.21726027397,150533,68755.0
2024-05-17 05:00:00,92679.3231217016,72516.71397260274,150950,71406.0
2024-05-17 06:00:00,92679.3231217016,77716.8701369863,152069,76397.0
2024-05-17 07:00:00,92679.3231217016,82949.48712328768,153889,80853.0
2024-05-17 08:00:00,93382.98443831716,84553.0,154738,83295.0
2024-05-17 09:00:00,93804.97658595216,86376.2591780822,154737,84988.0
2024-05-17 10:00:00,94134.83343307118,88196.65753424658,155336,86358.0
2024-05-17 11:00:00,94327.92907885987,93974.0,154605,87042.0
2024-05-17 12:00:00,94298.9047292391,91671.0,153866,87377.0
2024-05-17 13:00:00,94491.12740286293,93236.59178082192,153970,88121.0
2024-05-17 14:00:00,95450.316597224,95541.36712328768,153364,88523.0
2024-05-17 15:00:00,97996.57811032502,96128.19780821918,154038,88627.0
2024-05-17 16:00:00,99043.97248374922,96553.32931506848,154103,89448.0
2024-05-17 17:00:00,99204.96244670232,96566.48410958904,154274,89540.0
2024-05-17 18:00:00,98485.3522952513,96949.0,153410,88774.0
2024-05-17 19:00:00,94491.12740286293,93644.3098630137,153010,87512.0
2024-05-17 20:00:00,94298.9047292391,93014.0,160915,87291.0
2024-05-17 21:00:00,94327.92907885987,89890.0,161511,85717.0
2024-05-17 22:00:00,93041.2930177194,85158.0,161962,81680.0
2024-05-17 23:00:00,92679.3231217016,79002.59123287672,162268,76742.0
2024-05-18 00:00:00,92679.3231217016,73430.01232876713,150801,72494.0
2024-05-18 01:00:00,92679.3231217016,69920.80383561645,151032,69364.0
2024-05-18 02:00:00,92679.3231217016,68825.47068493151,151298,67373.0
2024-05-18 03:00:00,92679.3231217016,65762.32191780822,150956,66202.0
2024-05-18 04:00:00,92679.3231217016,66178.0,150725,65741.0
2024-05-18 05:00:00,92679.3231217016,66416.20273972602,150789,66532.0
2024-05-18 06:00:00,92679.3231217016,68979.0693150685,151050,67589.0
2024-05-18 07:00:00,92679.3231217016,71673.0,151844,70433.0
2024-05-18 08:00:00,92679.3231217016,74779.76821917809,151739,74114.0
2024-05-18 09:00:00,92679.3231217016,77494.53178082191,152426,77035.0
2024-05-18 10:00:00,92679.3231217016,79975.47260273973,153513,79455.0
2024-05-18 11:00:00,92679.3231217016,81993.8509589041,154374,81775.0
2024-05-18 12:00:00,92679.3231217016,82026.24273972603,154359,83573.0
2024-05-18 13:00:00,92797.55325314232,85525.05178082192,154600,84549.0
2024-05-18 14:00:00,93382.98443831716,83958.44328767124,154674,85578.0
2024-05-18 15:00:00,93382.98443831716,87229.7495890411,154926,86909.0
2024-05-18 16:00:00,94134.83343307118,87205.0,155192,88346.0
2024-05-18 17:00:00,94134.83343307118,88321.09780821917,155213,89360.0
2024-05-18 18:00:00,94134.83343307118,88438.7994520548,154818,89638.0
2024-05-18 19:00:00,94134.83343307118,87771.64465753424,154147,88871.0
2024-05-18 20:00:00,94134.83343307118,87351.21726027397,160587,87780.0
2024-05-18 21:00:00,93382.98443831716,86611.0,160955,86068.0
2024-05-18 22:00:00,92679.3231217016,82120.0,161223,82086.0
2024-05-18 23:00:00,92679.3231217016,75988.0,161594,77229.0
2024-05-19 00:00:00,92679.3231217016,73851.12356164384,153282,72894.0
2024-05-19 01:00:00,92679.3231217016,69629.0,153188,69443.0
2024-05-19 02:00:00,92679.3231217016,68866.80657534246,153328,67181.0
2024-05-19 03:00:00,92679.3231217016,66012.0,153156,65769.0
2024-05-19 04:00:00,92679.3231217016,65686.0,153292,65068.0
2024-05-19 05:00:00,92679.3231217016,65325.31835616438,153243,65372.0
2024-05-19 06:00:00,92679.3231217016,67618.49698630137,153228,65744.0
2024-05-19 07:00:00,92679.3231217016,68573.62821917808,154409,67810.0
2024-05-19 08:00:00,92679.3231217016,72109.91726027397,155476,71468.0
2024-05-19 09:00:00,92679.3231217016,76416.31506849316,156430,75114.0
2024-05-19 10:00:00,92679.3231217016,81002.27479452056,156993,78027.0
2024-05-19 11:00:00,92679.3231217016,81392.10219178082,157024,80700.0
2024-05-19 12:00:00,92797.55325314232,82656.32191780822,157161,83128.0
2024-05-19 13:00:00,93382.98443831716,87197.58136986302,156985,85296.0
2024-05-19 14:00:00,94134.83343307118,88365.08438356164,156516,87546.0
2024-05-19 15:00:00,94327.92907885987,89884.3391780822,156635,89711.0
2024-05-19 16:00:00,94298.9047292391,92472.0,156965,92573.0
2024-05-19 17:00:00,97996.57811032502,96912.54630136986,157205,95486.0
2024-05-19 18:00:00,98811.21062208444,96912.54630136986,157041,96582.0
2024-05-19 19:00:00,97996.57811032502,96912.54630136986,154999,95939.0
2024-05-19 20:00:00,95450.316597224,93583.23150684932,162685,94300.0
2024-05-19 21:00:00,94327.92907885987,93563.2397260274,163424,91738.0
2024-05-19 22:00:00,93382.98443831716,86611.0,163167,85615.0
2024-05-19 23:00:00,92679.3231217016,81283.0,163460,79241.0
2024-05-20 00:00:00,92679.3231217016,75039.85589041097,152502,74009.0
2024-05-20 01:00:00,92679.3231217016,72524.36273972603,152546,70576.0
2024-05-20 02:00:00,92679.3231217016,69821.6295890411,152735,68253.0
2024-05-20 03:00:00,92679.3231217016,68580.0,152779,67311.0
2024-05-20 04:00:00,92679.3231217016,70248.35780821918,152892,68004.0
2024-05-20 05:00:00,92679.3231217016,73211.96438356164,152997,71219.0
2024-05-20 06:00:00,92679.3231217016,78348.85452054795,154023,76350.0
2024-05-20 07:00:00,92797.55325314232,81972.9893150685,155877,81431.0
2024-05-20 08:00:00,93514.7072505474,86226.43616438356,156860,84818.0
2024-05-20 09:00:00,94327.92907885987,93502.0,158390,87718.0
2024-05-20 10:00:00,94626.54430756312,93133.53178082193,160714,90556.0
2024-05-20 11:00:00,100390.24094382828,94053.37123287671,161750,93665.0
2024-05-20 12:00:00,105028.41848675102,102406.0,161871,96397.0
2024-05-20 13:00:00,110449.89108776508,104710.0,161980,99623.0
2024-05-20 14:00:00,115182.93192576164,109079.64191780824,162066,102391.0
2024-05-20 15:00:00,115502.26970954592,109323.33232876712,162278,105338.0
2024-05-20 16:00:00,115411.08118914992,110352.63178082192,161813,108514.0
2024-05-20 17:00:00,115513.54902658272,113306.61506849316,161135,110330.0
2024-05-20 18:00:00,115513.54902658272,111207.0,159307,110040.0
2024-05-20 19:00:00,115502.26970954592,110817.27287671232,156903,107851.0
2024-05-20 20:00:00,115246.49300634468,109281.75150684932,163240,104958.0
2024-05-20 21:00:00,108933.06733769029,101809.0,163360,101180.0
2024-05-20 22:00:00,99204.96244670232,95654.13397260277,163321,93755.0
2024-05-20 23:00:00,94134.83343307118,86473.0,163620,86016.0
2024-05-21 00:00:00,92679.3231217016,82117.09780821917,152566,80007.0
2024-05-21 01:00:00,92679.3231217016,77772.14136986302,152920,75813.0
2024-05-21 02:00:00,92679.3231217016,74724.02739726027,153680,73069.0
2024-05-21 03:00:00,92679.3231217016,74759.14520547945,154104,71542.0
2024-05-21 04:00:00,92679.3231217016,73061.80164383561,154140,71677.0
2024-05-21 05:00:00,92679.3231217016,78675.7293150685,153893,74425.0
2024-05-21 06:00:00,92679.3231217016,81397.74876712328,154669,79186.0
2024-05-21 07:00:00,93514.7072505474,85988.5589041096,156620,84135.0
2024-05-21 08:00:00,94327.92907885987,89159.11780821918,158683,87595.0
2024-05-21 09:00:00,95450.316597224,95575.0,159937,90471.0
2024-05-21 10:00:00,101743.9800329198,98957.0,162113,94795.0
2024-05-21 11:00:00,106067.40916376552,101569.77808219178,162765,99588.0
2024-05-21 12:00:00,112239.8762330241,107316.16082191782,163306,104200.0
2024-05-21 13:00:00,115502.26970954592,109724.77178082192,163225,108378.0
2024-05-21 14:00:00,115513.54902658272,112532.0,163327,112002.0
2024-05-21 15:00:00,119824.53698810434,119650.0,164176,115388.0
2024-05-21 16:00:00,132540.56409793024,119010.57397260274,164091,118600.0
2024-05-21 17:00:00,137287.911317552,120112.0,164119,120914.0
2024-05-21 18:00:00,137287.911317552,119010.57397260274,162704,120511.0
2024-05-21 19:00:00,124001.38272211212,114872.2389041096,160356,117559.0
2024-05-21 20:00:00,116374.84942125872,112173.0,165383,113802.0
2024-05-21 21:00:00,115420.76438491268,109367.0,165826,110106.0
2024-05-21 22:00:00,105371.2778700864,103959.0,165796,101964.0
2024-05-21 23:00:00,94491.12740286293,93652.25698630136,166389,93730.0
2024-05-22 00:00:00,93382.98443831716,86611.0,159299,86889.0
2024-05-22 01:00:00,92679.3231217016,81340.1701369863,159268,82054.0
2024-05-22 02:00:00,92679.3231217016,77778.0,159169,78683.0
2024-05-22 03:00:00,92679.3231217016,78752.0,159174,76386.0
2024-05-22 04:00:00,92679.3231217016,78752.0,159343,76011.0
2024-05-22 05:00:00,92679.3231217016,81759.0,158839,78153.0
2024-05-22 06:00:00,93382.98443831716,86555.18027397261,159484,82884.0
2024-05-22 07:00:00,94327.92907885987,89921.24273972603,160814,87988.0
2024-05-22 08:00:00,95450.316597224,93410.12356164384,161678,91327.0
2024-05-22 09:00:00,100714.27921452606,96308.2378082192,162321,94341.0
2024-05-22 10:00:00,106067.40916376552,100606.57178082192,162283,97911.0
2024-05-22 11:00:00,110669.61907692369,106349.0,163265,101864.0
2024-05-22 12:00:00,115420.76438491268,109809.53835616438,164694,105650.0
2024-05-22 13:00:00,115513.54902658272,112601.84547945208,164762,109912.0
2024-05-22 14:00:00,119824.53698810434,118957.27643835616,165156,113337.0
2024-05-22 15:00:00,132540.56409793024,118080.40136986302,164858,116630.0
2024-05-22 16:00:00,137287.911317552,119678.0,164545,119129.0
2024-05-22 17:00:00,142299.2051614486,123727.98821917808,163868,120031.0
2024-05-22 18:00:00,137287.911317552,121399.21095890412,161053,118622.0
2024-05-22 19:00:00,125607.60616047637,114942.0,157904,115540.0
2024-05-22 20:00:00,116374.84942125872,112160.11643835616,166151,112177.0
2024-05-22 21:00:00,115502.26970954592,108753.59479452056,166250,108143.0
2024-05-22 22:00:00,106067.40916376552,101005.0402739726,166568,100261.0
2024-05-22 23:00:00,94491.12740286293,93503.59753424658,166415,92168.0
2024-05-23 00:00:00,94134.83343307118,88387.0,154609,85580.0
2024-05-23 01:00:00,92679.3231217016,85341.0,154126,80990.0
2024-05-23 02:00:00,92679.3231217016,81698.78630136987,154444,77798.0
2024-05-23 03:00:00,92679.3231217016,77987.3298630137,154338,75836.0
2024-05-23 04:00:00,92679.3231217016,77984.37342465753,154251,75692.0
2024-05-23 05:00:00,92679.3231217016,82120.0,153855,78053.0
2024-05-23 06:00:00,93804.97658595216,85324.0,153642,82674.0
2024-05-23 07:00:00,94298.9047292391,91263.0,155930,88006.0
2024-05-23 08:00:00,99204.96244670232,95520.0,157031,91799.0
2024-05-23 09:00:00,105028.41848675102,98594.13808219178,157580,94672.0
2024-05-23 10:00:00,108933.06733769029,101604.4578082192,158991,96568.0
2024-05-23 11:00:00,112561.98385774477,105461.32191780822,160256,98710.0
2024-05-23 12:00:00,115420.76438491268,108336.9002739726,161347,101582.0
2024-05-23 13:00:00,115411.08118914992,109538.0,161659,104711.0
2024-05-23 14:00:00,115513.54902658272,111698.0,161786,107303.0
2024-05-23 15:00:00,118884.55611603551,113312.0,161809,109851.0
2024-05-23 16:00:00,119824.53698810434,119085.0,161690,112469.0
2024-05-23 17:00:00,119824.53698810434,113748.69452054794,160839,113583.0
2024-05-23 18:00:00,118884.55611603551,114119.48767123288,158740,112395.0
2024-05-23 19:00:00,115513.54902658272,109188.06712328768,157689,109551.0
2024-05-23 20:00:00,115502.26970954592,107414.0906849315,166285,106525.0
2024-05-23 21:00:00,110449.89108776508,106349.0,167317,102985.0
2024-05-23 22:00:00,101990.41957035977,97783.0,167340,95986.0
2024-05-23 23:00:00,94327.92907885987,89640.47753424657,167529,88518.0
2024-05-24 00:00:00,93382.98443831716,84553.0,155322,82367.0
2024-05-24 01:00:00,92679.3231217016,82078.77260273973,154968,78134.0
2024-05-24 02:00:00,92679.3231217016,81100.0,155296,75248.0
2024-05-24 03:00:00,92679.3231217016,78034.0,154890,73537.0
2024-05-24 04:00:00,92679.3231217016,78034.0,154764,73359.0
2024-05-24 05:00:00,92679.3231217016,81213.88986301371,154803,75696.0
2024-05-24 06:00:00,93041.2930177194,83889.86684931508,155560,80015.0
2024-05-24 07:00:00,94134.83343307118,88373.1008219178,156291,84930.0
2024-05-24 08:00:00,94491.12740286293,92395.0,157598,89314.0
2024-05-24 09:00:00,100390.24094382828,94764.3383561644,158897,92932.0
2024-05-24 10:00:00,105371.2778700864,99419.0,159437,96687.0
2024-05-24 11:00:00,110449.89108776508,104760.65534246576,160796,99965.0
2024-05-24 12:00:00,115313.87472507662,107326.53178082193,164047,102747.0
2024-05-24 13:00:00,115513.54902658272,109868.0,164529,105422.0
2024-05-24 14:00:00,118884.55611603551,113312.0,164323,107941.0
2024-05-24 15:00:00,124693.64890014708,116676.86575342466,164886,110273.0
2024-05-24 16:00:00,132540.56409793024,123405.10520547949,164456,112762.0
2024-05-24 17:00:00,133516.29440773558,123405.10520547949,164274,113569.0
2024-05-24 18:00:00,119824.53698810434,117973.0,163289,111994.0
2024-05-24 19:00:00,115513.54902658272,112532.0,161814,108112.0
2024-05-24 20:00:00,115502.26970954592,108759.6704109589,165304,103578.0
2024-05-24 21:00:00,110669.61907692369,107365.0,165635,99806.0
2024-05-24 22:00:00,103992.5426815722,98720.84191780824,165352,93217.0
2024-05-24 23:00:00,94327.92907885987,92732.41315068494,165406,86220.0
2024-05-25 00:00:00,92679.3231217016,86478.63698630137,157860,80243.0
2024-05-25 01:00:00,92679.3231217016,78516.18931506849,158471,75806.0
2024-05-25 02:00:00,92679.3231217016,75821.58684931506,158076,72799.0
2024-05-25 03:00:00,92679.3231217016,76596.0,158236,70863.0
2024-05-25 04:00:00,92679.3231217016,71820.0,158023,69694.0
2024-05-25 05:00:00,92679.3231217016,71661.0,158090,69588.0
2024-05-25 06:00:00,92679.3231217016,74599.0,159318,69940.0
2024-05-25 07:00:00,92679.3231217016,80141.5397260274,160465,72864.0
2024-05-25 08:00:00,92679.3231217016,83574.0,161606,77503.0
2024-05-25 09:00:00,93382.98443831716,86736.96219178083,161597,82586.0
2024-05-25 10:00:00,94327.92907885987,89891.68602739726,162286,87178.0
2024-05-25 11:00:00,98177.71798127398,94134.70739726028,162560,91537.0
2024-05-25 12:00:00,101990.41957035977,97758.53479452054,162630,95141.0
2024-05-25 13:00:00,105371.2778700864,99580.49753424658,163316,98341.0
2024-05-25 14:00:00,110279.13570378444,104057.0,163066,100896.0
2024-05-25 15:00:00,112936.71227701013,107347.0,162801,103269.0
2024-05-25 16:00:00,115246.49300634468,109761.4487671233,162552,105472.0
2024-05-25 17:00:00,115502.26970954592,112466.57726027396,161598,106478.0
2024-05-25 18:00:00,115246.49300634468,110489.1605479452,160243,105314.0
2024-05-25 19:00:00,110669.61907692369,107365.0,158848,102378.0
2024-05-25 20:00:00,108933.06733769029,103193.75397260276,167727,98720.0
2024-05-25 21:00:00,103992.5426815722,98751.43698630136,167426,95363.0
2024-05-25 22:00:00,94298.9047292391,93172.57890410958,167669,90072.0
2024-05-25 23:00:00,93382.98443831716,88009.60410958904,167901,84024.0
2024-05-26 00:00:00,92679.3231217016,83499.98054794522,157864,78786.0
2024-05-26 01:00:00,92679.3231217016,79510.37671232877,158525,74378.0
2024-05-26 02:00:00,92679.3231217016,74586.52328767124,159070,71596.0
2024-05-26 03:00:00,92679.3231217016,72790.16136986301,159686,69562.0
2024-05-26 04:00:00,92679.3231217016,72185.0,160146,68418.0
2024-05-26 05:00:00,92679.3231217016,72185.0,160642,68148.0
2024-05-26 06:00:00,92679.3231217016,72509.0,161170,68099.0
2024-05-26 07:00:00,92679.3231217016,74796.49397260274,162315,70628.0
2024-05-26 08:00:00,92679.3231217016,77497.0,163565,75449.0
2024-05-26 09:00:00,92679.3231217016,83094.56328767123,164802,80919.0
2024-05-26 10:00:00,94134.83343307118,87363.07013698631,166108,86092.0
2024-05-26 11:00:00,94491.12740286293,91509.0,165785,91082.0
2024-05-26 12:00:00,101743.9800329198,95883.22273972604,165519,95546.0
2024-05-26 13:00:00,106067.40916376552,101874.2301369863,165399,98660.0
2024-05-26 14:00:00,110449.89108776508,104774.0,164535,100545.0
2024-05-26 15:00:00,115246.49300634468,110489.1605479452,164193,101889.0
2024-05-26 16:00:00,115502.26970954592,108890.0,164595,102600.0
2024-05-26 17:00:00,115513.54902658272,112319.0,163201,102719.0
2024-05-26 18:00:00,115411.08118914992,112279.0,162546,101012.0
2024-05-26 19:00:00,115502.26970954592,109731.63397260274,161074,98043.0
2024-05-26 20:00:00,115246.49300634468,108322.0,169024,95515.0
2024-05-26 21:00:00,109161.28564507312,104259.77315068494,169112,93144.0
2024-05-26 22:00:00,99487.46394458582,96270.8389041096,169706,88400.0
2024-05-26 23:00:00,94134.83343307118,89673.55534246576,169783,82580.0
2024-05-27 00:00:00,92679.3231217016,86488.02164383561,161837,77483.0
2024-05-27 01:00:00,92679.3231217016,80822.0,162405,73836.0
2024-05-27 02:00:00,92679.3231217016,76362.41068493151,162256,71249.0
2024-05-27 03:00:00,92679.3231217016,74998.5210958904,162688,69801.0
2024-05-27 04:00:00,92679.3231217016,71820.0,162652,69465.0
2024-05-27 05:00:00,92679.3231217016,71820.0,162919,69723.0
2024-05-27 06:00:00,92679.3231217016,74998.5210958904,163819,70390.0
2024-05-27 07:00:00,92679.3231217016,73709.99287671233,165096,72193.0
2024-05-27 08:00:00,92679.3231217016,81733.58547945206,166396,76123.0
2024-05-27 09:00:00,92679.3231217016,86488.02164383561,166978,80412.0
2024-05-27 10:00:00,93514.7072505474,89716.0,167380,84689.0
2024-05-27 11:00:00,94327.92907885987,90274.37643835616,167450,87858.0
2024-05-27 12:00:00,94491.12740286293,92395.0,168805,89984.0
2024-05-27 13:00:00,99204.96244670232,94647.0,169886,91256.0
2024-05-27 14:00:00,100714.27921452606,95706.1591780822,170780,92075.0
2024-05-27 15:00:00,105028.41848675102,99664.03369863014,171610,93303.0
2024-05-27 16:00:00,106067.40916376552,100766.0,170702,95571.0
2024-05-27 17:00:00,109652.05424873118,104278.0,169764,97420.0
2024-05-27 18:00:00,108933.06733769029,104278.0,168269,96864.0
2024-05-27 19:00:00,106067.40916376552,100949.87369863014,166202,95487.0
2024-05-27 20:00:00,105028.41848675102,101192.42301369864,169809,93454.0
2024-05-27 21:00:00,101743.9800329198,97783.0,169642,90997.0
2024-05-27 22:00:00,94327.92907885987,91655.21424657534,169822,85455.0
2024-05-27 23:00:00,93382.98443831716,85115.36219178082,169897,79390.0
2024-05-28 00:00:00,92679.3231217016,79273.03863013699,160296,74570.0
2024-05-28 01:00:00,92679.3231217016,74324.69095890412,159941,71035.0
2024-05-28 02:00:00,92679.3231217016,73222.0,159594,69054.0
2024-05-28 03:00:00,92679.3231217016,71428.33479452055,159884,68041.0
2024-05-28 04:00:00,92679.3231217016,71454.53178082191,160053,68670.0
2024-05-28 05:00:00,92679.3231217016,73709.99287671233,160186,71553.0
2024-05-28 06:00:00,92679.3231217016,78773.0,161708,76466.0
2024-05-28 07:00:00,93382.98443831716,84553.0,163529,81753.0
2024-05-28 08:00:00,94134.83343307118,87312.0,164820,85190.0
2024-05-28 09:00:00,94327.92907885987,90307.0,165454,87671.0
2024-05-28 10:00:00,97554.6989626052,94082.6797260274,166168,90414.0
2024-05-28 11:00:00,99693.10790253672,95589.0,165970,93046.0
2024-05-28 12:00:00,104976.16326014204,97312.31479452054,167303,95796.0
2024-05-28 13:00:00,106067.40916376552,100376.0,168365,98553.0
2024-05-28 14:00:00,108933.06733769029,100345.09780821916,169688,100211.0
2024-05-28 15:00:00,110449.89108776508,104057.0,170057,101760.0
2024-05-28 16:00:00,112239.8762330241,107340.84301369864,170442,103263.0
2024-05-28 17:00:00,112936.71227701013,107919.0,170473,103784.0
2024-05-28 18:00:00,112239.8762330241,107347.0,168786,102587.0
2024-05-28 19:00:00,109652.05424873118,104208.7,167102,100307.0
2024-05-28 20:00:00,106067.40916376552,101011.16493150684,171583,97028.0
2024-05-28 21:00:00,102418.92091669264,97972.7109589041,171271,94006.0
2024-05-28 22:00:00,94327.92907885987,91671.0,171074,87703.0
2024-05-28 23:00:00,93041.2930177194,85158.0,171341,81105.0
2024-05-29 00:00:00,92679.3231217016,80157.0,160481,75818.0
2024-05-29 01:00:00,92679.3231217016,73446.55753424657,160431,72208.0
2024-05-29 02:00:00,92679.3231217016,70512.0,159730,69743.0
2024-05-29 03:00:00,92679.3231217016,69827.0,159836,68594.0
2024-05-29 04:00:00,92679.3231217016,70403.33561643836,159941,68948.0
2024-05-29 05:00:00,92679.3231217016,73855.16575342466,159716,71505.0
2024-05-29 06:00:00,92679.3231217016,79023.63178082192,159814,76078.0
2024-05-29 07:00:00,92797.55325314232,83746.17095890411,159937,80509.0
2024-05-29 08:00:00,93514.7072505474,85283.15917808219,161973,83131.0
2024-05-29 09:00:00,94134.83343307118,87360.55397260273,160351,84916.0
2024-05-29 10:00:00,94327.92907885987,88833.61315068493,164702,87001.0
2024-05-29 11:00:00,94298.9047292391,90735.94794520548,164668,89257.0
2024-05-29 12:00:00,94491.12740286293,93015.89232876712,165798,91348.0
2024-05-29 13:00:00,98485.3522952513,91753.52465753425,165964,92737.0
2024-05-29 14:00:00,99204.96244670232,95726.9002739726,163255,93247.0
2024-05-29 15:00:00,100058.33210454736,95724.0,167252,93546.0
2024-05-29 16:00:00,103835.88987989083,97967.12356164384,166763,94462.0
2024-05-29 17:00:00,105028.41848675102,96973.90657534248,167324,94734.0
2024-05-29 18:00:00,103992.5426815722,97241.93726027396,165927,93570.0
2024-05-29 19:00:00,100390.24094382828,97216.0,164304,91891.0
2024-05-29 20:00:00,99204.96244670232,92730.70684931507,170431,90363.0
2024-05-29 21:00:00,94491.12740286293,94805.6895890411,170676,88169.0
2024-05-29 22:00:00,93514.7072505474,89989.27068493151,170660,83144.0
2024-05-29 23:00:00,92679.3231217016,78915.75095890411,171312,77501.0
2024-05-30 00:00:00,92679.3231217016,75195.0,160755,73040.0
2024-05-30 01:00:00,92679.3231217016,71261.0,159591,70082.0
2024-05-30 02:00:00,92679.3231217016,69827.0,159821,68266.0
2024-05-30 03:00:00,92679.3231217016,67555.94219178082,159878,67481.0
2024-05-30 04:00:00,92679.3231217016,69228.65671232877,160328,67894.0
2024-05-30 05:00:00,92679.3231217016,72019.0,161117,70563.0
2024-05-30 06:00:00,92679.3231217016,78486.7605479452,164041,74745.0
2024-05-30 07:00:00,92679.3231217016,85061.96191780822,164672,78612.0
2024-05-30 08:00:00,93382.98443831716,84553.0,164612,80599.0
2024-05-30 09:00:00,93382.98443831716,85734.53479452054,166243,81766.0
2024-05-30 10:00:00,94134.83343307118,86377.0,166047,82703.0
2024-05-30 11:00:00,94134.83343307118,87482.04,166210,83408.0
2024-05-30 12:00:00,94134.83343307118,88440.65315068493,167216,84463.0
2024-05-30 13:00:00,94327.92907885987,88977.59890410959,166867,85641.0
2024-05-30 14:00:00,94327.92907885987,91651.82383561644,168020,86885.0
2024-05-30 15:00:00,94298.9047292391,92880.0,168486,88564.0
2024-05-30 16:00:00,95450.316597224,94219.9893150685,169144,90866.0
2024-05-30 17:00:00,99043.97248374922,94647.0,169409,92024.0
2024-05-30 18:00:00,99043.97248374922,93866.9589041096,167970,91954.0
2024-05-30 19:00:00,97554.6989626052,94219.9893150685,165314,91055.0
2024-05-30 20:00:00,94491.12740286293,95780.25780821918,172998,89312.0
2024-05-30 21:00:00,94327.92907885987,90812.6791780822,173078,87593.0
2024-05-30 22:00:00,93382.98443831716,84748.58767123288,173264,82284.0
2024-05-30 23:00:00,92679.3231217016,79034.0,173600,76499.0
2024-05-31 00:00:00,92679.3231217016,73205.53397260275,163119,71723.0
2024-05-31 01:00:00,92679.3231217016,69820.13780821918,163260,68656.0
2024-05-31 02:00:00,92679.3231217016,67060.0,163381,66919.0
2024-05-31 03:00:00,92679.3231217016,68363.0,163108,66103.0
2024-05-31 04:00:00,92679.3231217016,67546.21342465753,163854,66690.0
2024-05-31 05:00:00,92679.3231217016,72313.0,163831,69240.0
2024-05-31 06:00:00,92679.3231217016,75786.53178082191,165458,73314.0
2024-05-31 07:00:00,92679.3231217016,83167.0,168336,76968.0
2024-05-31 08:00:00,92679.3231217016,83685.25780821918,169064,79148.0
2024-05-31 09:00:00,93200.12394718891,84802.0,169529,80403.0
2024-05-31 10:00:00,93382.98443831716,86624.01287671232,169889,81594.0
2024-05-31 11:00:00,93514.7072505474,85449.31698630138,169682,82544.0
2024-05-31 12:00:00,94134.83343307118,87486.0,170943,83509.0
2024-05-31 13:00:00,94134.83343307118,89550.0,170891,84639.0
2024-05-31 14:00:00,94327.92907885987,90027.0,171062,86177.0
2024-05-31 15:00:00,94298.9047292391,91237.07013698632,172136,88287.0
2024-05-31 16:00:00,94673.18508432285,94112.0,172413,91286.0
2024-05-31 17:00:00,98648.58090725508,94095.15643835616,172100,93402.0
2024-05-31 18:00:00,97996.57811032502,94112.0,170650,93705.0
2024-05-31 19:00:00,94491.12740286293,94112.0,168630,91928.0
2024-05-31 20:00:00,94327.92907885987,89974.40630136986,175342,89091.0
2024-05-31 21:00:00,94134.83343307118,89547.80301369863,176145,86698.0
2024-05-31 22:00:00,92797.55325314232,84284.1991780822,175942,81737.0
2024-05-31 23:00:00,92679.3231217016,77975.94794520548,175989,76270.0
2024-06-01 00:00:00,92679.3231217016,73839.0,164640,71451.0
2024-06-01 01:00:00,92679.3231217016,70612.61671232877,164286,68126.0
2024-06-01 02:00:00,92679.3231217016,67257.0,164944,65859.0
2024-06-01 03:00:00,92679.3231217016,65922.40904109589,164934,64650.0
2024-06-01 04:00:00,92679.3231217016,65686.0,165331,64196.0
2024-06-01 05:00:00,92679.3231217016,66482.56684931507,165801,64485.0
2024-06-01 06:00:00,92679.3231217016,68976.0,167549,65429.0
2024-06-01 07:00:00,92679.3231217016,70612.61671232877,170288,67650.0
2024-06-01 08:00:00,92679.3231217016,73620.1493150685,172116,70457.0
2024-06-01 09:00:00,92679.3231217016,79587.0,172254,73113.0
2024-06-01 10:00:00,92679.3231217016,79863.0,172622,75478.0
2024-06-01 11:00:00,92679.3231217016,83741.80191780822,173532,77858.0
2024-06-01 12:00:00,92797.55325314232,86640.0,174851,80125.0
2024-06-01 13:00:00,93382.98443831716,86628.0,174638,82401.0
2024-06-01 14:00:00,94134.83343307118,88365.08438356164,174154,85050.0
2024-06-01 15:00:00,94327.92907885987,93683.18410958906,173094,88210.0
2024-06-01 16:00:00,94626.54430756312,92850.0,172280,91308.0
2024-06-01 17:00:00,98811.21062208444,96939.26273972602,171501,93248.0
2024-06-01 18:00:00,98811.21062208444,96915.93671232877,169252,93303.0
2024-06-01 19:00:00,94626.54430756312,93617.0,167915,91179.0
2024-06-01 20:00:00,94298.9047292391,89924.0,176840,88756.0
2024-06-01 21:00:00,94327.92907885987,89177.73260273974,176563,86868.0
2024-06-01 22:00:00,93200.12394718891,84781.0,177163,82560.0
2024-06-01 23:00:00,92679.3231217016,77876.0,177330,77300.0
2024-06-02 00:00:00,92679.3231217016,74807.0,166326,72742.0
2024-06-02 01:00:00,92679.3231217016,71667.21561643836,165976,69319.0
2024-06-02 02:00:00,92679.3231217016,68868.0,165846,66845.0
2024-06-02 03:00:00,92679.3231217016,66498.0,166066,65479.0
2024-06-02 04:00:00,92679.3231217016,65686.0,166121,64813.0
2024-06-02 05:00:00,92679.3231217016,65686.0,166106,64659.0
2024-06-02 06:00:00,92679.3231217016,66498.0,166596,65004.0
2024-06-02 07:00:00,92679.3231217016,69721.38767123288,167330,67022.0
2024-06-02 08:00:00,92679.3231217016,72651.0,167926,70187.0
2024-06-02 09:00:00,92679.3231217016,77751.0,168614,73404.0
2024-06-02 10:00:00,92679.3231217016,79438.0,169211,76448.0
2024-06-02 11:00:00,92679.3231217016,83748.39287671233,170497,79504.0
2024-06-02 12:00:00,93382.98443831716,88553.55726027398,170826,82522.0
2024-06-02 13:00:00,94134.83343307118,88305.73890410959,171019,85116.0
2024-06-02 14:00:00,94327.92907885987,89898.95726027398,170772,87838.0
2024-06-02 15:00:00,94491.12740286293,93508.75095890411,169896,89918.0
2024-06-02 16:00:00,99204.96244670232,98305.461369863,169914,92162.0
2024-06-02 17:00:00,101990.41957035977,100614.43671232878,169255,94415.0
2024-06-02 18:00:00,103835.88987989083,100697.0,168481,94884.0
2024-06-02 19:00:00,100390.24094382828,99506.0,167526,94230.0
2024-06-02 20:00:00,99043.97248374922,95882.0,176530,93757.0
2024-06-02 21:00:00,94491.12740286293,93654.94219178082,176712,92020.0
2024-06-02 22:00:00,94134.83343307118,90538.0,176917,87578.0
2024-06-02 23:00:00,92679.3231217016,83790.0,177078,81861.0
2024-06-03 00:00:00,92679.3231217016,78663.0,163940,77096.0
2024-06-03 01:00:00,92679.3231217016,77751.0,164019,73723.0
2024-06-03 02:00:00,92679.3231217016,73338.0,163999,71709.0
2024-06-03 03:00:00,92679.3231217016,71205.0,164142,70784.0
2024-06-03 04:00:00,92679.3231217016,71205.0,164883,71495.0
2024-06-03 05:00:00,92679.3231217016,73827.0,165260,74525.0
2024-06-03 06:00:00,92679.3231217016,80402.41835616439,166615,79255.0
2024-06-03 07:00:00,93382.98443831716,84396.20136986302,167602,84689.0
2024-06-03 08:00:00,94327.92907885987,90274.37643835616,169326,88980.0
2024-06-03 09:00:00,94673.18508432285,93617.0,170527,92719.0
2024-06-03 10:00:00,101743.9800329198,99876.65671232875,171576,96591.0
2024-06-03 11:00:00,106067.40916376552,101046.21342465752,171756,100439.0
2024-06-03 12:00:00,112239.8762330241,110062.0,173217,104517.0
2024-06-03 13:00:00,115502.26970954592,113049.0,172641,108999.0
2024-06-03 14:00:00,115513.54902658272,112609.0,172720,112697.0
2024-06-03 15:00:00,119218.49284708383,113715.0,173028,115688.0
2024-06-03 16:00:00,126149.47620437866,118517.0,173048,118650.0
2024-06-03 17:00:00,133516.29440773558,122297.80684931508,172336,120465.0
2024-06-03 18:00:00,132540.56409793024,118506.01506849316,170820,119437.0
2024-06-03 19:00:00,119824.53698810434,114579.0,167475,117174.0
2024-06-03 20:00:00,115513.54902658272,111207.0,173293,113155.0
2024-06-03 21:00:00,115246.49300634468,110581.0,173992,109110.0
2024-06-03 22:00:00,105028.41848675102,102787.97342465754,174451,101401.0
2024-06-03 23:00:00,94298.9047292391,90959.36191780822,174698,93501.0
2024-06-04 00:00:00,94134.83343307118,87876.0,164790,86590.0
2024-06-04 01:00:00,92797.55325314232,86640.0,164574,81696.0
2024-06-04 02:00:00,92679.3231217016,82573.0,164143,78226.0
2024-06-04 03:00:00,92679.3231217016,79427.04219178083,163561,76114.0
2024-06-04 04:00:00,92679.3231217016,79034.0,163007,75994.0
2024-06-04 05:00:00,92679.3231217016,83724.52438356166,162598,78209.0
2024-06-04 06:00:00,93514.7072505474,85643.0,163600,82761.0
2024-06-04 07:00:00,94298.9047292391,93149.90383561644,165104,88763.0
2024-06-04 08:00:00,100714.27921452606,97830.53068493152,166086,94078.0
2024-06-04 09:00:00,106067.40916376552,100949.87369863014,166897,99005.0
2024-06-04 10:00:00,115182.93192576164,109112.0,168462,104684.0
2024-06-04 11:00:00,115513.54902658272,112570.97315068492,169265,110318.0
2024-06-04 12:00:00,124001.38272211212,116479.14520547944,169600,115283.0
2024-06-04 13:00:00,142299.2051614486,125337.00219178082,169496,119819.0
2024-06-04 14:00:00,142157.09459214125,122073.0,168843,122906.0
2024-06-04 15:00:00,144554.56394859767,128453.65424657534,169398,125141.0
2024-06-04 16:00:00,145657.13324780838,131438.0,169540,126722.0
2024-06-04 17:00:00,145657.13324780838,131364.0890410959,170195,126616.0
2024-06-04 18:00:00,145173.021313832,128453.65424657534,167721,124157.0
2024-06-04 19:00:00,142157.09459214125,122686.90876712328,166319,119884.0
2024-06-04 20:00:00,133516.29440773558,122436.0,171976,115370.0
2024-06-04 21:00:00,116186.28886461792,116759.69232876714,171782,111276.0
2024-06-04 22:00:00,112936.71227701013,106163.18520547946,172663,103780.0
2024-06-04 23:00:00,100953.1346132427,99506.0,174151,95806.0
2024-06-05 00:00:00,94298.9047292391,91857.0,166690,89042.0
2024-06-05 01:00:00,93382.98443831716,85699.59479452056,166940,84100.0
2024-06-05 02:00:00,92679.3231217016,82920.0,166686,80861.0
2024-06-05 03:00:00,92679.3231217016,80836.7002739726,166330,79061.0
2024-06-05 04:00:00,92679.3231217016,82573.0,166211,78939.0
2024-06-05 05:00:00,92679.3231217016,83121.47397260273,165792,81515.0
2024-06-05 06:00:00,94134.83343307118,88986.89726027397,166238,86353.0
2024-06-05 07:00:00,97554.6989626052,95510.93479452057,166182,91630.0
2024-06-05 08:00:00,103992.5426815722,99518.86191780824,166310,95623.0
2024-06-05 09:00:00,106067.40916376552,102193.39205479452,166375,98648.0
2024-06-05 10:00:00,111228.28732467044,106349.0,167863,101999.0
2024-06-05 11:00:00,115420.76438491268,112540.0,167373,105347.0
2024-06-05 12:00:00,115513.54902658272,114581.02109589042,168776,109255.0
2024-06-05 13:00:00,119824.53698810434,114579.0,168731,112644.0
2024-06-05 14:00:00,128485.7743515321,122436.0,168624,115093.0
2024-06-05 15:00:00,137287.911317552,124583.0,168145,116757.0
2024-06-05 16:00:00,142299.2051614486,125541.0,169803,117338.0
2024-06-05 17:00:00,142299.2051614486,125541.0,169418,117359.0
2024-06-05 18:00:00,137287.911317552,124583.0,168174,115464.0
2024-06-05 19:00:00,124001.38272211212,117917.07178082192,166761,113165.0
2024-06-05 20:00:00,115513.54902658272,116727.03589041096,173504,110737.0
2024-06-05 21:00:00,115502.26970954592,111439.0,173454,107117.0
2024-06-05 22:00:00,106067.40916376552,107235.0,173432,100939.0
2024-06-05 23:00:00,95450.316597224,93606.04219178084,173921,93825.0
2024-06-06 00:00:00,94134.83343307118,87865.04219178083,165246,88087.0
2024-06-06 01:00:00,92797.55325314232,84035.23287671233,165920,83967.0
2024-06-06 02:00:00,92679.3231217016,81373.57534246576,166521,81259.0
2024-06-06 03:00:00,92679.3231217016,79535.0,166650,79557.0
2024-06-06 04:00:00,92679.3231217016,79863.0,166410,79619.0
2024-06-06 05:00:00,92679.3231217016,83105.8194520548,166312,82055.0
2024-06-06 06:00:00,94134.83343307118,90478.00328767124,167397,86594.0
2024-06-06 07:00:00,94673.18508432285,95575.0,168456,92187.0
2024-06-06 08:00:00,103835.88987989083,98419.0,168752,96653.0
2024-06-06 09:00:00,106067.40916376552,107045.84219178084,170684,100537.0
2024-06-06 10:00:00,112239.8762330241,106210.0,171808,104196.0
2024-06-06 11:00:00,115502.26970954592,108690.0,173021,107871.0
2024-06-06 12:00:00,115513.54902658272,111525.8087671233,174514,110937.0
2024-06-06 13:00:00,119824.53698810434,119634.67534246577,175210,113726.0
2024-06-06 14:00:00,132540.56409793024,122436.0,176020,116011.0
2024-06-06 15:00:00,137287.911317552,124583.0,176022,117401.0
2024-06-06 16:00:00,142299.2051614486,125541.0,176396,118639.0
2024-06-06 17:00:00,142299.2051614486,125541.0,176085,119074.0
2024-06-06 18:00:00,137287.911317552,124583.0,176583,118135.0
2024-06-06 19:00:00,119824.53698810434,119001.16191780823,174529,115378.0
2024-06-06 20:00:00,115513.54902658272,112519.14356164384,175203,110969.0
2024-06-06 21:00:00,115420.76438491268,112540.0,175207,106876.0
2024-06-06 22:00:00,106067.40916376552,101018.0,175086,99985.0
2024-06-06 23:00:00,94626.54430756312,93213.0,175188,92279.0
2024-06-07 00:00:00,94134.83343307118,87795.0,168473,85473.0
2024-06-07 01:00:00,92679.3231217016,83105.8194520548,168202,80612.0
2024-06-07 02:00:00,92679.3231217016,79863.0,167985,77474.0
2024-06-07 03:00:00,92679.3231217016,77950.47753424657,168081,75458.0
2024-06-07 04:00:00,92679.3231217016,77344.63041095891,168804,74957.0
2024-06-07 05:00:00,92679.3231217016,78448.50109589042,169668,76825.0
2024-06-07 06:00:00,93200.12394718891,84408.0,172174,80733.0
2024-06-07 07:00:00,94327.92907885987,88161.3205479452,174274,85841.0
2024-06-07 08:00:00,94626.54430756312,93888.5205479452,175736,90223.0
2024-06-07 09:00:00,99487.46394458582,98893.2394520548,177246,94142.0
2024-06-07 10:00:00,105028.41848675102,99813.0,179996,97491.0
2024-06-07 11:00:00,108933.06733769029,107073.50794520548,180749,100363.0
2024-06-07 12:00:00,110449.89108776508,106292.93616438356,181294,102736.0
2024-06-07 13:00:00,115246.49300634468,111026.0,181267,104509.0
2024-06-07 14:00:00,115420.76438491268,112459.28109589042,180698,106391.0
2024-06-07 15:00:00,115502.26970954592,109518.0,180578,107715.0
2024-06-07 16:00:00,115411.08118914992,110022.0,180504,109189.0
2024-06-07 17:00:00,115411.08118914992,111187.36273972604,180088,109526.0
2024-06-07 18:00:00,115420.76438491268,112459.28109589042,177487,107427.0
2024-06-07 19:00:00,112239.8762330241,109957.52109589042,172767,103248.0
2024-06-07 20:00:00,108637.26447077382,107235.0,176220,98837.0
2024-06-07 21:00:00,104316.4683735078,99254.68630136987,175928,95433.0
2024-06-07 22:00:00,94491.12740286293,93906.17780821916,176018,89886.0
2024-06-07 23:00:00,93382.98443831716,84764.2106849315,176524,83533.0
2024-06-08 00:00:00,92679.3231217016,80845.0,164983,77508.0
2024-06-08 01:00:00,92679.3231217016,77964.53726027398,165474,73115.0
2024-06-08 02:00:00,92679.3231217016,72524.6704109589,164740,70231.0
2024-06-08 03:00:00,92679.3231217016,70716.8087671233,164989,68465.0
2024-06-08 04:00:00,92679.3231217016,70537.66684931506,165182,67716.0
2024-06-08 05:00:00,92679.3231217016,69629.0,166419,67459.0
2024-06-08 06:00:00,92679.3231217016,70641.39260273972,167616,68369.0
2024-06-08 07:00:00,92679.3231217016,73671.10493150685,169970,71127.0
2024-06-08 08:00:00,92679.3231217016,77723.0,171380,74965.0
2024-06-08 09:00:00,92679.3231217016,82256.0,171692,78584.0
2024-06-08 10:00:00,93382.98443831716,86628.0,172919,81511.0
2024-06-08 11:00:00,94134.83343307118,89168.45698630137,173361,84167.0
2024-06-08 12:00:00,94298.9047292391,92999.2991780822,175206,86615.0
2024-06-08 13:00:00,98648.58090725508,95614.91616438355,175943,89067.0
2024-06-08 14:00:00,100714.27921452606,97635.1493150685,176403,91605.0
2024-06-08 15:00:00,105028.41848675102,100485.0,177222,94295.0
2024-06-08 16:00:00,108933.06733769029,104640.37452054796,176558,97246.0
2024-06-08 17:00:00,110449.89108776508,106256.0,175494,98857.0
2024-06-08 18:00:00,110279.13570378444,106256.0,173612,98801.0
2024-06-08 19:00:00,106067.40916376552,101239.0,171109,96765.0
2024-06-08 20:00:00,103835.88987989083,98439.14356164384,176781,93603.0
2024-06-08 21:00:00,99204.96244670232,95882.0,176853,91272.0
2024-06-08 22:00:00,94327.92907885987,89631.39123287672,176541,86899.0
2024-06-08 23:00:00,92679.3231217016,86640.0,176576,81557.0
2024-06-09 00:00:00,92679.3231217016,78640.0,167102,76386.0
2024-06-09 01:00:00,92679.3231217016,74486.0,166961,72543.0
2024-06-09 02:00:00,92679.3231217016,71937.0,166900,69950.0
2024-06-09 03:00:00,92679.3231217016,69629.0,167043,68235.0
2024-06-09 04:00:00,92679.3231217016,68532.39260273972,168044,67527.0
2024-06-09 05:00:00,92679.3231217016,69129.0,168121,67511.0
2024-06-09 06:00:00,92679.3231217016,71850.0,169493,67723.0
2024-06-09 07:00:00,92679.3231217016,72798.0,170694,69948.0
2024-06-09 08:00:00,92679.3231217016,75271.0,172826,73832.0
2024-06-09 09:00:00,92679.3231217016,80454.41616438357,173833,78112.0
2024-06-09 10:00:00,92797.55325314232,84736.58821917808,174871,81396.0
2024-06-09 11:00:00,94134.83343307118,86768.0,176377,84246.0
2024-06-09 12:00:00,94298.9047292391,90964.0,177992,86798.0
2024-06-09 13:00:00,98648.58090725508,94484.43342465752,178829,89014.0
2024-06-09 14:00:00,100714.27921452606,97653.97287671232,180166,91214.0
2024-06-09 15:00:00,105028.41848675102,100485.0,179564,93583.0
2024-06-09 16:00:00,108933.06733769029,102143.0,180160,96026.0
2024-06-09 17:00:00,110449.89108776508,106256.0,180046,98566.0
2024-06-09 18:00:00,110449.89108776508,106256.0,178648,99031.0
2024-06-09 19:00:00,108933.06733769029,102119.6197260274,175935,97190.0
2024-06-09 20:00:00,105028.41848675102,102864.0,179262,94031.0
2024-06-09 21:00:00,101743.9800329198,97879.0,179665,91355.0
2024-06-09 22:00:00,94298.9047292391,94702.0,179540,86205.0
2024-06-09 23:00:00,93382.98443831716,85147.77452054794,179445,79927.0
2024-06-10 00:00:00,92679.3231217016,77860.0,171638,74847.0
2024-06-10 01:00:00,92679.3231217016,73939.6189041096,170882,71176.0
2024-06-10 02:00:00,92679.3231217016,71348.98575342465,170957,69124.0
2024-06-10 03:00:00,92679.3231217016,70155.14136986302,170782,67949.0
2024-06-10 04:00:00,92679.3231217016,70505.00219178082,170916,68256.0
2024-06-10 05:00:00,92679.3231217016,73526.8087671233,171309,70729.0
2024-06-10 06:00:00,92679.3231217016,79525.24849315069,172242,74894.0
2024-06-10 07:00:00,93382.98443831716,84408.0,174074,79766.0
2024-06-10 08:00:00,94134.83343307118,86041.04,175987,83100.0
2024-06-10 09:00:00,94327.92907885987,90865.0,176893,85551.0
2024-06-10 10:00:00,94298.9047292391,93014.0,176984,87905.0
2024-06-10 11:00:00,97554.6989626052,95575.0,177155,89893.0
2024-06-10 12:00:00,99204.96244670232,99245.4208219178,177110,91790.0
2024-06-10 13:00:00,100714.27921452606,96959.0,177046,93757.0
2024-06-10 14:00:00,103992.5426815722,98451.10493150684,176181,95122.0
2024-06-10 15:00:00,105028.41848675102,102335.6693150685,176170,95555.0
2024-06-10 16:00:00,105371.2778700864,101579.0,176053,96445.0
2024-06-10 17:00:00,107056.98511407408,100942.22493150683,175419,97325.0
2024-06-10 18:00:00,106067.40916376552,100479.47041095892,174470,96982.0
2024-06-10 19:00:00,105028.41848675102,98484.66821917809,172686,95267.0
2024-06-10 20:00:00,101743.9800329198,98957.0,180159,93295.0
2024-06-10 21:00:00,98811.21062208444,95882.0,180921,91112.0
2024-06-10 22:00:00,94134.83343307118,88057.0,181630,85648.0
2024-06-10 23:00:00,92679.3231217016,83742.37150684932,181387,79742.0
2024-06-11 00:00:00,92679.3231217016,75940.0,169580,74865.0
2024-06-11 01:00:00,92679.3231217016,73203.99013698631,168942,71458.0
2024-06-11 02:00:00,92679.3231217016,70500.71671232877,168891,69351.0
2024-06-11 03:00:00,92679.3231217016,70614.0,168846,68403.0
2024-06-11 04:00:00,92679.3231217016,70419.71808219179,168805,68697.0
2024-06-11 05:00:00,92679.3231217016,74413.0,168030,71277.0
2024-06-11 06:00:00,92679.3231217016,79034.0,169550,75321.0
2024-06-11 07:00:00,92679.3231217016,82972.02657534246,171252,79449.0
2024-06-11 08:00:00,93382.98443831716,85632.42191780821,172570,82095.0
2024-06-11 09:00:00,94134.83343307118,90043.70410958905,174231,84055.0
2024-06-11 10:00:00,94327.92907885987,89904.0,174774,85934.0
2024-06-11 11:00:00,94298.9047292391,93892.50767123287,174897,87561.0
2024-06-11 12:00:00,97554.6989626052,95541.36712328768,175364,89460.0
2024-06-11 13:00:00,99204.96244670232,99275.98876712329,175205,91782.0
2024-06-11 14:00:00,101743.9800329198,98957.0,175124,93319.0
2024-06-11 15:00:00,105028.41848675102,100061.0,174974,94927.0
2024-06-11 16:00:00,106067.40916376552,100067.99643835616,175592,96617.0
2024-06-11 17:00:00,108933.06733769029,101093.9008219178,175254,97742.0
2024-06-11 18:00:00,108933.06733769029,101686.0,174523,97446.0
2024-06-11 19:00:00,106067.40916376552,101080.79232876711,172466,96052.0
2024-06-11 20:00:00,104976.16326014204,102864.0,180653,93838.0
2024-06-11 21:00:00,99204.96244670232,97216.0,180849,91934.0
2024-06-11 22:00:00,94327.92907885987,88636.0,180766,86613.0
2024-06-11 23:00:00,92679.3231217016,82215.0,180750,80423.0
2024-06-12 00:00:00,92679.3231217016,76711.49397260274,171728,75479.0
2024-06-12 01:00:00,92679.3231217016,72354.77589041097,172206,72009.0
2024-06-12 02:00:00,92679.3231217016,71098.64465753424,172688,69686.0
2024-06-12 03:00:00,92679.3231217016,69629.0,172682,68487.0
2024-06-12 04:00:00,92679.3231217016,70419.71808219179,172649,68986.0
2024-06-12 05:00:00,92679.3231217016,74357.23452054795,172618,71436.0
2024-06-12 06:00:00,92679.3231217016,78369.18575342467,173322,75504.0
2024-06-12 07:00:00,92679.3231217016,81773.06575342466,174242,80169.0
2024-06-12 08:00:00,93514.7072505474,85970.0,175235,83462.0
2024-06-12 09:00:00,94327.92907885987,89643.0,176250,86528.0
2024-06-12 10:00:00,94626.54430756312,93389.04876712328,176577,89812.0
2024-06-12 11:00:00,100058.33210454736,99302.0,175996,92994.0
2024-06-12 12:00:00,105028.41848675102,100429.88547945206,174765,96370.0
2024-06-12 13:00:00,110279.13570378444,106256.0,175118,100044.0
2024-06-12 14:00:00,115182.93192576164,109743.39698630138,175920,103709.0
2024-06-12 15:00:00,115502.26970954592,111828.94575342466,175514,107128.0
2024-06-12 16:00:00,115513.54902658272,116666.33397260276,175954,110656.0
2024-06-12 17:00:00,118884.55611603551,119650.0,175230,113310.0
2024-06-12 18:00:00,116611.0972241348,116854.0,174722,113370.0
2024-06-12 19:00:00,115513.54902658272,113032.53616438356,172844,111394.0
2024-06-12 20:00:00,115420.76438491268,112453.93780821918,180889,107333.0
2024-06-12 21:00:00,112239.8762330241,107266.42273972604,181362,103829.0
2024-06-12 22:00:00,103992.5426815722,100659.24438356164,181022,97135.0
2024-06-12 23:00:00,94327.92907885987,92732.41315068494,181083,89525.0
2024-06-13 00:00:00,94134.83343307118,88632.18657534246,171886,83151.0
2024-06-13 01:00:00,92679.3231217016,82963.15726027398,171757,78716.0
2024-06-13 02:00:00,92679.3231217016,78735.0,172665,75786.0
2024-06-13 03:00:00,92679.3231217016,76608.03287671233,172914,73936.0
2024-06-13 04:00:00,92679.3231217016,76606.13424657534,172779,73975.0
2024-06-13 05:00:00,92679.3231217016,82409.65013698631,172761,75958.0
2024-06-13 06:00:00,93041.2930177194,82532.0,174227,79903.0
2024-06-13 07:00:00,94327.92907885987,91122.04164383562,175361,85526.0
2024-06-13 08:00:00,99204.96244670232,97216.0,176454,90124.0
2024-06-13 09:00:00,106067.40916376552,101213.99232876713,177671,94518.0
2024-06-13 10:00:00,115246.49300634468,107853.0,178580,100112.0
2024-06-13 11:00:00,115513.54902658272,112953.04657534248,178951,106178.0
2024-06-13 12:00:00,133516.29440773558,122436.0,180102,111749.0
2024-06-13 13:00:00,142157.09459214125,128755.0,179638,116985.0
2024-06-13 14:00:00,145657.13324780838,132712.0,179524,121556.0
2024-06-13 15:00:00,144778.24285425222,135307.0,180116,124983.0
2024-06-13 16:00:00,144569.35218666244,136893.9394520548,179910,127863.0
2024-06-13 17:00:00,144910.3468254061,136911.0,179130,129465.0
2024-06-13 18:00:00,144569.35218666244,136893.9394520548,176491,128131.0
2024-06-13 19:00:00,145676.1695966177,135307.0,173476,124898.0
2024-06-13 20:00:00,144608.2765338529,126531.0,180668,119846.0
2024-06-13 21:00:00,137287.911317552,125086.0,181152,115202.0
2024-06-13 22:00:00,115513.54902658272,114636.0,180898,107679.0
2024-06-13 23:00:00,108933.06733769029,101907.0,180781,99273.0
2024-06-14 00:00:00,94491.12740286293,93177.0,170641,91778.0
2024-06-14 01:00:00,93514.7072505474,87620.0,170544,86030.0
2024-06-14 02:00:00,92679.3231217016,83379.51397260274,170940,82388.0
2024-06-14 03:00:00,92679.3231217016,81367.7709589041,170961,79830.0
2024-06-14 04:00:00,92679.3231217016,82515.66136986302,170826,79079.0
2024-06-14 05:00:00,92679.3231217016,82919.26767123288,170401,80578.0
2024-06-14 06:00:00,93514.7072505474,87620.0,171509,84212.0
2024-06-14 07:00:00,94491.12740286293,93896.92876712327,173651,90098.0
2024-06-14 08:00:00,103436.93264425,97642.39479452054,174189,96105.0
2024-06-14 09:00:00,109652.05424873118,104077.0,174142,101631.0
2024-06-14 10:00:00,115502.26970954592,107414.61315068492,174722,107275.0
2024-06-14 11:00:00,116888.84701197685,119085.0,175144,112727.0
2024-06-14 12:00:00,137287.911317552,122436.0,176239,117786.0
2024-06-14 13:00:00,142157.09459214125,125471.88986301373,176352,121462.0
2024-06-14 14:00:00,145654.20576810944,131393.19232876712,176417,124140.0
2024-06-14 15:00:00,145657.13324780838,131438.0,175472,125351.0
2024-06-14 16:00:00,145676.1695966177,133989.38712328768,175701,125698.0
2024-06-14 17:00:00,145657.13324780838,131438.0,175188,123901.0
2024-06-14 18:00:00,144554.56394859767,126325.0,174443,119523.0
2024-06-14 19:00:00,142299.2051614486,125535.65671232875,172373,114525.0
2024-06-14 20:00:00,119824.53698810434,119085.0,179132,109295.0
2024-06-14 21:00:00,115411.08118914992,112978.3980821918,179435,104431.0
2024-06-14 22:00:00,110449.89108776508,103785.52191780822,179481,97991.0
2024-06-14 23:00:00,99487.46394458582,99506.0,179454,90704.0
2024-06-15 00:00:00,94134.83343307118,89405.9002739726,170173,84207.0
2024-06-15 01:00:00,92679.3231217016,82920.0,170045,79018.0
2024-06-15 02:00:00,92679.3231217016,79278.24630136986,170140,75466.0
2024-06-15 03:00:00,92679.3231217016,79587.0,170262,72977.0
2024-06-15 04:00:00,92679.3231217016,74740.15205479453,169336,71681.0
2024-06-15 05:00:00,92679.3231217016,73758.0,170097,71327.0
2024-06-15 06:00:00,92679.3231217016,74957.0,171856,71597.0
2024-06-15 07:00:00,92679.3231217016,79299.02356164383,173858,74810.0
2024-06-15 08:00:00,92679.3231217016,85275.33452054796,175998,79321.0
2024-06-15 09:00:00,94134.83343307118,88680.07287671234,176627,83774.0
2024-06-15 10:00:00,94626.54430756312,93369.1402739726,177265,87662.0
2024-06-15 11:00:00,103835.88987989083,98404.59753424658,177908,91114.0
2024-06-15 12:00:00,107056.98511407408,107073.50794520548,178758,94692.0
2024-06-15 13:00:00,112239.8762330241,107365.0,179387,97610.0
2024-06-15 14:00:00,115420.76438491268,113775.0,179443,100461.0
2024-06-15 15:00:00,115411.08118914992,112978.3980821918,179338,103585.0
2024-06-15 16:00:00,116374.84942125872,116854.0,179533,107225.0
2024-06-15 17:00:00,119824.53698810434,119650.0,178987,109310.0
2024-06-15 18:00:00,116374.84942125872,116780.79424657534,177910,109260.0
2024-06-15 19:00:00,115502.26970954592,113049.0,174083,106630.0
2024-06-15 20:00:00,114470.47583760836,111010.0,180138,101419.0
2024-06-15 21:00:00,108933.06733769029,100241.0,180663,97310.0
2024-06-15 22:00:00,100390.24094382828,99506.0,180651,91528.0
2024-06-15 23:00:00,94327.92907885987,89028.0,180516,84887.0
2024-06-16 00:00:00,92679.3231217016,81979.0693150685,174475,78924.0
2024-06-16 01:00:00,92679.3231217016,77367.00657534247,174732,74447.0
2024-06-16 02:00:00,92679.3231217016,74458.28,174871,71266.0
2024-06-16 03:00:00,92679.3231217016,71936.53890410959,175064,68966.0
2024-06-16 04:00:00,92679.3231217016,70423.0,175234,67891.0
2024-06-16 05:00:00,92679.3231217016,70419.71808219179,175437,66957.0
2024-06-16 06:00:00,92679.3231217016,70292.99506849315,176491,67178.0
2024-06-16 07:00:00,92679.3231217016,74723.83068493151,178444,70009.0
2024-06-16 08:00:00,92679.3231217016,77253.71397260274,179970,74013.0
2024-06-16 09:00:00,92797.55325314232,83387.0,180110,78713.0
2024-06-16 10:00:00,94134.83343307118,89434.0,180343,83730.0
2024-06-16 11:00:00,99204.96244670232,98343.0,180357,89183.0
2024-06-16 12:00:00,106067.40916376552,108459.69095890412,181220,94856.0
2024-06-16 13:00:00,115246.49300634468,108295.60904109589,181628,100179.0
2024-06-16 14:00:00,115513.54902658272,112442.0,181832,105471.0
2024-06-16 15:00:00,124001.38272211212,119650.0,181316,110589.0
2024-06-16 16:00:00,142299.2051614486,119584.0501369863,181675,114692.0
2024-06-16 17:00:00,142157.09459214125,128598.71561643836,180832,117672.0
2024-06-16 18:00:00,142157.09459214125,122976.56328767123,179150,117030.0
2024-06-16 19:00:00,142299.2051614486,123777.0,176253,114236.0
2024-06-16 20:00:00,126149.47620437866,120146.0,181941,110343.0
2024-06-16 21:00:00,115513.54902658272,116723.91671232878,182402,107130.0
2024-06-16 22:00:00,112936.71227701013,105026.7109589041,182748,101127.0
2024-06-16 23:00:00,102948.55470585694,99324.0,182778,93822.0
2024-06-17 00:00:00,94327.92907885987,91467.0,174996,87459.0
2024-06-17 01:00:00,93382.98443831716,88009.60410958904,174173,83149.0
2024-06-17 02:00:00,92679.3231217016,84995.0,173989,80337.0
2024-06-17 03:00:00,92679.3231217016,82514.30520547945,174119,78791.0
2024-06-17 04:00:00,92679.3231217016,82514.90191780822,173761,79101.0
2024-06-17 05:00:00,92679.3231217016,83971.6797260274,174103,81310.0
2024-06-17 06:00:00,94134.83343307118,88387.0,174698,85850.0
2024-06-17 07:00:00,97554.6989626052,94223.0,176484,92505.0
2024-06-17 08:00:00,105371.2778700864,100076.0,177589,99431.0
2024-06-17 09:00:00,115246.49300634468,106211.03506849316,178352,106055.0
2024-06-17 10:00:00,119824.53698810434,119634.67534246577,178975,113361.0
2024-06-17 11:00:00,142299.2051614486,128655.48465753424,179519,120259.0
2024-06-17 12:00:00,145676.1695966177,135272.2279452055,180723,126883.0
2024-06-17 13:00:00,144569.35218666244,133302.0,180512,132243.0
2024-06-17 14:00:00,151020.97666606752,138053.0,180079,135975.0
2024-06-17 15:00:00,154265.50343990143,143286.198630137,180046,137946.0
2024-06-17 16:00:00,154382.66421990845,143314.0,181027,139069.0
2024-06-17 17:00:00,154382.66421990845,141679.6802739726,180351,139508.0
2024-06-17 18:00:00,154382.66421990845,143314.0,178839,138739.0
2024-06-17 19:00:00,152277.03299177793,137811.0,176333,136321.0
2024-06-17 20:00:00,144569.35218666244,136282.0,180202,131611.0
2024-06-17 21:00:00,145657.13324780838,133989.38712328768,181092,126619.0
2024-06-17 22:00:00,137287.911317552,125086.0,180844,118900.0
2024-06-17 23:00:00,115502.26970954592,110817.27287671232,180921,109750.0
2024-06-18 00:00:00,110279.13570378444,104692.83095890412,173830,101958.0
2024-06-18 01:00:00,101743.9800329198,97374.0,173340,95986.0
2024-06-18 02:00:00,94491.12740286293,92823.41479452056,172732,91602.0
2024-06-18 03:00:00,94327.92907885987,93502.0,172601,88919.0
2024-06-18 04:00:00,94134.83343307118,89434.0,172940,88096.0
2024-06-18 05:00:00,94298.9047292391,94652.36438356164,172946,89753.0
2024-06-18 06:00:00,99487.46394458582,95580.67315068492,173584,93626.0
2024-06-18 07:00:00,108933.06733769029,101645.0,175476,99834.0
2024-06-18 08:00:00,115502.26970954592,108676.058630137,177294,106018.0
2024-06-18 09:00:00,124001.38272211212,116521.2405479452,178685,112337.0
2024-06-18 10:00:00,142157.09459214125,128598.71561643836,179248,118929.0
2024-06-18 11:00:00,144778.24285425222,135252.6178082192,179664,125637.0
2024-06-18 12:00:00,145906.3625040024,137975.80712328767,181089,132210.0
2024-06-18 13:00:00,154265.50343990143,143314.0,181498,137265.0
2024-06-18 14:00:00,154382.66421990845,144552.0,181508,140466.0
2024-06-18 15:00:00,154300.394144053,147020.0,180801,142485.0
2024-06-18 16:00:00,154560.50428545926,148697.2394520548,180443,143058.0
2024-06-18 17:00:00,154560.50428545926,148750.0,179968,143388.0
2024-06-18 18:00:00,154560.50428545926,147020.0,178430,142208.0
2024-06-18 19:00:00,154382.66421990845,143314.0,175897,138605.0
2024-06-18 20:00:00,150123.46256250472,137731.0,180972,133252.0
2024-06-18 21:00:00,144569.35218666244,132524.5610958904,181127,128114.0
2024-06-18 22:00:00,143932.83254862262,128755.0,181244,119783.0
2024-06-18 23:00:00,119824.53698810434,114142.0,181279,110349.0
2024-06-19 00:00:00,115502.26970954592,111654.34383561644,172623,102199.0
2024-06-19 01:00:00,108933.06733769029,101809.0,172237,96160.0
2024-06-19 02:00:00,103835.88987989083,98390.65616438356,171974,91748.0
2024-06-19 03:00:00,98811.21062208444,96949.0,171715,89170.0
2024-06-19 04:00:00,96149.30832351594,94172.79479452057,171333,88278.0
2024-06-19 05:00:00,99204.96244670232,95581.161369863,170782,89351.0
2024-06-19 06:00:00,105028.41848675102,99960.0,171961,92572.0
2024-06-19 07:00:00,112936.71227701013,104422.87726027398,173365,98355.0
2024-06-19 08:00:00,115513.54902658272,112601.84547945208,175328,104694.0
2024-06-19 09:00:00,137287.911317552,117374.75452054794,176032,111062.0
2024-06-19 10:00:00,145657.13324780838,131438.0,177105,117835.0
2024-06-19 11:00:00,144569.35218666244,136911.0,178031,124416.0
2024-06-19 12:00:00,152483.06022829094,138328.4810958904,178772,129998.0
2024-06-19 13:00:00,154382.66421990845,142567.23917808218,179098,134544.0
2024-06-19 14:00:00,154560.50428545926,147020.0,178728,137833.0
2024-06-19 15:00:00,154560.50428545926,147772.0,178048,139785.0
2024-06-19 16:00:00,154560.50428545926,148744.0,177406,141581.0
2024-06-19 17:00:00,154560.50428545926,147772.0,176512,142371.0
2024-06-19 18:00:00,154560.50428545926,148744.0,174618,141463.0
2024-06-19 19:00:00,154300.394144053,144862.06219178083,172482,137542.0
2024-06-19 20:00:00,153129.04712127242,138274.0,180972,131768.0
2024-06-19 21:00:00,144569.35218666244,132879.0,181125,126694.0
2024-06-19 22:00:00,145592.1837044152,127356.96657534246,181807,118498.0
2024-06-19 23:00:00,130219.82884352356,118517.0,181941,109159.0
2024-06-20 00:00:00,115246.49300634468,107853.0,169014,101268.0
2024-06-20 01:00:00,105028.41848675102,101579.0,169171,94998.0
2024-06-20 02:00:00,99204.96244670232,98268.30246575344,169162,90454.0
2024-06-20 03:00:00,94491.12740286293,93896.92876712327,169452,87294.0
2024-06-20 04:00:00,94298.9047292391,92872.0,169486,86364.0
2024-06-20 05:00:00,94626.54430756312,93384.05808219178,169656,87871.0
2024-06-20 06:00:00,103835.88987989083,98424.82246575344,170192,91760.0
2024-06-20 07:00:00,110279.13570378444,104077.0,172246,98208.0
2024-06-20 08:00:00,115502.26970954592,107887.47397260272,173633,104889.0
2024-06-20 09:00:00,130219.82884352356,118068.87397260274,175681,111068.0
2024-06-20 10:00:00,144554.56394859767,126325.0,176326,118311.0
2024-06-20 11:00:00,144569.35218666244,131637.0,176671,125131.0
2024-06-20 12:00:00,151020.97666606752,138053.0,177329,130535.0
2024-06-20 13:00:00,154382.66421990845,143468.68739726028,177453,134904.0
2024-06-20 14:00:00,154560.50428545926,147020.0,177187,138272.0
2024-06-20 15:00:00,154560.50428545926,148744.0,177209,140568.0
2024-06-20 16:00:00,154560.50428545926,148744.0,177818,141669.0
2024-06-20 17:00:00,154560.50428545926,147772.0,177348,142010.0
2024-06-20 18:00:00,154560.50428545926,148744.0,175815,140491.0
2024-06-20 19:00:00,154300.394144053,145141.5989041096,173724,137387.0
2024-06-20 20:00:00,152609.1931252918,138328.4810958904,181345,131664.0
2024-06-20 21:00:00,144569.35218666244,134027.0,181334,126684.0
2024-06-20 22:00:00,145155.17602940046,128513.0,181428,118436.0
2024-06-20 23:00:00,125844.57273494256,118514.80301369863,181750,109264.0
2024-06-21 00:00:00,113553.53844535294,108827.0,169047,101422.0
2024-06-21 01:00:00,105028.41848675102,99936.48410958904,168144,95299.0
2024-06-21 02:00:00,99204.96244670232,94178.57753424658,168227,90743.0
2024-06-21 03:00:00,94491.12740286293,93177.0,168233,87765.0
2024-06-21 04:00:00,94298.9047292391,92808.88410958904,168450,86511.0
2024-06-21 05:00:00,94491.12740286293,93384.05808219178,169063,87738.0
2024-06-21 06:00:00,101743.9800329198,97374.0,170705,91166.0
2024-06-21 07:00:00,110279.13570378444,101719.4605479452,173708,97556.0
2024-06-21 08:00:00,115411.08118914992,110083.62684931509,175072,104962.0
2024-06-21 09:00:00,137287.911317552,122372.96547945206,175642,112514.0
2024-06-21 10:00:00,145592.1837044152,128047.96465753423,176951,120769.0
2024-06-21 11:00:00,144569.35218666244,134022.76876712329,176854,128799.0
2024-06-21 12:00:00,153129.04712127242,142576.0,177366,134702.0
2024-06-21 13:00:00,154300.394144053,146974.24301369864,178194,139260.0
2024-06-21 14:00:00,154560.50428545926,148717.63616438356,177982,142533.0
2024-06-21 15:00:00,154560.50428545926,147772.0,178415,144653.0
2024-06-21 16:00:00,154560.50428545926,148210.0,178113,146694.0
2024-06-21 17:00:00,154560.50428545926,148198.12,177502,147520.0
2024-06-21 18:00:00,154560.50428545926,147772.0,175784,146656.0
2024-06-21 19:00:00,154300.394144053,146320.0,173397,143324.0
2024-06-21 20:00:00,153705.42649572392,143386.42246575342,180836,137382.0
2024-06-21 21:00:00,145906.3625040024,137231.0,181532,131748.0
2024-06-21 22:00:00,145592.1837044152,127374.0,181808,123931.0
2024-06-21 23:00:00,132540.56409793024,119010.24849315068,182036,114856.0
2024-06-22 00:00:00,115502.26970954592,111725.0,172000,106515.0
2024-06-22 01:00:00,108933.06733769029,104057.0,170285,99779.0
2024-06-22 02:00:00,101990.41957035977,98742.62191780822,170514,94714.0
2024-06-22 03:00:00,97751.71869406504,93811.20273972602,171023,91250.0
2024-06-22 04:00:00,94298.9047292391,90981.3284931507,171143,88901.0
2024-06-22 05:00:00,94327.92907885987,90808.0,172074,87790.0
2024-06-22 06:00:00,94327.92907885987,88978.68383561644,173139,88146.0
2024-06-22 07:00:00,99043.97248374922,93084.60602739724,175691,92734.0
2024-06-22 08:00:00,110279.13570378444,110377.00684931508,178102,100774.0
2024-06-22 09:00:00,115513.54902658272,116780.79424657534,179548,109768.0
2024-06-22 10:00:00,142157.09459214125,122951.0402739726,180660,119236.0
2024-06-22 11:00:00,144693.60424410825,135307.0,181371,127149.0
2024-06-22 12:00:00,146359.04463158053,138053.0,181354,133519.0
2024-06-22 13:00:00,154382.66421990845,143314.0,181047,138080.0
2024-06-22 14:00:00,154300.394144053,145311.81671232876,181234,140383.0
2024-06-22 15:00:00,154560.50428545926,147020.0,181024,142079.0
2024-06-22 16:00:00,154560.50428545926,148750.0,180630,143384.0
2024-06-22 17:00:00,154560.50428545926,148750.0,179662,143696.0
2024-06-22 18:00:00,154560.50428545926,146293.2293150685,177711,142352.0
2024-06-22 19:00:00,154382.66421990845,143314.0,175519,139201.0
2024-06-22 20:00:00,149376.1231487283,137731.0,180068,134359.0
2024-06-22 21:00:00,144569.35218666244,135218.0,180601,129783.0
2024-06-22 22:00:00,144554.56394859767,127096.53260273972,180743,123006.0
2024-06-22 23:00:00,130219.82884352356,120115.56767123289,180964,115064.0
2024-06-23 00:00:00,115513.54902658272,120982.0,172951,107506.0
2024-06-23 01:00:00,113553.53844535294,111010.0,172272,101602.0
2024-06-23 02:00:00,106067.40916376552,99449.0,171435,97157.0
2024-06-23 03:00:00,101743.9800329198,97645.43260273972,170875,93924.0
2024-06-23 04:00:00,98811.21062208444,95605.0,170702,91904.0
2024-06-23 05:00:00,94491.12740286293,92395.0,170573,90607.0
2024-06-23 06:00:00,94298.9047292391,92880.0,171728,90136.0
2024-06-23 07:00:00,99204.96244670232,95570.17369863014,174421,93107.0
2024-06-23 08:00:00,108933.06733769029,103584.65397260274,175985,98668.0
2024-06-23 09:00:00,115411.08118914992,112056.7991780822,178563,105013.0
2024-06-23 10:00:00,137287.911317552,118529.0,178895,111415.0
2024-06-23 11:00:00,145592.1837044152,125275.3690410959,178823,117502.0
2024-06-23 12:00:00,144569.35218666244,135307.0,178919,122158.0
2024-06-23 13:00:00,145906.3625040024,134481.1178082192,179077,125557.0
2024-06-23 14:00:00,149376.1231487283,134921.0,178821,127940.0
2024-06-23 15:00:00,152483.06022829094,137694.48410958904,179323,129878.0
2024-06-23 16:00:00,153129.04712127242,140713.9301369863,178994,131298.0
2024-06-23 17:00:00,153610.95806482178,140789.81452054795,178429,131667.0
2024-06-23 18:00:00,152191.89924988349,141539.7991780822,176732,129735.0
2024-06-23 19:00:00,145906.3625040024,137731.0,174033,126588.0
2024-06-23 20:00:00,144569.35218666244,135142.4887671233,179304,123003.0
2024-06-23 21:00:00,145657.13324780838,127566.6295890411,179119,118843.0
2024-06-23 22:00:00,142299.2051614486,126413.49589041097,179668,112597.0
2024-06-23 23:00:00,115851.04611483528,116780.79424657534,180623,104994.0
2024-06-24 00:00:00,109652.05424873118,101803.95506849316,170564,98762.0
2024-06-24 01:00:00,101743.9800329198,97374.0,169252,93804.0
2024-06-24 02:00:00,94626.54430756312,94201.24712328769,169310,90235.0
2024-06-24 03:00:00,94327.92907885987,91467.0,169192,87919.0
2024-06-24 04:00:00,94327.92907885987,89171.69452054794,169136,87634.0
2024-06-24 05:00:00,94491.12740286293,93410.4219178082,169322,89488.0
2024-06-24 06:00:00,101743.9800329198,96177.03150684932,170218,93068.0
2024-06-24 07:00:00,109652.05424873118,104278.0,172358,98521.0
2024-06-24 08:00:00,115502.26970954592,109370.7709589041,174211,103246.0
2024-06-24 09:00:00,116888.84701197685,112260.0,175509,107590.0
2024-06-24 10:00:00,137287.911317552,119644.0,176702,111462.0
2024-06-24 11:00:00,143932.83254862262,128755.0,176965,114920.0
2024-06-24 12:00:00,145676.1695966177,132572.58630136988,177238,118316.0
2024-06-24 13:00:00,144569.35218666244,132186.0,177500,120909.0
2024-06-24 14:00:00,144569.35218666244,133302.0,178193,122937.0
2024-06-24 15:00:00,145906.3625040024,137646.0498630137,177972,124912.0
2024-06-24 16:00:00,145906.3625040024,137657.22465753424,177953,126551.0
2024-06-24 17:00:00,145906.3625040024,137657.22465753424,178184,127605.0
2024-06-24 18:00:00,145906.3625040024,133595.8087671233,176703,126772.0
2024-06-24 19:00:00,144569.35218666244,132186.0,174281,123550.0
2024-06-24 20:00:00,145657.13324780838,131438.0,180320,118194.0
2024-06-24 21:00:00,142299.2051614486,122993.0,180570,113175.0
2024-06-24 22:00:00,118884.55611603551,114110.56410958905,180808,105669.0
2024-06-24 23:00:00,112936.71227701013,103960.79589041095,181011,97259.0
2024-06-25 00:00:00,101743.9800329198,97374.0,172818,90047.0
2024-06-25 01:00:00,94298.9047292391,92844.4698630137,173357,84757.0
2024-06-25 02:00:00,94134.83343307118,87620.0,174327,80974.0
2024-06-25 03:00:00,93382.98443831716,85230.92301369863,174812,78732.0
2024-06-25 04:00:00,93200.12394718891,84054.76164383562,175034,78500.0
2024-06-25 05:00:00,93514.7072505474,87119.08712328767,175233,80682.0
2024-06-25 06:00:00,94298.9047292391,91236.93452054796,176104,84802.0
2024-06-25 07:00:00,103835.88987989083,98773.0,178388,90543.0
2024-06-25 08:00:00,110449.89108776508,104774.0,180166,95619.0
2024-06-25 09:00:00,115502.26970954592,109303.79095890412,180278,100332.0
2024-06-25 10:00:00,130219.82884352356,116214.0,181149,105188.0
2024-06-25 11:00:00,143709.51973405964,128614.12164383564,180723,109768.0
2024-06-25 12:00:00,144693.60424410825,130575.80301369863,180478,114326.0
2024-06-25 13:00:00,145906.3625040024,134909.78301369862,180519,118445.0
2024-06-25 14:00:00,152483.06022829094,139189.26301369863,180488,122051.0
2024-06-25 15:00:00,154382.66421990845,141949.0,180140,124971.0
2024-06-25 16:00:00,154300.394144053,144912.0,179816,128005.0
2024-06-25 17:00:00,154300.394144053,147001.01369863015,178500,130744.0
2024-06-25 18:00:00,154300.394144053,146320.0,176484,130039.0
2024-06-25 19:00:00,154382.66421990845,141949.0,173541,126531.0
2024-06-25 20:00:00,146359.04463158053,137731.0,181336,121907.0
2024-06-25 21:00:00,144569.35218666244,132186.0,181790,118016.0
2024-06-25 22:00:00,142157.09459214125,122993.0,181768,111025.0
2024-06-25 23:00:00,116888.84701197685,112703.0,181880,103135.0
2024-06-26 00:00:00,110449.89108776508,105203.0,173556,96314.0
2024-06-26 01:00:00,103992.5426815722,98773.0,172923,91294.0
2024-06-26 02:00:00,95450.316597224,94223.0,172467,87695.0
2024-06-26 03:00:00,94327.92907885987,90300.05643835616,171980,85570.0
2024-06-26 04:00:00,94327.92907885987,91102.24164383562,171387,85097.0
2024-06-26 05:00:00,94491.12740286293,92824.038630137,171947,87004.0
2024-06-26 06:00:00,101743.9800329198,97771.90657534248,172431,90930.0
2024-06-26 07:00:00,110449.89108776508,103592.30273972604,173782,97369.0
2024-06-26 08:00:00,115502.26970954592,108828.75232876712,174811,103341.0
2024-06-26 09:00:00,125607.60616047637,113152.89095890411,176262,109425.0
2024-06-26 10:00:00,142157.09459214125,121673.64465753424,176468,115689.0
2024-06-26 11:00:00,145676.1695966177,130556.51835616438,177074,121379.0
2024-06-26 12:00:00,144569.35218666244,133302.0,176916,126367.0
2024-06-26 13:00:00,151020.97666606752,137731.0,176377,130744.0
2024-06-26 14:00:00,153129.04712127242,139710.0,176496,133727.0
2024-06-26 15:00:00,154382.66421990845,140988.84657534247,176253,135082.0
2024-06-26 16:00:00,154382.66421990845,141917.94383561643,176181,135913.0
2024-06-26 17:00:00,154382.66421990845,140797.95150684932,175606,135479.0
2024-06-26 18:00:00,152277.03299177793,141515.1983561644,174776,133200.0
2024-06-26 19:00:00,145906.3625040024,137731.0,172794,129083.0
2024-06-26 20:00:00,145334.03191294393,132158.36410958905,180338,123584.0
2024-06-26 21:00:00,144554.56394859767,125198.43205479452,180491,117859.0
2024-06-26 22:00:00,130219.82884352356,118507.1,180547,109642.0
2024-06-26 23:00:00,115502.26970954592,109367.0,181086,100839.0
2024-06-27 00:00:00,105028.41848675102,98083.0,170060,93660.0
2024-06-27 01:00:00,94491.12740286293,92395.0,170101,88191.0
2024-06-27 02:00:00,94134.83343307118,88213.0,170560,84452.0
2024-06-27 03:00:00,93382.98443831716,86821.0,170969,82049.0
2024-06-27 04:00:00,93382.98443831716,86584.90739726028,170992,81638.0
2024-06-27 05:00:00,94134.83343307118,86097.6802739726,171835,83458.0
2024-06-27 06:00:00,94298.9047292391,92852.8495890411,172147,86768.0
2024-06-27 07:00:00,103436.93264425,97779.47397260272,172376,91233.0
2024-06-27 08:00:00,109161.28564507312,101765.80657534246,172967,95173.0
2024-06-27 09:00:00,115246.49300634468,107835.15287671232,173311,98755.0
2024-06-27 10:00:00,115513.54902658272,109307.23561643835,174894,102368.0
2024-06-27 11:00:00,119824.53698810434,117973.0,174552,106053.0
2024-06-27 12:00:00,137287.911317552,124362.78602739728,175173,109876.0
2024-06-27 13:00:00,142157.09459214125,122039.94575342466,175177,113480.0
2024-06-27 14:00:00,145155.17602940046,126391.0,175462,116382.0
2024-06-27 15:00:00,145657.13324780838,130037.6093150685,175599,118877.0
2024-06-27 16:00:00,145676.1695966177,130861.10712328769,175590,121631.0
2024-06-27 17:00:00,144778.24285425222,135307.0,175037,123312.0
2024-06-27 18:00:00,145676.1695966177,128409.19205479452,174124,122395.0
2024-06-27 19:00:00,145727.1666025497,128513.0,172189,118877.0
2024-06-27 20:00:00,142299.2051614486,121970.0,179100,113273.0
2024-06-27 21:00:00,130219.82884352356,118431.52465753425,179876,108062.0
2024-06-27 22:00:00,115502.26970954592,109751.0,179994,100995.0
2024-06-27 23:00:00,106067.40916376552,101018.0,180528,93574.0
2024-06-28 00:00:00,94327.92907885987,90042.07643835616,170893,86527.0
2024-06-28 01:00:00,93382.98443831716,83635.0,170013,81378.0
2024-06-28 02:00:00,92679.3231217016,82255.37616438356,169752,77724.0
2024-06-28 03:00:00,92679.3231217016,81709.52712328767,169607,75814.0
2024-06-28 04:00:00,92679.3231217016,81667.29616438357,169714,75428.0
2024-06-28 05:00:00,92679.3231217016,83704.18191780822,169939,76927.0
2024-06-28 06:00:00,93382.98443831716,84499.4490410959,170639,80022.0
2024-06-28 07:00:00,94327.92907885987,88824.42328767123,172938,84503.0
2024-06-28 08:00:00,99204.96244670232,93909.0,174183,88660.0
2024-06-28 09:00:00,105028.41848675102,99582.48410958904,176359,91811.0
2024-06-28 10:00:00,110449.89108776508,104211.6298630137,177620,95354.0
2024-06-28 11:00:00,115420.76438491268,108968.0,177434,99013.0
2024-06-28 12:00:00,115513.54902658272,113377.0,178173,103166.0
2024-06-28 13:00:00,124693.64890014708,116761.32767123288,178300,107056.0
2024-06-28 14:00:00,137287.911317552,125079.2191780822,179302,110877.0
2024-06-28 15:00:00,142157.09459214125,122993.0,179265,114325.0
2024-06-28 16:00:00,144554.56394859767,123026.75315068492,179097,117016.0
2024-06-28 17:00:00,145654.20576810944,127349.43616438356,178816,118309.0
2024-06-28 18:00:00,144608.2765338529,126937.15863013698,177126,116849.0
2024-06-28 19:00:00,142299.2051614486,125344.0,173675,113340.0
2024-06-28 20:00:00,125607.60616047637,118436.0,179976,109113.0
2024-06-28 21:00:00,115513.54902658272,112965.90301369864,180201,106151.0
2024-06-28 22:00:00,112936.71227701013,104399.03589041096,180528,100922.0
2024-06-28 23:00:00,103835.88987989083,99290.5704109589,180676,94673.0
2024-06-29 00:00:00,,,172108,
2024-06-29 01:00:00,,,172294,
2024-06-29 02:00:00,,,172565,
2024-06-29 03:00:00,,,172471,
2024-06-29 04:00:00,92679.3231217016,86520.0,172605,79835.0
2024-06-29 05:00:00,92679.3231217016,84995.0,172558,80548.0
2024-06-29 06:00:00,92679.3231217016,82462.0,172609,81631.0
2024-06-29 07:00:00,93382.98443831716,85245.0,173619,84902.0
2024-06-29 08:00:00,94298.9047292391,91221.20301369864,173766,90352.0
2024-06-29 09:00:00,104159.37558364496,99529.7383561644,174106,96708.0
2024-06-29 10:00:00,110669.61907692369,107365.0,174732,102280.0
2024-06-29 11:00:00,115411.08118914992,112279.0,174704,107805.0
2024-06-29 12:00:00,119824.53698810434,119650.0,175703,112565.0
2024-06-29 13:00:00,137287.911317552,124938.39506849316,176480,116768.0
2024-06-29 14:00:00,142157.09459214125,122993.0,176271,119662.0
2024-06-29 15:00:00,145155.17602940046,127666.59397260274,176327,122443.0
2024-06-29 16:00:00,145676.1695966177,129742.03315068492,175436,125404.0
2024-06-29 17:00:00,145676.1695966177,128343.03643835615,174226,127120.0
2024-06-29 18:00:00,145676.1695966177,129430.71041095893,171861,126571.0
2024-06-29 19:00:00,145654.20576810944,127801.0,170144,124009.0
2024-06-29 20:00:00,142299.2051614486,123093.67260273972,177934,120271.0
2024-06-29 21:00:00,132540.56409793024,119020.01287671232,179606,116468.0
2024-06-29 22:00:00,115513.54902658272,112319.0,179955,110891.0
2024-06-29 23:00:00,110449.89108776508,104255.0,180030,104637.0
2024-06-30 00:00:00,103992.5426815722,98773.0,169457,98199.0
2024-06-30 01:00:00,94491.12740286293,92900.0,169906,93040.0
2024-06-30 02:00:00,94134.83343307118,88387.0,169561,89309.0
2024-06-30 03:00:00,93382.98443831716,88625.0,168602,86547.0
2024-06-30 04:00:00,92679.3231217016,86449.96767123288,169225,85037.0
2024-06-30 05:00:00,92679.3231217016,82233.0,169316,84411.0
2024-06-30 06:00:00,92679.3231217016,83574.0,169937,84049.0
2024-06-30 07:00:00,93200.12394718891,88625.0,171392,86351.0
2024-06-30 08:00:00,94327.92907885987,89557.02438356164,173066,91150.0
2024-06-30 09:00:00,101990.41957035977,97753.27287671232,173282,96529.0
2024-06-30 10:00:00,110449.89108776508,104249.6295890411,174498,101992.0
2024-06-30 11:00:00,115502.26970954592,108884.00575342466,174380,106856.0
2024-06-30 12:00:00,118884.55611603551,115590.0,174498,110388.0
2024-06-30 13:00:00,130219.82884352356,117239.0,174438,113537.0
2024-06-30 14:00:00,137287.911317552,119611.8589041096,174945,116299.0
2024-06-30 15:00:00,142299.2051614486,121383.56904109588,175019,118705.0
2024-06-30 16:00:00,142157.09459214125,121117.0,175196,120346.0
2024-06-30 17:00:00,142157.09459214125,122993.0,175067,120058.0
2024-06-30 18:00:00,142299.2051614486,125535.65671232875,174140,117485.0
2024-06-30 19:00:00,133516.29440773558,118963.89479452056,173066,113647.0
2024-06-30 20:00:00,119824.53698810434,111984.0,178092,108635.0
2024-06-30 21:00:00,115411.08118914992,112274.71452054796,178188,104436.0
2024-06-30 22:00:00,110669.61907692369,107365.0,178604,98185.0
2024-06-30 23:00:00,102948.55470585694,97783.0,178807,90835.0
2024-07-01 00:00:00,94134.83343307118,88372.21780821918,168596,84183.0
2024-07-01 01:00:00,92679.3231217016,81375.0,168677,79236.0
2024-07-01 02:00:00,92679.3231217016,79830.83178082191,168837,75535.0
2024-07-01 03:00:00,92679.3231217016,78309.0,168707,73338.0
2024-07-01 04:00:00,92679.3231217016,78309.0,168673,73083.0
2024-07-01 05:00:00,92679.3231217016,80413.86438356164,168324,74690.0
2024-07-01 06:00:00,93382.98443831716,84408.0,169300,77739.0
2024-07-01 07:00:00,94327.92907885987,90297.81095890413,170686,81965.0
2024-07-01 08:00:00,94673.18508432285,93421.0,171334,85312.0
2024-07-01 09:00:00,99487.46394458582,96079.19780821918,172616,87462.0
2024-07-01 10:00:00,105028.41848675102,100061.0,174059,89401.0
2024-07-01 11:00:00,106067.40916376552,101020.66328767124,174450,91689.0
2024-07-01 12:00:00,109652.05424873118,102100.20219178085,174562,94066.0
2024-07-01 13:00:00,112239.8762330241,106345.2298630137,174743,96670.0
2024-07-01 14:00:00,115246.49300634468,110581.0,176673,99490.0
2024-07-01 15:00:00,115502.26970954592,109518.0,177086,102218.0
2024-07-01 16:00:00,115513.54902658272,111207.0,177236,105145.0
2024-07-01 17:00:00,115851.04611483528,112147.47698630138,176686,107876.0
2024-07-01 18:00:00,115513.54902658272,112147.47698630138,174982,107914.0
2024-07-01 19:00:00,115411.08118914992,110435.2591780822,172016,105900.0
2024-07-01 20:00:00,115246.49300634468,105336.7802739726,178808,101152.0
2024-07-01 21:00:00,110449.89108776508,102444.15780821918,179710,97641.0
2024-07-01 22:00:00,100714.27921452606,99506.0,179474,91695.0
2024-07-01 23:00:00,94134.83343307118,90531.89726027397,179454,84796.0
2024-07-02 00:00:00,92679.3231217016,81375.0,169392,79072.0
2024-07-02 01:00:00,92679.3231217016,78309.0,169991,74819.0
2024-07-02 02:00:00,92679.3231217016,77645.05643835617,170051,72273.0
2024-07-02 03:00:00,92679.3231217016,73443.08575342466,169890,70785.0
2024-07-02 04:00:00,92679.3231217016,73629.83232876712,170020,70808.0
2024-07-02 05:00:00,92679.3231217016,78675.7293150685,170071,72746.0
2024-07-02 06:00:00,92679.3231217016,83790.0,171183,76431.0
2024-07-02 07:00:00,93514.7072505474,85970.0,174009,81097.0
2024-07-02 08:00:00,94298.9047292391,91489.0,174248,85165.0
2024-07-02 09:00:00,99204.96244670232,94193.38191780822,175089,88653.0
2024-07-02 10:00:00,105028.41848675102,98091.0,175330,92708.0
2024-07-02 11:00:00,110449.89108776508,104692.83095890412,175216,96724.0
2024-07-02 12:00:00,115420.76438491268,108336.9002739726,175966,100438.0
2024-07-02 13:00:00,115513.54902658272,111290.37260273972,176058,105129.0
2024-07-02 14:00:00,124693.64890014708,114900.39287671231,176441,109298.0
2024-07-02 15:00:00,138130.82021062062,117687.82876712328,177339,113359.0
2024-07-02 16:00:00,142157.09459214125,122072.05068493151,177620,117569.0
2024-07-02 17:00:00,144554.56394859767,122259.0,177494,120210.0
2024-07-02 18:00:00,144554.56394859767,122342.66739726027,175751,120055.0
2024-07-02 19:00:00,142157.09459214125,121622.0,173561,117663.0
2024-07-02 20:00:00,130219.82884352356,118506.01506849316,178714,112812.0
2024-07-02 21:00:00,115744.7580999724,111490.18657534246,178974,108833.0
2024-07-02 22:00:00,112936.71227701013,106157.51643835616,178970,102439.0
2024-07-02 23:00:00,101743.9800329198,99491.10931506848,179568,94714.0
2024-07-03 00:00:00,94298.9047292391,91847.01863013698,171567,88259.0
2024-07-03 01:00:00,93382.98443831716,86821.0,171549,83116.0
2024-07-03 02:00:00,92679.3231217016,82523.9701369863,171858,80030.0
2024-07-03 03:00:00,92679.3231217016,81710.93753424658,171575,77964.0
2024-07-03 04:00:00,92679.3231217016,81759.0,171503,77790.0
2024-07-03 05:00:00,92679.3231217016,81375.0,171059,79695.0
2024-07-03 06:00:00,93514.7072505474,87240.0,171667,83558.0
2024-07-03 07:00:00,94626.54430756312,93012.6495890411,172978,89509.0
2024-07-03 08:00:00,105028.41848675102,102787.97342465754,173868,95163.0
2024-07-03 09:00:00,110449.89108776508,106261.39178082193,174124,100882.0
2024-07-03 10:00:00,115502.26970954592,108349.0,174173,106320.0
2024-07-03 11:00:00,124001.38272211212,119650.0,173853,111815.0
2024-07-03 12:00:00,142299.2051614486,118642.1791780822,174557,117302.0
2024-07-03 13:00:00,145592.1837044152,126450.0,174242,121746.0
2024-07-03 14:00:00,145676.1695966177,131131.56684931507,174113,125550.0
2024-07-03 15:00:00,144569.35218666244,132432.99643835615,174393,128215.0
2024-07-03 16:00:00,145906.3625040024,137152.96630136986,174388,130103.0
2024-07-03 17:00:00,145906.3625040024,137061.82410958904,174129,130770.0
2024-07-03 18:00:00,145906.3625040024,134354.0,172296,128517.0
2024-07-03 19:00:00,144569.35218666244,129611.83315068494,170012,124131.0
2024-07-03 20:00:00,145657.13324780838,127983.0,178862,118822.0
2024-07-03 21:00:00,142157.09459214125,122675.62547945206,179039,113900.0
2024-07-03 22:00:00,119824.53698810434,112362.57890410958,179409,107107.0
2024-07-03 23:00:00,112936.71227701013,110984.28712328768,179570,99982.0
2024-07-04 00:00:00,104432.8351667816,99776.08520547944,167756,93460.0
2024-07-04 01:00:00,94491.12740286293,92836.0,167597,88081.0
2024-07-04 02:00:00,94134.83343307118,89082.0,167542,84143.0
2024-07-04 03:00:00,93382.98443831716,84880.8701369863,167534,81388.0
2024-07-04 04:00:00,92797.55325314232,82780.79589041095,167226,80130.0
2024-07-04 05:00:00,92679.3231217016,80617.3405479452,167372,79866.0
2024-07-04 06:00:00,92679.3231217016,81056.15780821918,167983,79905.0
2024-07-04 07:00:00,93382.98443831716,86732.97506849315,169899,82793.0
2024-07-04 08:00:00,94298.9047292391,91489.0,172067,88394.0
2024-07-04 09:00:00,105028.41848675102,99813.0,173171,95031.0
2024-07-04 10:00:00,112936.71227701013,110879.8082191781,173870,101900.0
2024-07-04 11:00:00,115513.54902658272,111735.9501369863,173673,108431.0
2024-07-04 12:00:00,132540.56409793024,118867.23561643835,174045,114101.0
2024-07-04 13:00:00,142157.09459214125,120438.74602739728,174026,118389.0
2024-07-04 14:00:00,144554.56394859767,123813.4397260274,174076,120919.0
2024-07-04 15:00:00,145657.13324780838,127648.58410958904,173672,122436.0
2024-07-04 16:00:00,145676.1695966177,131131.56684931507,172827,123432.0
2024-07-04 17:00:00,144778.24285425222,135228.0712328767,172446,122912.0
2024-07-04 18:00:00,144693.60424410825,135307.0,171048,120388.0
2024-07-04 19:00:00,145657.13324780838,129091.0,170153,116672.0
2024-07-04 20:00:00,142157.09459214125,122705.0,178847,112704.0
2024-07-04 21:00:00,137287.911317552,122343.45534246576,179106,108528.0
2024-07-04 22:00:00,115513.54902658272,111292.0,178997,104283.0
2024-07-04 23:00:00,110449.89108776508,110062.0,179685,99460.0
2024-07-05 00:00:00,105028.41848675102,101579.0,167988,93627.0
2024-07-05 01:00:00,98811.21062208444,95566.89178082193,167955,88774.0
2024-07-05 02:00:00,94327.92907885987,89824.04575342465,168425,85108.0
2024-07-05 03:00:00,94134.83343307118,88387.0,168494,83058.0
2024-07-05 04:00:00,94134.83343307118,88387.0,168651,82383.0
2024-07-05 05:00:00,94327.92907885987,89371.63315068494,168896,83741.0
2024-07-05 06:00:00,94673.18508432285,95516.57643835618,170031,85924.0
2024-07-05 07:00:00,105028.41848675102,102864.0,171593,90196.0
2024-07-05 08:00:00,112936.71227701013,110879.8082191781,173548,96120.0
2024-07-05 09:00:00,115513.54902658272,112565.87397260274,174315,102897.0
2024-07-05 10:00:00,133516.29440773558,122386.14739726028,174668,110027.0
2024-07-05 11:00:00,144608.2765338529,126531.0,174529,116563.0
2024-07-05 12:00:00,145676.1695966177,129472.70767123289,175175,121976.0
2024-07-05 13:00:00,144569.35218666244,136911.0,175468,126888.0
2024-07-05 14:00:00,145906.3625040024,134965.0,175287,130327.0
2024-07-05 15:00:00,149376.1231487283,137119.0,175608,132671.0
2024-07-05 16:00:00,152277.03299177793,138053.0,176056,134131.0
2024-07-05 17:00:00,151020.97666606752,138033.11863013697,175845,134502.0
2024-07-05 18:00:00,145906.3625040024,137092.17506849315,174440,132555.0
2024-07-05 19:00:00,144569.35218666244,132663.0,172177,128942.0
2024-07-05 20:00:00,145654.20576810944,125605.0,179080,123991.0
2024-07-05 21:00:00,142299.2051614486,122686.90876712328,178837,119726.0
2024-07-05 22:00:00,119824.53698810434,115873.62410958904,179015,113861.0
2024-07-05 23:00:00,115246.49300634468,111026.0,179018,107007.0
2024-07-06 00:00:00,110449.89108776508,104710.0,167695,100414.0
2024-07-06 01:00:00,103992.5426815722,100697.0,167598,94918.0
2024-07-06 02:00:00,94673.18508432285,95575.0,168183,90812.0
2024-07-06 03:00:00,94327.92907885987,92769.0295890411,168189,87835.0
2024-07-06 04:00:00,94134.83343307118,88657.12657534247,168142,85923.0
2024-07-06 05:00:00,94134.83343307118,88372.21780821918,167867,85223.0
2024-07-06 06:00:00,94134.83343307118,88387.0,168405,85064.0
2024-07-06 07:00:00,94298.9047292391,92872.0,170286,88609.0
2024-07-06 08:00:00,103992.5426815722,100697.0,171408,94926.0
2024-07-06 09:00:00,112936.71227701013,111010.0,172458,102389.0
2024-07-06 10:00:00,115513.54902658272,111529.0,173873,109384.0
2024-07-06 11:00:00,133516.29440773558,122436.0,173402,115484.0
2024-07-06 12:00:00,142157.09459214125,122387.0,174183,120281.0
2024-07-06 13:00:00,145592.1837044152,127095.99013698632,174051,123513.0
2024-07-06 14:00:00,145676.1695966177,132623.7679452055,173840,126469.0
2024-07-06 15:00:00,144778.24285425222,135186.62684931507,173457,128630.0
2024-07-06 16:00:00,144569.35218666244,132434.0,173098,131150.0
2024-07-06 17:00:00,144569.35218666244,136253.1408219178,173091,132469.0
2024-07-06 18:00:00,144778.24285425222,132656.78876712327,170914,131822.0
2024-07-06 19:00:00,145657.13324780838,127978.06356164384,169108,129339.0
2024-07-06 20:00:00,142157.09459214125,123113.60821917807,177987,124101.0
2024-07-06 21:00:00,137287.911317552,119154.0,178360,119141.0
2024-07-06 22:00:00,115513.54902658272,112703.0,178080,112858.0
2024-07-06 23:00:00,112239.8762330241,111010.0,178029,105889.0
2024-07-07 00:00:00,106067.40916376552,101279.8608219178,164421,98957.0
2024-07-07 01:00:00,99204.96244670232,98343.0,163910,93029.0
2024-07-07 02:00:00,94298.9047292391,90404.0,164418,88557.0
2024-07-07 03:00:00,94134.83343307118,90538.0,164280,85276.0
2024-07-07 04:00:00,93382.98443831716,86228.0,164511,82764.0
2024-07-07 05:00:00,93382.98443831716,85991.0,164413,81596.0
2024-07-07 06:00:00,93041.2930177194,85106.68273972603,165455,81029.0
2024-07-07 07:00:00,94134.83343307118,89909.55205479452,167440,83649.0
2024-07-07 08:00:00,97751.71869406504,94905.68904109587,168796,89477.0
2024-07-07 09:00:00,106067.40916376552,101279.8608219178,170345,96456.0
2024-07-07 10:00:00,115502.26970954592,112540.0,171255,103594.0
2024-07-07 11:00:00,119824.53698810434,115911.0,171077,109899.0
2024-07-07 12:00:00,142299.2051614486,122373.41123287672,171591,115821.0
2024-07-07 13:00:00,145592.1837044152,125605.0,171516,120569.0
2024-07-07 14:00:00,145334.03191294393,132269.0,171360,124524.0
2024-07-07 15:00:00,144569.35218666244,136911.0,171549,127827.0
2024-07-07 16:00:00,145906.3625040024,135203.50109589042,171495,130708.0
2024-07-07 17:00:00,152277.03299177793,141507.68520547947,171254,132339.0
2024-07-07 18:00:00,150123.46256250472,136851.0,169847,131488.0
2024-07-07 19:00:00,145906.3625040024,137231.0,167792,128378.0
2024-07-07 20:00:00,144778.24285425222,135198.04575342467,175384,123546.0
2024-07-07 21:00:00,145155.17602940046,128455.35068493152,176187,119028.0
2024-07-07 22:00:00,137287.911317552,118011.0,177164,111533.0
2024-07-07 23:00:00,115411.08118914992,110483.0,177226,103604.0
2024-07-08 00:00:00,109652.05424873118,102129.49260273972,165425,96570.0
2024-07-08 01:00:00,101743.9800329198,99821.54219178084,164792,91282.0
2024-07-08 02:00:00,94673.18508432285,95575.0,165072,87517.0
2024-07-08 03:00:00,94327.92907885987,91467.0,164932,85201.0
2024-07-08 04:00:00,94327.92907885987,92814.0,165123,84935.0
2024-07-08 05:00:00,94626.54430756312,93421.0,164741,86917.0
2024-07-08 06:00:00,102418.92091669264,97779.47397260272,165082,90898.0
2024-07-08 07:00:00,110449.89108776508,104073.96219178084,166639,97434.0
2024-07-08 08:00:00,115411.08118914992,111207.0,168470,104616.0
2024-07-08 09:00:00,132540.56409793024,117341.0,169687,112143.0
2024-07-08 10:00:00,144554.56394859767,126470.0,170384,120225.0
2024-07-08 11:00:00,144569.35218666244,132005.0,170318,127486.0
2024-07-08 12:00:00,149376.1231487283,141507.68520547947,171462,133576.0
2024-07-08 13:00:00,154382.66421990845,143431.66410958904,170730,139336.0
2024-07-08 14:00:00,154300.394144053,144552.0,170175,142433.0
2024-07-08 15:00:00,154560.50428545926,147020.0,170205,144159.0
2024-07-08 16:00:00,154560.50428545926,148749.83726027398,170439,145301.0
2024-07-08 17:00:00,154560.50428545926,148698.3301369863,169563,146214.0
2024-07-08 18:00:00,154560.50428545926,147020.0,168825,145494.0
2024-07-08 19:00:00,154382.66421990845,143470.09780821917,167171,142750.0
2024-07-08 20:00:00,152277.03299177793,141604.0,176571,137431.0
2024-07-08 21:00:00,144569.35218666244,133044.7602739726,177024,132174.0
2024-07-08 22:00:00,144554.56394859767,126961.0,177365,123563.0
2024-07-08 23:00:00,121023.22333629204,114942.0,177390,114472.0
2024-07-09 00:00:00,115502.26970954592,112489.22520547944,164793,106583.0
2024-07-09 01:00:00,108933.06733769029,101645.0,164749,100546.0
2024-07-09 02:00:00,103992.5426815722,99573.0,164776,95780.0
2024-07-09 03:00:00,98811.21062208444,95605.0,164865,93022.0
2024-07-09 04:00:00,97996.57811032502,96949.0,164607,92209.0
2024-07-09 05:00:00,99487.46394458582,95567.05287671232,164500,93986.0
2024-07-09 06:00:00,105028.41848675102,108577.15068493152,165439,97948.0
2024-07-09 07:00:00,115246.49300634468,106923.62821917808,166800,103879.0
2024-07-09 08:00:00,116374.84942125872,112161.55397260272,167981,110376.0
2024-07-09 09:00:00,141260.4271111625,125086.0,168552,116860.0
2024-07-09 10:00:00,145657.13324780838,126446.53835616438,169267,124466.0
2024-07-09 11:00:00,144569.35218666244,134000.74465753426,169241,131423.0
2024-07-09 12:00:00,152277.03299177793,141604.0,170451,137123.0
2024-07-09 13:00:00,154382.66421990845,143473.0,169774,141266.0
2024-07-09 14:00:00,154382.66421990845,144552.0,169839,143462.0
2024-07-09 15:00:00,154300.394144053,146320.0,169608,144060.0
2024-07-09 16:00:00,154560.50428545926,144875.0,169462,143784.0
2024-07-09 17:00:00,154560.50428545926,144875.0,169711,143465.0
2024-07-09 18:00:00,154300.394144053,146320.0,168613,142901.0
2024-07-09 19:00:00,154382.66421990845,143473.0,167437,140472.0
2024-07-09 20:00:00,146973.26491112082,137211.9323287671,177135,136395.0
2024-07-09 21:00:00,144569.35218666244,132422.36410958905,177380,132480.0
2024-07-09 22:00:00,144608.2765338529,128775.41506849317,177416,124843.0
2024-07-09 23:00:00,119824.53698810434,114941.0,177801,116732.0
2024-07-10 00:00:00,115502.26970954592,112989.27452054794,166831,109776.0
2024-07-10 01:00:00,110449.89108776508,104077.0,166300,104118.0
2024-07-10 02:00:00,105028.41848675102,99668.94301369863,167230,99669.0
2024-07-10 03:00:00,100714.27921452606,98320.86739726028,166690,96834.0
2024-07-10 04:00:00,99204.96244670232,98923.80739726029,167112,95925.0
2024-07-10 05:00:00,103992.5426815722,97652.40328767124,168754,98093.0
2024-07-10 06:00:00,108933.06733769029,103225.0,169296,102264.0
2024-07-10 07:00:00,115373.57395578912,108462.34273972602,168939,108179.0
2024-07-10 08:00:00,118884.55611603551,114142.0,168824,113650.0
2024-07-10 09:00:00,141260.4271111625,125086.0,169903,118888.0
2024-07-10 10:00:00,144554.56394859767,126359.0216438356,171273,123906.0
2024-07-10 11:00:00,144693.60424410825,131131.3498630137,172069,128094.0
2024-07-10 12:00:00,144569.35218666244,137144.0969863014,173964,131699.0
2024-07-10 13:00:00,146359.04463158053,136656.0,173798,134892.0
2024-07-10 14:00:00,152483.06022829094,141604.0,173822,136834.0
2024-07-10 15:00:00,153129.04712127242,140677.20520547946,173469,138207.0
2024-07-10 16:00:00,153705.42649572392,143440.88602739727,173444,139135.0
2024-07-10 17:00:00,153129.04712127242,143440.88602739727,172751,139260.0
2024-07-10 18:00:00,152277.03299177793,141604.0,171019,137556.0
2024-07-10 19:00:00,145906.3625040024,137231.0,169315,132110.0
2024-07-10 20:00:00,144778.24285425222,131286.12136986302,175905,127221.0
2024-07-10 21:00:00,145592.1837044152,127797.77232876713,176768,123070.0
2024-07-10 22:00:00,137287.911317552,120436.0,176852,115904.0
2024-07-10 23:00:00,115502.26970954592,110847.0,177009,107943.0
2024-07-11 00:00:00,110279.13570378444,104077.0,165372,100827.0
2024-07-11 01:00:00,102948.55470585694,97374.0,164793,95176.0
2024-07-11 02:00:00,95450.316597224,93542.3706849315,165003,91065.0
2024-07-11 03:00:00,94327.92907885987,91156.0,165017,88403.0
2024-07-11 04:00:00,94327.92907885987,91156.0,165130,87469.0
2024-07-11 05:00:00,94491.12740286293,93871.59561643835,165656,88810.0
2024-07-11 06:00:00,100390.24094382828,97455.58438356164,165265,91903.0
2024-07-11 07:00:00,108637.26447077382,102073.0,167644,96853.0
2024-07-11 08:00:00,115246.49300634468,106389.0,169152,101672.0
2024-07-11 09:00:00,115513.54902658272,111290.37260273972,169832,105821.0
2024-07-11 10:00:00,130219.82884352356,117100.0,170762,110175.0
2024-07-11 11:00:00,142299.2051614486,122682.78602739726,170536,114407.0
2024-07-11 12:00:00,145592.1837044152,127020.53561643836,171696,118464.0
2024-07-11 13:00:00,145676.1695966177,131147.0,171647,122649.0
2024-07-11 14:00:00,144569.35218666244,135218.0,171652,126252.0
2024-07-11 15:00:00,145906.3625040024,137144.0969863014,170790,128928.0
2024-07-11 16:00:00,146359.04463158053,138030.70465753425,171481,131520.0
2024-07-11 17:00:00,151020.97666606752,141604.0,171020,132771.0
2024-07-11 18:00:00,146359.04463158053,141485.3898630137,169817,131306.0
2024-07-11 19:00:00,144569.35218666244,136282.0,167862,127815.0
2024-07-11 20:00:00,145676.1695966177,131147.0,177948,122542.0
2024-07-11 21:00:00,143709.51973405964,126961.0,178291,117803.0
2024-07-11 22:00:00,124693.64890014708,118685.17643835618,179007,110442.0
2024-07-11 23:00:00,115313.87472507662,109367.0,179059,101981.0
2024-07-12 00:00:00,105028.41848675102,99093.0,164832,94893.0
2024-07-12 01:00:00,98485.3522952513,95560.2194520548,164907,89569.0
2024-07-12 02:00:00,94327.92907885987,91156.0,164970,86003.0
2024-07-12 03:00:00,94134.83343307118,87795.0,164810,83771.0
2024-07-12 04:00:00,94134.83343307118,87835.97863013699,164966,83495.0
2024-07-12 05:00:00,94327.92907885987,89434.0,164739,85344.0
2024-07-12 06:00:00,95450.316597224,94304.56767123289,164120,89097.0
2024-07-12 07:00:00,105028.41848675102,99685.0,165356,93713.0
2024-07-12 08:00:00,110449.89108776508,102948.61315068492,165198,98677.0
2024-07-12 09:00:00,115502.26970954592,108680.75095890411,166791,103656.0
2024-07-12 10:00:00,116374.84942125872,111511.77671232876,167568,109052.0
2024-07-12 11:00:00,132540.56409793024,118510.32767123288,168442,114197.0
2024-07-12 12:00:00,142299.2051614486,123686.95068493152,170013,117941.0
2024-07-12 13:00:00,144608.2765338529,126961.0,169746,121144.0
2024-07-12 14:00:00,145657.13324780838,127801.0,169716,123098.0
2024-07-12 15:00:00,145676.1695966177,128968.0,169102,124613.0
2024-07-12 16:00:00,145676.1695966177,131147.0,169233,126334.0
2024-07-12 17:00:00,144693.60424410825,132302.0,169467,127150.0
2024-07-12 18:00:00,145676.1695966177,129763.81315068492,169061,125620.0
2024-07-12 19:00:00,144554.56394859767,126470.0,167739,122453.0
2024-07-12 20:00:00,142299.2051614486,123768.67315068492,174439,118415.0
2024-07-12 21:00:00,125607.60616047637,116768.0,175451,114659.0
2024-07-12 22:00:00,115502.26970954592,108913.39260273972,176139,108383.0
2024-07-12 23:00:00,108933.06733769029,101903.20273972602,176556,101434.0
2024-07-13 00:00:00,100714.27921452606,97511.59397260274,164066,95015.0
2024-07-13 01:00:00,94327.92907885987,90986.75315068492,164682,89815.0
2024-07-13 02:00:00,93804.97658595216,86867.09424657535,164074,85854.0
2024-07-13 03:00:00,93041.2930177194,85579.0,164497,83484.0
2024-07-13 04:00:00,92679.3231217016,83971.6797260274,165188,82062.0
2024-07-13 05:00:00,92679.3231217016,84001.0,165449,82112.0
2024-07-13 06:00:00,92679.3231217016,82885.92082191781,165690,82677.0
2024-07-13 07:00:00,93514.7072505474,87451.80739726027,167290,85866.0
2024-07-13 08:00:00,97554.6989626052,93421.0,168750,92177.0
2024-07-13 09:00:00,106067.40916376552,101279.8608219178,169209,99351.0
2024-07-13 10:00:00,115502.26970954592,112540.0,170351,106731.0
2024-07-13 11:00:00,119824.53698810434,115837.1704109589,170852,113339.0
2024-07-13 12:00:00,142299.2051614486,122667.92246575342,171721,119384.0
2024-07-13 13:00:00,144554.56394859767,125808.7684931507,173582,124409.0
2024-07-13 14:00:00,145676.1695966177,128968.0,174045,128832.0
2024-07-13 15:00:00,144569.35218666244,135218.0,173813,132628.0
2024-07-13 16:00:00,144569.35218666244,136911.0,173383,135841.0
2024-07-13 17:00:00,145906.3625040024,136130.0,172478,137387.0
2024-07-13 18:00:00,144569.35218666244,136911.0,170840,135613.0
2024-07-13 19:00:00,144778.24285425222,132653.20849315068,168716,132036.0
2024-07-13 20:00:00,145155.17602940046,128513.0,177288,126852.0
2024-07-13 21:00:00,142299.2051614486,122705.0,178569,122151.0
2024-07-13 22:00:00,119824.53698810434,114376.0,179720,115246.0
2024-07-13 23:00:00,115246.49300634468,108962.0,179822,107808.0
2024-07-14 00:00:00,108933.06733769029,101686.0,169838,100443.0
2024-07-14 01:00:00,100390.24094382828,97527.0,169943,94308.0
2024-07-14 02:00:00,94298.9047292391,92472.0,169772,89635.0
2024-07-14 03:00:00,94134.83343307118,87424.42684931507,169476,86277.0
2024-07-14 04:00:00,93514.7072505474,86228.0,170122,84343.0
2024-07-14 05:00:00,93382.98443831716,85641.50684931508,170208,83183.0
2024-07-14 06:00:00,93382.98443831716,84936.0,169881,82861.0
2024-07-14 07:00:00,94134.83343307118,89071.36767123287,172282,86550.0
2024-07-14 08:00:00,99204.96244670232,94881.3383561644,174251,93674.0
2024-07-14 09:00:00,110449.89108776508,109122.98821917808,175375,102069.0
2024-07-14 10:00:00,116374.84942125872,114083.77424657535,176570,110089.0
2024-07-14 11:00:00,142299.2051614486,123113.60821917807,176282,117478.0
2024-07-14 12:00:00,145676.1695966177,129459.0,176225,123534.0
2024-07-14 13:00:00,144569.35218666244,136911.0,177286,128461.0
2024-07-14 14:00:00,150123.46256250472,138053.0,176556,131838.0
2024-07-14 15:00:00,154056.50361268473,143440.88602739727,175954,133141.0
2024-07-14 16:00:00,154382.66421990845,141304.83123287672,175247,132829.0
2024-07-14 17:00:00,154382.66421990845,140999.0,174696,133496.0
2024-07-14 18:00:00,154382.66421990845,143344.57260273973,173376,133458.0
2024-07-14 19:00:00,153705.42649572392,143398.49232876714,171611,130966.0
2024-07-14 20:00:00,145906.3625040024,137231.0,180091,126707.0
2024-07-14 21:00:00,144569.35218666244,132663.0,180588,122778.0
2024-07-14 22:00:00,143709.51973405964,128755.0,180809,116115.0
2024-07-14 23:00:00,119824.53698810434,113135.0,180948,108067.0
2024-07-15 00:00:00,115502.26970954592,113049.0,170415,100950.0
2024-07-15 01:00:00,109495.88441179668,102791.60547945206,170225,95767.0
2024-07-15 02:00:00,104432.8351667816,99681.96219178084,170480,92021.0
2024-07-15 03:00:00,99204.96244670232,95580.67315068492,169675,89738.0
2024-07-15 04:00:00,99204.96244670232,96949.0,170864,89635.0
2024-07-15 05:00:00,101990.41957035977,97374.0,169942,91929.0
2024-07-15 06:00:00,108296.72003975153,102204.40410958904,170034,95959.0
2024-07-15 07:00:00,115492.8737749451,109584.92438356164,172304,101574.0
2024-07-15 08:00:00,124693.64890014708,117492.93095890412,173186,108415.0
2024-07-15 09:00:00,143709.51973405964,129072.15780821918,173731,115683.0
2024-07-15 10:00:00,144569.35218666244,132638.18219178083,174215,123045.0
2024-07-15 11:00:00,152191.89924988349,140594.1879452055,175116,130390.0
2024-07-15 12:00:00,154300.394144053,144552.0,176057,137438.0
2024-07-15 13:00:00,154560.50428545926,147772.0,175662,143358.0
2024-07-15 14:00:00,154560.50428545926,148210.0,176046,147385.0
2024-07-15 15:00:00,154560.50428545926,148210.0,175880,150039.0
2024-07-15 16:00:00,154560.50428545926,148210.0,175955,151507.0
2024-07-15 17:00:00,154560.50428545926,148210.0,175364,151587.0
2024-07-15 18:00:00,154560.50428545926,148210.0,174508,150331.0
2024-07-15 19:00:00,154560.50428545926,148723.47342465754,172721,147480.0
2024-07-15 20:00:00,154560.50428545926,146320.0,179472,142337.0
2024-07-15 21:00:00,153610.95806482178,140625.0,179794,137304.0
2024-07-15 22:00:00,144569.35218666244,131748.0,179894,127613.0
2024-07-15 23:00:00,142157.09459214125,125788.0,180154,117467.0
2024-07-16 00:00:00,124001.38272211212,123136.0,169923,109965.0
2024-07-16 01:00:00,115502.26970954592,111725.0,169693,103737.0
2024-07-16 02:00:00,110449.89108776508,103648.46191780822,169638,99049.0
2024-07-16 03:00:00,106067.40916376552,101579.0,170300,96097.0
2024-07-16 04:00:00,105028.41848675102,98786.05506849317,170636,94694.0
2024-07-16 05:00:00,106067.40916376552,101214.45342465752,170524,95942.0
2024-07-16 06:00:00,112239.8762330241,106292.74630136989,170675,99330.0
2024-07-16 07:00:00,115513.54902658272,114520.15643835618,172927,105311.0
2024-07-16 08:00:00,137287.911317552,121399.21095890412,174761,112267.0
2024-07-16 09:00:00,145592.1837044152,128464.54958904113,175076,119311.0
2024-07-16 10:00:00,144569.35218666244,133987.48136986303,176493,127037.0
2024-07-16 11:00:00,153129.04712127242,140911.27397260274,177796,134306.0
2024-07-16 12:00:00,154300.394144053,144552.0,178978,140508.0
2024-07-16 13:00:00,154560.50428545926,148749.83726027398,179811,145467.0
2024-07-16 14:00:00,154560.50428545926,148749.83726027398,178372,148988.0
2024-07-16 15:00:00,154560.50428545926,148749.83726027398,177749,150859.0
2024-07-16 16:00:00,154560.50428545926,148749.83726027398,176928,152290.0
2024-07-16 17:00:00,154560.50428545926,148750.0,175332,152550.0
2024-07-16 18:00:00,154560.50428545926,148750.0,173090,151005.0
2024-07-16 19:00:00,154560.50428545926,148750.0,170559,146531.0
2024-07-16 20:00:00,154382.66421990845,141438.9501369863,178461,140558.0
2024-07-16 21:00:00,152277.03299177793,141501.12136986302,178898,133779.0
2024-07-16 22:00:00,144778.24285425222,132269.0,179190,124712.0
2024-07-16 23:00:00,142299.2051614486,125788.0,179615,115900.0
2024-07-17 00:00:00,116374.84942125872,121916.32767123288,168316,108457.0
2024-07-17 01:00:00,115246.49300634468,106369.87808219178,168307,102264.0
2024-07-17 02:00:00,108933.06733769029,102208.85232876713,168185,97710.0
2024-07-17 03:00:00,105028.41848675102,99088.0906849315,168729,94875.0
2024-07-17 04:00:00,104159.37558364496,100600.08849315067,169010,94130.0
2024-07-17 05:00:00,105028.41848675102,99085.08,168516,95899.0
2024-07-17 06:00:00,110449.89108776508,102232.08,169247,99485.0
2024-07-17 07:00:00,115502.26970954592,111364.4380821918,170982,104292.0
2024-07-17 08:00:00,124001.38272211212,117949.97232876712,172987,109002.0
2024-07-17 09:00:00,142157.09459214125,121262.0,174186,114219.0
2024-07-17 10:00:00,145676.1695966177,125491.0,175081,119992.0
2024-07-17 11:00:00,144569.35218666244,134027.0,175841,126047.0
2024-07-17 12:00:00,151020.97666606752,136632.0501369863,176294,132244.0
2024-07-17 13:00:00,154382.66421990845,140625.0,176896,137478.0
2024-07-17 14:00:00,154382.66421990845,140568.0,177077,140608.0
2024-07-17 15:00:00,154382.66421990845,140568.0,177271,142420.0
2024-07-17 16:00:00,154382.66421990845,140568.0,176300,142065.0
2024-07-17 17:00:00,154382.66421990845,140358.9893150685,175792,140195.0
2024-07-17 18:00:00,153129.04712127242,138270.12136986302,175423,136385.0
2024-07-17 19:00:00,145906.3625040024,135011.0,173715,131687.0
2024-07-17 20:00:00,144569.35218666244,132286.97369863014,179030,125688.0
2024-07-17 21:00:00,145657.13324780838,125465.05068493151,179450,119361.0
2024-07-17 22:00:00,137287.911317552,117249.4983561644,179928,112034.0
2024-07-17 23:00:00,115513.54902658272,114576.49150684931,179958,104440.0
2024-07-18 00:00:00,106067.40916376552,102220.0,167779,97342.0
2024-07-18 01:00:00,99204.96244670232,97440.04273972604,167587,92064.0
2024-07-18 02:00:00,94298.9047292391,92861.1506849315,167471,88072.0
2024-07-18 03:00:00,94327.92907885987,89434.0,167984,85820.0
2024-07-18 04:00:00,94134.83343307118,89434.0,168695,85441.0
2024-07-18 05:00:00,94298.9047292391,92872.0,168549,87319.0
2024-07-18 06:00:00,99204.96244670232,93755.15561643837,168521,90607.0
2024-07-18 07:00:00,106067.40916376552,102220.0,169644,95094.0
2024-07-18 08:00:00,112936.71227701013,105429.80465753425,171497,99254.0
2024-07-18 09:00:00,115502.26970954592,107797.61397260276,171411,101971.0
2024-07-18 10:00:00,119218.49284708383,113484.7216438356,172664,105128.0
2024-07-18 11:00:00,133516.29440773558,117100.0,173158,108805.0
2024-07-18 12:00:00,142299.2051614486,123325.24794520548,174283,112492.0
2024-07-18 13:00:00,144554.56394859767,125874.0,174689,116089.0
2024-07-18 14:00:00,145657.13324780838,128970.0,175024,118455.0
2024-07-18 15:00:00,145676.1695966177,134661.28410958906,173453,120091.0
2024-07-18 16:00:00,144693.60424410825,134696.3273972603,173345,121566.0
2024-07-18 17:00:00,144778.24285425222,132269.0,172939,122227.0
2024-07-18 18:00:00,145676.1695966177,134661.28410958906,172002,120454.0
2024-07-18 19:00:00,145592.1837044152,125565.56273972604,170408,117093.0
2024-07-18 20:00:00,142157.09459214125,122705.0,178714,112736.0
2024-07-18 21:00:00,133516.29440773558,118507.1,179200,108699.0
2024-07-18 22:00:00,115411.08118914992,110446.0,179237,101681.0
2024-07-18 23:00:00,109495.88441179668,102136.5989041096,179262,94448.0
2024-07-19 00:00:00,94491.12740286293,92836.0,166289,88094.0
2024-07-19 01:00:00,94134.83343307118,88661.64246575342,165968,83002.0
2024-07-19 02:00:00,92797.55325314232,83056.43260273973,166306,79634.0
2024-07-19 03:00:00,92679.3231217016,82120.0,166388,77539.0
2024-07-19 04:00:00,92679.3231217016,80786.0,167042,77057.0
2024-07-19 05:00:00,92679.3231217016,82723.04356164383,166867,78788.0
2024-07-19 06:00:00,93514.7072505474,87575.81616438356,167595,81786.0
2024-07-19 07:00:00,94298.9047292391,92442.7610958904,168295,86097.0
2024-07-19 08:00:00,100714.27921452606,97329.12849315068,169912,90521.0
2024-07-19 09:00:00,106067.40916376552,102193.39205479452,171031,94652.0
2024-07-19 10:00:00,112936.71227701013,104935.0,172304,98883.0
2024-07-19 11:00:00,115502.26970954592,112969.1490410959,171994,102971.0
2024-07-19 12:00:00,119218.49284708383,118962.78246575344,173227,107151.0
2024-07-19 13:00:00,133516.29440773558,122436.0,173528,111448.0
2024-07-19 14:00:00,142299.2051614486,123098.69041095892,173462,115028.0
2024-07-19 15:00:00,144608.2765338529,126961.0,172734,118107.0
2024-07-19 16:00:00,145657.13324780838,129080.74739726027,172566,121198.0
2024-07-19 17:00:00,145657.13324780838,130074.5783561644,171518,122632.0
2024-07-19 18:00:00,145727.1666025497,128513.0,170131,121768.0
2024-07-19 19:00:00,142299.2051614486,123449.25068493153,169089,117717.0
2024-07-19 20:00:00,128485.7743515321,118517.0,177487,112121.0
2024-07-19 21:00:00,115513.54902658272,111750.0,178736,107518.0
2024-07-19 22:00:00,112936.71227701013,104848.82876712328,178737,101043.0
2024-07-19 23:00:00,103992.5426815722,99295.5610958904,179053,94089.0
2024-07-20 00:00:00,94327.92907885987,91156.0,164398,87678.0
2024-07-20 01:00:00,93382.98443831716,84697.16794520548,165221,82728.0
2024-07-20 02:00:00,92679.3231217016,80639.0,165220,79135.0
2024-07-20 03:00:00,92679.3231217016,78732.0,165429,76720.0
2024-07-20 04:00:00,92679.3231217016,77502.0,166246,75629.0
2024-07-20 05:00:00,92679.3231217016,77623.83945205479,166229,75731.0
2024-07-20 06:00:00,92679.3231217016,77723.0,165919,76173.0
2024-07-20 07:00:00,92679.3231217016,80034.72520547945,167027,78815.0
2024-07-20 08:00:00,93514.7072505474,86222.65671232877,168098,83837.0
2024-07-20 09:00:00,94491.12740286293,92916.71890410958,168531,89491.0
2024-07-20 10:00:00,104976.16326014204,100027.7197260274,169413,94954.0
2024-07-20 11:00:00,110449.89108776508,104710.0,170705,100140.0
2024-07-20 12:00:00,115313.87472507662,108968.0,171309,104500.0
2024-07-20 13:00:00,115513.54902658272,112442.0,171250,107882.0
2024-07-20 14:00:00,119218.49284708383,114575.31123287672,171366,110053.0
2024-07-20 15:00:00,130219.82884352356,118506.01506849316,170734,111268.0
2024-07-20 16:00:00,137287.911317552,122343.7791780822,170275,112418.0
2024-07-20 17:00:00,142299.2051614486,122395.17780821916,169988,112569.0
2024-07-20 18:00:00,138130.82021062062,122343.7791780822,169064,111353.0
2024-07-20 19:00:00,128485.7743515321,118517.0,167703,108905.0
2024-07-20 20:00:00,115513.54902658272,112532.0,175512,105493.0
2024-07-20 21:00:00,115502.26970954592,107717.48328767125,176846,102792.0
2024-07-20 22:00:00,110279.13570378444,106256.0,177185,97522.0
2024-07-20 23:00:00,99487.46394458582,95047.37616438356,177906,91614.0
2024-07-21 00:00:00,94327.92907885987,89625.12575342465,164056,85924.0
2024-07-21 01:00:00,93382.98443831716,84198.0,163856,81366.0
2024-07-21 02:00:00,92679.3231217016,80845.0,164302,78064.0
2024-07-21 03:00:00,92679.3231217016,79023.31342465754,163915,75699.0
2024-07-21 04:00:00,92679.3231217016,76762.0,163175,74320.0
2024-07-21 05:00:00,92679.3231217016,77267.97589041096,163333,73821.0
2024-07-21 06:00:00,92679.3231217016,76473.30767123288,163031,73812.0
2024-07-21 07:00:00,92679.3231217016,79350.50547945205,164502,76448.0
2024-07-21 08:00:00,93382.98443831716,84684.57479452055,166213,82120.0
2024-07-21 09:00:00,94298.9047292391,90981.3284931507,166796,88267.0
2024-07-21 10:00:00,104316.4683735078,98785.60465753423,168982,94566.0
2024-07-21 11:00:00,112239.8762330241,104902.22630136988,169383,101141.0
2024-07-21 12:00:00,115513.54902658272,112313.6295890411,169983,106996.0
2024-07-21 13:00:00,125844.57273494256,116522.0,170099,111812.0
2024-07-21 14:00:00,142299.2051614486,122023.8887671233,169613,115468.0
2024-07-21 15:00:00,144554.56394859767,124853.60602739724,169500,118751.0
2024-07-21 16:00:00,145657.13324780838,130067.55342465754,169065,122009.0
2024-07-21 17:00:00,145334.03191294393,135224.5994520548,168182,124160.0
2024-07-21 18:00:00,145676.1695966177,128828.77232876713,166987,123379.0
2024-07-21 19:00:00,145592.1837044152,129056.01095890412,164921,120600.0
2024-07-21 20:00:00,142157.09459214125,122675.65260273972,173677,115940.0
2024-07-21 21:00:00,132540.56409793024,118271.0,175227,111857.0
2024-07-21 22:00:00,115411.08118914992,110434.6895890411,175627,105292.0
2024-07-21 23:00:00,110279.13570378444,103566.318630137,175842,98214.0
2024-07-22 00:00:00,98811.21062208444,94138.0706849315,163174,92172.0
2024-07-22 01:00:00,94327.92907885987,89929.0,162851,87379.0
2024-07-22 02:00:00,93382.98443831716,86492.45835616438,163360,84259.0
2024-07-22 03:00:00,93200.12394718891,84185.0,163289,82544.0
2024-07-22 04:00:00,93200.12394718891,84374.7109589041,163355,82784.0
2024-07-22 05:00:00,94134.83343307118,87842.0,162490,85531.0
2024-07-22 06:00:00,94491.12740286293,94751.30739726029,162734,89547.0
2024-07-22 07:00:00,104159.37558364496,97016.46191780822,163364,93903.0
2024-07-22 08:00:00,110279.13570378444,102237.29205479453,163526,98834.0
2024-07-22 09:00:00,115420.76438491268,109326.31589041096,164493,103104.0
2024-07-22 10:00:00,115851.04611483528,112978.0,165742,107304.0
2024-07-22 11:00:00,132540.56409793024,116909.97671232876,165912,111463.0
2024-07-22 12:00:00,142299.2051614486,123094.67616438356,166851,115291.0
2024-07-22 13:00:00,144554.56394859767,128689.09041095892,168556,118773.0
2024-07-22 14:00:00,145657.13324780838,129087.7180821918,168597,120338.0
2024-07-22 15:00:00,145676.1695966177,130922.5093150685,168451,120822.0
2024-07-22 16:00:00,145676.1695966177,134025.0,167773,121628.0
2024-07-22 17:00:00,145334.03191294393,132269.0,167278,121949.0
2024-07-22 18:00:00,145676.1695966177,130067.55342465754,166606,120203.0
2024-07-22 19:00:00,144554.56394859767,128513.0,165325,117231.0
2024-07-22 20:00:00,142299.2051614486,123470.0,173875,114071.0
2024-07-22 21:00:00,126149.47620437866,118137.78739726028,174954,110688.0
2024-07-22 22:00:00,115502.26970954592,109751.0,175243,104054.0
2024-07-22 23:00:00,106067.40916376552,101816.73178082192,175484,97163.0
2024-07-23 00:00:00,99204.96244670232,95587.12849315068,161909,91140.0
2024-07-23 01:00:00,94327.92907885987,89089.0,162585,86625.0
2024-07-23 02:00:00,93514.7072505474,86228.0,162932,83449.0
2024-07-23 03:00:00,93200.12394718891,84380.0,163155,81682.0
2024-07-23 04:00:00,93200.12394718891,84380.0,163158,81809.0
2024-07-23 05:00:00,94134.83343307118,86470.39616438356,162406,84560.0
2024-07-23 06:00:00,94491.12740286293,92395.0,162995,88833.0
2024-07-23 07:00:00,103992.5426815722,96873.05287671232,163730,93798.0
2024-07-23 08:00:00,110449.89108776508,104006.72356164384,163901,98402.0
2024-07-23 09:00:00,115502.26970954592,108266.321369863,165796,103386.0
2024-07-23 10:00:00,118884.55611603551,112828.2805479452,166360,108724.0
2024-07-23 11:00:00,137287.911317552,119573.66191780822,167494,114082.0
2024-07-23 12:00:00,144554.56394859767,126295.27287671232,168928,119134.0
2024-07-23 13:00:00,145676.1695966177,128832.0,168835,123721.0
2024-07-23 14:00:00,144569.35218666244,131595.12164383562,168757,126964.0
2024-07-23 15:00:00,145906.3625040024,135522.73315068494,168724,129299.0
2024-07-23 16:00:00,149376.1231487283,137731.0,169027,131617.0
2024-07-23 17:00:00,152277.03299177793,138313.4005479452,168123,132570.0
2024-07-23 18:00:00,146973.26491112082,137271.6391780822,167900,130391.0
2024-07-23 19:00:00,144569.35218666244,133591.2791780822,166930,125936.0
2024-07-23 20:00:00,145676.1695966177,128384.07589041095,176340,121420.0
2024-07-23 21:00:00,144608.2765338529,126531.0,176333,116931.0
2024-07-23 22:00:00,125607.60616047637,116014.22301369865,176574,109620.0
2024-07-23 23:00:00,115373.57395578912,109367.0,176668,101772.0
2024-07-24 00:00:00,105028.41848675102,101503.65150684932,162695,95403.0
2024-07-24 01:00:00,98648.58090725508,92713.49123287672,162970,90583.0
2024-07-24 02:00:00,94327.92907885987,91102.24164383562,163166,87253.0
2024-07-24 03:00:00,94134.83343307118,90463.60082191782,163468,85264.0
2024-07-24 04:00:00,94134.83343307118,88615.07178082192,163359,85154.0
2024-07-24 05:00:00,94327.92907885987,89174.0,163035,87720.0
2024-07-24 06:00:00,99204.96244670232,94112.79178082192,162418,91886.0
2024-07-24 07:00:00,105371.2778700864,99385.69260273971,162729,96603.0
2024-07-24 08:00:00,112936.71227701013,104422.87726027398,163515,101261.0
2024-07-24 09:00:00,115502.26970954592,107788.61616438357,164356,105172.0
2024-07-24 10:00:00,119824.53698810434,113015.02219178082,166080,109605.0
2024-07-24 11:00:00,137287.911317552,120099.30630136988,166280,114102.0
2024-07-24 12:00:00,142157.09459214125,122990.61315068492,168867,118452.0
2024-07-24 13:00:00,145657.13324780838,126915.63397260274,169014,121732.0
2024-07-24 14:00:00,145676.1695966177,128749.73506849316,169168,124109.0
2024-07-24 15:00:00,144569.35218666244,130454.18931506848,168618,126132.0
2024-07-24 16:00:00,144569.35218666244,130328.0,168466,126624.0
2024-07-24 17:00:00,144569.35218666244,133062.90630136986,168136,126249.0
2024-07-24 18:00:00,144569.35218666244,128879.34410958904,167210,124252.0
2024-07-24 19:00:00,145676.1695966177,130868.12712328768,166134,120814.0
2024-07-24 20:00:00,144554.56394859767,126432.59698630136,174796,117207.0
2024-07-24 21:00:00,142299.2051614486,123329.26219178084,175698,113635.0
2024-07-24 22:00:00,115513.54902658272,111749.25205479452,176260,107142.0
2024-07-24 23:00:00,110449.89108776508,106268.38958904112,176622,99969.0
2024-07-25 00:00:00,100953.1346132427,97374.0,164322,93753.0
2024-07-25 01:00:00,94298.9047292391,92828.358630137,164074,89168.0
2024-07-25 02:00:00,94134.83343307118,87490.48465753425,164344,85822.0
2024-07-25 03:00:00,93382.98443831716,88045.0,164716,83870.0
2024-07-25 04:00:00,93382.98443831716,87995.74410958904,164693,83953.0
2024-07-25 05:00:00,94134.83343307118,89449.98657534247,164600,86306.0
2024-07-25 06:00:00,95450.316597224,93031.0,165427,90417.0
2024-07-25 07:00:00,105028.41848675102,97609.78164383562,166050,95052.0
2024-07-25 08:00:00,110279.13570378444,103143.0,166786,99491.0
2024-07-25 09:00:00,115246.49300634468,107835.15287671232,167473,103587.0
2024-07-25 10:00:00,115513.54902658272,112357.2397260274,168420,107732.0
2024-07-25 11:00:00,119824.53698810434,115994.0,167479,111443.0
2024-07-25 12:00:00,137287.911317552,118342.0,167805,115039.0
2024-07-25 13:00:00,142157.09459214125,122966.25643835615,168309,118694.0
2024-07-25 14:00:00,144608.2765338529,123691.0,168332,121320.0
2024-07-25 15:00:00,145654.20576810944,127114.0,168310,122905.0
2024-07-25 16:00:00,145657.13324780838,127089.7789041096,168132,124020.0
2024-07-25 17:00:00,145657.13324780838,128669.6298630137,168994,123839.0
2024-07-25 18:00:00,145592.1837044152,127349.43616438356,168348,121714.0
2024-07-25 19:00:00,142157.09459214125,122993.0,166934,118006.0
2024-07-25 20:00:00,137287.911317552,119629.9501369863,176012,113601.0
2024-07-25 21:00:00,119824.53698810434,115048.5106849315,176044,109504.0
2024-07-25 22:00:00,115313.87472507662,107668.98438356163,176365,102623.0
2024-07-25 23:00:00,105028.41848675102,98770.6597260274,176650,95044.0
2024-07-26 00:00:00,94626.54430756312,92471.85726027396,166380,88516.0
2024-07-26 01:00:00,94134.83343307118,88671.0,166470,83535.0
2024-07-26 02:00:00,92797.55325314232,84163.0,166398,80119.0
2024-07-26 03:00:00,92679.3231217016,82120.0,166098,77958.0
2024-07-26 04:00:00,92679.3231217016,80803.51178082192,165961,77502.0
2024-07-26 05:00:00,92679.3231217016,82505.0,165837,79282.0
2024-07-26 06:00:00,93514.7072505474,87850.64493150686,166475,82055.0
2024-07-26 07:00:00,94298.9047292391,90972.81178082192,167436,85939.0
2024-07-26 08:00:00,100714.27921452606,97461.06328767123,168886,90473.0
2024-07-26 09:00:00,106067.40916376552,100376.0,169748,94290.0
2024-07-26 10:00:00,112936.71227701013,105292.82328767124,171375,98282.0
2024-07-26 11:00:00,115502.26970954592,109176.19287671232,171601,102145.0
2024-07-26 12:00:00,119218.49284708383,118939.34794520547,172770,106081.0
2024-07-26 13:00:00,133516.29440773558,121454.0,173064,110185.0
2024-07-26 14:00:00,142299.2051614486,122155.0,173325,113784.0
2024-07-26 15:00:00,144608.2765338529,123691.0,174019,117089.0
2024-07-26 16:00:00,145592.1837044152,127801.0,172922,119669.0
2024-07-26 17:00:00,145657.13324780838,129091.0,172203,120422.0
2024-07-26 18:00:00,144554.56394859767,125229.0,170658,118104.0
2024-07-26 19:00:00,142299.2051614486,123449.25068493153,169286,114225.0
2024-07-26 20:00:00,125607.60616047637,117973.0,177656,109200.0
2024-07-26 21:00:00,115513.54902658272,113354.0808219178,177936,104759.0
2024-07-26 22:00:00,112561.98385774477,107347.0,177884,98356.0
2024-07-26 23:00:00,103436.93264425,97783.0,177995,91407.0
2024-07-27 00:00:00,94134.83343307118,88065.12356164384,167280,85187.0
2024-07-27 01:00:00,92797.55325314232,82219.0,167465,80425.0
2024-07-27 02:00:00,92679.3231217016,80290.0,166672,76827.0
2024-07-27 03:00:00,92679.3231217016,77367.0,166698,74405.0
2024-07-27 04:00:00,92679.3231217016,77964.53726027398,167592,73013.0
2024-07-27 05:00:00,92679.3231217016,74479.8301369863,167241,73189.0
2024-07-27 06:00:00,92679.3231217016,78034.0,167536,73355.0
2024-07-27 07:00:00,92679.3231217016,78914.9101369863,168778,75745.0
2024-07-27 08:00:00,93382.98443831716,84497.82164383562,171175,80341.0
2024-07-27 09:00:00,94298.9047292391,89890.0,172180,85996.0
2024-07-27 10:00:00,104159.37558364496,98773.0,172942,91945.0
2024-07-27 11:00:00,110449.89108776508,109122.98821917808,172267,98081.0
2024-07-27 12:00:00,115502.26970954592,109734.55260273971,174407,103007.0
2024-07-27 13:00:00,119824.53698810434,113529.92438356164,174441,107457.0
2024-07-27 14:00:00,137287.911317552,120112.0,174928,111496.0
2024-07-27 15:00:00,142157.09459214125,122993.0,174963,115276.0
2024-07-27 16:00:00,145592.1837044152,128148.9808219178,174857,118933.0
2024-07-27 17:00:00,145657.13324780838,128698.05506849317,173920,121033.0
2024-07-27 18:00:00,145592.1837044152,127801.0,172377,120399.0
2024-07-27 19:00:00,142157.09459214125,123084.2608219178,169568,116170.0
2024-07-27 20:00:00,129368.21201592498,118517.0,178275,110429.0
2024-07-27 21:00:00,115744.7580999724,112488.41287671232,178864,105631.0
2024-07-27 22:00:00,115182.93192576164,109604.72712328768,178636,98863.0
2024-07-27 23:00:00,105028.41848675102,99597.4290410959,178970,91654.0
2024-07-28 00:00:00,94327.92907885987,90643.0,167854,85155.0
2024-07-28 01:00:00,93382.98443831716,84707.49397260274,167537,80105.0
2024-07-28 02:00:00,92679.3231217016,82752.0,168565,76644.0
2024-07-28 03:00:00,92679.3231217016,80784.46136986301,168533,74020.0
2024-07-28 04:00:00,92679.3231217016,77367.0,168180,72704.0
2024-07-28 05:00:00,92679.3231217016,78034.0,168089,72161.0
2024-07-28 06:00:00,92679.3231217016,78000.44849315069,168209,71838.0
2024-07-28 07:00:00,92679.3231217016,80784.46136986301,169478,73962.0
2024-07-28 08:00:00,93200.12394718891,84773.6495890411,172066,79117.0
2024-07-28 09:00:00,94298.9047292391,92868.93369863014,172814,85507.0
2024-07-28 10:00:00,105028.41848675102,100845.0,173391,92689.0
2024-07-28 11:00:00,115246.49300634468,107195.0,174011,100234.0
2024-07-28 12:00:00,118884.55611603551,113016.8394520548,174931,106990.0
2024-07-28 13:00:00,137287.911317552,120598.0,174840,112368.0
2024-07-28 14:00:00,144608.2765338529,126485.62273972604,174726,116569.0
2024-07-28 15:00:00,145657.13324780838,128139.28712328768,174510,120393.0
2024-07-28 16:00:00,144778.24285425222,135198.04575342467,173971,123106.0
2024-07-28 17:00:00,144569.35218666244,132434.0,173245,124856.0
2024-07-28 18:00:00,144778.24285425222,132430.4197260274,171130,124500.0
2024-07-28 19:00:00,145657.13324780838,130064.32575342468,168698,121347.0
2024-07-28 20:00:00,142157.09459214125,122387.0,177647,117008.0
2024-07-28 21:00:00,137287.911317552,117419.0,177997,112656.0
2024-07-28 22:00:00,115513.54902658272,112319.0,178009,105927.0
2024-07-28 23:00:00,110449.89108776508,103645.72109589042,178229,98576.0
2024-07-29 00:00:00,99693.10790253672,95589.0,167381,92383.0
2024-07-29 01:00:00,94327.92907885987,91221.20301369864,167724,87675.0
2024-07-29 02:00:00,94134.83343307118,86898.46191780822,167702,84523.0
2024-07-29 03:00:00,93382.98443831716,85237.18849315068,166681,82708.0
2024-07-29 04:00:00,93382.98443831716,86699.45068493151,166363,82785.0
2024-07-29 05:00:00,94134.83343307118,87899.0,166326,85420.0
2024-07-29 06:00:00,94491.12740286293,94223.0,165965,89664.0
2024-07-29 07:00:00,105028.41848675102,98912.0,167674,94411.0
2024-07-29 08:00:00,110449.89108776508,103794.36410958903,168907,99291.0
2024-07-29 09:00:00,115502.26970954592,108380.5197260274,170354,104026.0
2024-07-29 10:00:00,119824.53698810434,115046.6391780822,171328,109325.0
2024-07-29 11:00:00,142299.2051614486,123470.0,171918,115181.0
2024-07-29 12:00:00,145592.1837044152,127092.57260273972,172798,121062.0
2024-07-29 13:00:00,144569.35218666244,132135.60493150685,173541,126113.0
2024-07-29 14:00:00,144569.35218666244,133302.0,173484,129954.0
2024-07-29 15:00:00,146359.04463158053,137671.49150684933,172979,132868.0
2024-07-29 16:00:00,152277.03299177793,137729.83369863013,171389,134474.0
2024-07-29 17:00:00,152277.03299177793,138328.4810958904,170330,134890.0
2024-07-29 18:00:00,146359.04463158053,137731.0,169521,133060.0
2024-07-29 19:00:00,144569.35218666244,136282.0,167534,129136.0
2024-07-29 20:00:00,145676.1695966177,127715.98575342464,176625,124833.0
2024-07-29 21:00:00,143709.51973405964,121461.0,176352,120428.0
2024-07-29 22:00:00,124001.38272211212,116494.28,177509,113129.0
2024-07-29 23:00:00,115246.49300634468,106771.0194520548,177552,105190.0
2024-07-30 00:00:00,105028.41848675102,101256.0,166214,98561.0
2024-07-30 01:00:00,98811.21062208444,94458.0,166118,93146.0
2024-07-30 02:00:00,94327.92907885987,89058.12136986302,165752,89458.0
2024-07-30 03:00:00,94134.83343307118,88752.94657534247,165609,87329.0
2024-07-30 04:00:00,94134.83343307118,88752.94657534247,165521,87110.0
2024-07-30 05:00:00,94327.92907885987,89972.56191780823,165406,89820.0
2024-07-30 06:00:00,99204.96244670232,95587.12849315068,165829,94001.0
2024-07-30 07:00:00,106067.40916376552,101123.6989041096,166213,98715.0
2024-07-30 08:00:00,113553.53844535294,104399.03589041096,167813,103410.0
2024-07-30 09:00:00,115411.08118914992,109317.0,168885,107479.0
2024-07-30 10:00:00,119824.53698810434,117973.0,170245,112608.0
2024-07-30 11:00:00,142299.2051614486,122395.17780821916,171347,117906.0
2024-07-30 12:00:00,144554.56394859767,124892.98082191782,172185,123212.0
2024-07-30 13:00:00,145676.1695966177,126944.4205479452,172730,127940.0
2024-07-30 14:00:00,144569.35218666244,129612.0,172837,131759.0
2024-07-30 15:00:00,144569.35218666244,133098.46493150684,173700,134527.0
2024-07-30 16:00:00,145906.3625040024,134304.36657534246,173136,136518.0
2024-07-30 17:00:00,145906.3625040024,134408.6709589041,171774,137195.0
2024-07-30 18:00:00,145906.3625040024,134284.51232876713,170215,135102.0
2024-07-30 19:00:00,144569.35218666244,129612.0,167729,130853.0
2024-07-30 20:00:00,145657.13324780838,130039.5893150685,177211,126515.0
2024-07-30 21:00:00,142157.09459214125,121361.0,177737,121863.0
2024-07-30 22:00:00,124001.38272211212,116522.0,178140,114100.0
2024-07-30 23:00:00,115313.87472507662,109321.2701369863,178353,106463.0
2024-07-31 00:00:00,110279.13570378444,102786.5605479452,166313,99508.0
2024-07-31 01:00:00,101743.9800329198,97942.98383561644,166907,94285.0
2024-07-31 02:00:00,94626.54430756312,95759.0,167526,90667.0
2024-07-31 03:00:00,94327.92907885987,90759.39506849316,167216,88399.0
2024-07-31 04:00:00,94327.92907885987,89171.69452054794,166906,88117.0
2024-07-31 05:00:00,94491.12740286293,94219.9893150685,166583,90489.0
2024-07-31 06:00:00,101743.9800329198,94844.82164383562,167109,94354.0
2024-07-31 07:00:00,110279.13570378444,102764.48219178084,168976,99390.0
2024-07-31 08:00:00,115502.26970954592,108394.0,171944,104717.0
2024-07-31 09:00:00,119824.53698810434,117973.0,174006,110361.0
2024-07-31 10:00:00,142157.09459214125,122126.84602739726,174708,116525.0
2024-07-31 11:00:00,145676.1695966177,127572.0,174921,123150.0
2024-07-31 12:00:00,144569.35218666244,134027.0,174814,129766.0
2024-07-31 13:00:00,152483.06022829094,138328.4810958904,174801,135552.0
2024-07-31 14:00:00,154382.66421990845,140500.09863013698,174176,139697.0
2024-07-31 15:00:00,154300.394144053,142277.84246575343,174104,142412.0
2024-07-31 16:00:00,154560.50428545926,146941.6679452055,172108,144297.0
2024-07-31 17:00:00,154560.50428545926,148750.0,171624,144626.0
2024-07-31 18:00:00,154560.50428545926,145327.9821917808,169575,143125.0
2024-07-31 19:00:00,154382.66421990845,143366.0,167983,139558.0
2024-07-31 20:00:00,151020.97666606752,138322.48684931506,177395,134416.0
2024-07-31 21:00:00,144569.35218666244,129731.0,177547,128696.0
2024-07-31 22:00:00,144554.56394859767,122984.08821917808,178232,120093.0
2024-07-31 23:00:00,124693.64890014708,116522.0,178589,111152.0
2024-08-01 00:00:00,115502.26970954592,111672.27232876713,166638,103532.0
2024-08-01 01:00:00,110449.89108776508,104692.83095890412,166849,97593.0
2024-08-01 02:00:00,105028.41848675102,100061.0,167274,93274.0
2024-08-01 03:00:00,99693.10790253672,97075.3791780822,166856,90387.0
2024-08-01 04:00:00,99204.96244670232,94336.75808219178,167036,89492.0
2024-08-01 05:00:00,101743.9800329198,97879.0,167946,91274.0
2024-08-01 06:00:00,106067.40916376552,100076.0,167782,94909.0
2024-08-01 07:00:00,115246.49300634468,104818.85726027396,169462,100384.0
2024-08-01 08:00:00,116374.84942125872,111156.0,170489,106938.0
2024-08-01 09:00:00,142299.2051614486,118995.72273972604,171233,113984.0
2024-08-01 10:00:00,145657.13324780838,128627.3989041096,172276,121756.0
2024-08-01 11:00:00,145906.3625040024,133871.0,172942,129093.0
2024-08-01 12:00:00,153610.95806482178,143473.0,174372,135579.0
2024-08-01 13:00:00,154300.394144053,142794.0706849315,174221,140276.0
2024-08-01 14:00:00,154560.50428545926,148744.0,173442,143532.0
2024-08-01 15:00:00,154560.50428545926,147628.42547945207,173131,146102.0
2024-08-01 16:00:00,154560.50428545926,148184.9109589041,172522,147821.0
2024-08-01 17:00:00,154560.50428545926,147758.7909589041,172148,148651.0
2024-08-01 18:00:00,154560.50428545926,146810.69315068494,170341,147517.0
2024-08-01 19:00:00,154300.394144053,146239.87780821917,168326,143807.0
2024-08-01 20:00:00,153129.04712127242,143440.88602739727,177594,138732.0
2024-08-01 21:00:00,145906.3625040024,137169.538630137,177735,132813.0
2024-08-01 22:00:00,145657.13324780838,124475.0,179647,124076.0
2024-08-01 23:00:00,133516.29440773558,117066.47561643836,179738,115115.0
2024-08-02 00:00:00,115411.08118914992,110392.0,167038,107373.0
2024-08-02 01:00:00,110669.61907692369,110062.0,166835,101512.0
2024-08-02 02:00:00,105028.41848675102,99046.72767123287,166909,97233.0
2024-08-02 03:00:00,100714.27921452606,97652.5389041096,167461,94467.0
2024-08-02 04:00:00,99487.46394458582,98267.92273972604,168018,93708.0
2024-08-02 05:00:00,103992.5426815722,100017.358630137,168000,95392.0
2024-08-02 06:00:00,106067.40916376552,101209.78821917808,168579,98668.0
2024-08-02 07:00:00,115246.49300634468,106197.34630136986,169686,103438.0
2024-08-02 08:00:00,115744.7580999724,111603.91150684933,170872,109578.0
2024-08-02 09:00:00,137287.911317552,117098.72520547944,172066,116145.0
2024-08-02 10:00:00,144554.56394859767,126726.8583561644,172793,122639.0
2024-08-02 11:00:00,144569.35218666244,130607.97534246575,173718,128403.0
2024-08-02 12:00:00,146359.04463158053,137076.09095890413,174830,133541.0
2024-08-02 13:00:00,154265.50343990143,142576.0,175402,137771.0
2024-08-02 14:00:00,154382.66421990845,142557.85452054796,175458,141075.0
2024-08-02 15:00:00,154382.66421990845,142083.0,175113,142393.0
2024-08-02 16:00:00,154300.394144053,142083.0,174419,142507.0
2024-08-02 17:00:00,154382.66421990845,142078.22630136987,172825,141071.0
2024-08-02 18:00:00,154382.66421990845,140986.29698630137,171605,136324.0
2024-08-02 19:00:00,146359.04463158053,137119.0,170870,130513.0
2024-08-02 20:00:00,144569.35218666244,131748.0,178154,125227.0
2024-08-02 21:00:00,145657.13324780838,125605.0,178661,119908.0
2024-08-02 22:00:00,137287.911317552,117042.5304109589,178908,112951.0
2024-08-02 23:00:00,115513.54902658272,109949.0,179477,105599.0
2024-08-03 00:00:00,112936.71227701013,111010.0,168368,99200.0
2024-08-03 01:00:00,105028.41848675102,99093.0,168149,93933.0
2024-08-03 02:00:00,99204.96244670232,94339.85013698632,167644,90308.0
2024-08-03 03:00:00,94298.9047292391,91847.01863013698,168319,87605.0
2024-08-03 04:00:00,94327.92907885987,90294.82739726028,167404,86237.0
2024-08-03 05:00:00,94327.92907885987,88759.18849315068,167396,86268.0
2024-08-03 06:00:00,94327.92907885987,89366.56109589041,167675,86826.0
2024-08-03 07:00:00,94491.12740286293,91490.20356164384,168418,89461.0
2024-08-03 08:00:00,105028.41848675102,102864.0,169900,94957.0
2024-08-03 09:00:00,115182.93192576164,110976.12301369864,170912,101560.0
2024-08-03 10:00:00,116374.84942125872,114155.0,171773,108895.0
2024-08-03 11:00:00,142355.40750166253,119592.89232876712,172466,115533.0
2024-08-03 12:00:00,145727.1666025497,123440.23561643835,172801,121721.0
2024-08-03 13:00:00,145676.1695966177,127983.0,173223,126375.0
2024-08-03 14:00:00,144569.35218666244,135142.4887671233,173183,129496.0
2024-08-03 15:00:00,144569.35218666244,134022.76876712329,172811,131203.0
2024-08-03 16:00:00,145906.3625040024,134354.0,171505,131882.0
2024-08-03 17:00:00,145906.3625040024,137152.96630136986,170570,130536.0
2024-08-03 18:00:00,144569.35218666244,132432.99643835615,169275,126003.0
2024-08-03 19:00:00,145657.13324780838,127983.0,168361,120562.0
2024-08-03 20:00:00,142157.09459214125,122696.37479452055,175818,115964.0
2024-08-03 21:00:00,137287.911317552,117051.61671232876,176807,111597.0
2024-08-03 22:00:00,115513.54902658272,113358.71890410958,178234,105568.0
2024-08-03 23:00:00,112561.98385774477,110984.28712328768,178738,99034.0
2024-08-04 00:00:00,105028.41848675102,100050.8016438356,167483,93049.0
2024-08-04 01:00:00,94626.54430756312,92119.0,167017,88384.0
2024-08-04 02:00:00,94134.83343307118,88324.0,167709,84712.0
2024-08-04 03:00:00,93382.98443831716,86462.12219178083,167712,82374.0
2024-08-04 04:00:00,93041.2930177194,85979.82520547946,167869,80841.0
2024-08-04 05:00:00,92797.55325314232,83123.34547945205,168222,80475.0
2024-08-04 06:00:00,92679.3231217016,82631.05068493151,168760,80366.0
2024-08-04 07:00:00,93382.98443831716,85972.28493150685,169964,82281.0
2024-08-04 08:00:00,94327.92907885987,90703.57890410958,173053,87619.0
2024-08-04 09:00:00,103992.5426815722,99573.0,173862,93867.0
2024-08-04 10:00:00,112239.8762330241,110062.0,174875,100250.0
2024-08-04 11:00:00,115513.54902658272,112609.0,175346,106758.0
2024-08-04 12:00:00,132540.56409793024,120527.83205479452,175714,112752.0
2024-08-04 13:00:00,142157.09459214125,122976.56328767123,175768,117717.0
2024-08-04 14:00:00,145592.1837044152,128467.4205479452,175822,122085.0
2024-08-04 15:00:00,145676.1695966177,131059.17479452056,175099,125552.0
2024-08-04 16:00:00,144569.35218666244,132340.36657534246,174740,127913.0
2024-08-04 17:00:00,144569.35218666244,136216.60575342466,174011,129048.0
2024-08-04 18:00:00,144569.35218666244,136282.0,172147,128751.0
2024-08-04 19:00:00,145676.1695966177,131270.6882191781,169713,125486.0
2024-08-04 20:00:00,145173.021313832,127708.7808219178,179589,121463.0
2024-08-04 21:00:00,142299.2051614486,123419.90328767124,180208,117123.0
2024-08-04 22:00:00,119218.49284708383,113699.26849315068,180283,109829.0
2024-08-04 23:00:00,115246.49300634468,111026.0,180488,102478.0
2024-08-05 00:00:00,105028.41848675102,102761.7180821918,168565,96165.0
2024-08-05 01:00:00,98485.3522952513,93962.71753424658,169132,91319.0
2024-08-05 02:00:00,94327.92907885987,91449.34273972602,169933,88017.0
2024-08-05 03:00:00,94134.83343307118,89071.36767123287,170180,86028.0
2024-08-05 04:00:00,94134.83343307118,89082.0,170305,86055.0
2024-08-05 05:00:00,94298.9047292391,90192.06712328768,170600,88627.0
2024-08-05 06:00:00,99487.46394458582,95282.0,170561,92903.0
2024-08-05 07:00:00,108933.06733769029,101645.0,172110,98147.0
2024-08-05 08:00:00,115502.26970954592,109104.25698630136,173545,104204.0
2024-08-05 09:00:00,119824.53698810434,118972.60109589042,173703,110600.0
2024-08-05 10:00:00,142157.09459214125,121690.0,174365,118108.0
2024-08-05 11:00:00,144693.60424410825,132269.0,174745,125448.0
2024-08-05 12:00:00,146359.04463158053,137119.0,175951,132064.0
2024-08-05 13:00:00,154382.66421990845,141453.0,176760,137853.0
2024-08-05 14:00:00,154300.394144053,146288.21150684933,176950,141886.0
2024-08-05 15:00:00,154560.50428545926,148750.0,176131,144192.0
2024-08-05 16:00:00,154560.50428545926,148749.83726027398,175748,145570.0
2024-08-05 17:00:00,154560.50428545926,148687.37232876712,174463,145996.0
2024-08-05 18:00:00,154560.50428545926,148684.09041095892,172550,144468.0
2024-08-05 19:00:00,154382.66421990845,140707.8701369863,170689,140132.0
2024-08-05 20:00:00,150123.46256250472,137119.0,179744,135170.0
2024-08-05 21:00:00,144569.35218666244,131271.76383561644,179761,129348.0
2024-08-05 22:00:00,142157.09459214125,122905.0,179968,120889.0
2024-08-05 23:00:00,119824.53698810434,113115.47123287672,180110,112655.0
2024-08-06 00:00:00,115420.76438491268,110668.0,169076,105165.0
2024-08-06 01:00:00,108933.06733769029,101645.0,169192,99676.0
2024-08-06 02:00:00,103835.88987989083,100697.0,169917,95539.0
2024-08-06 03:00:00,98811.21062208444,93956.0,170374,93097.0
2024-08-06 04:00:00,97996.57811032502,96949.0,170852,92659.0
2024-08-06 05:00:00,100058.33210454736,96987.92356164384,170694,94947.0
2024-08-06 06:00:00,105028.41848675102,100558.7805479452,171223,98936.0
2024-08-06 07:00:00,112936.71227701013,103769.93726027396,172720,103693.0
2024-08-06 08:00:00,115513.54902658272,114491.73123287671,173893,109609.0
2024-08-06 09:00:00,130219.82884352356,117671.8701369863,174525,115715.0
2024-08-06 10:00:00,142157.09459214125,123543.20712328768,176118,122232.0
2024-08-06 11:00:00,145676.1695966177,129517.0,176502,128229.0
2024-08-06 12:00:00,144569.35218666244,134027.0,177328,133791.0
2024-08-06 13:00:00,150123.46256250472,137106.44191780823,177207,137970.0
2024-08-06 14:00:00,152609.1931252918,139489.0,176729,140079.0
2024-08-06 15:00:00,153610.95806482178,140726.0,176363,139392.0
2024-08-06 16:00:00,154265.50343990143,142246.60630136987,176343,137157.0
2024-08-06 17:00:00,153129.04712127242,140726.0,175418,134326.0
2024-08-06 18:00:00,150123.46256250472,141482.35205479452,174757,130288.0
2024-08-06 19:00:00,144569.35218666244,133059.0,172683,125809.0
2024-08-06 20:00:00,145676.1695966177,131147.0,179225,121653.0
2024-08-06 21:00:00,144608.2765338529,126961.0,179372,116382.0
2024-08-06 22:00:00,125844.57273494256,118803.0,179630,109045.0
2024-08-06 23:00:00,115492.8737749451,112540.0,180000,101590.0
2024-08-07 00:00:00,108933.06733769029,102204.40410958904,169917,95134.0
2024-08-07 01:00:00,100390.24094382828,99253.85616438356,169618,90420.0
2024-08-07 02:00:00,94491.12740286293,95026.79287671234,169807,87264.0
2024-08-07 03:00:00,94327.92907885987,89911.61397260275,169611,85443.0
2024-08-07 04:00:00,94327.92907885987,88294.69095890412,169507,85164.0
2024-08-07 05:00:00,94491.12740286293,93149.90383561644,169790,87748.0
2024-08-07 06:00:00,100714.27921452606,95820.0,169820,92077.0
2024-08-07 07:00:00,106067.40916376552,102220.0,170048,95849.0
2024-08-07 08:00:00,112936.71227701013,105462.0,170745,99809.0
2024-08-07 09:00:00,115502.26970954592,107250.0,170834,103248.0
2024-08-07 10:00:00,115513.54902658272,111019.0,171512,107007.0
2024-08-07 11:00:00,119824.53698810434,114931.181369863,172815,111042.0
2024-08-07 12:00:00,133516.29440773558,122297.80684931508,174438,114781.0
2024-08-07 13:00:00,142299.2051614486,126487.0,174320,117371.0
2024-08-07 14:00:00,142157.09459214125,125722.1989041096,174111,119388.0
2024-08-07 15:00:00,142157.09459214125,127495.7983561644,173086,120100.0
2024-08-07 16:00:00,142157.09459214125,122266.0,173179,120476.0
2024-08-07 17:00:00,142157.09459214125,122463.49397260274,172800,119973.0
2024-08-07 18:00:00,142157.09459214125,121869.07506849316,171993,117805.0
2024-08-07 19:00:00,137287.911317552,117712.0,170579,114730.0
2024-08-07 20:00:00,119824.53698810434,116134.03232876712,178069,112090.0
2024-08-07 21:00:00,115513.54902658272,112374.38164383564,178482,108457.0
2024-08-07 22:00:00,110669.61907692369,107337.44273972604,178211,102416.0
2024-08-07 23:00:00,101743.9800329198,98957.0,178597,95910.0
2024-08-08 00:00:00,94491.12740286293,95718.63369863016,169388,90403.0
2024-08-08 01:00:00,94134.83343307118,88771.20630136986,169268,86178.0
2024-08-08 02:00:00,93200.12394718891,84725.0,169298,83289.0
2024-08-08 03:00:00,92679.3231217016,84001.0,168830,81466.0
2024-08-08 04:00:00,92679.3231217016,83971.6797260274,168739,81545.0
2024-08-08 05:00:00,93382.98443831716,87247.0,168797,84009.0
2024-08-08 06:00:00,94327.92907885987,90608.0,168435,88651.0
2024-08-08 07:00:00,99487.46394458582,97527.0,169036,93174.0
2024-08-08 08:00:00,105371.2778700864,101091.68328767124,169854,97354.0
2024-08-08 09:00:00,110449.89108776508,103136.31698630138,169960,101087.0
2024-08-08 10:00:00,115502.26970954592,108896.0,170788,104737.0
2024-08-08 11:00:00,115851.04611483528,114123.07589041095,171500,108553.0
2024-08-08 12:00:00,129368.21201592498,117628.0,172726,112068.0
2024-08-08 13:00:00,142299.2051614486,123362.0,172882,115035.0
2024-08-08 14:00:00,142157.09459214125,122266.0,172739,117001.0
2024-08-08 15:00:00,144554.56394859767,124845.68602739726,172848,118045.0
2024-08-08 16:00:00,145592.1837044152,125570.71616438356,172650,118900.0
2024-08-08 17:00:00,145657.13324780838,128935.06520547943,172244,119235.0
2024-08-08 18:00:00,145592.1837044152,127356.0,171720,117735.0
2024-08-08 19:00:00,142157.09459214125,122261.33479452056,170233,115487.0
2024-08-08 20:00:00,137287.911317552,118307.03808219178,177230,113727.0
2024-08-08 21:00:00,119824.53698810434,115994.0,177990,110854.0
2024-08-08 22:00:00,115420.76438491268,111382.8005479452,177955,105495.0
2024-08-08 23:00:00,105028.41848675102,103959.0,178350,99707.0
2024-08-09 00:00:00,99487.46394458582,97466.10821917807,169246,94509.0
2024-08-09 01:00:00,94327.92907885987,92872.0,169358,90628.0
2024-08-09 02:00:00,94134.83343307118,88671.0,170296,87967.0
2024-08-09 03:00:00,93382.98443831716,86460.95589041096,170687,86463.0
2024-08-09 04:00:00,93382.98443831716,86628.0,170271,86735.0
2024-08-09 05:00:00,94134.83343307118,89203.0,170612,89284.0
2024-08-09 06:00:00,94626.54430756312,93845.85616438356,170286,93424.0
2024-08-09 07:00:00,104159.37558364496,96291.0,170761,97679.0
2024-08-09 08:00:00,110279.13570378444,104063.3298630137,171680,102163.0
2024-08-09 09:00:00,115246.49300634468,106444.0,172261,105911.0
2024-08-09 10:00:00,115513.54902658272,114636.0,173026,109634.0
2024-08-09 11:00:00,119824.53698810434,119085.0,173580,113085.0
2024-08-09 12:00:00,137287.911317552,119591.81479452056,175128,115895.0
2024-08-09 13:00:00,142157.09459214125,122670.85178082192,176482,118338.0
2024-08-09 14:00:00,142157.09459214125,123687.0,176997,119550.0
2024-08-09 15:00:00,144608.2765338529,126961.0,177277,120154.0
2024-08-09 16:00:00,144554.56394859767,126435.8789041096,177687,120736.0
2024-08-09 17:00:00,144608.2765338529,126961.0,177076,120735.0
2024-08-09 18:00:00,142157.09459214125,123768.67315068492,175444,118549.0
2024-08-09 19:00:00,133516.29440773558,122436.0,172935,114921.0
2024-08-09 20:00:00,119218.49284708383,114555.56547945204,179764,111450.0
2024-08-09 21:00:00,115411.08118914992,109949.0,179490,107760.0
2024-08-09 22:00:00,110669.61907692369,107365.0,179690,101836.0
2024-08-09 23:00:00,101990.41957035977,98957.0,179776,95479.0
2024-08-10 00:00:00,94298.9047292391,91857.0,166393,89606.0
2024-08-10 01:00:00,93382.98443831716,86493.62465753425,166557,84984.0
2024-08-10 02:00:00,92679.3231217016,82907.57753424658,166696,81497.0
2024-08-10 03:00:00,92679.3231217016,80459.0,166714,78875.0
2024-08-10 04:00:00,92679.3231217016,78701.11150684932,166634,77235.0
2024-08-10 05:00:00,92679.3231217016,81679.93561643836,166803,77045.0
2024-08-10 06:00:00,92679.3231217016,79531.8808219178,167578,77557.0
2024-08-10 07:00:00,92679.3231217016,81582.57890410958,168962,79831.0
2024-08-10 08:00:00,93804.97658595216,86387.0,171489,84654.0
2024-08-10 09:00:00,94491.12740286293,93896.92876712327,171978,89819.0
2024-08-10 10:00:00,101743.9800329198,96928.0,173113,94886.0
2024-08-10 11:00:00,106400.45426680386,102220.0,174629,99243.0
2024-08-10 12:00:00,112561.98385774477,106183.58191780822,175745,102974.0
2024-08-10 13:00:00,115420.76438491268,112443.11561643836,176068,105701.0
2024-08-10 14:00:00,115411.08118914992,114523.35698630138,176235,108049.0
2024-08-10 15:00:00,115851.04611483528,114155.0,175689,110309.0
2024-08-10 16:00:00,119824.53698810434,115955.6205479452,175730,112820.0
2024-08-10 17:00:00,119824.53698810434,119085.0,174500,114184.0
2024-08-10 18:00:00,116611.0972241348,113377.0,172361,112962.0
2024-08-10 19:00:00,115411.08118914992,112230.28657534248,169448,108712.0
2024-08-10 20:00:00,115246.49300634468,111013.93013698632,177540,104612.0
2024-08-10 21:00:00,110449.89108776508,102802.0,177435,100367.0
2024-08-10 22:00:00,103992.5426815722,99245.62712328768,177272,94733.0
2024-08-10 23:00:00,94298.9047292391,93504.3298630137,177315,88532.0
2024-08-11 00:00:00,93382.98443831716,85730.03863013699,167004,82681.0
2024-08-11 01:00:00,92679.3231217016,80605.44054794521,166903,78247.0
2024-08-11 02:00:00,92679.3231217016,77624.40904109589,167316,74953.0
2024-08-11 03:00:00,92679.3231217016,75566.75452054794,167596,73065.0
2024-08-11 04:00:00,92679.3231217016,74477.64602739726,167560,71677.0
2024-08-11 05:00:00,92679.3231217016,74484.02,167259,71374.0
2024-08-11 06:00:00,92679.3231217016,74413.0,167624,71220.0
2024-08-11 07:00:00,92679.3231217016,75918.20219178083,168906,72412.0
2024-08-11 08:00:00,92679.3231217016,81682.45808219179,170927,76204.0
2024-08-11 09:00:00,93200.12394718891,84163.0,171339,80639.0
2024-08-11 10:00:00,94134.83343307118,90889.47589041096,172585,85036.0
2024-08-11 11:00:00,94626.54430756312,93917.0,173326,88971.0
2024-08-11 12:00:00,100714.27921452606,97094.2298630137,174686,92489.0
2024-08-11 13:00:00,105028.41848675102,98453.0,174709,94888.0
2024-08-11 14:00:00,108933.06733769029,102320.06356164384,175238,97919.0
2024-08-11 15:00:00,112561.98385774477,107120.0,174965,101599.0
2024-08-11 16:00:00,115313.87472507662,113775.0,174247,105427.0
2024-08-11 17:00:00,115502.26970954592,108653.0,173371,107992.0
2024-08-11 18:00:00,115502.26970954592,113461.32465753423,170997,107777.0
2024-08-11 19:00:00,115246.49300634468,110952.658630137,168499,104901.0
2024-08-11 20:00:00,110669.61907692369,107365.0,176404,101398.0
2024-08-11 21:00:00,106067.40916376552,100484.0,177326,97676.0
2024-08-11 22:00:00,99204.96244670232,95723.0,177109,91498.0
2024-08-11 23:00:00,94134.83343307118,88318.98219178083,177150,85091.0
2024-08-12 00:00:00,92679.3231217016,82920.0,166724,79562.0
2024-08-12 01:00:00,92679.3231217016,80787.09232876713,166559,75971.0
2024-08-12 02:00:00,92679.3231217016,76047.0,166803,73614.0
2024-08-12 03:00:00,92679.3231217016,74285.0,166727,72437.0
2024-08-12 04:00:00,92679.3231217016,75837.42684931507,166860,72871.0
2024-08-12 05:00:00,92679.3231217016,79436.0,166962,75505.0
2024-08-12 06:00:00,92679.3231217016,83494.32136986301,167496,79576.0
2024-08-12 07:00:00,94134.83343307118,88966.82602739726,169238,83574.0
2024-08-12 08:00:00,94491.12740286293,93917.0,171359,87903.0
2024-08-12 09:00:00,99487.46394458582,98940.0,172543,91889.0
2024-08-12 10:00:00,105028.41848675102,98297.02082191782,173183,95921.0
2024-08-12 11:00:00,110449.89108776508,105687.0,173350,99826.0
2024-08-12 12:00:00,115420.76438491268,109359.97506849316,174028,103807.0
2024-08-12 13:00:00,115513.54902658272,112584.8391780822,173530,107887.0
2024-08-12 14:00:00,119824.53698810434,119650.0,173236,111181.0
2024-08-12 15:00:00,132540.56409793024,119398.14301369865,173522,113450.0
2024-08-12 16:00:00,137287.911317552,120480.81534246576,173161,115136.0
2024-08-12 17:00:00,142299.2051614486,123768.67315068492,171809,116640.0
2024-08-12 18:00:00,137287.911317552,119434.0,170072,116397.0
2024-08-12 19:00:00,124693.64890014708,118803.0,168119,112605.0
2024-08-12 20:00:00,115513.54902658272,111817.0,176204,108131.0
2024-08-12 21:00:00,115420.76438491268,109367.0,177391,103492.0
2024-08-12 22:00:00,106067.40916376552,103680.0,177814,96071.0
2024-08-12 23:00:00,94673.18508432285,95538.32931506848,178190,88825.0
2024-08-13 00:00:00,93382.98443831716,85725.36191780822,166218,82895.0
2024-08-13 01:00:00,92679.3231217016,81095.0,165927,78750.0
2024-08-13 02:00:00,92679.3231217016,76844.89150684931,166306,75934.0
2024-08-13 03:00:00,92679.3231217016,76162.20712328768,166236,74322.0
2024-08-13 04:00:00,92679.3231217016,75916.0693150685,166614,74336.0
2024-08-13 05:00:00,92679.3231217016,79521.46547945206,167411,76789.0
2024-08-13 06:00:00,92797.55325314232,84399.0,167584,80884.0
2024-08-13 07:00:00,94134.83343307118,88993.0,168699,84940.0
2024-08-13 08:00:00,94673.18508432285,95575.0,170512,88653.0
2024-08-13 09:00:00,101743.9800329198,97409.0,171646,92602.0
2024-08-13 10:00:00,108933.06733769029,100677.53178082193,172593,96838.0
2024-08-13 11:00:00,113674.89708088676,107292.0,172686,101478.0
2024-08-13 12:00:00,115411.08118914992,112387.86191780824,173173,106369.0
2024-08-13 13:00:00,119218.49284708383,114423.25424657536,172490,110727.0
2024-08-13 14:00:00,132540.56409793024,118112.0,171886,114324.0
2024-08-13 15:00:00,142299.2051614486,125002.48739726028,171969,117028.0
2024-08-13 16:00:00,142157.09459214125,123665.7895890411,170937,119551.0
2024-08-13 17:00:00,142157.09459214125,123687.0,170803,121138.0
2024-08-13 18:00:00,142157.09459214125,123665.7895890411,169379,120169.0
2024-08-13 19:00:00,137287.911317552,119024.0,167476,116135.0
2024-08-13 20:00:00,119218.49284708383,113251.43123287673,176077,112064.0
2024-08-13 21:00:00,115502.26970954592,112936.92657534248,177301,107072.0
2024-08-13 22:00:00,108933.06733769029,101907.0,177537,99279.0
2024-08-13 23:00:00,98811.21062208444,95882.0,178131,91764.0
2024-08-14 00:00:00,94134.83343307118,88671.0,166618,85507.0
2024-08-14 01:00:00,92679.3231217016,83639.92876712329,166469,80946.0
2024-08-14 02:00:00,92679.3231217016,80290.0,166616,77830.0
2024-08-14 03:00:00,92679.3231217016,78277.0,166857,75874.0
2024-08-14 04:00:00,92679.3231217016,78277.0,166804,75837.0
2024-08-14 05:00:00,92679.3231217016,80083.84876712329,167136,78041.0
2024-08-14 06:00:00,93382.98443831716,84580.0,167230,82151.0
2024-08-14 07:00:00,94327.92907885987,89083.7504109589,169498,86101.0
2024-08-14 08:00:00,99204.96244670232,94077.0,172555,89949.0
2024-08-14 09:00:00,105028.41848675102,98499.0,173555,94539.0
2024-08-14 10:00:00,112239.8762330241,104420.30630136988,174246,99382.0
2024-08-14 11:00:00,115411.08118914992,112378.61287671232,174193,104993.0
2024-08-14 12:00:00,119824.53698810434,118976.77808219178,175265,110214.0
2024-08-14 13:00:00,142299.2051614486,125515.01589041096,175128,115648.0
2024-08-14 14:00:00,144554.56394859767,126453.83452054794,175184,119565.0
2024-08-14 15:00:00,145657.13324780838,130977.0,175685,122872.0
2024-08-14 16:00:00,144693.60424410825,133978.26657534248,175032,125664.0
2024-08-14 17:00:00,144778.24285425222,132302.0,173587,126764.0
2024-08-14 18:00:00,145676.1695966177,132712.0,171745,125024.0
2024-08-14 19:00:00,144554.56394859767,126961.0,169298,120555.0
2024-08-14 20:00:00,142299.2051614486,123470.0,177402,115823.0
2024-08-14 21:00:00,119824.53698810434,118651.46219178084,178530,110051.0
2024-08-14 22:00:00,115313.87472507662,111382.8005479452,178882,102137.0
2024-08-14 23:00:00,105028.41848675102,100447.9989041096,179486,94009.0
2024-08-15 00:00:00,94298.9047292391,92861.1506849315,169032,87541.0
2024-08-15 01:00:00,93514.7072505474,85730.0,169416,82765.0
2024-08-15 02:00:00,92679.3231217016,83991.75095890411,169212,79544.0
2024-08-15 03:00:00,92679.3231217016,80845.0,169288,77400.0
2024-08-15 04:00:00,92679.3231217016,79317.3690410959,170094,77242.0
2024-08-15 05:00:00,92679.3231217016,81343.31835616438,170077,79691.0
2024-08-15 06:00:00,94134.83343307118,87433.71616438357,170029,83860.0
2024-08-15 07:00:00,94491.12740286293,95108.0,172056,87916.0
2024-08-15 08:00:00,103835.88987989083,97116.0,173654,91706.0
2024-08-15 09:00:00,109652.05424873118,101168.0,175006,95664.0
2024-08-15 10:00:00,115420.76438491268,108462.34273972602,176236,100735.0
2024-08-15 11:00:00,116888.84701197685,118933.16383561643,176076,105731.0
2024-08-15 12:00:00,137287.911317552,118342.0,177408,110548.0
2024-08-15 13:00:00,143932.83254862262,125874.0,176369,115261.0
2024-08-15 14:00:00,145657.13324780838,128970.0,176046,118781.0
2024-08-15 15:00:00,144778.24285425222,132653.20849315068,175292,121352.0
2024-08-15 16:00:00,144569.35218666244,136282.0,174488,123311.0
2024-08-15 17:00:00,144569.35218666244,136282.0,173517,123817.0
2024-08-15 18:00:00,144569.35218666244,136282.0,171766,121698.0
2024-08-15 19:00:00,145676.1695966177,130928.55780821918,169791,117512.0
2024-08-15 20:00:00,142157.09459214125,126531.0,178278,114070.0
2024-08-15 21:00:00,137287.911317552,119104.73534246576,178715,108929.0
2024-08-15 22:00:00,115411.08118914992,112387.86191780824,179322,101885.0
2024-08-15 23:00:00,108933.06733769029,101907.0,179160,94888.0
2024-08-16 00:00:00,98811.21062208444,95605.0,170157,88819.0
2024-08-16 01:00:00,94134.83343307118,89427.73452054795,170816,84317.0
2024-08-16 02:00:00,93382.98443831716,84968.67452054794,170161,81163.0
2024-08-16 03:00:00,92679.3231217016,83959.25726027398,170051,79106.0
2024-08-16 04:00:00,92679.3231217016,84001.0,170278,78855.0
2024-08-16 05:00:00,93382.98443831716,83930.0,170050,81094.0
2024-08-16 06:00:00,94134.83343307118,89427.73452054795,169715,85276.0
2024-08-16 07:00:00,98485.3522952513,94290.0,170814,89279.0
2024-08-16 08:00:00,105028.41848675102,99093.0,172227,93474.0
2024-08-16 09:00:00,112936.71227701013,107010.5608219178,173612,98072.0
2024-08-16 10:00:00,115513.54902658272,112442.0,174405,103255.0
2024-08-16 11:00:00,132540.56409793024,117695.4005479452,174894,108381.0
2024-08-16 12:00:00,142157.09459214125,123657.85534246576,176583,113785.0
2024-08-16 13:00:00,145657.13324780838,130074.5783561644,176643,118785.0
2024-08-16 14:00:00,144569.35218666244,132663.0,177332,123006.0
2024-08-16 15:00:00,144569.35218666244,136893.9394520548,176890,126053.0
2024-08-16 16:00:00,145906.3625040024,134991.4712328767,177068,128017.0
2024-08-16 17:00:00,145906.3625040024,137231.0,176280,128302.0
2024-08-16 18:00:00,144569.35218666244,132653.20849315068,173892,125534.0
2024-08-16 19:00:00,145657.13324780838,129091.0,172500,121064.0
2024-08-16 20:00:00,142157.09459214125,122661.27726027396,176583,116947.0
2024-08-16 21:00:00,132540.56409793024,118271.0,177942,111839.0
2024-08-16 22:00:00,115502.26970954592,113487.8783561644,177691,105369.0
2024-08-16 23:00:00,108933.06733769029,102313.66246575344,178313,98627.0
2024-08-17 00:00:00,99487.46394458582,97453.1704109589,169991,92653.0
2024-08-17 01:00:00,94327.92907885987,91156.0,169487,87775.0
2024-08-17 02:00:00,93382.98443831716,86821.0,169925,84244.0
2024-08-17 03:00:00,92797.55325314232,85154.71205479452,170378,81934.0
2024-08-17 04:00:00,92679.3231217016,83660.0,170230,80664.0
2024-08-17 05:00:00,92679.3231217016,83634.20575342466,170264,80572.0
2024-08-17 06:00:00,92679.3231217016,83660.0,170400,81704.0
2024-08-17 07:00:00,93382.98443831716,84930.30410958904,171077,83739.0
2024-08-17 08:00:00,94327.92907885987,91123.2893150685,172364,88239.0
2024-08-17 09:00:00,100390.24094382828,94805.0,173565,93364.0
2024-08-17 10:00:00,108933.06733769029,102325.0,173638,98617.0
2024-08-17 11:00:00,115246.49300634468,106734.30630136988,174618,103876.0
2024-08-17 12:00:00,115513.54902658272,112319.0,176319,108289.0
2024-08-17 13:00:00,119824.53698810434,117054.97123287672,176089,111132.0
2024-08-17 14:00:00,130219.82884352356,118436.0,176910,113436.0
2024-08-17 15:00:00,137287.911317552,119425.64602739726,177098,114730.0
2024-08-17 16:00:00,142299.2051614486,121446.0,177222,114907.0
2024-08-17 17:00:00,142299.2051614486,123310.03178082193,175778,114068.0
2024-08-17 18:00:00,137287.911317552,118114.25068493153,173181,111653.0
2024-08-17 19:00:00,119824.53698810434,115994.0,171520,108357.0
2024-08-17 20:00:00,115513.54902658272,114636.0,177613,105462.0
2024-08-17 21:00:00,115420.76438491268,113775.0,178127,101916.0
2024-08-17 22:00:00,108933.06733769029,99859.0,177526,96643.0
2024-08-17 23:00:00,99204.96244670232,96262.83753424656,177640,91340.0
2024-08-18 00:00:00,94327.92907885987,91156.0,168352,86358.0
2024-08-18 01:00:00,93382.98443831716,87206.1794520548,168322,82207.0
2024-08-18 02:00:00,92679.3231217016,83660.0,168430,79177.0
2024-08-18 03:00:00,92679.3231217016,80290.0,168525,77344.0
2024-08-18 04:00:00,92679.3231217016,79416.35561643836,168519,76299.0
2024-08-18 05:00:00,92679.3231217016,78366.58191780822,168586,76489.0
2024-08-18 06:00:00,92679.3231217016,77851.82520547946,168631,77331.0
2024-08-18 07:00:00,92679.3231217016,80459.0,169240,78865.0
2024-08-18 08:00:00,93200.12394718891,85579.0,171264,83224.0
2024-08-18 09:00:00,94327.92907885987,89376.0,172328,88114.0
2024-08-18 10:00:00,98811.21062208444,94287.5589041096,173847,92547.0
2024-08-18 11:00:00,105028.41848675102,100460.5890410959,174596,97305.0
2024-08-18 12:00:00,110449.89108776508,104681.8189041096,176227,101896.0
2024-08-18 13:00:00,115246.49300634468,110901.72109589042,176829,106150.0
2024-08-18 14:00:00,115502.26970954592,113422.7282191781,176714,109934.0
2024-08-18 15:00:00,115513.54902658272,114581.02109589042,176761,113002.0
2024-08-18 16:00:00,116374.84942125872,114133.89808219178,175452,115884.0
2024-08-18 17:00:00,119824.53698810434,116736.04876712328,174941,117160.0
2024-08-18 18:00:00,116888.84701197685,114236.95808219178,172636,115319.0
2024-08-18 19:00:00,115513.54902658272,112433.29342465752,171171,111713.0
2024-08-18 20:00:00,115502.26970954592,113775.0,177106,108530.0
2024-08-18 21:00:00,112239.8762330241,107315.418630137,177726,104000.0
2024-08-18 22:00:00,105028.41848675102,102864.0,177466,97895.0
2024-08-18 23:00:00,94491.12740286293,93906.17780821916,177520,91599.0
2024-08-19 00:00:00,94134.83343307118,88671.0,168479,85902.0
2024-08-19 01:00:00,92797.55325314232,84231.45698630137,168077,81945.0
2024-08-19 02:00:00,92679.3231217016,80692.50821917808,168245,79240.0
2024-08-19 03:00:00,92679.3231217016,79863.0,167742,77814.0
2024-08-19 04:00:00,92679.3231217016,80686.40547945205,167693,78489.0
2024-08-19 05:00:00,92679.3231217016,83518.0,167473,81355.0
2024-08-19 06:00:00,94134.83343307118,89203.0,168016,86340.0
2024-08-19 07:00:00,97554.6989626052,94855.0202739726,169094,90458.0
2024-08-19 08:00:00,103145.17347493324,97374.0,171848,94457.0
2024-08-19 09:00:00,106067.40916376552,102161.65780821918,173292,97946.0
2024-08-19 10:00:00,111228.28732467044,106349.0,174293,102216.0
2024-08-19 11:00:00,115420.76438491268,109370.7709589041,175413,105585.0
2024-08-19 12:00:00,115513.54902658272,114636.0,176127,108856.0
2024-08-19 13:00:00,119824.53698810434,115562.5783561644,176445,112013.0
2024-08-19 14:00:00,125844.57273494256,117734.0,175581,114328.0
2024-08-19 15:00:00,132540.56409793024,117728.54821917808,175480,115406.0
2024-08-19 16:00:00,133516.29440773558,117521.25561643836,177105,115615.0
2024-08-19 17:00:00,133516.29440773558,117100.0,175774,114778.0
2024-08-19 18:00:00,124001.38272211212,118803.0,173360,112059.0
2024-08-19 19:00:00,115744.7580999724,111762.0,171320,108113.0
2024-08-19 20:00:00,115502.26970954592,108876.3693150685,177232,105288.0
2024-08-19 21:00:00,112239.8762330241,105435.47342465754,177296,100701.0
2024-08-19 22:00:00,104316.4683735078,98760.5698630137,177284,93886.0
2024-08-19 23:00:00,94327.92907885987,92839.42493150686,177211,87159.0
2024-08-20 00:00:00,92797.55325314232,82726.0,167076,81703.0
2024-08-20 01:00:00,92679.3231217016,78569.77452054794,167505,77453.0
2024-08-20 02:00:00,92679.3231217016,78664.44602739727,167583,74817.0
2024-08-20 03:00:00,92679.3231217016,74285.0,167630,73014.0
2024-08-20 04:00:00,92679.3231217016,74863.86876712329,167669,73097.0
2024-08-20 05:00:00,92679.3231217016,77977.6197260274,167471,75605.0
2024-08-20 06:00:00,92679.3231217016,82645.0,167940,79726.0
2024-08-20 07:00:00,94134.83343307118,86567.0,169624,82809.0
2024-08-20 08:00:00,94327.92907885987,90813.9810958904,171432,84906.0
2024-08-20 09:00:00,94491.12740286293,91933.49479452056,172338,86310.0
2024-08-20 10:00:00,98648.58090725508,93930.53835616438,173204,87927.0
2024-08-20 11:00:00,100390.24094382828,97453.1704109589,173823,89188.0
2024-08-20 12:00:00,104316.4683735078,97479.5904109589,174429,90850.0
2024-08-20 13:00:00,105028.41848675102,98478.25068493153,175031,92398.0
2024-08-20 14:00:00,106400.45426680386,102220.0,175250,93516.0
2024-08-20 15:00:00,110279.13570378444,104213.69068493151,174804,94344.0
2024-08-20 16:00:00,110449.89108776508,103146.0,174596,95975.0
2024-08-20 17:00:00,112561.98385774477,107347.0,173671,96796.0
2024-08-20 18:00:00,110449.89108776508,103117.15561643837,171823,96014.0
2024-08-20 19:00:00,108933.06733769029,102128.18383561644,170283,93771.0
2024-08-20 20:00:00,105028.41848675102,99011.96739726028,177509,92715.0
2024-08-20 21:00:00,99487.46394458582,97474.2893150685,177709,89524.0
2024-08-20 22:00:00,94327.92907885987,93370.0180821918,177409,83857.0
2024-08-20 23:00:00,92679.3231217016,83355.2,177309,78097.0
2024-08-21 00:00:00,92679.3231217016,76529.56602739726,168480,73735.0
2024-08-21 01:00:00,92679.3231217016,72866.0,168125,70723.0
2024-08-21 02:00:00,92679.3231217016,70956.60465753425,167820,68919.0
2024-08-21 03:00:00,92679.3231217016,70151.26273972602,167483,67789.0
2024-08-21 04:00:00,92679.3231217016,69963.92438356165,167282,68242.0
2024-08-21 05:00:00,92679.3231217016,73671.18630136986,166998,70866.0
2024-08-21 06:00:00,92679.3231217016,79007.95452054795,166000,75438.0
2024-08-21 07:00:00,92797.55325314232,83514.44684931506,168607,78609.0
2024-08-21 08:00:00,93382.98443831716,84179.2498630137,171522,80404.0
2024-08-21 09:00:00,94134.83343307118,86567.0,173070,81827.0
2024-08-21 10:00:00,94327.92907885987,88213.0,173144,83484.0
2024-08-21 11:00:00,94327.92907885987,90307.0,174344,85059.0
2024-08-21 12:00:00,94491.12740286293,91335.0,175033,86727.0
2024-08-21 13:00:00,99043.97248374922,96984.0,175584,88541.0
2024-08-21 14:00:00,100678.90904360544,97527.0,175675,89993.0
2024-08-21 15:00:00,104316.4683735078,97118.16849315068,175850,91727.0
2024-08-21 16:00:00,105028.41848675102,103885.68575342468,175638,94094.0
2024-08-21 17:00:00,108296.72003975153,102166.86547945206,171294,96110.0
2024-08-21 18:00:00,106067.40916376552,99500.0,172502,96174.0
2024-08-21 19:00:00,105028.41848675102,97118.11424657534,169830,94277.0
2024-08-21 20:00:00,101743.9800329198,97879.0,176082,93083.0
2024-08-21 21:00:00,97554.6989626052,92244.62246575342,176735,89740.0
2024-08-21 22:00:00,94134.83343307118,86466.09780821917,176766,83846.0
2024-08-21 23:00:00,92679.3231217016,83680.61178082193,176828,78244.0
2024-08-22 00:00:00,92679.3231217016,76034.14356164384,167465,73754.0
2024-08-22 01:00:00,92679.3231217016,71484.0,167337,70839.0
2024-08-22 02:00:00,92679.3231217016,71455.22219178082,167122,68680.0
2024-08-22 03:00:00,92679.3231217016,68845.0,167409,67879.0
2024-08-22 04:00:00,92679.3231217016,69928.12712328768,167372,68445.0
2024-08-22 05:00:00,92679.3231217016,72908.62109589041,167340,71231.0
2024-08-22 06:00:00,92679.3231217016,79397.18657534246,168045,76000.0
2024-08-22 07:00:00,92679.3231217016,83598.26739726028,169620,79221.0
2024-08-22 08:00:00,93382.98443831716,84477.28767123287,172775,81525.0
2024-08-22 09:00:00,93514.7072505474,85975.29561643835,174171,83199.0
2024-08-22 10:00:00,94134.83343307118,88755.95726027398,174475,85133.0
2024-08-22 11:00:00,94327.92907885987,90057.0,174961,86888.0
2024-08-22 12:00:00,95196.75625531722,92331.17780821916,174994,89290.0
2024-08-22 13:00:00,99487.46394458582,94799.46684931508,175413,92380.0
2024-08-22 14:00:00,104976.16326014204,99995.09041095892,175810,94760.0
2024-08-22 15:00:00,106067.40916376552,101839.0,175616,97137.0
2024-08-22 16:00:00,110279.13570378444,103212.19150684933,175695,99852.0
2024-08-22 17:00:00,110669.61907692369,105203.0,174652,102017.0
2024-08-22 18:00:00,110449.89108776508,101539.31835616438,171933,102025.0
2024-08-22 19:00:00,108933.06733769029,100658.0,169663,99386.0
2024-08-22 20:00:00,105028.41848675102,97117.19205479452,176854,97263.0
2024-08-22 21:00:00,99487.46394458582,95548.58191780822,176833,93158.0
2024-08-22 22:00:00,94327.92907885987,88636.0,176521,86747.0
2024-08-22 23:00:00,92679.3231217016,83887.14383561644,176854,80619.0
2024-08-23 00:00:00,92679.3231217016,79055.0,167437,75784.0
2024-08-23 01:00:00,92679.3231217016,74243.0,167668,72395.0
2024-08-23 02:00:00,92679.3231217016,72102.07863013698,167550,70113.0
2024-08-23 03:00:00,92679.3231217016,70423.0,167553,68935.0
2024-08-23 04:00:00,92679.3231217016,71184.97863013699,167792,69167.0
2024-08-23 05:00:00,92679.3231217016,74581.77671232876,167696,71806.0
2024-08-23 06:00:00,92679.3231217016,79055.0,168165,76080.0
2024-08-23 07:00:00,92679.3231217016,82099.0501369863,169421,79369.0
2024-08-23 08:00:00,93382.98443831716,86756.39232876714,173145,82328.0
2024-08-23 09:00:00,94134.83343307118,88750.9394520548,173899,84868.0
2024-08-23 10:00:00,94491.12740286293,91879.0,174365,87599.0
2024-08-23 11:00:00,99204.96244670232,98271.50301369865,174428,90386.0
2024-08-23 12:00:00,105028.41848675102,99234.72273972604,174733,93467.0
2024-08-23 13:00:00,108933.06733769029,103071.0,174916,97180.0
2024-08-23 14:00:00,112936.71227701013,107897.3284931507,174919,101060.0
2024-08-23 15:00:00,115502.26970954592,111829.0,174441,104810.0
2024-08-23 16:00:00,115513.54902658272,112526.22273972604,173835,108631.0
2024-08-23 17:00:00,115513.54902658272,113377.0,172979,110954.0
2024-08-23 18:00:00,115411.08118914992,112279.0,170330,109247.0
2024-08-23 19:00:00,115246.49300634468,107195.0,168369,104747.0
2024-08-23 20:00:00,110449.89108776508,104306.28849315069,176227,100897.0
2024-08-23 21:00:00,105028.41848675102,98099.71890410958,176721,96100.0
2024-08-23 22:00:00,95450.316597224,93031.0,176777,89921.0
2024-08-23 23:00:00,93514.7072505474,85618.93150684932,176802,83595.0
2024-08-24 00:00:00,92679.3231217016,80802.44356164384,166652,78174.0
2024-08-24 01:00:00,92679.3231217016,75141.46684931507,166706,74006.0
2024-08-24 02:00:00,92679.3231217016,76536.7898630137,167040,71039.0
2024-08-24 03:00:00,92679.3231217016,72185.0,166792,69407.0
2024-08-24 04:00:00,92679.3231217016,70423.0,166969,68529.0
2024-08-24 05:00:00,92679.3231217016,72185.0,167207,69127.0
2024-08-24 06:00:00,92679.3231217016,71644.31342465754,167084,70057.0
2024-08-24 07:00:00,92679.3231217016,73937.55753424657,168861,71808.0
2024-08-24 08:00:00,92679.3231217016,79055.0,171399,75497.0
2024-08-24 09:00:00,92797.55325314232,83518.0,172480,79814.0
2024-08-24 10:00:00,94134.83343307118,89547.80301369863,173037,84531.0
2024-08-24 11:00:00,98648.58090725508,93904.36191780822,173208,89404.0
2024-08-24 12:00:00,105028.41848675102,100845.0,174293,95017.0
2024-08-24 13:00:00,110669.61907692369,107289.81424657536,174467,100436.0
2024-08-24 14:00:00,115502.26970954592,111829.0,174994,105194.0
2024-08-24 15:00:00,116186.28886461792,116780.79424657534,176076,109818.0
2024-08-24 16:00:00,125844.57273494256,123469.68575342468,175510,113753.0
2024-08-24 17:00:00,137287.911317552,123405.10520547949,173976,115673.0
2024-08-24 18:00:00,132540.56409793024,123543.0,170286,114545.0
2024-08-24 19:00:00,116888.84701197685,116854.0,168632,110098.0
2024-08-24 20:00:00,115502.26970954592,107885.04712328767,176361,106089.0
2024-08-24 21:00:00,112936.71227701013,104465.06794520548,176516,101391.0
2024-08-24 22:00:00,105028.41848675102,97752.4298630137,176553,95246.0
2024-08-24 23:00:00,94491.12740286293,93500.34273972602,176711,88810.0
2024-08-25 00:00:00,93382.98443831716,87013.138630137,169200,83161.0
2024-08-25 01:00:00,92679.3231217016,82139.47397260273,169153,78568.0
2024-08-25 02:00:00,92679.3231217016,77385.23342465753,169354,75296.0
2024-08-25 03:00:00,92679.3231217016,75050.0,168822,73175.0
2024-08-25 04:00:00,92679.3231217016,74563.2591780822,169473,71741.0
2024-08-25 05:00:00,92679.3231217016,74599.0,169150,71461.0
2024-08-25 06:00:00,92679.3231217016,74599.0,168305,71964.0
2024-08-25 07:00:00,92679.3231217016,75912.96739726028,170366,73028.0
2024-08-25 08:00:00,92679.3231217016,82143.0,173307,77450.0
2024-08-25 09:00:00,94134.83343307118,87206.0,172204,83244.0
2024-08-25 10:00:00,98485.3522952513,93909.0,172806,89895.0
2024-08-25 11:00:00,106400.45426680386,100873.978630137,172649,97044.0
2024-08-25 12:00:00,115420.76438491268,112489.22520547944,174517,104086.0
2024-08-25 13:00:00,118884.55611603551,115590.0,174715,110310.0
2024-08-25 14:00:00,137287.911317552,120112.0,174598,115370.0
2024-08-25 15:00:00,143709.51973405964,122588.66383561643,174052,119984.0
2024-08-25 16:00:00,145657.13324780838,128713.0,173961,124071.0
2024-08-25 17:00:00,145676.1695966177,130556.51835616438,172425,126328.0
2024-08-25 18:00:00,145676.1695966177,128139.28712328768,169812,125539.0
2024-08-25 19:00:00,144554.56394859767,126055.1208219178,167891,121842.0
2024-08-25 20:00:00,142299.2051614486,123329.26219178084,174289,118145.0
2024-08-25 21:00:00,119824.53698810434,113655.17780821916,174262,112018.0
2024-08-25 22:00:00,115420.76438491268,110645.35205479452,175765,104051.0
2024-08-25 23:00:00,105371.2778700864,103959.0,175911,96367.0
2024-08-26 00:00:00,98811.21062208444,94220.77589041097,168666,89928.0
2024-08-26 01:00:00,94134.83343307118,89203.0,169046,85165.0
2024-08-26 02:00:00,93382.98443831716,89670.67698630138,168911,82126.0
2024-08-26 03:00:00,92797.55325314232,82785.0,169248,80396.0
2024-08-26 04:00:00,92797.55325314232,82393.34630136986,169536,80622.0
2024-08-26 05:00:00,93514.7072505474,89607.88657534248,169645,83532.0
2024-08-26 06:00:00,94298.9047292391,93014.0,170684,89055.0
2024-08-26 07:00:00,100714.27921452606,97776.05643835616,171869,92925.0
2024-08-26 08:00:00,109652.05424873118,101723.0,174339,97317.0
2024-08-26 09:00:00,115502.26970954592,109740.99150684931,174658,102509.0
2024-08-26 10:00:00,124001.38272211212,117454.22602739726,174878,109146.0
2024-08-26 11:00:00,142157.09459214125,122092.4810958904,174518,116794.0
2024-08-26 12:00:00,145676.1695966177,131085.75561643837,174624,124004.0
2024-08-26 13:00:00,145906.3625040024,134361.0,175212,130586.0
2024-08-26 14:00:00,153129.04712127242,140723.26054794522,175324,133592.0
2024-08-26 15:00:00,154382.66421990845,142576.0,174451,136960.0
2024-08-26 16:00:00,154300.394144053,146288.21150684933,173693,139474.0
2024-08-26 17:00:00,154560.50428545926,147020.0,172419,140225.0
2024-08-26 18:00:00,154300.394144053,146272.04602739727,169683,138608.0
2024-08-26 19:00:00,153610.95806482178,140625.0,167944,134420.0
2024-08-26 20:00:00,145906.3625040024,137731.0,175129,129728.0
2024-08-26 21:00:00,145676.1695966177,133989.38712328768,175155,122790.0
2024-08-26 22:00:00,142299.2051614486,120940.79287671234,175718,113640.0
2024-08-26 23:00:00,115513.54902658272,110029.0,175949,104917.0
2024-08-27 00:00:00,110449.89108776508,103119.0,167284,97704.0
2024-08-27 01:00:00,104316.4683735078,98062.16931506847,167442,92336.0
2024-08-27 02:00:00,97996.57811032502,92735.0,167930,88539.0
2024-08-27 03:00:00,94298.9047292391,92872.0,167591,85904.0
2024-08-27 04:00:00,94327.92907885987,90769.1580821918,167863,85523.0
2024-08-27 05:00:00,94491.12740286293,94173.418630137,167861,87867.0
2024-08-27 06:00:00,101990.41957035977,97758.53479452054,167250,92959.0
2024-08-27 07:00:00,108933.06733769029,102105.98821917808,169548,96926.0
2024-08-27 08:00:00,115502.26970954592,108949.6104109589,171421,101382.0
2024-08-27 09:00:00,119824.53698810434,113478.56465753424,172915,106930.0
2024-08-27 10:00:00,142157.09459214125,120463.0,173566,113903.0
2024-08-27 11:00:00,145676.1695966177,128326.49753424658,174173,121201.0
2024-08-27 12:00:00,146359.04463158053,135522.73315068494,174816,128707.0
2024-08-27 13:00:00,154382.66421990845,142521.53643835618,174856,135136.0
2024-08-27 14:00:00,154560.50428545926,147020.0,174610,139556.0
2024-08-27 15:00:00,154560.50428545926,148750.0,174378,142485.0
2024-08-27 16:00:00,154560.50428545926,148750.0,173884,144926.0
2024-08-27 17:00:00,154560.50428545926,148750.0,172422,145887.0
2024-08-27 18:00:00,154560.50428545926,148750.0,169482,144341.0
2024-08-27 19:00:00,154300.394144053,147001.01369863015,167782,139416.0
2024-08-27 20:00:00,154382.66421990845,140983.99150684933,175912,133671.0
2024-08-27 21:00:00,145906.3625040024,134874.57698630137,176795,125779.0
2024-08-27 22:00:00,145592.1837044152,126324.0,177082,116374.0
2024-08-27 23:00:00,130219.82884352356,118106.02602739728,177601,107647.0
2024-08-28 00:00:00,115420.76438491268,110668.0,169950,100514.0
2024-08-28 01:00:00,108933.06733769029,101623.0,169645,95046.0
2024-08-28 02:00:00,103835.88987989083,98773.0,169118,91166.0
2024-08-28 03:00:00,99204.96244670232,93101.0,169124,88654.0
2024-08-28 04:00:00,97751.71869406504,95094.50493150685,168881,88084.0
2024-08-28 05:00:00,99487.46394458582,95567.73534246576,168843,90635.0
2024-08-28 06:00:00,105371.2778700864,99202.71671232877,168454,96149.0
2024-08-28 07:00:00,112936.71227701013,104427.0,169000,100012.0
2024-08-28 08:00:00,115513.54902658272,112677.55643835616,171587,104443.0
2024-08-28 09:00:00,137287.911317552,121454.0,172939,110200.0
2024-08-28 10:00:00,145657.13324780838,125094.50465753424,173820,117322.0
2024-08-28 11:00:00,144569.35218666244,134007.33561643836,174408,124603.0
2024-08-28 12:00:00,153610.95806482178,140994.0,174337,131837.0
2024-08-28 13:00:00,154300.394144053,147020.0,174634,138013.0
2024-08-28 14:00:00,154560.50428545926,148674.5101369863,174174,142620.0
2024-08-28 15:00:00,154560.50428545926,147628.42547945207,173852,145479.0
2024-08-28 16:00:00,154560.50428545926,148210.0,172394,147287.0
2024-08-28 17:00:00,154560.50428545926,148210.0,172014,147589.0
2024-08-28 18:00:00,154560.50428545926,148717.63616438356,170004,145991.0
2024-08-28 19:00:00,154300.394144053,146807.4112328767,168295,142004.0
2024-08-28 20:00:00,154056.50361268473,140482.38547945206,175315,137346.0
2024-08-28 21:00:00,144569.35218666244,133281.1693150685,176761,129692.0
2024-08-28 22:00:00,145727.1666025497,128817.5104109589,176895,120061.0
2024-08-28 23:00:00,129368.21201592498,118795.24273972605,177534,110953.0
2024-08-29 00:00:00,115513.54902658272,112319.0,166350,103657.0
2024-08-29 01:00:00,112936.71227701013,107029.40821917808,166235,98083.0
2024-08-29 02:00:00,106067.40916376552,101532.91753424658,166095,94141.0
2024-08-29 03:00:00,103992.5426815722,97284.51342465752,166116,91562.0
2024-08-29 04:00:00,100714.27921452606,95676.0,166518,90904.0
2024-08-29 05:00:00,105028.41848675102,98912.0,166324,93545.0
2024-08-29 06:00:00,110279.13570378444,103990.91068493151,166652,98579.0
2024-08-29 07:00:00,115313.87472507662,108458.3284931507,167946,102454.0
2024-08-29 08:00:00,115851.04611483528,116780.79424657534,170344,106387.0
2024-08-29 09:00:00,137287.911317552,119591.5978082192,171356,110632.0
2024-08-29 10:00:00,144608.2765338529,129081.0,172606,115954.0
2024-08-29 11:00:00,145676.1695966177,131147.0,172785,121609.0
2024-08-29 12:00:00,144569.35218666244,134027.0,173283,127244.0
2024-08-29 13:00:00,150123.46256250472,135535.1284931507,173146,132716.0
2024-08-29 14:00:00,152609.1931252918,138261.44191780823,173447,136354.0
2024-08-29 15:00:00,153610.95806482178,140259.5183561644,173822,138646.0
2024-08-29 16:00:00,154265.50343990143,138226.97369863014,173221,139045.0
2024-08-29 17:00:00,153129.04712127242,138265.0493150685,172773,137150.0
2024-08-29 18:00:00,149376.1231487283,135462.19561643834,170689,133685.0
2024-08-29 19:00:00,144569.35218666244,130321.05643835616,169518,128980.0
2024-08-29 20:00:00,145676.1695966177,134566.62383561645,176887,124789.0
2024-08-29 21:00:00,142157.09459214125,121087.0,177054,118333.0
2024-08-29 22:00:00,119824.53698810434,114046.0,177309,110346.0
2024-08-29 23:00:00,115246.49300634468,106778.53260273972,177364,102430.0
2024-08-30 00:00:00,106067.40916376552,101579.0,169495,95808.0
2024-08-30 01:00:00,99204.96244670232,94877.29698630136,169378,90872.0
2024-08-30 02:00:00,94298.9047292391,93489.77671232876,169438,87453.0
2024-08-30 03:00:00,94134.83343307118,88209.28410958905,169988,85076.0
2024-08-30 04:00:00,94134.83343307118,87899.0,170036,84692.0
2024-08-30 05:00:00,94327.92907885987,89985.4997260274,169988,86658.0
2024-08-30 06:00:00,99204.96244670232,95569.90520547946,169687,90948.0
2024-08-30 07:00:00,105028.41848675102,99581.9687671233,170618,94627.0
2024-08-30 08:00:00,110449.89108776508,103647.99726027396,171418,98266.0
2024-08-30 09:00:00,115502.26970954592,108394.0,171073,102327.0
2024-08-30 10:00:00,118884.55611603551,112977.10493150684,171229,107045.0
2024-08-30 11:00:00,137287.911317552,121404.90684931508,171752,111860.0
2024-08-30 12:00:00,142157.09459214125,123665.7895890411,172932,116716.0
2024-08-30 13:00:00,145657.13324780838,129091.0,173766,120333.0
2024-08-30 14:00:00,145676.1695966177,127479.67671232876,173542,122050.0
2024-08-30 15:00:00,144778.24285425222,131236.0789041096,173902,121915.0
2024-08-30 16:00:00,144569.35218666244,129316.0,173864,121323.0
2024-08-30 17:00:00,144569.35218666244,129304.4183561644,172453,120993.0
2024-08-30 18:00:00,145676.1695966177,127471.86520547944,171441,118303.0
2024-08-30 19:00:00,144554.56394859767,123847.56904109588,170726,114957.0
2024-08-30 20:00:00,142299.2051614486,123362.0,177624,112244.0
2024-08-30 21:00:00,119824.53698810434,117940.31643835617,178106,108014.0
2024-08-30 22:00:00,115420.76438491268,112540.0,178188,102130.0
2024-08-30 23:00:00,106067.40916376552,103880.01698630136,178239,95931.0
2024-08-31 00:00:00,99204.96244670232,96687.0,168832,90118.0
2024-08-31 01:00:00,94327.92907885987,90024.90739726028,168051,85450.0
2024-08-31 02:00:00,93382.98443831716,89649.79205479453,168327,82039.0
2024-08-31 03:00:00,92797.55325314232,82785.0,167749,79856.0
2024-08-31 04:00:00,92679.3231217016,83938.0,167682,78511.0
2024-08-31 05:00:00,92679.3231217016,83938.0,168067,78524.0
2024-08-31 06:00:00,92797.55325314232,84537.57479452055,168566,79432.0
2024-08-31 07:00:00,93382.98443831716,87247.0,169083,81084.0
2024-08-31 08:00:00,94327.92907885987,89890.0,170165,85414.0
2024-08-31 09:00:00,101743.9800329198,96687.0,170688,90566.0
2024-08-31 10:00:00,109652.05424873118,104278.0,171065,95555.0
2024-08-31 11:00:00,115420.76438491268,109833.0,171160,100215.0
2024-08-31 12:00:00,115851.04611483528,114155.0,172394,104203.0
2024-08-31 13:00:00,125844.57273494256,117734.0,173005,107536.0
2024-08-31 14:00:00,137287.911317552,121452.69808219178,173070,109943.0
2024-08-31 15:00:00,142157.09459214125,122670.85178082192,173476,111838.0
2024-08-31 16:00:00,144608.2765338529,124386.59753424658,172942,113273.0
2024-08-31 17:00:00,144554.56394859767,124367.08520547944,171209,113405.0
2024-08-31 18:00:00,142157.09459214125,122092.53534246577,169661,111439.0
2024-08-31 19:00:00,137287.911317552,121454.0,168419,108639.0
2024-08-31 20:00:00,119824.53698810434,117973.0,175527,105510.0
2024-08-31 21:00:00,115411.08118914992,112274.71452054796,175985,101196.0
2024-08-31 22:00:00,110449.89108776508,104057.0,176035,95898.0
2024-08-31 23:00:00,101743.9800329198,96687.0,176159,90170.0
2024-09-01 00:00:00,94298.9047292391,91847.01863013698,168165,85451.0
2024-09-01 01:00:00,93514.7072505474,87876.95452054795,168551,81429.0
2024-09-01 02:00:00,92797.55325314232,83125.0,168775,78583.0
2024-09-01 03:00:00,92679.3231217016,80778.0,169038,76647.0
2024-09-01 04:00:00,92679.3231217016,80565.0,169522,75614.0
2024-09-01 05:00:00,92679.3231217016,80255.32136986301,169637,75506.0
2024-09-01 06:00:00,92679.3231217016,80565.0,169714,76213.0
2024-09-01 07:00:00,92679.3231217016,83770.8509589041,170837,77597.0
2024-09-01 08:00:00,93382.98443831716,86481.0,171860,81837.0
2024-09-01 09:00:00,94298.9047292391,91489.0,172373,87193.0
2024-09-01 10:00:00,103835.88987989083,99518.86191780824,173531,92604.0
2024-09-01 11:00:00,110449.89108776508,104710.0,173968,97246.0
2024-09-01 12:00:00,115502.26970954592,111829.0,175343,101316.0
2024-09-01 13:00:00,115851.04611483528,116854.0,175866,104777.0
2024-09-01 14:00:00,124693.64890014708,114425.0,176334,107836.0
2024-09-01 15:00:00,137287.911317552,117344.75671232876,176209,111134.0
2024-09-01 16:00:00,142299.2051614486,118698.0,175394,113647.0
2024-09-01 17:00:00,142157.09459214125,119614.0,174526,114445.0
2024-09-01 18:00:00,142299.2051614486,117536.41342465754,172644,112483.0
2024-09-01 19:00:00,132540.56409793024,117393.75753424656,171343,108196.0
2024-09-01 20:00:00,119218.49284708383,115561.33068493153,176591,104576.0
2024-09-01 21:00:00,115502.26970954592,111750.01698630136,176437,100057.0
2024-09-01 22:00:00,109652.05424873118,101719.55534246576,176288,94433.0
2024-09-01 23:00:00,99487.46394458582,99419.12410958904,176291,88562.0
2024-09-02 00:00:00,93382.98443831716,84661.0,169556,83479.0
2024-09-02 01:00:00,92679.3231217016,80778.0,169612,79034.0
2024-09-02 02:00:00,92679.3231217016,78299.34410958904,169709,75741.0
2024-09-02 03:00:00,92679.3231217016,77751.0,169019,73521.0
2024-09-02 04:00:00,92679.3231217016,74486.0,169143,72502.0
2024-09-02 05:00:00,92679.3231217016,73862.0,169123,72271.0
2024-09-02 06:00:00,92679.3231217016,73807.96520547946,169071,72747.0
2024-09-02 07:00:00,92679.3231217016,77135.4594520548,170550,73076.0
2024-09-02 08:00:00,92679.3231217016,77939.0,172178,75786.0
2024-09-02 09:00:00,92679.3231217016,85341.0,173694,79245.0
2024-09-02 10:00:00,93514.7072505474,85956.5197260274,174769,82320.0
2024-09-02 11:00:00,94327.92907885987,90313.0,175901,85365.0
2024-09-02 12:00:00,94626.54430756312,93421.0,176653,88137.0
2024-09-02 13:00:00,99487.46394458582,96959.0,177314,90314.0
2024-09-02 14:00:00,104316.4683735078,100061.0,177644,92650.0
2024-09-02 15:00:00,105371.2778700864,101086.0,177408,95138.0
2024-09-02 16:00:00,109652.05424873118,103093.55424657535,176930,97861.0
2024-09-02 17:00:00,110449.89108776508,106349.0,175588,99707.0
2024-09-02 18:00:00,110449.89108776508,103134.07643835616,172916,98574.0
2024-09-02 19:00:00,106400.45426680386,107098.97671232876,170974,95270.0
2024-09-02 20:00:00,105028.41848675102,101013.79780821918,177061,92854.0
2024-09-02 21:00:00,99204.96244670232,94766.42684931507,177047,88071.0
2024-09-02 22:00:00,94327.92907885987,90791.5501369863,177210,81929.0
2024-09-02 23:00:00,92797.55325314232,86640.0,177573,76008.0
2024-09-03 00:00:00,92679.3231217016,79300.0,169907,71590.0
2024-09-03 01:00:00,92679.3231217016,74780.58191780822,170043,68540.0
2024-09-03 02:00:00,92679.3231217016,72106.90657534247,170619,66624.0
2024-09-03 03:00:00,92679.3231217016,70288.2298630137,170441,65758.0
2024-09-03 04:00:00,92679.3231217016,70284.56821917808,170926,66516.0
2024-09-03 05:00:00,92679.3231217016,74565.12493150686,170649,69725.0
2024-09-03 06:00:00,92679.3231217016,78257.50109589042,170510,75644.0
2024-09-03 07:00:00,92797.55325314232,83125.0,171527,79075.0
2024-09-03 08:00:00,93382.98443831716,86447.96383561644,174272,81099.0
2024-09-03 09:00:00,94134.83343307118,87476.40904109589,175024,82532.0
2024-09-03 10:00:00,94327.92907885987,89904.0,175754,84108.0
2024-09-03 11:00:00,94298.9047292391,90592.93369863014,175981,85593.0
2024-09-03 12:00:00,98648.58090725508,95882.0,175988,87400.0
2024-09-03 13:00:00,101743.9800329198,97879.0,176472,89705.0
2024-09-03 14:00:00,105028.41848675102,100620.0,176146,91776.0
2024-09-03 15:00:00,108637.26447077382,101281.0,176238,94342.0
2024-09-03 16:00:00,110449.89108776508,103332.79232876711,175323,97375.0
2024-09-03 17:00:00,112936.71227701013,106161.80191780822,173762,99442.0
2024-09-03 18:00:00,112239.8762330241,106135.41095890412,171069,99175.0
2024-09-03 19:00:00,109652.05424873118,103511.89123287672,169917,96935.0
2024-09-03 20:00:00,105371.2778700864,101086.0,177191,95042.0
2024-09-03 21:00:00,99693.10790253672,99372.17369863015,177182,90223.0
2024-09-03 22:00:00,94327.92907885987,90791.5501369863,177212,83793.0
2024-09-03 23:00:00,92679.3231217016,85265.02767123288,177346,78154.0
2024-09-04 00:00:00,92679.3231217016,77823.49205479452,168588,73699.0
2024-09-04 01:00:00,92679.3231217016,73831.81232876712,168796,70719.0
2024-09-04 02:00:00,92679.3231217016,71205.0,168473,68863.0
2024-09-04 03:00:00,92679.3231217016,70577.51917808219,168188,67837.0
2024-09-04 04:00:00,92679.3231217016,71383.03643835617,168163,68232.0
2024-09-04 05:00:00,92679.3231217016,73637.23698630137,167671,71360.0
2024-09-04 06:00:00,92679.3231217016,77767.0,167946,76843.0
2024-09-04 07:00:00,92679.3231217016,80947.44328767124,169017,80221.0
2024-09-04 08:00:00,93382.98443831716,84505.43561643836,171041,81730.0
2024-09-04 09:00:00,94134.83343307118,87240.0,172100,83111.0
2024-09-04 10:00:00,94327.92907885987,89904.0,172466,84977.0
2024-09-04 11:00:00,94491.12740286293,91951.0,172517,87007.0
2024-09-04 12:00:00,99487.46394458582,96573.1583561644,172741,89275.0
2024-09-04 13:00:00,105028.41848675102,99813.0,173470,92607.0
2024-09-04 14:00:00,108933.06733769029,101341.3583561644,173569,95490.0
2024-09-04 15:00:00,112936.71227701013,109957.52109589042,173615,99076.0
2024-09-04 16:00:00,115502.26970954592,112405.19726027398,172990,102662.0
2024-09-04 17:00:00,115411.08118914992,108007.0,172455,105112.0
2024-09-04 18:00:00,115502.26970954592,108891.12438356163,169856,104625.0
2024-09-04 19:00:00,115246.49300634468,111013.93013698632,168737,102115.0
2024-09-04 20:00:00,110449.89108776508,109879.62301369864,175513,99871.0
2024-09-04 21:00:00,105028.41848675102,98411.79452054796,176023,94660.0
2024-09-04 22:00:00,94491.12740286293,93634.5997260274,176155,87742.0
2024-09-04 23:00:00,93382.98443831716,86611.0,176073,81480.0
2024-09-05 00:00:00,92679.3231217016,78217.49753424658,165725,76525.0
2024-09-05 01:00:00,92679.3231217016,75763.69534246575,166127,73049.0
2024-09-05 02:00:00,92679.3231217016,74802.0,167190,70780.0
2024-09-05 03:00:00,92679.3231217016,71637.43479452055,167302,69666.0
2024-09-05 04:00:00,92679.3231217016,71685.21287671234,167369,70168.0
2024-09-05 05:00:00,92679.3231217016,74876.35479452055,167112,73049.0
2024-09-05 06:00:00,92679.3231217016,79727.63534246576,167017,78876.0
2024-09-05 07:00:00,93200.12394718891,85158.0,167191,82210.0
2024-09-05 08:00:00,94134.83343307118,87240.0,169210,84274.0
2024-09-05 09:00:00,94327.92907885987,89904.0,170100,86477.0
2024-09-05 10:00:00,94626.54430756312,92795.53643835615,170488,89274.0
2024-09-05 11:00:00,100390.24094382828,96959.0,171004,92513.0
2024-09-05 12:00:00,105371.2778700864,100252.0,171934,96247.0
2024-09-05 13:00:00,111228.28732467044,109988.8484931507,172283,100293.0
2024-09-05 14:00:00,115420.76438491268,112540.0,172265,103991.0
2024-09-05 15:00:00,115513.54902658272,111207.0,172882,107831.0
2024-09-05 16:00:00,119218.49284708383,115902.29342465752,172794,111441.0
2024-09-05 17:00:00,124693.64890014708,118803.0,171909,112934.0
2024-09-05 18:00:00,119824.53698810434,115994.0,169087,111652.0
2024-09-05 19:00:00,115513.54902658272,111019.0,167938,108450.0
2024-09-05 20:00:00,115502.26970954592,108901.59397260274,175019,105826.0
2024-09-05 21:00:00,110449.89108776508,103330.8394520548,175130,100259.0
2024-09-05 22:00:00,100714.27921452606,97621.40767123288,175298,92989.0
2024-09-05 23:00:00,94327.92907885987,90267.51424657536,175889,86256.0
2024-09-06 00:00:00,92679.3231217016,82615.42684931507,166663,80878.0
2024-09-06 01:00:00,92679.3231217016,78841.04356164383,166671,76866.0
2024-09-06 02:00:00,92679.3231217016,75220.0,167279,74216.0
2024-09-06 03:00:00,92679.3231217016,74486.0,167085,72770.0
2024-09-06 04:00:00,92679.3231217016,74797.64246575342,167115,72958.0
2024-09-06 05:00:00,92679.3231217016,76316.92082191781,166894,75739.0
2024-09-06 06:00:00,92679.3231217016,81399.32191780822,167251,81170.0
2024-09-06 07:00:00,93382.98443831716,86821.0,167806,84636.0
2024-09-06 08:00:00,94327.92907885987,88098.0101369863,169688,87214.0
2024-09-06 09:00:00,94491.12740286293,92727.35561643836,170709,89507.0
2024-09-06 10:00:00,99693.10790253672,97056.92520547943,171640,92061.0
2024-09-06 11:00:00,105028.41848675102,102864.0,172313,94831.0
2024-09-06 12:00:00,109652.05424873118,103522.4219178082,173708,98392.0
2024-09-06 13:00:00,113553.53844535294,110958.52,174133,101503.0
2024-09-06 14:00:00,115502.26970954592,107559.18273972602,175260,103614.0
2024-09-06 15:00:00,115411.08118914992,109950.0,175780,104994.0
2024-09-06 16:00:00,115513.54902658272,112651.80657534246,175788,105512.0
2024-09-06 17:00:00,115513.54902658272,113357.36273972604,174414,105361.0
2024-09-06 18:00:00,115502.26970954592,108891.12438356163,171701,102694.0
2024-09-06 19:00:00,112936.71227701013,110845.22602739728,170939,99389.0
2024-09-06 20:00:00,108933.06733769029,101057.20301369864,175072,96652.0
2024-09-06 21:00:00,105028.41848675102,97202.92438356164,175309,92750.0
2024-09-06 22:00:00,94491.12740286293,92735.27561643836,175326,87682.0
2024-09-06 23:00:00,93382.98443831716,85263.0,176005,82223.0
2024-09-07 00:00:00,92679.3231217016,78841.04356164383,160852,77416.0
2024-09-07 01:00:00,92679.3231217016,74302.03150684932,160760,73535.0
2024-09-07 02:00:00,92679.3231217016,72405.55698630137,159991,70999.0
2024-09-07 03:00:00,92679.3231217016,71673.42684931507,159686,69370.0
2024-09-07 04:00:00,92679.3231217016,69240.23342465753,160094,68903.0
2024-09-07 05:00:00,92679.3231217016,71382.66465753425,160722,69346.0
2024-09-07 06:00:00,92679.3231217016,72948.2293150685,161871,71049.0
2024-09-07 07:00:00,92679.3231217016,74649.00301369863,162867,72900.0
2024-09-07 08:00:00,92679.3231217016,77504.9101369863,164108,76095.0
2024-09-07 09:00:00,92679.3231217016,82013.0,164985,79038.0
2024-09-07 10:00:00,92797.55325314232,83064.0,167065,81318.0
2024-09-07 11:00:00,93382.98443831716,85421.63671232876,167043,82854.0
2024-09-07 12:00:00,93514.7072505474,85667.33479452055,167919,83337.0
2024-09-07 13:00:00,94134.83343307118,88741.58767123288,167740,83479.0
2024-09-07 14:00:00,94134.83343307118,89394.16438356164,167879,83748.0
2024-09-07 15:00:00,94134.83343307118,90156.57616438356,167711,83534.0
2024-09-07 16:00:00,94327.92907885987,89206.15780821918,167348,83270.0
2024-09-07 17:00:00,94327.92907885987,90636.13424657534,166823,83659.0
2024-09-07 18:00:00,94327.92907885987,88889.0,165612,83402.0
2024-09-07 19:00:00,94134.83343307118,89376.99534246576,164031,82572.0
2024-09-07 20:00:00,93514.7072505474,87638.7797260274,170169,81919.0
2024-09-07 21:00:00,93200.12394718891,85137.65753424658,170301,79346.0
2024-09-07 22:00:00,92679.3231217016,83167.0,170055,75528.0
2024-09-07 23:00:00,92679.3231217016,75364.44328767124,170298,71484.0
2024-09-08 00:00:00,92679.3231217016,71723.99287671233,159826,67985.0
2024-09-08 01:00:00,92679.3231217016,68184.10136986301,160191,65307.0
2024-09-08 02:00:00,92679.3231217016,66728.31479452054,160819,63580.0
2024-09-08 03:00:00,92679.3231217016,65732.54465753425,160523,62496.0
2024-09-08 04:00:00,92679.3231217016,65531.0,160962,62043.0
2024-09-08 05:00:00,92679.3231217016,66293.82876712328,160913,62510.0
2024-09-08 06:00:00,92679.3231217016,68975.18630136986,161704,63712.0
2024-09-08 07:00:00,92679.3231217016,68965.69753424657,163178,64936.0
2024-09-08 08:00:00,92679.3231217016,72790.16136986301,166391,66885.0
2024-09-08 09:00:00,92679.3231217016,74400.82164383562,168292,68427.0
2024-09-08 10:00:00,92679.3231217016,73803.0,168827,69220.0
2024-09-08 11:00:00,92679.3231217016,77948.20904109589,168804,70258.0
2024-09-08 12:00:00,92679.3231217016,80097.2202739726,169794,71479.0
2024-09-08 13:00:00,92679.3231217016,79436.0,169868,72505.0
2024-09-08 14:00:00,92679.3231217016,82493.0,169074,74053.0
2024-09-08 15:00:00,92679.3231217016,83080.24575342466,169159,76177.0
2024-09-08 16:00:00,92797.55325314232,83285.79753424658,168853,79313.0
2024-09-08 17:00:00,93382.98443831716,86503.1991780822,166790,82089.0
2024-09-08 18:00:00,94134.83343307118,89952.0,162778,83142.0
2024-09-08 19:00:00,94134.83343307118,89920.04876712328,161313,83098.0
2024-09-08 20:00:00,93514.7072505474,86851.28136986302,167997,83465.0
2024-09-08 21:00:00,93200.12394718891,85146.41835616439,168307,79897.0
2024-09-08 22:00:00,92679.3231217016,79985.9594520548,168049,75302.0
2024-09-08 23:00:00,92679.3231217016,74761.6402739726,168433,70915.0
2024-09-09 00:00:00,92679.3231217016,71187.34273972602,158293,67673.0
2024-09-09 01:00:00,92679.3231217016,68080.0,158002,65428.0
2024-09-09 02:00:00,92679.3231217016,66582.86438356164,158314,64269.0
2024-09-09 03:00:00,92679.3231217016,66731.0,158812,63999.0
2024-09-09 04:00:00,92679.3231217016,67571.0,158948,65151.0
2024-09-09 05:00:00,92679.3231217016,72744.67561643836,159267,68550.0
2024-09-09 06:00:00,92679.3231217016,77623.94794520548,159782,74860.0
2024-09-09 07:00:00,92679.3231217016,81902.4290410959,160850,78374.0
2024-09-09 08:00:00,92797.55325314232,83064.0,163321,79788.0
2024-09-09 09:00:00,93200.12394718891,82867.16849315069,164032,80466.0
2024-09-09 10:00:00,93382.98443831716,85263.0,163966,81701.0
2024-09-09 11:00:00,94134.83343307118,87842.0,164802,82699.0
2024-09-09 12:00:00,94327.92907885987,90313.0,165698,84195.0
2024-09-09 13:00:00,94298.9047292391,90936.0,165398,86171.0
2024-09-09 14:00:00,98485.3522952513,96949.0,166275,88008.0
2024-09-09 15:00:00,100390.24094382828,99302.0,165925,90408.0
2024-09-09 16:00:00,105028.41848675102,102777.77506849317,165263,93550.0
2024-09-09 17:00:00,106067.40916376552,101035.22849315067,163925,96070.0
2024-09-09 18:00:00,106067.40916376552,103680.0,160685,96163.0
2024-09-09 19:00:00,105028.41848675102,101058.198630137,159812,94859.0
2024-09-09 20:00:00,103992.5426815722,96585.04356164383,166776,93542.0
2024-09-09 21:00:00,97996.57811032502,93653.138630137,166475,88711.0
2024-09-09 22:00:00,94134.83343307118,90424.73315068494,166467,82707.0
2024-09-09 23:00:00,92679.3231217016,80464.0,166757,76953.0
2024-09-10 00:00:00,92679.3231217016,78675.05123287672,157700,72875.0
2024-09-10 01:00:00,92679.3231217016,72625.4498630137,157656,69729.0
2024-09-10 02:00:00,92679.3231217016,71571.6498630137,157794,68004.0
2024-09-10 03:00:00,92679.3231217016,69402.53534246575,157935,67220.0
2024-09-10 04:00:00,92679.3231217016,70395.06301369863,158084,67966.0
2024-09-10 05:00:00,92679.3231217016,72942.64383561644,158193,71135.0
2024-09-10 06:00:00,92679.3231217016,79036.0,158326,76814.0
2024-09-10 07:00:00,92679.3231217016,82644.64739726027,159761,80337.0
2024-09-10 08:00:00,93382.98443831716,83805.0,162771,82033.0
2024-09-10 09:00:00,94134.83343307118,87240.0,163509,83416.0
2024-09-10 10:00:00,94327.92907885987,90042.95232876712,163612,85419.0
2024-09-10 11:00:00,94491.12740286293,93906.17780821916,163559,87667.0
2024-09-10 12:00:00,99487.46394458582,94354.0,164777,90391.0
2024-09-10 13:00:00,105028.41848675102,98444.91726027396,165144,93748.0
2024-09-10 14:00:00,110279.13570378444,103106.81753424658,165308,97327.0
2024-09-10 15:00:00,114737.02936152792,107292.0,165256,100955.0
2024-09-10 16:00:00,115502.26970954592,113015.9095890411,164562,104786.0
2024-09-10 17:00:00,115411.08118914992,111207.0,162879,107326.0
2024-09-10 18:00:00,115502.26970954592,111207.0,159672,106798.0
2024-09-10 19:00:00,115313.87472507662,107680.18630136986,158472,104055.0
2024-09-10 20:00:00,112041.22177270328,109898.01260273972,165070,101242.0
2024-09-10 21:00:00,105028.41848675102,98424.0,165314,94790.0
2024-09-10 22:00:00,94491.12740286293,93656.0,165078,88118.0
2024-09-10 23:00:00,93382.98443831716,86611.0,165473,82101.0
2024-09-11 00:00:00,92679.3231217016,79278.09424657535,157833,76595.0
2024-09-11 01:00:00,92679.3231217016,75323.0,157877,72913.0
2024-09-11 02:00:00,92679.3231217016,74413.0,158125,70476.0
2024-09-11 03:00:00,92679.3231217016,71937.0,158183,69047.0
2024-09-11 04:00:00,92679.3231217016,71107.32410958904,158250,69487.0
2024-09-11 05:00:00,92679.3231217016,73797.4397260274,157769,72361.0
2024-09-11 06:00:00,92679.3231217016,81291.09315068493,157875,77888.0
2024-09-11 07:00:00,93200.12394718891,84399.0,159024,81327.0
2024-09-11 08:00:00,94134.83343307118,86224.56821917808,161996,83131.0
2024-09-11 09:00:00,94327.92907885987,89708.48191780823,163163,85164.0
2024-09-11 10:00:00,97554.6989626052,93662.68602739726,163530,87922.0
2024-09-11 11:00:00,103835.88987989083,97573.55534246576,163668,91208.0
2024-09-11 12:00:00,108933.06733769029,101597.42273972604,164025,95325.0
2024-09-11 13:00:00,115246.49300634468,108860.45041095892,164154,99932.0
2024-09-11 14:00:00,115411.08118914992,111187.36273972604,164491,104073.0
2024-09-11 15:00:00,119824.53698810434,119650.0,164352,108392.0
2024-09-11 16:00:00,132540.56409793024,118409.31068493152,163841,112078.0
2024-09-11 17:00:00,137287.911317552,120584.81808219178,162182,114130.0
2024-09-11 18:00:00,133516.29440773558,120099.6191780822,159377,112057.0
2024-09-11 19:00:00,119824.53698810434,115077.31561643835,158192,108343.0
2024-09-11 20:00:00,115411.08118914992,109909.0,165035,105067.0
2024-09-11 21:00:00,112239.8762330241,107242.36438356164,165328,98842.0
2024-09-11 22:00:00,101743.9800329198,98957.0,165412,91430.0
2024-09-11 23:00:00,94327.92907885987,90313.0,165423,84449.0
2024-09-12 00:00:00,92679.3231217016,82148.0,159160,79033.0
2024-09-12 01:00:00,92679.3231217016,77575.76520547945,158382,74980.0
2024-09-12 02:00:00,92679.3231217016,74920.21917808219,158439,72360.0
2024-09-12 03:00:00,92679.3231217016,74413.0,158338,70993.0
2024-09-12 04:00:00,92679.3231217016,74413.0,158426,70962.0
2024-09-12 05:00:00,92679.3231217016,76313.23205479453,159056,73996.0
2024-09-12 06:00:00,92679.3231217016,81341.01287671232,158618,79697.0
2024-09-12 07:00:00,93514.7072505474,85719.36767123287,159516,83330.0
2024-09-12 08:00:00,94327.92907885987,88167.39479452054,162088,85863.0
2024-09-12 09:00:00,94491.12740286293,91975.3005479452,163401,88357.0
2024-09-12 10:00:00,100714.27921452606,99257.27369863016,163510,91422.0
2024-09-12 11:00:00,106067.40916376552,100310.27342465754,163376,94695.0
2024-09-12 12:00:00,112936.71227701013,105336.20630136986,163830,98832.0
2024-09-12 13:00:00,115411.08118914992,110483.0,164646,103226.0
2024-09-12 14:00:00,119218.49284708383,115590.0,165641,107283.0
2024-09-12 15:00:00,132540.56409793024,118381.4008219178,165034,110890.0
2024-09-12 16:00:00,142299.2051614486,124523.95260273974,164473,114004.0
2024-09-12 17:00:00,142299.2051614486,125212.88602739728,162948,114655.0
2024-09-12 18:00:00,137287.911317552,120056.64136986302,160963,112046.0
2024-09-12 19:00:00,124001.38272211212,117973.0,161064,108473.0
2024-09-12 20:00:00,115513.54902658272,113334.68767123288,166283,105352.0
2024-09-12 21:00:00,114118.25503140432,107292.0,166479,99645.0
2024-09-12 22:00:00,104976.16326014204,100026.74328767124,167643,92567.0
2024-09-12 23:00:00,94327.92907885987,90047.99506849315,167649,85696.0
2024-09-13 00:00:00,93041.2930177194,85579.0,161563,80236.0
2024-09-13 01:00:00,92679.3231217016,80508.42082191781,161791,76332.0
2024-09-13 02:00:00,92679.3231217016,76606.13424657534,161333,73939.0
2024-09-13 03:00:00,92679.3231217016,74956.18630136986,160796,72625.0
2024-09-13 04:00:00,92679.3231217016,75162.46547945206,160653,72712.0
2024-09-13 05:00:00,92679.3231217016,79251.07726027397,160305,75393.0
2024-09-13 06:00:00,92797.55325314232,84133.19150684931,160568,80984.0
2024-09-13 07:00:00,94134.83343307118,86172.0,160820,84648.0
2024-09-13 08:00:00,94327.92907885987,90057.0,162258,87354.0
2024-09-13 09:00:00,98407.07895218318,94290.0,162298,89934.0
2024-09-13 10:00:00,103992.5426815722,97450.0,163109,92897.0
2024-09-13 11:00:00,108006.473811032,107054.9284931507,163220,96168.0
2024-09-13 12:00:00,112936.71227701013,105339.0,164787,99897.0
2024-09-13 13:00:00,115502.26970954592,109575.97369863014,165232,103991.0
2024-09-13 14:00:00,116611.0972241348,113370.70739726028,165748,107583.0
2024-09-13 15:00:00,125844.57273494256,117734.0,165630,110756.0
2024-09-13 16:00:00,137287.911317552,121374.66438356166,164634,113517.0
2024-09-13 17:00:00,137287.911317552,124836.0,163430,113998.0
2024-09-13 18:00:00,130219.82884352356,118271.0,161668,110944.0
2024-09-13 19:00:00,115851.04611483528,116854.0,160697,106544.0
2024-09-13 20:00:00,115502.26970954592,108917.0,166590,102933.0
2024-09-13 21:00:00,110449.89108776508,105610.40383561644,166958,97469.0
2024-09-13 22:00:00,101743.9800329198,98957.0,166953,91757.0
2024-09-13 23:00:00,94327.92907885987,93776.0,166973,85863.0
2024-09-14 00:00:00,93200.12394718891,82976.91863013699,158673,80522.0
2024-09-14 01:00:00,92679.3231217016,79260.22,158834,76400.0
2024-09-14 02:00:00,92679.3231217016,76602.22849315069,158080,73340.0
2024-09-14 03:00:00,92679.3231217016,73646.74876712328,157827,71341.0
2024-09-14 04:00:00,92679.3231217016,74413.0,157975,70451.0
2024-09-14 05:00:00,92679.3231217016,74548.6397260274,157793,70675.0
2024-09-14 06:00:00,92679.3231217016,74957.0,158421,72323.0
2024-09-14 07:00:00,92679.3231217016,78277.0,159047,74115.0
2024-09-14 08:00:00,92679.3231217016,82013.0,160931,77801.0
2024-09-14 09:00:00,93514.7072505474,85724.03287671233,161744,81883.0
2024-09-14 10:00:00,94298.9047292391,92880.0,162722,86549.0
2024-09-14 11:00:00,101743.9800329198,96927.0,162231,91517.0
2024-09-14 12:00:00,108933.06733769029,101592.16082191782,163278,96773.0
2024-09-14 13:00:00,115246.49300634468,108291.43205479452,164228,101597.0
2024-09-14 14:00:00,115411.08118914992,110446.0,164207,105831.0
2024-09-14 15:00:00,119824.53698810434,119539.8794520548,163712,109604.0
2024-09-14 16:00:00,132540.56409793024,118271.0,163030,112352.0
2024-09-14 17:00:00,137287.911317552,120598.0,161551,113101.0
2024-09-14 18:00:00,125844.57273494256,120585.7402739726,159034,110343.0
2024-09-14 19:00:00,115851.04611483528,116854.0,158017,106092.0
2024-09-14 20:00:00,115502.26970954592,109037.0,164852,102193.0
2024-09-14 21:00:00,110449.89108776508,102794.94794520548,165300,96688.0
2024-09-14 22:00:00,101990.41957035977,99314.04575342464,165287,90738.0
2024-09-14 23:00:00,94327.92907885987,93749.90739726028,165474,84834.0
2024-09-15 00:00:00,92679.3231217016,82723.80301369863,158126,79748.0
2024-09-15 01:00:00,92679.3231217016,78619.27780821918,158151,75691.0
2024-09-15 02:00:00,92679.3231217016,75558.23780821919,158183,72703.0
2024-09-15 03:00:00,92679.3231217016,74413.0,158059,70609.0
2024-09-15 04:00:00,92679.3231217016,72475.04164383562,158158,69349.0
2024-09-15 05:00:00,92679.3231217016,72798.0,157936,69104.0
2024-09-15 06:00:00,92679.3231217016,71659.69808219178,158709,69961.0
2024-09-15 07:00:00,92679.3231217016,74593.95506849315,159162,71212.0
2024-09-15 08:00:00,92679.3231217016,78253.72821917808,160848,74818.0
2024-09-15 09:00:00,92679.3231217016,82531.34767123288,161508,79217.0
2024-09-15 10:00:00,94134.83343307118,87795.0,162304,83875.0
2024-09-15 11:00:00,95450.316597224,94287.04602739729,162190,88515.0
2024-09-15 12:00:00,105028.41848675102,99277.30630136988,163317,94034.0
2024-09-15 13:00:00,110449.89108776508,104710.0,163684,98953.0
2024-09-15 14:00:00,115420.76438491268,113775.0,163959,103172.0
2024-09-15 15:00:00,115513.54902658272,112653.0,163845,106809.0
2024-09-15 16:00:00,119824.53698810434,117025.35260273972,163189,109764.0
2024-09-15 17:00:00,130219.82884352356,118116.47479452056,161391,110889.0
2024-09-15 18:00:00,119824.53698810434,117082.39287671231,159217,108845.0
2024-09-15 19:00:00,115513.54902658272,112616.08520547944,158511,105324.0
2024-09-15 20:00:00,115502.26970954592,110882.54712328767,165375,102232.0
2024-09-15 21:00:00,110449.89108776508,110318.20356164384,165991,95917.0
2024-09-15 22:00:00,100678.90904360544,95186.47753424656,165689,89202.0
2024-09-15 23:00:00,94327.92907885987,90604.0,165653,82582.0
2024-09-16 00:00:00,92679.3231217016,81990.37917808219,158113,77459.0
2024-09-16 01:00:00,92679.3231217016,78265.6895890411,157890,73711.0
2024-09-16 02:00:00,92679.3231217016,74285.0,157711,71396.0
2024-09-16 03:00:00,92679.3231217016,74791.4490410959,157916,70204.0
2024-09-16 04:00:00,92679.3231217016,73303.37479452055,157887,70726.0
2024-09-16 05:00:00,92679.3231217016,77559.65397260274,157512,73828.0
2024-09-16 06:00:00,92679.3231217016,84395.09424657535,157729,79584.0
2024-09-16 07:00:00,94134.83343307118,87842.0,157883,83219.0
2024-09-16 08:00:00,94327.92907885987,90772.7397260274,159959,85563.0
2024-09-16 09:00:00,95450.316597224,93390.62191780822,160409,87944.0
2024-09-16 10:00:00,101743.9800329198,97853.178630137,161257,91136.0
2024-09-16 11:00:00,106067.40916376552,99194.4490410959,161398,94384.0
2024-09-16 12:00:00,110669.61907692369,106349.0,162163,97992.0
2024-09-16 13:00:00,115502.26970954592,111412.44630136988,162250,101438.0
2024-09-16 14:00:00,115513.54902658272,113357.36273972604,162208,104234.0
2024-09-16 15:00:00,119824.53698810434,115590.0,161752,106660.0
2024-09-16 16:00:00,129368.21201592498,118506.01506849316,161198,108261.0
2024-09-16 17:00:00,133516.29440773558,117338.77589041097,160377,108804.0
2024-09-16 18:00:00,124693.64890014708,118710.6994520548,159154,106984.0
2024-09-16 19:00:00,115851.04611483528,111563.38547945206,159015,105065.0
2024-09-16 20:00:00,115502.26970954592,109070.0,165312,102373.0
2024-09-16 21:00:00,110449.89108776508,102997.44767123288,165605,96720.0
2024-09-16 22:00:00,100058.33210454736,95090.5210958904,165727,89931.0
2024-09-16 23:00:00,94134.83343307118,88049.70383561644,166034,83456.0
2024-09-17 00:00:00,92679.3231217016,82631.5197260274,158496,78758.0
2024-09-17 01:00:00,92679.3231217016,77133.30054794521,158364,75173.0
2024-09-17 02:00:00,92679.3231217016,76024.73178082192,158394,73062.0
2024-09-17 03:00:00,92679.3231217016,74766.5591780822,157815,71959.0
2024-09-17 04:00:00,92679.3231217016,73656.72876712329,157458,72388.0
2024-09-17 05:00:00,92679.3231217016,79213.95753424658,157080,75552.0
2024-09-17 06:00:00,93200.12394718891,84379.09150684932,157023,81708.0
2024-09-17 07:00:00,94134.83343307118,89198.82301369862,156444,85980.0
2024-09-17 08:00:00,94298.9047292391,90236.54821917808,155292,88180.0
2024-09-17 09:00:00,98811.21062208444,95543.2402739726,156791,90246.0
2024-09-17 10:00:00,103835.88987989083,96879.7495890411,157801,92595.0
2024-09-17 11:00:00,106067.40916376552,99612.63534246576,158374,94818.0
2024-09-17 12:00:00,110449.89108776508,104724.55424657535,159519,97670.0
2024-09-17 13:00:00,115246.49300634468,105905.0,159647,100690.0
2024-09-17 14:00:00,115502.26970954592,113049.0,159907,102957.0
2024-09-17 15:00:00,115513.54902658272,113357.36273972604,159672,104641.0
2024-09-17 16:00:00,116888.84701197685,115590.0,159160,106046.0
2024-09-17 17:00:00,119824.53698810434,115983.04219178084,158731,106594.0
2024-09-17 18:00:00,116186.28886461792,113145.0,158074,105765.0
2024-09-17 19:00:00,115411.08118914992,109220.2605479452,157880,104857.0
2024-09-17 20:00:00,115246.49300634468,108332.82739726028,163833,102709.0
2024-09-17 21:00:00,108933.06733769029,102139.95534246576,164754,97779.0
2024-09-17 22:00:00,99204.96244670232,95808.821369863,164843,91499.0
2024-09-17 23:00:00,94134.83343307118,90465.79780821918,164917,85564.0
2024-09-18 00:00:00,92797.55325314232,85579.0,157472,80752.0
2024-09-18 01:00:00,92679.3231217016,80284.22273972603,156972,77170.0
2024-09-18 02:00:00,92679.3231217016,77831.08657534247,156991,74842.0
2024-09-18 03:00:00,92679.3231217016,74480.72876712329,156499,73703.0
2024-09-18 04:00:00,92679.3231217016,74935.6495890411,156339,74138.0
2024-09-18 05:00:00,92679.3231217016,79413.65315068493,155681,77278.0
2024-09-18 06:00:00,93382.98443831716,87247.0,156553,83564.0
2024-09-18 07:00:00,94327.92907885987,89491.4005479452,156646,87596.0
2024-09-18 08:00:00,94626.54430756312,93405.13287671232,156795,89911.0
2024-09-18 09:00:00,99487.46394458582,97527.0,157503,92120.0
2024-09-18 10:00:00,105028.41848675102,99685.0,158881,94773.0
2024-09-18 11:00:00,108006.473811032,102220.0,158707,97617.0
2024-09-18 12:00:00,111228.28732467044,103142.47397260272,159161,100283.0
2024-09-18 13:00:00,115313.87472507662,113608.8969863014,160237,102408.0
2024-09-18 14:00:00,115502.26970954592,109926.56904109588,160422,104687.0
2024-09-18 15:00:00,115513.54902658272,112653.0,159658,107373.0
2024-09-18 16:00:00,116888.84701197685,115562.28,159744,109182.0
2024-09-18 17:00:00,119548.77310572684,115983.04219178084,159751,110118.0
2024-09-18 18:00:00,115851.04611483528,114155.0,158167,108867.0
2024-09-18 19:00:00,115411.08118914992,110446.0,157694,107178.0
2024-09-18 20:00:00,115313.87472507662,111337.07068493152,163644,104736.0
2024-09-18 21:00:00,108933.06733769029,102308.67178082193,164332,99634.0
2024-09-18 22:00:00,99204.96244670232,95009.6205479452,164874,93043.0
2024-09-18 23:00:00,94134.83343307118,88022.0,164961,86548.0
2024-09-19 00:00:00,92797.55325314232,85579.0,156246,81381.0
2024-09-19 01:00:00,92679.3231217016,80392.29205479453,156280,77632.0
2024-09-19 02:00:00,92679.3231217016,76320.0,155677,74986.0
2024-09-19 03:00:00,92679.3231217016,75323.0,155250,73649.0
2024-09-19 04:00:00,92679.3231217016,74933.83232876712,155224,73742.0
2024-09-19 05:00:00,92679.3231217016,81283.0,155036,76879.0
2024-09-19 06:00:00,93382.98443831716,87193.18739726028,156052,83053.0
2024-09-19 07:00:00,94327.92907885987,88315.79808219179,156594,87076.0
2024-09-19 08:00:00,94491.12740286293,92916.71890410958,157896,89341.0
2024-09-19 09:00:00,99204.96244670232,95285.5704109589,159050,91941.0
2024-09-19 10:00:00,105028.41848675102,98499.0,159702,95188.0
2024-09-19 11:00:00,109652.05424873118,101791.61397260276,159732,99386.0
2024-09-19 12:00:00,115246.49300634468,107049.10301369864,160403,104317.0
2024-09-19 13:00:00,115411.08118914992,112387.86191780824,160940,109024.0
2024-09-19 14:00:00,116374.84942125872,113145.0,161129,112989.0
2024-09-19 15:00:00,124001.38272211212,118768.2008219178,159965,116106.0
2024-09-19 16:00:00,133516.29440773558,122436.0,159859,118588.0
2024-09-19 17:00:00,137287.911317552,119629.9501369863,159249,119334.0
2024-09-19 18:00:00,130219.82884352356,117533.0,157322,116603.0
2024-09-19 19:00:00,118884.55611603551,115590.0,156842,113207.0
2024-09-19 20:00:00,115411.08118914992,110446.0,164384,109380.0
2024-09-19 21:00:00,112936.71227701013,105455.8701369863,164458,103037.0
2024-09-19 22:00:00,104316.4683735078,100645.49287671232,165032,95518.0
2024-09-19 23:00:00,94327.92907885987,90057.0,165349,88245.0
2024-09-20 00:00:00,93514.7072505474,86508.0,157585,82258.0
2024-09-20 01:00:00,92679.3231217016,82951.0602739726,157945,78046.0
2024-09-20 02:00:00,92679.3231217016,78729.9008219178,158014,75171.0
2024-09-20 03:00:00,92679.3231217016,76341.15424657534,157853,73360.0
2024-09-20 04:00:00,92679.3231217016,75988.0,157674,73620.0
2024-09-20 05:00:00,92679.3231217016,78920.22630136987,156553,76089.0
2024-09-20 06:00:00,93382.98443831716,87155.51315068494,156984,81573.0
2024-09-20 07:00:00,94134.83343307118,89203.0,157723,85255.0
2024-09-20 08:00:00,94491.12740286293,92819.91589041096,160071,88254.0
2024-09-20 09:00:00,99487.46394458582,97527.0,161253,91259.0
2024-09-20 10:00:00,105028.41848675102,98789.8901369863,161956,95129.0
2024-09-20 11:00:00,110449.89108776508,104282.0,161869,99863.0
2024-09-20 12:00:00,115502.26970954592,109037.0,162244,105302.0
2024-09-20 13:00:00,116374.84942125872,116780.79424657534,162399,110353.0
2024-09-20 14:00:00,130219.82884352356,117734.0,162459,114526.0
2024-09-20 15:00:00,142299.2051614486,120960.18602739729,162645,117587.0
2024-09-20 16:00:00,142157.09459214125,122951.0402739726,162174,119588.0
2024-09-20 17:00:00,142157.09459214125,122993.0,160164,119309.0
2024-09-20 18:00:00,137287.911317552,121417.6005479452,157670,115400.0
2024-09-20 19:00:00,119824.53698810434,115983.04219178084,155488,110772.0
2024-09-20 20:00:00,115411.08118914992,110446.0,162552,106176.0
2024-09-20 21:00:00,112239.8762330241,105462.0,163292,100370.0
2024-09-20 22:00:00,104316.4683735078,102805.22383561645,163317,94132.0
2024-09-20 23:00:00,94298.9047292391,90793.0,163689,87674.0
2024-09-21 00:00:00,93382.98443831716,84929.95150684932,152704,81919.0
2024-09-21 01:00:00,92679.3231217016,80783.50465753424,153259,77686.0
2024-09-21 02:00:00,92679.3231217016,77545.42767123287,153272,74720.0
2024-09-21 03:00:00,92679.3231217016,75262.48328767123,153430,72679.0
2024-09-21 04:00:00,92679.3231217016,74119.09424657535,153392,71713.0
2024-09-21 05:00:00,92679.3231217016,74241.23698630137,153311,72154.0
2024-09-21 06:00:00,92679.3231217016,75504.5797260274,153498,73714.0
2024-09-21 07:00:00,92679.3231217016,77975.0,153801,75564.0
2024-09-21 08:00:00,92679.3231217016,82235.98301369863,156340,78954.0
2024-09-21 09:00:00,93514.7072505474,86233.0,158736,82987.0
2024-09-21 10:00:00,94298.9047292391,91454.14657534249,159623,87524.0
2024-09-21 11:00:00,99487.46394458582,94805.0,159679,92447.0
2024-09-21 12:00:00,106067.40916376552,101552.7989041096,161207,97324.0
2024-09-21 13:00:00,112239.8762330241,110062.0,161338,101670.0
2024-09-21 14:00:00,115502.26970954592,110442.99369863012,160626,105868.0
2024-09-21 15:00:00,115513.54902658272,112317.91506849317,160791,109460.0
2024-09-21 16:00:00,118884.55611603551,115590.0,159820,111721.0
2024-09-21 17:00:00,119824.53698810434,115590.0,157905,111945.0
2024-09-21 18:00:00,115851.04611483528,116854.0,155213,109214.0
2024-09-21 19:00:00,115502.26970954592,108784.0,154503,105355.0
2024-09-21 20:00:00,113553.53844535294,110909.15561643837,162181,101444.0
2024-09-21 21:00:00,106067.40916376552,103880.01698630136,162982,96084.0
2024-09-21 22:00:00,98811.21062208444,95194.7383561644,163086,90497.0
2024-09-21 23:00:00,94134.83343307118,89550.0,163197,84727.0
2024-09-22 00:00:00,92679.3231217016,82704.41616438357,152786,79642.0
2024-09-22 01:00:00,92679.3231217016,79055.0,152746,75614.0
2024-09-22 02:00:00,92679.3231217016,75560.7602739726,152704,72760.0
2024-09-22 03:00:00,92679.3231217016,76536.7898630137,153057,70654.0
2024-09-22 04:00:00,92679.3231217016,72720.88383561643,153628,69479.0
2024-09-22 05:00:00,92679.3231217016,71341.0,154450,69399.0
2024-09-22 06:00:00,92679.3231217016,74802.0,154258,70387.0
2024-09-22 07:00:00,92679.3231217016,74952.93150684932,154282,71865.0
2024-09-22 08:00:00,92679.3231217016,80992.15780821918,155671,75021.0
2024-09-22 09:00:00,92679.3231217016,82232.67452054794,156472,78724.0
2024-09-22 10:00:00,93382.98443831716,87275.0,157108,82125.0
2024-09-22 11:00:00,94327.92907885987,89165.92794520548,157458,85800.0
2024-09-22 12:00:00,95450.316597224,92560.89726027397,158642,89673.0
2024-09-22 13:00:00,100714.27921452606,96720.0,159597,93148.0
2024-09-22 14:00:00,105028.41848675102,98909.88438356164,158900,95616.0
2024-09-22 15:00:00,108933.06733769029,101264.6989041096,158531,97508.0
2024-09-22 16:00:00,110449.89108776508,103656.02794520548,158406,99001.0
2024-09-22 17:00:00,112936.71227701013,104832.22630136988,157500,99570.0
2024-09-22 18:00:00,110669.61907692369,103561.0,156221,98685.0
2024-09-22 19:00:00,108933.06733769029,103671.0,155995,98152.0
2024-09-22 20:00:00,105742.66879424678,99892.4290410959,160849,96391.0
2024-09-22 21:00:00,99487.46394458582,96302.94575342466,162300,91795.0
2024-09-22 22:00:00,94327.92907885987,90444.57698630136,162347,86304.0
2024-09-22 23:00:00,92797.55325314232,86588.6284931507,162558,81051.0
2024-09-23 00:00:00,92679.3231217016,81759.0,154483,76777.0
2024-09-23 01:00:00,92679.3231217016,78752.0,153861,73632.0
2024-09-23 02:00:00,92679.3231217016,74579.0101369863,153795,71756.0
2024-09-23 03:00:00,92679.3231217016,72852.0,153635,70916.0
2024-09-23 04:00:00,92679.3231217016,74998.5210958904,153754,71477.0
2024-09-23 05:00:00,92679.3231217016,77914.9189041096,153768,75071.0
2024-09-23 06:00:00,92797.55325314232,84350.66630136987,154653,81163.0
2024-09-23 07:00:00,94134.83343307118,88757.96438356164,154858,85307.0
2024-09-23 08:00:00,94327.92907885987,89016.0,156361,87384.0
2024-09-23 09:00:00,94491.12740286293,91170.00876712328,157656,88878.0
2024-09-23 10:00:00,98485.3522952513,93502.28630136988,158334,90498.0
2024-09-23 11:00:00,99487.46394458582,94496.07424657534,157840,92017.0
2024-09-23 12:00:00,103992.5426815722,98749.51123287671,157394,93506.0
2024-09-23 13:00:00,105028.41848675102,98864.101369863,156860,94774.0
2024-09-23 14:00:00,106067.40916376552,101890.0,156948,95332.0
2024-09-23 15:00:00,108933.06733769029,101764.68054794522,156784,95646.0
2024-09-23 16:00:00,110449.89108776508,104046.5304109589,156404,96024.0
2024-09-23 17:00:00,110449.89108776508,106317.91671232878,155801,96307.0
2024-09-23 18:00:00,110279.13570378444,104249.87205479453,154804,95765.0
2024-09-23 19:00:00,108296.72003975153,100739.93452054796,154611,95784.0
2024-09-23 20:00:00,105028.41848675102,99585.0,161152,94058.0
2024-09-23 21:00:00,99204.96244670232,95049.6191780822,161568,89842.0
2024-09-23 22:00:00,94134.83343307118,89547.80301369863,161508,84396.0
2024-09-23 23:00:00,92679.3231217016,82056.84301369863,161489,79319.0
2024-09-24 00:00:00,92679.3231217016,82433.24739726027,152875,75123.0
2024-09-24 01:00:00,92679.3231217016,75518.54821917808,152923,72392.0
2024-09-24 02:00:00,92679.3231217016,73644.22630136987,152957,70690.0
2024-09-24 03:00:00,92679.3231217016,74749.1095890411,153131,69971.0
2024-09-24 04:00:00,92679.3231217016,74791.4490410959,153445,70826.0
2024-09-24 05:00:00,92679.3231217016,77248.95589041096,153428,74111.0
2024-09-24 06:00:00,92797.55325314232,82617.0,153872,80367.0
2024-09-24 07:00:00,94134.83343307118,87887.93369863014,153447,84824.0
2024-09-24 08:00:00,94327.92907885987,89016.0,153880,86975.0
2024-09-24 09:00:00,94298.9047292391,90743.0,154078,88252.0
2024-09-24 10:00:00,94626.54430756312,92395.0,155638,89609.0
2024-09-24 11:00:00,98811.21062208444,92760.0,156328,90834.0
2024-09-24 12:00:00,100390.24094382828,94189.55534246576,157112,91631.0
2024-09-24 13:00:00,103992.5426815722,97879.17150684932,157290,92543.0
2024-09-24 14:00:00,105028.41848675102,97696.0,157846,92460.0
2024-09-24 15:00:00,105028.41848675102,97773.0,157560,92242.0
2024-09-24 16:00:00,107056.98511407408,101888.61671232876,157664,93066.0
2024-09-24 17:00:00,108933.06733769029,101554.38356164384,157291,93662.0
2024-09-24 18:00:00,108933.06733769029,101616.64767123287,156310,93754.0
2024-09-24 19:00:00,105371.2778700864,98042.48684931509,155835,94223.0
2024-09-24 20:00:00,105028.41848675102,97901.27698630135,161606,92757.0
2024-09-24 21:00:00,98811.21062208444,91924.20712328768,161513,89012.0
2024-09-24 22:00:00,94134.83343307118,89469.0,161748,83953.0
2024-09-24 23:00:00,92679.3231217016,82026.24273972603,161765,78885.0
2024-09-25 00:00:00,92679.3231217016,77873.01287671232,153229,74966.0
2024-09-25 01:00:00,92679.3231217016,75045.57753424658,153490,72208.0
2024-09-25 02:00:00,92679.3231217016,74387.07013698631,153235,70426.0
2024-09-25 03:00:00,92679.3231217016,71709.0,153092,69830.0
2024-09-25 04:00:00,92679.3231217016,72875.0,153108,70551.0
2024-09-25 05:00:00,92679.3231217016,75896.17205479452,152632,74025.0
2024-09-25 06:00:00,92679.3231217016,82128.09150684932,153595,80331.0
2024-09-25 07:00:00,94134.83343307118,87217.14739726028,153504,84847.0
2024-09-25 08:00:00,94327.92907885987,89008.29698630137,154026,87037.0
2024-09-25 09:00:00,94491.12740286293,91858.84739726028,155260,88590.0
2024-09-25 10:00:00,98485.3522952513,93044.11232876712,156138,89865.0
2024-09-25 11:00:00,99487.46394458582,93928.0,156342,91116.0
2024-09-25 12:00:00,104159.37558364496,98773.0,156480,92553.0
2024-09-25 13:00:00,105028.41848675102,100354.54547945206,156784,94061.0
2024-09-25 14:00:00,106067.40916376552,101890.0,156698,94787.0
2024-09-25 15:00:00,108933.06733769029,102432.81397260274,156654,95587.0
2024-09-25 16:00:00,110449.89108776508,104324.0,155537,96483.0
2024-09-25 17:00:00,110449.89108776508,104727.26657534248,155038,97158.0
2024-09-25 18:00:00,110449.89108776508,104324.0,154217,96936.0
2024-09-25 19:00:00,108933.06733769029,102420.85260273972,153862,96859.0
2024-09-25 20:00:00,105371.2778700864,101811.14136986302,160124,95466.0
2024-09-25 21:00:00,100390.24094382828,95094.69808219178,160695,91753.0
2024-09-25 22:00:00,94327.92907885987,89162.44547945206,160738,86648.0
2024-09-25 23:00:00,92797.55325314232,84048.11643835617,160979,81446.0
2024-09-26 00:00:00,92679.3231217016,79935.0,152464,77199.0
2024-09-26 01:00:00,92679.3231217016,76514.0,151570,74304.0
2024-09-26 02:00:00,92679.3231217016,73686.0,151688,72377.0
2024-09-26 03:00:00,92679.3231217016,74583.83808219178,151398,71532.0
2024-09-26 04:00:00,92679.3231217016,75736.0,151539,72477.0
2024-09-26 05:00:00,92679.3231217016,77863.0,151622,75688.0
2024-09-26 06:00:00,93200.12394718891,82674.50821917808,152328,82130.0
2024-09-26 07:00:00,94134.83343307118,88993.0,152753,87012.0
2024-09-26 08:00:00,94298.9047292391,90406.59753424658,153630,89164.0
2024-09-26 09:00:00,97751.71869406504,93022.97150684932,153613,91332.0
2024-09-26 10:00:00,100058.33210454736,95699.07369863012,154407,93238.0
2024-09-26 11:00:00,105028.41848675102,97774.75232876712,154911,95083.0
2024-09-26 12:00:00,106067.40916376552,100766.0,155616,96858.0
2024-09-26 13:00:00,110449.89108776508,104774.0,155126,98474.0
2024-09-26 14:00:00,112936.71227701013,109111.74684931508,154868,99411.0
2024-09-26 15:00:00,115246.49300634468,107195.0,154642,99992.0
2024-09-26 16:00:00,115502.26970954592,111425.30273972604,155002,100813.0
2024-09-26 17:00:00,115502.26970954592,109751.0,154583,101262.0
2024-09-26 18:00:00,115420.76438491268,111395.44,154542,101042.0
2024-09-26 19:00:00,115246.49300634468,107853.0,155738,101265.0
2024-09-26 20:00:00,110669.61907692369,106317.91671232878,160739,99691.0
2024-09-26 21:00:00,105028.41848675102,101256.0,160856,95877.0
2024-09-26 22:00:00,97554.6989626052,94195.60547945206,160650,90501.0
2024-09-26 23:00:00,94134.83343307118,88283.90465753425,160737,85044.0
2024-09-27 00:00:00,92797.55325314232,82772.03506849315,154132,80667.0
2024-09-27 01:00:00,92679.3231217016,82117.12246575343,153583,77525.0
2024-09-27 02:00:00,92679.3231217016,77411.0,154033,75736.0
2024-09-27 03:00:00,92679.3231217016,77609.37561643835,154376,74600.0
2024-09-27 04:00:00,92679.3231217016,77364.91150684931,155203,75104.0
2024-09-27 05:00:00,92679.3231217016,82106.54438356165,155667,78212.0
2024-09-27 06:00:00,93514.7072505474,85730.0,157101,84087.0
2024-09-27 07:00:00,94327.92907885987,89962.0,157392,88789.0
2024-09-27 08:00:00,97554.6989626052,95094.50493150685,158920,91398.0
2024-09-27 09:00:00,99487.46394458582,94805.0,159439,93388.0
2024-09-27 10:00:00,104316.4683735078,97315.0,160616,94682.0
2024-09-27 11:00:00,105371.2778700864,99585.0,161131,95298.0
2024-09-27 12:00:00,108933.06733769029,103483.90684931508,161758,95740.0
2024-09-27 13:00:00,111228.28732467044,103802.14849315069,161829,95926.0
2024-09-27 14:00:00,112936.71227701013,109090.07534246576,161838,95407.0
2024-09-27 15:00:00,115246.49300634468,107853.0,162167,94742.0
2024-09-27 16:00:00,115246.49300634468,107168.01232876712,162095,94629.0
2024-09-27 17:00:00,115246.49300634468,110895.10301369864,162008,94600.0
2024-09-27 18:00:00,110669.61907692369,105165.1087671233,161758,94149.0
2024-09-27 19:00:00,108933.06733769029,101748.88164383562,161547,94223.0
2024-09-27 20:00:00,105371.2778700864,99606.0,160169,92742.0
2024-09-27 21:00:00,100390.24094382828,97441.60575342466,160625,90016.0
2024-09-27 22:00:00,94298.9047292391,91074.24493150684,160460,85941.0
2024-09-27 23:00:00,93382.98443831716,86686.86547945206,160252,81585.0
2024-09-28 00:00:00,92679.3231217016,82778.8701369863,157047,77806.0
2024-09-28 01:00:00,92679.3231217016,79270.4997260274,156821,74515.0
2024-09-28 02:00:00,92679.3231217016,77609.37561643835,156617,72258.0
2024-09-28 03:00:00,92679.3231217016,75153.0,156070,70858.0
2024-09-28 04:00:00,92679.3231217016,74911.58821917808,155866,70336.0
2024-09-28 05:00:00,92679.3231217016,75736.0,155296,71076.0
2024-09-28 06:00:00,92679.3231217016,77944.26630136986,154550,72789.0
2024-09-28 07:00:00,92679.3231217016,80263.69041095891,154140,75193.0
2024-09-28 08:00:00,92679.3231217016,82522.51917808219,155755,78609.0
2024-09-28 09:00:00,93514.7072505474,87599.68465753425,157706,82110.0
2024-09-28 10:00:00,94327.92907885987,89710.05506849315,158672,84920.0
2024-09-28 11:00:00,94626.54430756312,92346.55780821918,158923,87382.0
2024-09-28 12:00:00,99204.96244670232,95021.20273972602,159588,89368.0
2024-09-28 13:00:00,101743.9800329198,94797.46191780822,159944,90723.0
2024-09-28 14:00:00,105028.41848675102,96978.54465753424,160237,91425.0
2024-09-28 15:00:00,105028.41848675102,100811.39424657536,160657,92095.0
2024-09-28 16:00:00,106067.40916376552,101140.0,160478,92611.0
2024-09-28 17:00:00,106067.40916376552,100539.0,158972,92837.0
2024-09-28 18:00:00,105028.41848675102,100811.39424657536,156867,91999.0
2024-09-28 19:00:00,104316.4683735078,97960.01726027398,156756,91752.0
2024-09-28 20:00:00,100714.27921452606,96687.0,160089,89706.0
2024-09-28 21:00:00,94626.54430756312,92518.75232876712,160549,86731.0
2024-09-28 22:00:00,94134.83343307118,89547.80301369863,160369,83162.0
2024-09-28 23:00:00,92679.3231217016,85341.0,160510,78999.0
2024-09-29 00:00:00,92679.3231217016,78726.76520547945,153883,75285.0
2024-09-29 01:00:00,92679.3231217016,74689.9101369863,153493,71904.0
2024-09-29 02:00:00,92679.3231217016,72642.18493150685,153362,69968.0
2024-09-29 03:00:00,92679.3231217016,72185.0,153280,68543.0
2024-09-29 04:00:00,92679.3231217016,71240.21643835616,153784,67919.0
2024-09-29 05:00:00,92679.3231217016,72171.16712328767,154018,68232.0
2024-09-29 06:00:00,92679.3231217016,72115.31479452054,153912,69441.0
2024-09-29 07:00:00,92679.3231217016,74796.49397260274,154461,71366.0
2024-09-29 08:00:00,92679.3231217016,76751.55753424657,155394,74249.0
2024-09-29 09:00:00,92679.3231217016,82911.03287671233,156765,77472.0
2024-09-29 10:00:00,92679.3231217016,82502.04356164383,158455,80111.0
2024-09-29 11:00:00,93382.98443831716,84508.91506849315,158767,82427.0
2024-09-29 12:00:00,94134.83343307118,88381.88438356164,159579,84535.0
2024-09-29 13:00:00,94327.92907885987,90439.42356164384,159150,85918.0
2024-09-29 14:00:00,94298.9047292391,90909.2293150685,159002,86350.0
2024-09-29 15:00:00,94491.12740286293,91893.0,159103,87115.0
2024-09-29 16:00:00,98648.58090725508,93867.42,158973,88214.0
2024-09-29 17:00:00,99204.96244670232,96646.3693150685,157724,89480.0
2024-09-29 18:00:00,99204.96244670232,95021.20273972602,156147,90138.0
2024-09-29 19:00:00,99204.96244670232,93904.36191780822,155956,90898.0
2024-09-29 20:00:00,97996.57811032502,93904.36191780822,159397,89744.0
2024-09-29 21:00:00,94327.92907885987,89157.00438356164,159423,86260.0
2024-09-29 22:00:00,93382.98443831716,84573.12493150686,159551,82145.0
2024-09-29 23:00:00,92679.3231217016,82896.84739726028,159706,77625.0
2024-09-30 00:00:00,92679.3231217016,78752.0,152170,74101.0
2024-09-30 01:00:00,92679.3231217016,73110.40767123288,151510,71451.0
2024-09-30 02:00:00,92679.3231217016,71261.0,152060,69930.0
2024-09-30 03:00:00,92679.3231217016,71171.9594520548,151606,69266.0
2024-09-30 04:00:00,92679.3231217016,71819.10493150685,151493,70344.0
2024-09-30 05:00:00,92679.3231217016,76776.65753424658,151260,73600.0
2024-09-30 06:00:00,92679.3231217016,81424.0,153186,79887.0
2024-09-30 07:00:00,93514.7072505474,86365.01150684932,153043,84649.0
2024-09-30 08:00:00,94327.92907885987,88311.2605479452,153133,86802.0
2024-09-30 09:00:00,94298.9047292391,93507.0,153538,88363.0
2024-09-30 10:00:00,94626.54430756312,95759.0,154112,89985.0
2024-09-30 11:00:00,98811.21062208444,94458.0,154156,91269.0
2024-09-30 12:00:00,100058.33210454736,95754.1591780822,154604,92364.0
2024-09-30 13:00:00,103992.5426815722,97907.0,154516,93860.0
2024-09-30 14:00:00,105028.41848675102,101218.298630137,154170,94547.0
2024-09-30 15:00:00,105028.41848675102,101244.85232876713,154225,95020.0
2024-09-30 16:00:00,106067.40916376552,101140.0,154395,96289.0
2024-09-30 17:00:00,108637.26447077382,102987.54164383562,153757,96833.0
2024-09-30 18:00:00,106067.40916376552,100880.0,153167,96953.0
2024-09-30 19:00:00,105371.2778700864,99587.17643835615,153390,97059.0
2024-09-30 20:00:00,105028.41848675102,99866.0,158080,95023.0
2024-09-30 21:00:00,98811.21062208444,92456.91726027396,158052,90868.0
2024-09-30 22:00:00,94134.83343307118,89469.0,158027,85702.0
2024-09-30 23:00:00,92679.3231217016,83938.0,158479,80260.0
2024-10-01 00:00:00,92679.3231217016,79395.88465753425,149817,76072.0
2024-10-01 01:00:00,92679.3231217016,77714.27506849315,150199,73169.0
2024-10-01 02:00:00,92679.3231217016,73828.6389041096,150305,71209.0
2024-10-01 03:00:00,92679.3231217016,72651.0,150425,70332.0
2024-10-01 04:00:00,92679.3231217016,72651.0,150880,70891.0
2024-10-01 05:00:00,92679.3231217016,77181.75890410959,151419,74175.0
2024-10-01 06:00:00,92679.3231217016,83518.71397260274,152837,80395.0
2024-10-01 07:00:00,94134.83343307118,85958.55397260273,152618,85141.0
2024-10-01 08:00:00,94134.83343307118,87351.0,152624,86882.0
2024-10-01 09:00:00,94327.92907885987,90182.76383561644,153852,87847.0
2024-10-01 10:00:00,94298.9047292391,91489.0,154669,88753.0
2024-10-01 11:00:00,94626.54430756312,93020.0,154960,89518.0
2024-10-01 12:00:00,98648.58090725508,94483.45698630136,155412,90260.0
2024-10-01 13:00:00,99487.46394458582,96959.0,156142,90962.0
2024-10-01 14:00:00,100714.27921452606,97098.0,156400,91112.0
2024-10-01 15:00:00,101743.9800329198,97866.25205479452,156539,91410.0
2024-10-01 16:00:00,104316.4683735078,100061.0,156758,92491.0
2024-10-01 17:00:00,105028.41848675102,100061.0,156371,93122.0
2024-10-01 18:00:00,104976.16326014204,100061.0,154830,93270.0
2024-10-01 19:00:00,103835.88987989083,97627.58958904108,154351,93737.0
2024-10-01 20:00:00,100390.24094382828,96303.0,158586,92165.0
2024-10-01 21:00:00,94491.12740286293,92955.97095890412,158698,87953.0
2024-10-01 22:00:00,93514.7072505474,85614.21205479452,158689,82780.0
2024-10-01 23:00:00,92679.3231217016,83790.0,158632,77459.0
2024-10-02 00:00:00,92679.3231217016,77204.0,149190,73300.0
2024-10-02 01:00:00,92679.3231217016,72933.28630136987,148884,70584.0
2024-10-02 02:00:00,92679.3231217016,71679.0,148736,68594.0
2024-10-02 03:00:00,92679.3231217016,70291.47616438357,148336,67763.0
2024-10-02 04:00:00,92679.3231217016,71679.0,148229,68385.0
2024-10-02 05:00:00,92679.3231217016,74803.31123287672,148448,71666.0
2024-10-02 06:00:00,92679.3231217016,81359.7802739726,149520,77616.0
2024-10-02 07:00:00,93382.98443831716,84488.84520547945,149917,81654.0
2024-10-02 08:00:00,94134.83343307118,87240.0,151278,83242.0
2024-10-02 09:00:00,94134.83343307118,87375.0,152534,83810.0
2024-10-02 10:00:00,94327.92907885987,88889.0,151572,84848.0
2024-10-02 11:00:00,94327.92907885987,90188.08,151768,85475.0
2024-10-02 12:00:00,94298.9047292391,92982.61835616438,152352,86103.0
2024-10-02 13:00:00,94491.12740286293,93596.19643835616,152458,86795.0
2024-10-02 14:00:00,95450.316597224,93617.0,152668,87790.0
2024-10-02 15:00:00,98648.58090725508,95669.0,154204,88853.0
2024-10-02 16:00:00,99204.96244670232,98304.64767123287,154621,90103.0
2024-10-02 17:00:00,100390.24094382828,99414.5402739726,153477,90785.0
2024-10-02 18:00:00,100390.24094382828,96218.10739726028,151438,91178.0
2024-10-02 19:00:00,99487.46394458582,97172.71123287673,151178,91305.0
2024-10-02 20:00:00,98811.21062208444,95882.0,156794,89725.0
2024-10-02 21:00:00,94327.92907885987,91489.0,156813,86046.0
2024-10-02 22:00:00,93382.98443831716,86054.44712328768,157100,80950.0
2024-10-02 23:00:00,92679.3231217016,82573.0,157740,76037.0
2024-10-03 00:00:00,92679.3231217016,74285.0,151774,72277.0
2024-10-03 01:00:00,92679.3231217016,72417.65397260274,151667,69574.0
2024-10-03 02:00:00,92679.3231217016,70302.0,151361,67885.0
2024-10-03 03:00:00,92679.3231217016,70578.57698630137,151058,67142.0
2024-10-03 04:00:00,92679.3231217016,70423.0,150817,67728.0
2024-10-03 05:00:00,92679.3231217016,73566.0,150872,70966.0
2024-10-03 06:00:00,92679.3231217016,80414.0,151609,76803.0
2024-10-03 07:00:00,93200.12394718891,84376.72684931508,151964,80816.0
2024-10-03 08:00:00,93382.98443831716,85759.0,153607,82506.0
2024-10-03 09:00:00,93993.51091008769,87189.90328767124,154845,83261.0
2024-10-03 10:00:00,94134.83343307118,87445.2893150685,153652,84163.0
2024-10-03 11:00:00,94134.83343307118,87409.05068493151,153214,85569.0
2024-10-03 12:00:00,94327.92907885987,90301.90657534248,152965,87205.0
2024-10-03 13:00:00,94491.12740286293,93157.87808219178,153114,89054.0
2024-10-03 14:00:00,94673.18508432285,95575.0,153195,90815.0
2024-10-03 15:00:00,98648.58090725508,95882.0,153176,92873.0
2024-10-03 16:00:00,99693.10790253672,96959.0,153770,94968.0
2024-10-03 17:00:00,101743.9800329198,98428.26712328767,151898,96177.0
2024-10-03 18:00:00,101743.9800329198,99819.4808219178,150027,95261.0
2024-10-03 19:00:00,100714.27921452606,96935.48410958904,149913,94789.0
2024-10-03 20:00:00,99204.96244670232,97216.0,155223,92582.0
2024-10-03 21:00:00,94298.9047292391,93014.0,156421,88203.0
2024-10-03 22:00:00,93382.98443831716,84576.0,157229,82775.0
2024-10-03 23:00:00,92679.3231217016,83756.9909589041,157815,77248.0
2024-10-04 00:00:00,92679.3231217016,74920.21917808219,149080,73010.0
2024-10-04 01:00:00,92679.3231217016,72439.0,149426,70163.0
2024-10-04 02:00:00,92679.3231217016,71358.54410958904,149507,68486.0
2024-10-04 03:00:00,92679.3231217016,70614.0,149398,67603.0
2024-10-04 04:00:00,92679.3231217016,71358.54410958904,149603,68204.0
2024-10-04 05:00:00,92679.3231217016,73833.57534246576,150585,71266.0
2024-10-04 06:00:00,92679.3231217016,79014.54547945206,152396,76972.0
2024-10-04 07:00:00,92797.55325314232,84163.0,153078,81029.0
2024-10-04 08:00:00,93382.98443831716,85759.0,155433,82779.0
2024-10-04 09:00:00,94134.83343307118,87240.0,155778,84222.0
2024-10-04 10:00:00,94134.83343307118,87459.96219178083,155828,85686.0
2024-10-04 11:00:00,94327.92907885987,93670.978630137,155822,87611.0
2024-10-04 12:00:00,94491.12740286293,92241.23698630136,156520,89650.0
2024-10-04 13:00:00,97751.71869406504,93617.0,155825,91745.0
2024-10-04 14:00:00,99204.96244670232,96590.0,154982,92943.0
2024-10-04 15:00:00,99693.10790253672,96959.0,155150,94240.0
2024-10-04 16:00:00,101743.9800329198,97406.88438356164,155375,94994.0
2024-10-04 17:00:00,103835.88987989083,97577.0,154364,95012.0
2024-10-04 18:00:00,100390.24094382828,99436.91698630138,153751,93554.0
2024-10-04 19:00:00,99204.96244670232,94264.06575342466,154558,92431.0
2024-10-04 20:00:00,94673.18508432285,95575.0,157980,90088.0
2024-10-04 21:00:00,94327.92907885987,88336.0093150685,158772,86381.0
2024-10-04 22:00:00,93382.98443831716,83963.0,158791,81762.0
2024-10-04 23:00:00,92679.3231217016,79420.0,160080,76998.0
2024-10-05 00:00:00,92679.3231217016,74221.87095890411,151236,72742.0
2024-10-05 01:00:00,92679.3231217016,71657.65397260274,151146,69639.0
2024-10-05 02:00:00,92679.3231217016,68990.0,151412,67578.0
2024-10-05 03:00:00,92679.3231217016,66799.92794520548,151844,66464.0
2024-10-05 04:00:00,92679.3231217016,66987.69452054794,152441,66193.0
2024-10-05 05:00:00,92679.3231217016,68573.0,152703,66885.0
2024-10-05 06:00:00,92679.3231217016,70720.25342465754,153276,68741.0
2024-10-05 07:00:00,92679.3231217016,73833.57534246576,153533,70621.0
2024-10-05 08:00:00,92679.3231217016,75085.8994520548,155492,72978.0
2024-10-05 09:00:00,92679.3231217016,79015.12876712329,157339,75136.0
2024-10-05 10:00:00,92679.3231217016,81217.88465753425,158295,76682.0
2024-10-05 11:00:00,92679.3231217016,82540.0,159005,78182.0
2024-10-05 12:00:00,93041.2930177194,85579.0,160077,80309.0
2024-10-05 13:00:00,93382.98443831716,87247.0,160565,82666.0
2024-10-05 14:00:00,94134.83343307118,89920.04876712328,160636,85039.0
2024-10-05 15:00:00,94134.83343307118,89424.0,160978,87444.0
2024-10-05 16:00:00,94327.92907885987,93776.0,161088,89880.0
2024-10-05 17:00:00,94491.12740286293,93508.75095890411,158478,90938.0
2024-10-05 18:00:00,94298.9047292391,92847.80465753425,155960,89284.0
2024-10-05 19:00:00,94298.9047292391,90545.0,156077,88043.0
2024-10-05 20:00:00,94327.92907885987,87787.0,157888,85780.0
2024-10-05 21:00:00,93382.98443831716,86271.24164383562,158232,82214.0
2024-10-05 22:00:00,92679.3231217016,81078.40328767123,158414,78186.0
2024-10-05 23:00:00,92679.3231217016,77960.22493150685,158492,73919.0
2024-10-06 00:00:00,92679.3231217016,72528.25068493151,153697,70217.0
2024-10-06 01:00:00,92679.3231217016,68833.0906849315,153117,67448.0
2024-10-06 02:00:00,92679.3231217016,67375.2591780822,153689,65413.0
2024-10-06 03:00:00,92679.3231217016,65501.0,153323,64321.0
2024-10-06 04:00:00,92679.3231217016,65531.0,153120,63703.0
2024-10-06 05:00:00,92679.3231217016,65929.0,152589,63812.0
2024-10-06 06:00:00,92679.3231217016,68976.0,152272,64865.0
2024-10-06 07:00:00,92679.3231217016,69035.72520547945,152124,66485.0
2024-10-06 08:00:00,92679.3231217016,72741.01397260274,153830,68584.0
2024-10-06 09:00:00,92679.3231217016,74435.77178082192,155242,70551.0
2024-10-06 10:00:00,92679.3231217016,76168.79808219179,156038,72584.0
2024-10-06 11:00:00,92679.3231217016,79396.48136986302,157244,74740.0
2024-10-06 12:00:00,92679.3231217016,83561.41479452055,159080,77850.0
2024-10-06 13:00:00,92797.55325314232,86520.0,160012,80956.0
2024-10-06 14:00:00,93382.98443831716,86603.9687671233,160518,83768.0
2024-10-06 15:00:00,94134.83343307118,88782.0,161254,87029.0
2024-10-06 16:00:00,94327.92907885987,93776.0,160732,90217.0
2024-10-06 17:00:00,94491.12740286293,93143.74684931508,158178,92298.0
2024-10-06 18:00:00,94491.12740286293,93617.0,155841,91597.0
2024-10-06 19:00:00,94491.12740286293,93617.0,155712,91234.0
2024-10-06 20:00:00,94327.92907885987,90394.99506849315,157002,88541.0
2024-10-06 21:00:00,93804.97658595216,87670.02575342466,157115,84067.0
2024-10-06 22:00:00,92679.3231217016,81074.11780821918,156989,79008.0
2024-10-06 23:00:00,92679.3231217016,80141.5397260274,156822,74262.0
2024-10-07 00:00:00,92679.3231217016,71276.0,151712,70540.0
2024-10-07 01:00:00,92679.3231217016,68902.0,150794,67934.0
2024-10-07 02:00:00,92679.3231217016,67571.0,150740,66205.0
2024-10-07 03:00:00,92679.3231217016,66905.0,150543,65637.0
2024-10-07 04:00:00,92679.3231217016,68967.29780821918,150561,66441.0
2024-10-07 05:00:00,92679.3231217016,72644.02931506849,150706,69970.0
2024-10-07 06:00:00,92679.3231217016,79177.06712328768,151551,76244.0
2024-10-07 07:00:00,92797.55325314232,84399.0,151278,80540.0
2024-10-07 08:00:00,93382.98443831716,84752.73808219178,153488,82219.0
2024-10-07 09:00:00,94134.83343307118,87194.10739726028,154781,83080.0
2024-10-07 10:00:00,94134.83343307118,87351.0,154570,84126.0
2024-10-07 11:00:00,94327.92907885987,89183.78164383562,154445,85124.0
2024-10-07 12:00:00,94327.92907885987,89628.54328767123,154667,86339.0
2024-10-07 13:00:00,94327.92907885987,90300.2191780822,154707,87372.0
2024-10-07 14:00:00,94298.9047292391,90964.0,154675,88046.0
2024-10-07 15:00:00,94298.9047292391,90953.4219178082,155566,88859.0
2024-10-07 16:00:00,94491.12740286293,93654.94219178082,155896,89714.0
2024-10-07 17:00:00,97045.51186894887,93606.36767123287,153244,90154.0
2024-10-07 18:00:00,97554.6989626052,92948.4397260274,151384,89797.0
2024-10-07 19:00:00,97554.6989626052,94297.54273972604,151056,89991.0
2024-10-07 20:00:00,94491.12740286293,92103.8016438356,155396,87783.0
2024-10-07 21:00:00,94134.83343307118,88057.0,156178,83396.0
2024-10-07 22:00:00,92679.3231217016,82540.0,156175,78544.0
2024-10-07 23:00:00,92679.3231217016,78545.16027397261,156054,73617.0
2024-10-08 00:00:00,92679.3231217016,73812.60904109589,148170,69710.0
2024-10-08 01:00:00,92679.3231217016,69354.0,148091,67220.0
2024-10-08 02:00:00,92679.3231217016,68058.85726027397,148016,65771.0
2024-10-08 03:00:00,92679.3231217016,68605.61397260275,147841,65232.0
2024-10-08 04:00:00,92679.3231217016,70152.40767123288,147796,66341.0
2024-10-08 05:00:00,92679.3231217016,73559.92438356165,148105,69589.0
2024-10-08 06:00:00,92679.3231217016,79864.50109589042,149779,75951.0
2024-10-08 07:00:00,93382.98443831716,85017.0,150283,80113.0
2024-10-08 08:00:00,93382.98443831716,85640.1791780822,153435,80534.0
2024-10-08 09:00:00,93382.98443831716,85156.48191780823,155391,79795.0
2024-10-08 10:00:00,93382.98443831716,84553.7202739726,154776,79782.0
2024-10-08 11:00:00,93382.98443831716,84935.6389041096,155528,79817.0
2024-10-08 12:00:00,93382.98443831716,84562.31835616438,155990,80396.0
2024-10-08 13:00:00,93514.7072505474,84988.8087671233,155907,81439.0
2024-10-08 14:00:00,94134.83343307118,86226.5210958904,156467,82290.0
2024-10-08 15:00:00,94134.83343307118,86763.90438356165,157011,83250.0
2024-10-08 16:00:00,94134.83343307118,88993.0,156786,84883.0
2024-10-08 17:00:00,94327.92907885987,89696.60821917809,153890,86395.0
2024-10-08 18:00:00,94298.9047292391,90951.14356164384,152426,87005.0
2024-10-08 19:00:00,94491.12740286293,91954.0,152878,87639.0
2024-10-08 20:00:00,94327.92907885987,89648.0,157690,85919.0
2024-10-08 21:00:00,94134.83343307118,84676.55534246576,157869,81836.0
2024-10-08 22:00:00,92679.3231217016,81177.19643835617,157934,77085.0
2024-10-08 23:00:00,92679.3231217016,77973.0,157957,72511.0
2024-10-09 00:00:00,92679.3231217016,74522.12794520549,150954,69279.0
2024-10-09 01:00:00,92679.3231217016,69482.86438356164,151006,67062.0
2024-10-09 02:00:00,92679.3231217016,70143.0,151631,65929.0
2024-10-09 03:00:00,92679.3231217016,69030.43616438356,151339,65435.0
2024-10-09 04:00:00,92679.3231217016,71351.12438356165,151518,66296.0
2024-10-09 05:00:00,92679.3231217016,74299.74027397261,151680,69871.0
2024-10-09 06:00:00,92679.3231217016,83012.56684931507,152691,76344.0
2024-10-09 07:00:00,93382.98443831716,85017.0,152674,80615.0
2024-10-09 08:00:00,93514.7072505474,86494.92657534247,155644,81116.0
2024-10-09 09:00:00,93382.98443831716,84564.0,156800,80370.0
2024-10-09 10:00:00,93382.98443831716,84503.94383561645,156062,80137.0
2024-10-09 11:00:00,93382.98443831716,83267.26767123288,155998,80143.0
2024-10-09 12:00:00,93382.98443831716,84542.68109589041,156979,80390.0
2024-10-09 13:00:00,93382.98443831716,85933.00246575342,157408,81293.0
2024-10-09 14:00:00,93514.7072505474,86495.0,156710,81974.0
2024-10-09 15:00:00,94134.83343307118,88648.51479452055,157502,82843.0
2024-10-09 16:00:00,94134.83343307118,88993.0,157179,84562.0
2024-10-09 17:00:00,94327.92907885987,90766.77260273971,154724,86021.0
2024-10-09 18:00:00,94327.92907885987,91606.36520547944,152910,86261.0
2024-10-09 19:00:00,94298.9047292391,89882.79589041095,153472,87117.0
2024-10-09 20:00:00,94327.92907885987,93697.04410958904,156677,85471.0
2024-10-09 21:00:00,94134.83343307118,85434.09150684932,157276,82030.0
2024-10-09 22:00:00,92679.3231217016,82183.92246575342,157717,77444.0
2024-10-09 23:00:00,92679.3231217016,77960.22493150685,157850,72848.0
2024-10-10 00:00:00,92679.3231217016,72713.0,152101,69471.0
2024-10-10 01:00:00,92679.3231217016,70892.0,152248,67196.0
2024-10-10 02:00:00,92679.3231217016,69810.0,152392,65967.0
2024-10-10 03:00:00,92679.3231217016,69404.0,152343,65809.0
2024-10-10 04:00:00,92679.3231217016,71418.32630136986,152471,66826.0
2024-10-10 05:00:00,92679.3231217016,75053.25342465754,152447,70420.0
2024-10-10 06:00:00,92679.3231217016,81290.42328767123,153953,77171.0
2024-10-10 07:00:00,93514.7072505474,86499.81452054795,154280,81819.0
2024-10-10 08:00:00,94134.83343307118,86653.38849315069,154742,82457.0
2024-10-10 09:00:00,93514.7072505474,86463.80821917808,155115,81178.0
2024-10-10 10:00:00,93382.98443831716,84493.40191780822,155055,80430.0
2024-10-10 11:00:00,93382.98443831716,84925.12356164384,155088,79818.0
2024-10-10 12:00:00,93382.98443831716,83836.21917808219,154896,79643.0
2024-10-10 13:00:00,93382.98443831716,84516.79589041095,155015,79869.0
2024-10-10 14:00:00,93382.98443831716,85242.87452054795,155358,80168.0
2024-10-10 15:00:00,93382.98443831716,84674.76602739726,155568,80894.0
2024-10-10 16:00:00,94134.83343307118,88723.87616438356,155180,82293.0
2024-10-10 17:00:00,94134.83343307118,88993.0,152880,84253.0
2024-10-10 18:00:00,94327.92907885987,90834.89315068492,150668,85393.0
2024-10-10 19:00:00,94327.92907885987,93675.1284931507,150871,86593.0
2024-10-10 20:00:00,94327.92907885987,93663.57397260275,155353,85164.0
2024-10-10 21:00:00,94134.83343307118,88774.0,156133,82065.0
2024-10-10 22:00:00,92679.3231217016,82540.0,156468,77650.0
2024-10-10 23:00:00,92679.3231217016,79006.74109589041,156772,73746.0
2024-10-11 00:00:00,92679.3231217016,73851.18493150685,150618,70393.0
2024-10-11 01:00:00,92679.3231217016,71738.50109589042,150855,68476.0
2024-10-11 02:00:00,92679.3231217016,70884.18849315068,150868,67365.0
2024-10-11 03:00:00,92679.3231217016,70969.0,150949,67038.0
2024-10-11 04:00:00,92679.3231217016,72519.13205479452,151482,68246.0
2024-10-11 05:00:00,92679.3231217016,77263.79890410959,151895,71876.0
2024-10-11 06:00:00,92679.3231217016,82718.54109589041,153821,78184.0
2024-10-11 07:00:00,94134.83343307118,87903.37205479453,154185,82832.0
2024-10-11 08:00:00,94134.83343307118,87928.0,156745,83487.0
2024-10-11 09:00:00,93382.98443831716,85759.0,158061,81985.0
2024-10-11 10:00:00,93382.98443831716,83660.85726027397,156889,80963.0
2024-10-11 11:00:00,92797.55325314232,84392.59890410959,156465,80211.0
2024-10-11 12:00:00,92797.55325314232,86583.74630136987,157175,79828.0
2024-10-11 13:00:00,92797.55325314232,84399.0,157871,80276.0
2024-10-11 14:00:00,93041.2930177194,84163.0,158679,80765.0
2024-10-11 15:00:00,93200.12394718891,82873.0,159064,81705.0
2024-10-11 16:00:00,93382.98443831716,85242.35917808219,158449,83432.0
2024-10-11 17:00:00,94134.83343307118,89952.0,155840,84641.0
2024-10-11 18:00:00,94134.83343307118,88774.0,153996,84649.0
2024-10-11 19:00:00,94134.83343307118,88774.0,155227,84761.0
2024-10-11 20:00:00,94134.83343307118,88774.0,157828,83102.0
2024-10-11 21:00:00,93382.98443831716,85910.99369863013,158165,80351.0
2024-10-11 22:00:00,92679.3231217016,82978.96109589041,159275,76761.0
2024-10-11 23:00:00,92679.3231217016,77928.27369863015,159161,72939.0
2024-10-12 00:00:00,92679.3231217016,72486.67095890411,154058,69660.0
2024-10-12 01:00:00,92679.3231217016,70119.29424657534,153796,67356.0
2024-10-12 02:00:00,92679.3231217016,66749.33835616439,153296,65588.0
2024-10-12 03:00:00,92679.3231217016,66940.16849315069,152362,64888.0
2024-10-12 04:00:00,92679.3231217016,67109.0,151645,64910.0
2024-10-12 05:00:00,92679.3231217016,68573.0,151001,66099.0
2024-10-12 06:00:00,92679.3231217016,71377.0,151169,68283.0
2024-10-12 07:00:00,92679.3231217016,74497.63561643836,151051,70843.0
2024-10-12 08:00:00,92679.3231217016,73803.0,153553,72825.0
2024-10-12 09:00:00,92679.3231217016,76180.0,155185,73239.0
2024-10-12 10:00:00,92679.3231217016,76324.0,154999,73418.0
2024-10-12 11:00:00,92679.3231217016,77953.0,154827,73679.0
2024-10-12 12:00:00,92679.3231217016,78441.41616438357,154212,73750.0
2024-10-12 13:00:00,92679.3231217016,79437.94575342466,154410,74676.0
2024-10-12 14:00:00,92679.3231217016,79851.47260273973,155535,75635.0
2024-10-12 15:00:00,92679.3231217016,80596.17561643836,155937,77279.0
2024-10-12 16:00:00,92679.3231217016,82459.0,155380,79215.0
2024-10-12 17:00:00,92797.55325314232,85213.0,153442,80696.0
2024-10-12 18:00:00,92797.55325314232,86640.0,153299,80944.0
2024-10-12 19:00:00,93041.2930177194,82709.0,154663,81669.0
2024-10-12 20:00:00,92797.55325314232,83298.95232876712,156903,79726.0
2024-10-12 21:00:00,92679.3231217016,81220.0,157618,76971.0
2024-10-12 22:00:00,92679.3231217016,78277.0,157707,73664.0
2024-10-12 23:00:00,92679.3231217016,74543.36547945206,158476,70024.0
2024-10-13 00:00:00,92679.3231217016,69168.77808219178,152333,66821.0
2024-10-13 01:00:00,92679.3231217016,67631.43479452055,152516,64787.0
2024-10-13 02:00:00,92679.3231217016,65295.95150684931,153493,63118.0
2024-10-13 03:00:00,92679.3231217016,64209.45123287672,153496,62283.0
2024-10-13 04:00:00,92679.3231217016,64200.01232876712,153692,61972.0
2024-10-13 05:00:00,92679.3231217016,66158.8402739726,153807,62713.0
2024-10-13 06:00:00,92679.3231217016,66304.0,153901,64568.0
2024-10-13 07:00:00,92679.3231217016,67881.02219178082,154022,66753.0
2024-10-13 08:00:00,92679.3231217016,70401.92520547945,156491,68820.0
2024-10-13 09:00:00,92679.3231217016,72019.0,157938,70484.0
2024-10-13 10:00:00,92679.3231217016,74797.64246575342,159785,71449.0
2024-10-13 11:00:00,92679.3231217016,78034.0,161249,72827.0
2024-10-13 12:00:00,92679.3231217016,79299.02356164383,162214,74694.0
2024-10-13 13:00:00,92679.3231217016,80406.80602739727,163747,76391.0
2024-10-13 14:00:00,92679.3231217016,81931.58684931506,163482,78323.0
2024-10-13 15:00:00,92797.55325314232,85574.82301369862,163306,80083.0
2024-10-13 16:00:00,93514.7072505474,90111.0,162145,82067.0
2024-10-13 17:00:00,94134.83343307118,90150.90739726028,159230,83603.0
2024-10-13 18:00:00,94327.92907885987,90573.16082191782,158288,84214.0
2024-10-13 19:00:00,94327.92907885987,91061.00876712328,157867,85321.0
2024-10-13 20:00:00,94134.83343307118,88675.05506849315,157658,83621.0
2024-10-13 21:00:00,93382.98443831716,85301.0,158513,80275.0
2024-10-13 22:00:00,92679.3231217016,81407.15561643835,158491,76212.0
2024-10-13 23:00:00,92679.3231217016,78034.0,158369,72119.0
2024-10-14 00:00:00,92679.3231217016,71192.03506849315,155899,68687.0
2024-10-14 01:00:00,92679.3231217016,68973.10219178082,156183,66357.0
2024-10-14 02:00:00,92679.3231217016,67204.64602739726,156574,64853.0
2024-10-14 03:00:00,92679.3231217016,66540.61671232877,156886,64393.0
2024-10-14 04:00:00,92679.3231217016,68553.49835616439,157214,65297.0
2024-10-14 05:00:00,92679.3231217016,71610.84876712329,157167,68591.0
2024-10-14 06:00:00,92679.3231217016,79431.33479452055,157648,74333.0
2024-10-14 07:00:00,92797.55325314232,84399.0,157228,78856.0
2024-10-14 08:00:00,93382.98443831716,84758.0,159006,80771.0
2024-10-14 09:00:00,93804.97658595216,86387.0,160486,81576.0
2024-10-14 10:00:00,94134.83343307118,85691.6189041096,160028,81651.0
2024-10-14 11:00:00,94134.83343307118,85991.45616438356,159631,81481.0
2024-10-14 12:00:00,94134.83343307118,86613.31123287672,158696,81562.0
2024-10-14 13:00:00,94134.83343307118,88750.9394520548,158368,81792.0
2024-10-14 14:00:00,94134.83343307118,88022.0,158219,82023.0
2024-10-14 15:00:00,94134.83343307118,87675.0,158611,82416.0
2024-10-14 16:00:00,94327.92907885987,88889.0,157328,83001.0
2024-10-14 17:00:00,94327.92907885987,89751.63671232876,154714,84481.0
2024-10-14 18:00:00,94298.9047292391,91505.89232876712,153182,86020.0
2024-10-14 19:00:00,94298.9047292391,91874.67397260274,152824,87215.0
2024-10-14 20:00:00,94327.92907885987,89705.91150684931,156749,85623.0
2024-10-14 21:00:00,94134.83343307118,86362.0,156824,82317.0
2024-10-14 22:00:00,92679.3231217016,81345.0,156801,78095.0
2024-10-14 23:00:00,92679.3231217016,78403.11808219178,156941,73937.0
2024-10-15 00:00:00,92679.3231217016,75528.07671232877,148348,70857.0
2024-10-15 01:00:00,92679.3231217016,72704.40904109589,148584,68967.0
2024-10-15 02:00:00,92679.3231217016,72096.17068493151,148789,68046.0
2024-10-15 03:00:00,92679.3231217016,72505.8808219178,148628,67965.0
2024-10-15 04:00:00,92679.3231217016,73941.24356164383,148858,69239.0
2024-10-15 05:00:00,92679.3231217016,78423.46054794521,149410,73255.0
2024-10-15 06:00:00,93382.98443831716,84671.0,151090,79991.0
2024-10-15 07:00:00,94327.92907885987,88757.98438356165,151454,84935.0
2024-10-15 08:00:00,94327.92907885987,93578.59150684932,152952,85655.0
2024-10-15 09:00:00,94327.92907885987,93382.7389041096,154722,84626.0
2024-10-15 10:00:00,94134.83343307118,87175.22630136987,155036,83391.0
2024-10-15 11:00:00,94134.83343307118,86500.62602739726,155077,82785.0
2024-10-15 12:00:00,94134.83343307118,86192.46328767123,155607,82741.0
2024-10-15 13:00:00,94134.83343307118,88385.99369863013,155732,82821.0
2024-10-15 14:00:00,94134.83343307118,86679.23698630137,155000,82417.0
2024-10-15 15:00:00,94134.83343307118,86192.46328767123,155961,82518.0
2024-10-15 16:00:00,94134.83343307118,87989.0,155526,83395.0
2024-10-15 17:00:00,94298.9047292391,91533.0,155000,85223.0
2024-10-15 18:00:00,94491.12740286293,94773.8197260274,153778,87932.0
2024-10-15 19:00:00,97996.57811032502,94895.0,153313,89898.0
2024-10-15 20:00:00,95450.316597224,92569.64410958903,154902,88613.0
2024-10-15 21:00:00,94327.92907885987,90498.80602739728,155211,85571.0
2024-10-15 22:00:00,93382.98443831716,86086.85945205479,155192,81333.0
2024-10-15 23:00:00,92679.3231217016,81290.44191780822,155192,77047.0
2024-10-16 00:00:00,92679.3231217016,77930.20219178083,150620,74239.0
2024-10-16 01:00:00,92679.3231217016,75978.0,150483,72468.0
2024-10-16 02:00:00,92679.3231217016,75764.5904109589,150180,71604.0
2024-10-16 03:00:00,92679.3231217016,75942.12493150686,149808,71650.0
2024-10-16 04:00:00,92679.3231217016,78258.66465753425,150090,73020.0
2024-10-16 05:00:00,92679.3231217016,82459.0,150160,77191.0
2024-10-16 06:00:00,94134.83343307118,89191.20136986302,151022,84207.0
2024-10-16 07:00:00,97310.91051544252,93615.83671232878,150935,88967.0
2024-10-16 08:00:00,97554.6989626052,92940.19424657534,153400,89198.0
2024-10-16 09:00:00,94491.12740286293,92007.0,155694,86954.0
2024-10-16 10:00:00,94327.92907885987,91081.37835616438,155200,85125.0
2024-10-16 11:00:00,94134.83343307118,88427.11863013699,155279,84183.0
2024-10-16 12:00:00,94134.83343307118,87511.64383561644,155015,83422.0
2024-10-16 13:00:00,94134.83343307118,86914.13643835616,154452,82650.0
2024-10-16 14:00:00,94134.83343307118,87746.3,154338,81929.0
2024-10-16 15:00:00,94134.83343307118,86683.73315068493,153660,81586.0
2024-10-16 16:00:00,94134.83343307118,87976.82164383562,152734,82834.0
2024-10-16 17:00:00,94298.9047292391,94702.0,150276,85021.0
2024-10-16 18:00:00,94491.12740286293,93055.0,148794,87711.0
2024-10-16 19:00:00,98177.71798127398,96132.15780821918,148536,89845.0
2024-10-16 20:00:00,98485.3522952513,95790.04657534248,153098,88806.0
2024-10-16 21:00:00,94298.9047292391,94669.88602739728,153306,86350.0
2024-10-16 22:00:00,93993.51091008769,86297.3698630137,153857,82196.0
2024-10-16 23:00:00,92679.3231217016,82207.48684931507,153903,78241.0
2024-10-17 00:00:00,92679.3231217016,78553.8101369863,147759,75438.0
2024-10-17 01:00:00,92679.3231217016,77371.0,148015,73859.0
2024-10-17 02:00:00,92679.3231217016,76717.0,147656,73167.0
2024-10-17 03:00:00,92679.3231217016,77630.18630136986,147913,73354.0
2024-10-17 04:00:00,92679.3231217016,78715.11863013699,147790,74986.0
2024-10-17 05:00:00,92797.55325314232,83248.63397260274,148148,79383.0
2024-10-17 06:00:00,94327.92907885987,91510.62328767125,149432,86577.0
2024-10-17 07:00:00,99204.96244670232,95284.56684931507,150269,91249.0
2024-10-17 08:00:00,98811.21062208444,94077.0,152677,91491.0
2024-10-17 09:00:00,94491.12740286293,93444.0,155010,88531.0
2024-10-17 10:00:00,94327.92907885987,93502.0,154749,85579.0
2024-10-17 11:00:00,94134.83343307118,89704.67068493151,154926,83483.0
2024-10-17 12:00:00,93514.7072505474,84233.66246575343,155003,82105.0
2024-10-17 13:00:00,93382.98443831716,86768.02821917809,155145,81501.0
2024-10-17 14:00:00,93382.98443831716,84222.0,155118,80665.0
2024-10-17 15:00:00,93382.98443831716,84057.2605479452,154558,80549.0
2024-10-17 16:00:00,93514.7072505474,85068.11287671233,153795,81812.0
2024-10-17 17:00:00,94134.83343307118,88857.95589041096,150602,83813.0
2024-10-17 18:00:00,94327.92907885987,92170.65287671234,149000,86083.0
2024-10-17 19:00:00,94298.9047292391,91009.19506849317,149910,88318.0
2024-10-17 20:00:00,94491.12740286293,93475.5791780822,153036,87294.0
2024-10-17 21:00:00,94327.92907885987,93974.0,153610,85167.0
2024-10-17 22:00:00,93382.98443831716,86086.85945205479,153955,81251.0
2024-10-17 23:00:00,92679.3231217016,81211.45616438356,153966,77471.0
2024-10-18 00:00:00,92679.3231217016,77601.0,149777,74753.0
2024-10-18 01:00:00,92679.3231217016,75564.74739726027,149756,73403.0
2024-10-18 02:00:00,92679.3231217016,74860.77671232876,149749,72658.0
2024-10-18 03:00:00,92679.3231217016,74862.64821917808,149482,72895.0
2024-10-18 04:00:00,92679.3231217016,76862.9594520548,149428,74423.0
2024-10-18 05:00:00,92679.3231217016,81358.64109589042,149222,78271.0
2024-10-18 06:00:00,94134.83343307118,88650.84739726028,149907,85138.0
2024-10-18 07:00:00,94298.9047292391,92457.3805479452,149668,89583.0
2024-10-18 08:00:00,94298.9047292391,92835.68191780822,151927,89628.0
2024-10-18 09:00:00,94134.83343307118,89397.36493150685,154355,86927.0
2024-10-18 10:00:00,93382.98443831716,85759.0,153800,84186.0
2024-10-18 11:00:00,93041.2930177194,83666.8794520548,154403,82007.0
2024-10-18 12:00:00,92679.3231217016,82723.04356164383,154596,80719.0
2024-10-18 13:00:00,92679.3231217016,81343.58958904109,154188,80231.0
2024-10-18 14:00:00,92679.3231217016,81065.0,153910,79999.0
2024-10-18 15:00:00,92679.3231217016,81046.50191780821,153450,80160.0
2024-10-18 16:00:00,92679.3231217016,81501.93863013698,152121,81313.0
2024-10-18 17:00:00,92797.55325314232,85213.0,148821,82586.0
2024-10-18 18:00:00,93200.12394718891,85121.03095890411,147662,83514.0
2024-10-18 19:00:00,93382.98443831716,84507.19424657534,147879,84322.0
2024-10-18 20:00:00,93382.98443831716,84511.88657534246,152415,82870.0
2024-10-18 21:00:00,92797.55325314232,83086.97863013699,153136,80690.0
2024-10-18 22:00:00,92679.3231217016,78455.38767123288,153319,77497.0
2024-10-18 23:00:00,92679.3231217016,75963.5704109589,153394,73988.0
2024-10-19 00:00:00,92679.3231217016,72341.0,148069,71371.0
2024-10-19 01:00:00,92679.3231217016,70969.0,148034,69877.0
2024-10-19 02:00:00,92679.3231217016,69698.0,148101,69039.0
2024-10-19 03:00:00,92679.3231217016,70167.0,147976,68712.0
2024-10-19 04:00:00,92679.3231217016,70546.55534246576,147883,69393.0
2024-10-19 05:00:00,92679.3231217016,72509.0,147717,71304.0
2024-10-19 06:00:00,92679.3231217016,76357.94246575343,148006,74243.0
2024-10-19 07:00:00,92679.3231217016,77601.0,148504,77718.0
2024-10-19 08:00:00,92679.3231217016,79177.58246575342,151051,79014.0
2024-10-19 09:00:00,92679.3231217016,78446.0,152658,77782.0
2024-10-19 10:00:00,92679.3231217016,79489.11205479453,152340,75827.0
2024-10-19 11:00:00,92679.3231217016,74676.83726027397,151976,74177.0
2024-10-19 12:00:00,92679.3231217016,75616.63616438357,151775,73136.0
2024-10-19 13:00:00,92679.3231217016,73295.80739726027,151574,72389.0
2024-10-19 14:00:00,92679.3231217016,74993.01506849316,152056,72527.0
2024-10-19 15:00:00,92679.3231217016,75720.18712328767,152403,73683.0
2024-10-19 16:00:00,92679.3231217016,78034.0,150921,75393.0
2024-10-19 17:00:00,92679.3231217016,81028.01479452055,147563,77160.0
2024-10-19 18:00:00,92679.3231217016,81283.0,146456,78631.0
2024-10-19 19:00:00,92679.3231217016,83167.0,146761,79226.0
2024-10-19 20:00:00,92679.3231217016,78589.02,152196,77746.0
2024-10-19 21:00:00,92679.3231217016,79055.0,153545,75799.0
2024-10-19 22:00:00,92679.3231217016,75132.7202739726,153501,73356.0
2024-10-19 23:00:00,92679.3231217016,71646.0,153776,70330.0
2024-10-20 00:00:00,92679.3231217016,69301.43616438356,147390,68094.0
2024-10-20 01:00:00,92679.3231217016,66799.69808219178,147618,66570.0
2024-10-20 02:00:00,92679.3231217016,66940.98520547946,148274,65910.0
2024-10-20 03:00:00,92679.3231217016,66929.02383561645,148360,65552.0
2024-10-20 04:00:00,92679.3231217016,66940.98520547946,148650,66173.0
2024-10-20 05:00:00,92679.3231217016,67623.08082191781,149204,67533.0
2024-10-20 06:00:00,92679.3231217016,70143.0,149005,70089.0
2024-10-20 07:00:00,92679.3231217016,70969.0,148745,72816.0
2024-10-20 08:00:00,92679.3231217016,72962.36054794521,151506,74436.0
2024-10-20 09:00:00,92679.3231217016,71613.0,153309,73742.0
2024-10-20 10:00:00,92679.3231217016,72509.0,152745,72428.0
2024-10-20 11:00:00,92679.3231217016,71626.98082191781,152639,71933.0
2024-10-20 12:00:00,92679.3231217016,71645.83726027397,152884,71744.0
2024-10-20 13:00:00,92679.3231217016,72641.99506849315,152790,72238.0
2024-10-20 14:00:00,92679.3231217016,76596.0,152750,73139.0
2024-10-20 15:00:00,92679.3231217016,73969.06,152861,74524.0
2024-10-20 16:00:00,92679.3231217016,77953.0,151292,77157.0
2024-10-20 17:00:00,92679.3231217016,80596.17561643836,147993,79664.0
2024-10-20 18:00:00,92679.3231217016,82980.46191780822,147020,81283.0
2024-10-20 19:00:00,92797.55325314232,83860.0,148914,82582.0
2024-10-20 20:00:00,92679.3231217016,82525.08219178082,152882,80978.0
2024-10-20 21:00:00,92679.3231217016,82174.0,153631,77859.0
2024-10-20 22:00:00,92679.3231217016,75962.97369863014,153570,74335.0
2024-10-20 23:00:00,92679.3231217016,71646.0,153834,70600.0
2024-10-21 00:00:00,92679.3231217016,70232.11095890412,150165,68225.0
2024-10-21 01:00:00,92679.3231217016,67381.30767123288,149747,66714.0
2024-10-21 02:00:00,92679.3231217016,66879.0,150305,66103.0
2024-10-21 03:00:00,92679.3231217016,66089.0,149732,66276.0
2024-10-21 04:00:00,92679.3231217016,68620.6402739726,149127,68219.0
2024-10-21 05:00:00,92679.3231217016,72441.67095890411,148876,72376.0
2024-10-21 06:00:00,92679.3231217016,79090.83369863014,148976,79690.0
2024-10-21 07:00:00,93041.2930177194,83654.23205479453,148173,84913.0
2024-10-21 08:00:00,93382.98443831716,84662.84246575343,149203,85558.0
2024-10-21 09:00:00,92797.55325314232,84746.0,150302,83886.0
2024-10-21 10:00:00,92797.55325314232,84375.10438356164,150242,82946.0
2024-10-21 11:00:00,92797.55325314232,84375.10438356164,149809,82769.0
2024-10-21 12:00:00,93041.2930177194,82783.08219178082,149893,83131.0
2024-10-21 13:00:00,93382.98443831716,84580.0,149900,83918.0
2024-10-21 14:00:00,93514.7072505474,85476.0,149869,84706.0
2024-10-21 15:00:00,94134.83343307118,89203.0,150163,86063.0
2024-10-21 16:00:00,94327.92907885987,89170.78301369863,149190,87932.0
2024-10-21 17:00:00,94491.12740286293,95554.4405479452,146158,89785.0
2024-10-21 18:00:00,95450.316597224,95508.84630136986,145315,90328.0
2024-10-21 19:00:00,97751.71869406504,95790.04657534248,146915,90586.0
2024-10-21 20:00:00,94491.12740286293,91921.42493150686,150353,87997.0
2024-10-21 21:00:00,94134.83343307118,87199.0,150316,83859.0
2024-10-21 22:00:00,92679.3231217016,81332.90301369863,150369,78735.0
2024-10-21 23:00:00,92679.3231217016,78720.10301369864,150686,74290.0
2024-10-22 00:00:00,92679.3231217016,71151.26630136986,147828,70809.0
2024-10-22 01:00:00,92679.3231217016,69226.97506849315,147851,68476.0
2024-10-22 02:00:00,92679.3231217016,68366.8101369863,147950,67303.0
2024-10-22 03:00:00,92679.3231217016,68854.22136986302,148692,66927.0
2024-10-22 04:00:00,92679.3231217016,69018.82739726028,149009,68184.0
2024-10-22 05:00:00,92679.3231217016,71604.18493150685,148948,71912.0
2024-10-22 06:00:00,92679.3231217016,79092.0,150134,78812.0
2024-10-22 07:00:00,93041.2930177194,83796.33835616439,150441,83568.0
2024-10-22 08:00:00,93382.98443831716,85432.0,154204,84637.0
2024-10-22 09:00:00,93382.98443831716,83969.14849315069,156140,83673.0
2024-10-22 10:00:00,93382.98443831716,84466.24849315069,156132,83132.0
2024-10-22 11:00:00,93382.98443831716,84497.03643835617,155694,83566.0
2024-10-22 12:00:00,94134.83343307118,87925.66739726027,156395,84458.0
2024-10-22 13:00:00,94327.92907885987,89187.82246575343,156195,85806.0
2024-10-22 14:00:00,94298.9047292391,91499.74684931508,156308,86745.0
2024-10-22 15:00:00,94626.54430756312,92372.0,156068,88249.0
2024-10-22 16:00:00,99204.96244670232,98343.0,155438,90067.0
2024-10-22 17:00:00,100953.1346132427,95676.0,151832,91412.0
2024-10-22 18:00:00,100714.27921452606,97636.0,149456,91396.0
2024-10-22 19:00:00,100714.27921452606,97200.32273972603,149818,91421.0
2024-10-22 20:00:00,98485.3522952513,95815.0,151601,88873.0
2024-10-22 21:00:00,94134.83343307118,88213.0,152018,84499.0
2024-10-22 22:00:00,92797.55325314232,82508.64547945205,152077,79557.0
2024-10-22 23:00:00,92679.3231217016,77718.63315068494,151995,74622.0
2024-10-23 00:00:00,92679.3231217016,73934.218630137,151174,71073.0
2024-10-23 01:00:00,92679.3231217016,70187.35698630137,150600,68644.0
2024-10-23 02:00:00,92679.3231217016,68366.8101369863,150372,67308.0
2024-10-23 03:00:00,92679.3231217016,67603.0,149899,66791.0
2024-10-23 04:00:00,92679.3231217016,71772.42739726028,150568,67771.0
2024-10-23 05:00:00,92679.3231217016,72507.10136986301,150529,71417.0
2024-10-23 06:00:00,92679.3231217016,79036.0,151707,77894.0
2024-10-23 07:00:00,93041.2930177194,82898.20630136986,152051,82527.0
2024-10-23 08:00:00,93382.98443831716,85617.29287671234,153734,83294.0
2024-10-23 09:00:00,93382.98443831716,84750.4597260274,155464,82631.0
2024-10-23 10:00:00,93382.98443831716,84520.48465753425,156118,82382.0
2024-10-23 11:00:00,93514.7072505474,85473.0,156044,82530.0
2024-10-23 12:00:00,94134.83343307118,87928.0,154864,82972.0
2024-10-23 13:00:00,94134.83343307118,88326.75589041096,154493,84146.0
2024-10-23 14:00:00,94327.92907885987,89451.84876712329,154934,85683.0
2024-10-23 15:00:00,94298.9047292391,93107.21178082192,155060,86667.0
2024-10-23 16:00:00,97751.71869406504,96949.0,153761,88544.0
2024-10-23 17:00:00,99204.96244670232,95695.76821917808,150850,89333.0
2024-10-23 18:00:00,99204.96244670232,93921.24630136986,149384,89847.0
2024-10-23 19:00:00,99204.96244670232,95663.49150684931,148278,89963.0
2024-10-23 20:00:00,94491.12740286293,91293.2898630137,151782,87385.0
2024-10-23 21:00:00,94134.83343307118,87551.74739726027,152089,83499.0
2024-10-23 22:00:00,92679.3231217016,81159.46191780822,152104,78738.0
2024-10-23 23:00:00,92679.3231217016,77973.0,152244,73987.0
2024-10-24 00:00:00,92679.3231217016,71609.50109589042,145912,70296.0
2024-10-24 01:00:00,92679.3231217016,69802.0,146063,67873.0
2024-10-24 02:00:00,92679.3231217016,68019.0,146042,66512.0
2024-10-24 03:00:00,92679.3231217016,67592.61178082191,145845,66293.0
2024-10-24 04:00:00,92679.3231217016,69269.3312328767,146114,67394.0
2024-10-24 05:00:00,92679.3231217016,73922.33863013699,146534,71349.0
2024-10-24 06:00:00,92679.3231217016,79222.59315068493,149055,77852.0
2024-10-24 07:00:00,93382.98443831716,84480.0,149067,82661.0
2024-10-24 08:00:00,93514.7072505474,89418.79616438356,151378,83673.0
2024-10-24 09:00:00,93514.7072505474,85243.0,155236,82823.0
2024-10-24 10:00:00,93514.7072505474,85539.0,155728,81892.0
2024-10-24 11:00:00,93382.98443831716,83973.0,155660,81091.0
2024-10-24 12:00:00,93382.98443831716,84854.31479452054,155654,80822.0
2024-10-24 13:00:00,93382.98443831716,85456.29205479453,155346,81118.0
2024-10-24 14:00:00,93382.98443831716,85759.0,155708,81077.0
2024-10-24 15:00:00,93514.7072505474,85537.2098630137,155664,81688.0
2024-10-24 16:00:00,94134.83343307118,87184.9501369863,155167,82977.0
2024-10-24 17:00:00,94134.83343307118,88721.01726027398,152139,84473.0
2024-10-24 18:00:00,94327.92907885987,88351.11863013699,151340,85635.0
2024-10-24 19:00:00,94327.92907885987,90615.55123287672,152347,86642.0
2024-10-24 20:00:00,94327.92907885987,88736.20630136986,155231,84739.0
2024-10-24 21:00:00,93382.98443831716,84867.70164383562,155667,81897.0
2024-10-24 22:00:00,92679.3231217016,80323.56821917808,155587,77828.0
2024-10-24 23:00:00,92679.3231217016,77533.63342465754,155527,73870.0
2024-10-25 00:00:00,92679.3231217016,72866.0,153553,71105.0
2024-10-25 01:00:00,92679.3231217016,70969.0,153025,69434.0
2024-10-25 02:00:00,92679.3231217016,69926.93369863014,153372,68536.0
2024-10-25 03:00:00,92679.3231217016,69152.67452054794,152044,68566.0
2024-10-25 04:00:00,92679.3231217016,72280.50630136987,151653,69953.0
2024-10-25 05:00:00,92679.3231217016,76257.43561643836,151196,74017.0
2024-10-25 06:00:00,92679.3231217016,81464.33479452055,152441,80641.0
2024-10-25 07:00:00,93804.97658595216,87905.0,152066,85762.0
2024-10-25 08:00:00,94134.83343307118,87463.16849315069,153284,86812.0
2024-10-25 09:00:00,93382.98443831716,87275.0,154834,85048.0
2024-10-25 10:00:00,93382.98443831716,83273.23698630137,155190,83130.0
2024-10-25 11:00:00,92797.55325314232,83860.0,155182,81305.0
2024-10-25 12:00:00,92679.3231217016,82505.0,155140,80439.0
2024-10-25 13:00:00,92679.3231217016,82505.0,155481,80031.0
2024-10-25 14:00:00,92679.3231217016,82502.42328767123,155481,80133.0
2024-10-25 15:00:00,92679.3231217016,83047.0,154833,80426.0
2024-10-25 16:00:00,93200.12394718891,83831.0,154278,81800.0
2024-10-25 17:00:00,93382.98443831716,85416.70246575342,153307,82754.0
2024-10-25 18:00:00,93514.7072505474,85539.0,152486,83708.0
2024-10-25 19:00:00,93804.97658595216,87638.7797260274,153096,83849.0
2024-10-25 20:00:00,93382.98443831716,84868.0,155827,82086.0
2024-10-25 21:00:00,92679.3231217016,82842.92739726028,156129,79431.0
2024-10-25 22:00:00,92679.3231217016,81672.50383561644,156606,75988.0
2024-10-25 23:00:00,92679.3231217016,76452.38904109588,157694,72306.0
2024-10-26 00:00:00,92679.3231217016,72313.0,153027,69184.0
2024-10-26 01:00:00,92679.3231217016,68586.8701369863,153192,67200.0
2024-10-26 02:00:00,92679.3231217016,68323.45424657535,154045,65913.0
2024-10-26 03:00:00,92679.3231217016,67625.19643835617,154300,64986.0
2024-10-26 04:00:00,92679.3231217016,67646.0,154488,65308.0
2024-10-26 05:00:00,92679.3231217016,68360.0,154414,66512.0
2024-10-26 06:00:00,92679.3231217016,72784.84520547945,155706,69156.0
2024-10-26 07:00:00,92679.3231217016,74764.0,155666,72158.0
2024-10-26 08:00:00,92679.3231217016,77973.0,157100,74208.0
2024-10-26 09:00:00,92679.3231217016,79670.62410958904,159069,74696.0
2024-10-26 10:00:00,92679.3231217016,79041.00438356164,158461,74252.0
2024-10-26 11:00:00,92679.3231217016,78320.37123287671,158639,73575.0
2024-10-26 12:00:00,92679.3231217016,78638.56191780823,159314,73197.0
2024-10-26 13:00:00,92679.3231217016,78277.0,158975,72960.0
2024-10-26 14:00:00,92679.3231217016,77568.13424657534,158710,72922.0
2024-10-26 15:00:00,92679.3231217016,78277.0,158835,73343.0
2024-10-26 16:00:00,92679.3231217016,79696.25561643836,157554,74623.0
2024-10-26 17:00:00,92679.3231217016,80005.0,154793,76358.0
2024-10-26 18:00:00,92679.3231217016,82459.0,153376,78318.0
2024-10-26 19:00:00,92679.3231217016,82489.70246575342,153580,79356.0
2024-10-26 20:00:00,92679.3231217016,80992.39616438356,158058,78282.0
2024-10-26 21:00:00,92679.3231217016,78588.0,158589,76652.0
2024-10-26 22:00:00,92679.3231217016,77567.67315068493,158816,74144.0
2024-10-26 23:00:00,92679.3231217016,74803.59260273972,159022,71577.0
2024-10-27 00:00:00,92679.3231217016,71158.0,152064,69389.0
2024-10-27 01:00:00,92679.3231217016,69038.94575342466,152002,67871.0
2024-10-27 02:00:00,92679.3231217016,69113.91945205479,151986,67081.0
2024-10-27 03:00:00,92679.3231217016,68197.42767123287,152187,66858.0
2024-10-27 04:00:00,92679.3231217016,68531.22630136987,152518,67352.0
2024-10-27 05:00:00,92679.3231217016,69848.28136986302,152631,68721.0
2024-10-27 06:00:00,92679.3231217016,73441.60684931507,153190,71192.0
2024-10-27 07:00:00,92679.3231217016,75919.50410958905,153232,74260.0
2024-10-27 08:00:00,92679.3231217016,77601.0,154742,76452.0
2024-10-27 09:00:00,92679.3231217016,80087.67287671234,156102,76352.0
2024-10-27 10:00:00,92679.3231217016,75963.5704109589,156447,75020.0
2024-10-27 11:00:00,92679.3231217016,76757.02027397261,156478,73541.0
2024-10-27 12:00:00,92679.3231217016,76457.0,156876,72664.0
2024-10-27 13:00:00,92679.3231217016,74764.0,156651,71922.0
2024-10-27 14:00:00,92679.3231217016,75588.99945205479,156676,71501.0
2024-10-27 15:00:00,92679.3231217016,74764.0,156542,72356.0
2024-10-27 16:00:00,92679.3231217016,77971.9608219178,155616,74687.0
2024-10-27 17:00:00,92679.3231217016,82752.0,153333,77608.0
2024-10-27 18:00:00,92679.3231217016,83860.0,152432,80914.0
2024-10-27 19:00:00,93382.98443831716,85928.0,152727,82971.0
2024-10-27 20:00:00,93382.98443831716,85928.0,157943,82475.0
2024-10-27 21:00:00,92679.3231217016,83860.0,159097,80209.0
2024-10-27 22:00:00,92679.3231217016,82697.0,159273,77123.0
2024-10-27 23:00:00,92679.3231217016,75674.3205479452,159839,74204.0
2024-10-28 00:00:00,92679.3231217016,73679.97863013699,153472,72243.0
2024-10-28 01:00:00,92679.3231217016,73063.15780821918,153672,71209.0
2024-10-28 02:00:00,92679.3231217016,72517.91150684931,153263,70901.0
2024-10-28 03:00:00,92679.3231217016,73428.0,153262,71554.0
2024-10-28 04:00:00,92679.3231217016,75837.42684931507,153384,73590.0
2024-10-28 05:00:00,92679.3231217016,80729.49041095891,153916,78411.0
2024-10-28 06:00:00,94134.83343307118,87983.26410958904,155854,86038.0
2024-10-28 07:00:00,97996.57811032502,95135.0,155596,91598.0
2024-10-28 08:00:00,97554.6989626052,95135.0,158163,92317.0
2024-10-28 09:00:00,94327.92907885987,89018.91863013699,159273,89581.0
2024-10-28 10:00:00,94134.83343307118,88381.88438356164,158240,86345.0
2024-10-28 11:00:00,93382.98443831716,85172.0,157380,83907.0
2024-10-28 12:00:00,93382.98443831716,84217.60602739725,158128,82437.0
2024-10-28 13:00:00,93200.12394718891,83365.53260273972,158617,81913.0
2024-10-28 14:00:00,93041.2930177194,83376.8701369863,159070,81366.0
2024-10-28 15:00:00,93041.2930177194,83376.8701369863,158722,81659.0
2024-10-28 16:00:00,93382.98443831716,84479.72876712329,157914,82958.0
2024-10-28 17:00:00,94134.83343307118,87199.0,157050,85339.0
2024-10-28 18:00:00,94327.92907885987,88873.40410958904,157151,87928.0
2024-10-28 19:00:00,94327.92907885987,89263.0,157712,88746.0
2024-10-28 20:00:00,94327.92907885987,89195.0,157736,87009.0
2024-10-28 21:00:00,94134.83343307118,87296.29698630137,158431,83854.0
2024-10-28 22:00:00,92679.3231217016,81836.0,158568,79701.0
2024-10-28 23:00:00,92679.3231217016,77301.12575342465,158484,75703.0
2024-10-29 00:00:00,92679.3231217016,74179.0,156475,72787.0
2024-10-29 01:00:00,92679.3231217016,71586.48465753425,155905,70931.0
2024-10-29 02:00:00,92679.3231217016,71742.0,156050,70072.0
2024-10-29 03:00:00,92679.3231217016,71336.1293150685,156422,70087.0
2024-10-29 04:00:00,92679.3231217016,73941.24356164383,156886,71774.0
2024-10-29 05:00:00,92679.3231217016,77033.0,157226,76097.0
2024-10-29 06:00:00,93382.98443831716,84534.0,157803,83094.0
2024-10-29 07:00:00,94327.92907885987,89195.0,158015,88295.0
2024-10-29 08:00:00,94327.92907885987,89195.0,159472,88409.0
2024-10-29 09:00:00,94134.83343307118,88384.0,161290,86514.0
2024-10-29 10:00:00,94134.83343307118,88298.18849315068,160766,84892.0
2024-10-29 11:00:00,93514.7072505474,89381.8,160558,83810.0
2024-10-29 12:00:00,93804.97658595216,86541.0,160361,83610.0
2024-10-29 13:00:00,94134.83343307118,88018.0,160016,83623.0
2024-10-29 14:00:00,94134.83343307118,89063.06794520548,159839,84180.0
2024-10-29 15:00:00,94134.83343307118,88209.28410958905,159683,84995.0
2024-10-29 16:00:00,94327.92907885987,89195.0,159303,86683.0
2024-10-29 17:00:00,94298.9047292391,92117.8701369863,157338,88550.0
2024-10-29 18:00:00,94491.12740286293,91893.0,156772,90058.0
2024-10-29 19:00:00,97554.6989626052,94207.241369863,157222,90689.0
2024-10-29 20:00:00,94491.12740286293,91952.4810958904,156037,88482.0
2024-10-29 21:00:00,94134.83343307118,88370.84520547945,156055,85067.0
2024-10-29 22:00:00,92797.55325314232,83820.67123287672,156213,80427.0
2024-10-29 23:00:00,92679.3231217016,79006.74109589041,156860,76001.0
2024-10-30 00:00:00,92679.3231217016,74478.6095890411,155849,72453.0
2024-10-30 01:00:00,92679.3231217016,72005.08575342466,155371,70339.0
2024-10-30 02:00:00,92679.3231217016,70276.88438356164,155384,68897.0
2024-10-30 03:00:00,92679.3231217016,70190.85589041097,155537,68277.0
2024-10-30 04:00:00,92679.3231217016,70350.31479452054,155741,69460.0
2024-10-30 05:00:00,92679.3231217016,75067.0,156262,73207.0
2024-10-30 06:00:00,92679.3231217016,80950.56246575342,156884,79857.0
2024-10-30 07:00:00,93804.97658595216,86541.0,157099,84772.0
2024-10-30 08:00:00,94134.83343307118,88384.0,159013,85442.0
2024-10-30 09:00:00,94134.83343307118,88384.0,159079,84460.0
2024-10-30 10:00:00,94134.83343307118,88384.0,159061,84220.0
2024-10-30 11:00:00,94134.83343307118,88366.12575342465,159959,84356.0
2024-10-30 12:00:00,94327.92907885987,89164.6490410959,159635,85037.0
2024-10-30 13:00:00,94298.9047292391,92124.0,159576,86312.0
2024-10-30 14:00:00,94491.12740286293,95741.34273972602,159209,87362.0
2024-10-30 15:00:00,98485.3522952513,93155.91150684933,158638,88888.0
2024-10-30 16:00:00,99487.46394458582,95724.0,158532,90296.0
2024-10-30 17:00:00,101990.41957035977,97712.69643835616,156760,91255.0
2024-10-30 18:00:00,103992.5426815722,98751.43698630136,156195,91940.0
2024-10-30 19:00:00,103835.88987989083,97978.0,156677,92002.0
2024-10-30 20:00:00,99204.96244670232,95632.73013698633,155669,89933.0
2024-10-30 21:00:00,94327.92907885987,90764.2501369863,155581,86314.0
2024-10-30 22:00:00,93382.98443831716,84053.78876712329,156518,81491.0
2024-10-30 23:00:00,92679.3231217016,80004.64739726027,156737,76650.0
2024-10-31 00:00:00,92679.3231217016,74671.7109589041,155356,72797.0
2024-10-31 01:00:00,92679.3231217016,72019.0,154863,69847.0
2024-10-31 02:00:00,92679.3231217016,69943.0,154628,68163.0
2024-10-31 03:00:00,92679.3231217016,68216.20630136986,153354,67506.0
2024-10-31 04:00:00,92679.3231217016,70423.0,152531,68271.0
2024-10-31 05:00:00,92679.3231217016,73663.59178082192,152690,71831.0
2024-10-31 06:00:00,92679.3231217016,82079.47726027398,154194,77997.0
2024-10-31 07:00:00,93382.98443831716,84705.22630136987,155224,83116.0
2024-10-31 08:00:00,94134.83343307118,88384.0,157057,84273.0
2024-10-31 09:00:00,94134.83343307118,89469.0,158511,84303.0
2024-10-31 10:00:00,94327.92907885987,89195.0,159428,85097.0
2024-10-31 11:00:00,94298.9047292391,91852.48712328768,159492,85881.0
2024-10-31 12:00:00,94626.54430756312,95759.0,159117,87247.0
2024-10-31 13:00:00,99204.96244670232,94458.0,159482,88490.0
2024-10-31 14:00:00,100714.27921452606,96687.0,158906,89503.0
2024-10-31 15:00:00,103992.5426815722,97978.0,158758,90357.0
2024-10-31 16:00:00,105028.41848675102,99866.0,158399,91490.0
2024-10-31 17:00:00,105028.41848675102,100845.0,156816,90906.0
2024-10-31 18:00:00,105028.41848675102,101256.0,156078,89853.0
2024-10-31 19:00:00,105028.41848675102,100845.0,155936,88777.0
2024-10-31 20:00:00,100714.27921452606,96687.0,155838,87969.0
2024-10-31 21:00:00,94298.9047292391,93507.0,156546,85623.0
2024-10-31 22:00:00,93382.98443831716,84576.0,156485,81208.0
2024-10-31 23:00:00,92679.3231217016,80000.44328767124,156543,76619.0
2024-11-01 00:00:00,92679.3231217016,77736.16356164384,154273,72759.0
2024-11-01 01:00:00,92679.3231217016,72651.0,153208,70071.0
2024-11-01 02:00:00,92679.3231217016,71617.0,153122,68303.0
2024-11-01 03:00:00,92679.3231217016,70563.0,152243,67448.0
2024-11-01 04:00:00,92679.3231217016,71196.5104109589,152257,67987.0
2024-11-01 05:00:00,92679.3231217016,75308.0,152364,70884.0
2024-11-01 06:00:00,92679.3231217016,81573.0,152960,76680.0
2024-11-01 07:00:00,93382.98443831716,85483.34767123288,152488,81561.0
2024-11-01 08:00:00,94134.83343307118,90138.75616438357,153400,83634.0
2024-11-01 09:00:00,94327.92907885987,89883.28,154284,84360.0
2024-11-01 10:00:00,94327.92907885987,89904.0,154514,84866.0
2024-11-01 11:00:00,94327.92907885987,89904.0,154563,84630.0
2024-11-01 12:00:00,94327.92907885987,90841.40136986302,154470,84125.0
2024-11-01 13:00:00,94298.9047292391,90859.00438356164,153760,84650.0
2024-11-01 14:00:00,94298.9047292391,91489.0,154340,85021.0
2024-11-01 15:00:00,94298.9047292391,90864.8901369863,153869,85439.0
2024-11-01 16:00:00,94491.12740286293,92178.0,152677,86336.0
2024-11-01 17:00:00,94491.12740286293,94352.64273972604,151648,86625.0
2024-11-01 18:00:00,94491.12740286293,91660.3706849315,151045,86862.0
2024-11-01 19:00:00,94298.9047292391,89896.0,151519,86227.0
2024-11-01 20:00:00,94134.83343307118,90109.1104109589,154766,83934.0
2024-11-01 21:00:00,93382.98443831716,85164.72739726027,155530,80996.0
2024-11-01 22:00:00,92679.3231217016,83784.87369863014,156116,77242.0
2024-11-01 23:00:00,92679.3231217016,78599.0,156221,73271.0
2024-11-02 00:00:00,92679.3231217016,73827.4997260274,150192,70150.0
2024-11-02 01:00:00,92679.3231217016,71374.54684931507,149140,67838.0
2024-11-02 02:00:00,92679.3231217016,68367.0,149383,66752.0
2024-11-02 03:00:00,92679.3231217016,68623.0,149457,66115.0
2024-11-02 04:00:00,92679.3231217016,68623.0,149630,66376.0
2024-11-02 05:00:00,92679.3231217016,70720.25342465754,150152,67736.0
2024-11-02 06:00:00,92679.3231217016,73630.0,151206,70462.0
2024-11-02 07:00:00,92679.3231217016,75928.04356164383,152106,73850.0
2024-11-02 08:00:00,92679.3231217016,79181.0,154573,76477.0
2024-11-02 09:00:00,92679.3231217016,80267.0,156873,76766.0
2024-11-02 10:00:00,92679.3231217016,78625.8994520548,156498,75694.0
2024-11-02 11:00:00,92679.3231217016,79397.83041095891,155864,74453.0
2024-11-02 12:00:00,92679.3231217016,77552.21287671234,155556,73110.0
2024-11-02 13:00:00,92679.3231217016,75803.88164383562,155681,72196.0
2024-11-02 14:00:00,92679.3231217016,74873.83232876712,155524,72275.0
2024-11-02 15:00:00,92679.3231217016,75667.16,154995,72844.0
2024-11-02 16:00:00,92679.3231217016,76852.0,153769,74602.0
2024-11-02 17:00:00,92679.3231217016,78637.88794520548,152131,76636.0
2024-11-02 18:00:00,92679.3231217016,83790.0,152184,78866.0
2024-11-02 19:00:00,92679.3231217016,83601.0,153418,79733.0
2024-11-02 20:00:00,92679.3231217016,83601.0,156811,78757.0
2024-11-02 21:00:00,92679.3231217016,80218.20520547946,156721,77165.0
2024-11-02 22:00:00,92679.3231217016,77254.02794520548,156893,74836.0
2024-11-02 23:00:00,92679.3231217016,73412.31479452054,156903,72324.0
2024-11-03 00:00:00,92679.3231217016,73588.44684931506,155488,69925.0
2024-11-03 01:00:00,92679.3231217016,73588.44684931506,154749,68263.0
2024-11-03 01:00:00,92679.3231217016,71359.31561643835,155444,67655.0
2024-11-03 02:00:00,92679.3231217016,69800.26273972602,154948,67400.0
2024-11-03 03:00:00,92679.3231217016,69401.39616438356,155132,67661.0
2024-11-03 04:00:00,92679.3231217016,70167.0,153609,68449.0
2024-11-03 05:00:00,92679.3231217016,72776.00301369863,154222,70312.0
2024-11-03 06:00:00,92679.3231217016,74583.0,155743,73296.0
2024-11-03 07:00:00,92679.3231217016,77269.0,157118,75709.0
2024-11-03 08:00:00,92679.3231217016,79431.02931506849,159902,76136.0
2024-11-03 09:00:00,92679.3231217016,79280.98657534247,159985,74955.0
2024-11-03 10:00:00,92679.3231217016,76369.10712328767,159730,73783.0
2024-11-03 11:00:00,92679.3231217016,75216.71808219179,158319,72881.0
2024-11-03 12:00:00,92679.3231217016,74661.07863013698,157905,72740.0
2024-11-03 13:00:00,92679.3231217016,75265.57917808219,157398,73005.0
2024-11-03 14:00:00,92679.3231217016,76260.44630136987,158282,73935.0
2024-11-03 15:00:00,92679.3231217016,77970.23315068494,157038,75670.0
2024-11-03 16:00:00,92679.3231217016,79299.32191780822,155188,78704.0
2024-11-03 17:00:00,92679.3231217016,83110.0,156292,82642.0
2024-11-03 18:00:00,92797.55325314232,85213.0,156586,83748.0
2024-11-03 19:00:00,93382.98443831716,85991.0,156775,82953.0
2024-11-03 20:00:00,93200.12394718891,85991.0,156838,81127.0
2024-11-03 21:00:00,92679.3231217016,83601.0,157789,78396.0
2024-11-03 22:00:00,92679.3231217016,77891.0,157837,75429.0
2024-11-03 23:00:00,92679.3231217016,73799.45397260274,158198,72495.0
2024-11-04 00:00:00,92679.3231217016,74547.0,156023,70519.0
2024-11-04 01:00:00,92679.3231217016,70892.0,155477,69459.0
2024-11-04 02:00:00,92679.3231217016,70550.0,155424,68828.0
2024-11-04 03:00:00,92679.3231217016,70725.0,155704,69278.0
2024-11-04 04:00:00,92679.3231217016,73259.49123287671,156346,71393.0
2024-11-04 05:00:00,92679.3231217016,77973.0,156499,75953.0
2024-11-04 06:00:00,93382.98443831716,85964.58191780822,156618,82724.0
2024-11-04 07:00:00,94327.92907885987,89899.90438356165,158377,86388.0
2024-11-04 08:00:00,94327.92907885987,89695.87589041096,159255,86304.0
2024-11-04 09:00:00,94327.92907885987,89133.19205479452,159714,85259.0
2024-11-04 10:00:00,94134.83343307118,89394.16438356164,159626,84293.0
2024-11-04 11:00:00,94134.83343307118,87374.34904109589,159784,83867.0
2024-11-04 12:00:00,94134.83343307118,87351.0,158846,83858.0
2024-11-04 13:00:00,94134.83343307118,87408.3997260274,157243,84347.0
2024-11-04 14:00:00,94134.83343307118,88957.68547945206,157274,84723.0
2024-11-04 15:00:00,94327.92907885987,93502.0,156176,85461.0
2024-11-04 16:00:00,94327.92907885987,90964.0,155576,86753.0
2024-11-04 17:00:00,94491.12740286293,93588.598630137,156332,90199.0
2024-11-04 18:00:00,97554.6989626052,93215.54821917808,155789,90450.0
2024-11-04 19:00:00,97996.57811032502,94840.04821917808,157311,88622.0
2024-11-04 20:00:00,94298.9047292391,90901.0,156964,86134.0
2024-11-04 21:00:00,94134.83343307118,87361.14438356165,157514,82569.0
2024-11-04 22:00:00,92679.3231217016,82582.51616438356,157289,78249.0
2024-11-04 23:00:00,92679.3231217016,78567.42849315068,157307,74442.0
2024-11-05 00:00:00,92679.3231217016,75308.0,156183,71450.0
2024-11-05 01:00:00,92679.3231217016,71660.0893150685,156099,69562.0
2024-11-05 02:00:00,92679.3231217016,70539.23205479453,156568,68462.0
2024-11-05 03:00:00,92679.3231217016,69404.0,156158,68178.0
2024-11-05 04:00:00,92679.3231217016,70892.0,156666,69571.0
2024-11-05 05:00:00,92679.3231217016,74883.0,157507,73361.0
2024-11-05 06:00:00,92679.3231217016,81911.0,158703,79047.0
2024-11-05 07:00:00,94134.83343307118,86030.0,159343,82302.0
2024-11-05 08:00:00,94134.83343307118,87861.7602739726,160366,83382.0
2024-11-05 09:00:00,94134.83343307118,86617.0,161260,83288.0
2024-11-05 10:00:00,94134.83343307118,87335.26849315068,161136,83399.0
2024-11-05 11:00:00,94134.83343307118,87686.90438356165,161839,84375.0
2024-11-05 12:00:00,94327.92907885987,89895.56465753425,161569,85252.0
2024-11-05 13:00:00,94298.9047292391,91671.0,161580,86745.0
2024-11-05 14:00:00,94491.12740286293,93143.82821917807,160687,87992.0
2024-11-05 15:00:00,94673.18508432285,95575.0,159531,88919.0
2024-11-05 16:00:00,98811.21062208444,94193.38191780822,156626,89819.0
2024-11-05 17:00:00,99487.46394458582,97787.2405479452,157022,92218.0
2024-11-05 18:00:00,100390.24094382828,96912.04794520549,156137,92543.0
2024-11-05 19:00:00,99487.46394458582,96303.97287671232,155538,90475.0
2024-11-05 20:00:00,94673.18508432285,93905.02301369864,154992,87851.0
2024-11-05 21:00:00,94134.83343307118,87660.59479452056,155320,84111.0
2024-11-05 22:00:00,92797.55325314232,86515.74821917809,155313,79852.0
2024-11-05 23:00:00,92679.3231217016,79006.74109589041,155351,75411.0
2024-11-06 00:00:00,92679.3231217016,74635.77589041097,152528,72186.0
2024-11-06 01:00:00,92679.3231217016,72418.22356164384,151595,69700.0
2024-11-06 02:00:00,92679.3231217016,69938.0,150860,68183.0
2024-11-06 03:00:00,92679.3231217016,70055.82739726028,150281,67574.0
2024-11-06 04:00:00,92679.3231217016,70807.69452054794,150041,68235.0
2024-11-06 05:00:00,92679.3231217016,75308.0,150441,71884.0
2024-11-06 06:00:00,92679.3231217016,81523.25589041096,151450,77803.0
2024-11-06 07:00:00,93382.98443831716,84564.0,152567,81619.0
2024-11-06 08:00:00,94134.83343307118,88404.27205479452,153659,82776.0
2024-11-06 09:00:00,94134.83343307118,87691.0,153153,83799.0
2024-11-06 10:00:00,94327.92907885987,89904.0,153164,85106.0
2024-11-06 11:00:00,94327.92907885987,91635.36,152872,86377.0
2024-11-06 12:00:00,94491.12740286293,95075.69616438355,152665,87918.0
2024-11-06 13:00:00,97996.57811032502,93443.10438356164,152367,89587.0
2024-11-06 14:00:00,99204.96244670232,94312.53698630138,152263,90620.0
2024-11-06 15:00:00,99693.10790253672,96628.62547945206,151720,91372.0
2024-11-06 16:00:00,101743.9800329198,97876.95369863014,151017,91935.0
2024-11-06 17:00:00,103992.5426815722,98426.07013698632,151591,94154.0
2024-11-06 18:00:00,103835.88987989083,99782.0,151867,94100.0
2024-11-06 19:00:00,100953.1346132427,97872.40904109587,156720,92061.0
2024-11-06 20:00:00,98485.3522952513,92586.0,156986,89339.0
2024-11-06 21:00:00,94327.92907885987,90851.14,156884,85613.0
2024-11-06 22:00:00,93382.98443831716,83238.45479452056,157120,80995.0
2024-11-06 23:00:00,92679.3231217016,79992.0,157084,76123.0
2024-11-07 00:00:00,92679.3231217016,75289.82739726028,149293,72741.0
2024-11-07 01:00:00,92679.3231217016,72507.10136986301,148577,70252.0
2024-11-07 02:00:00,92679.3231217016,70533.4005479452,149094,68521.0
2024-11-07 03:00:00,92679.3231217016,69404.0,149157,67824.0
2024-11-07 04:00:00,92679.3231217016,71361.62109589041,149685,68536.0
2024-11-07 05:00:00,92679.3231217016,75308.0,150419,72171.0
2024-11-07 06:00:00,92679.3231217016,81548.1008219178,152109,78436.0
2024-11-07 07:00:00,93382.98443831716,84564.0,152502,82455.0
2024-11-07 08:00:00,94134.83343307118,86768.0,153322,83975.0
2024-11-07 09:00:00,94134.83343307118,89424.0,153322,84613.0
2024-11-07 10:00:00,94327.92907885987,89099.14136986302,153187,85071.0
2024-11-07 11:00:00,94327.92907885987,92189.88328767124,153304,85831.0
2024-11-07 12:00:00,94327.92907885987,91671.0,153346,86781.0
2024-11-07 13:00:00,94298.9047292391,91900.61479452054,152530,87893.0
2024-11-07 14:00:00,94491.12740286293,92164.84520547945,152632,88138.0
2024-11-07 15:00:00,94491.12740286293,92816.25232876712,151886,88451.0
2024-11-07 16:00:00,95450.316597224,93025.06438356164,150616,88748.0
2024-11-07 17:00:00,98177.71798127398,95747.16465753425,151141,90693.0
2024-11-07 18:00:00,98485.3522952513,93314.0,151605,90854.0
2024-11-07 19:00:00,97996.57811032502,94829.0090410959,156313,88974.0
2024-11-07 20:00:00,94298.9047292391,94580.84027397262,156067,86474.0
2024-11-07 21:00:00,94134.83343307118,87177.19506849315,156523,83090.0
2024-11-07 22:00:00,92679.3231217016,83584.56328767123,156708,78647.0
2024-11-07 23:00:00,92679.3231217016,77502.0,156745,74623.0
2024-11-08 00:00:00,92679.3231217016,74547.0,151078,71356.0
2024-11-08 01:00:00,92679.3231217016,71363.84520547945,151346,69345.0
2024-11-08 02:00:00,92679.3231217016,69810.0,151425,68146.0
2024-11-08 03:00:00,92679.3231217016,69394.83232876712,151726,67752.0
2024-11-08 04:00:00,92679.3231217016,70810.0,152052,68784.0
2024-11-08 05:00:00,92679.3231217016,74816.09643835617,152906,72538.0
2024-11-08 06:00:00,92679.3231217016,81566.70739726028,154371,78763.0
2024-11-08 07:00:00,93382.98443831716,85007.61534246575,155472,82337.0
2024-11-08 08:00:00,93514.7072505474,87646.42849315068,156991,82582.0
2024-11-08 09:00:00,93514.7072505474,86331.0,156057,81968.0
2024-11-08 10:00:00,93382.98443831716,86481.0,156214,81636.0
2024-11-08 11:00:00,93382.98443831716,84821.34191780823,156830,81630.0
2024-11-08 12:00:00,93382.98443831716,83825.19561643836,157313,81688.0
2024-11-08 13:00:00,93382.98443831716,83779.37698630137,157976,82328.0
2024-11-08 14:00:00,93382.98443831716,83780.35342465753,157791,82621.0
2024-11-08 15:00:00,93382.98443831716,84336.0,156850,83346.0
2024-11-08 16:00:00,93382.98443831716,84506.24493150685,155236,84436.0
2024-11-08 17:00:00,94134.83343307118,89952.0,155111,86440.0
2024-11-08 18:00:00,94134.83343307118,88751.05369863014,155190,85997.0
2024-11-08 19:00:00,94134.83343307118,88751.05369863014,159223,84172.0
2024-11-08 20:00:00,93382.98443831716,84051.97150684931,159545,82228.0
2024-11-08 21:00:00,92679.3231217016,83567.28575342466,160905,79716.0
2024-11-08 22:00:00,92679.3231217016,78598.0,160840,76379.0
2024-11-08 23:00:00,92679.3231217016,76397.0,161193,72978.0
2024-11-09 00:00:00,92679.3231217016,72434.59178082192,156193,70390.0
2024-11-09 01:00:00,92679.3231217016,69937.53890410959,156305,68412.0
2024-11-09 02:00:00,92679.3231217016,69402.53534246575,156325,67111.0
2024-11-09 03:00:00,92679.3231217016,68533.15917808219,156880,66934.0
2024-11-09 04:00:00,92679.3231217016,70152.29917808219,157012,67444.0
2024-11-09 05:00:00,92679.3231217016,71377.0,157358,69126.0
2024-11-09 06:00:00,92679.3231217016,74425.0,158201,72051.0
2024-11-09 07:00:00,92679.3231217016,78389.85369863013,160676,74447.0
2024-11-09 08:00:00,92679.3231217016,80237.54410958904,163500,75539.0
2024-11-09 09:00:00,92679.3231217016,80267.0,163248,75387.0
2024-11-09 10:00:00,92679.3231217016,79181.0,162231,74893.0
2024-11-09 11:00:00,92679.3231217016,79385.79479452055,160969,74264.0
2024-11-09 12:00:00,92679.3231217016,79252.51479452055,160224,73737.0
2024-11-09 13:00:00,92679.3231217016,77629.50821917808,159826,73336.0
2024-11-09 14:00:00,92679.3231217016,77629.50821917808,159251,73902.0
2024-11-09 15:00:00,92679.3231217016,77963.72383561645,157759,75402.0
2024-11-09 16:00:00,92679.3231217016,78630.6189041096,158000,77916.0
2024-11-09 17:00:00,92679.3231217016,82995.0,158662,81638.0
2024-11-09 18:00:00,92797.55325314232,85213.0,159332,82404.0
2024-11-09 19:00:00,93041.2930177194,84731.0,158999,81549.0
2024-11-09 20:00:00,92797.55325314232,85213.0,158793,80488.0
2024-11-09 21:00:00,92679.3231217016,82946.85616438357,158925,78790.0
2024-11-09 22:00:00,92679.3231217016,77891.0,158859,76297.0
2024-11-09 23:00:00,92679.3231217016,77970.23315068494,158867,73769.0
2024-11-10 00:00:00,92679.3231217016,74547.0,156814,71482.0
2024-11-10 01:00:00,92679.3231217016,71670.1306849315,156070,70010.0
2024-11-10 02:00:00,92679.3231217016,69810.0,155613,68979.0
2024-11-10 03:00:00,92679.3231217016,70143.0,154909,68499.0
2024-11-10 04:00:00,92679.3231217016,70167.0,154855,68768.0
2024-11-10 05:00:00,92679.3231217016,71365.93369863014,155399,70039.0
2024-11-10 06:00:00,92679.3231217016,74011.67095890411,155880,72021.0
2024-11-10 07:00:00,92679.3231217016,75821.10493150685,157674,74136.0
2024-11-10 08:00:00,92679.3231217016,79300.0,158409,75994.0
2024-11-10 09:00:00,92679.3231217016,79300.0,159165,77055.0
2024-11-10 10:00:00,92679.3231217016,78441.41616438357,159719,77395.0
2024-11-10 11:00:00,92679.3231217016,78277.0,160250,77888.0
2024-11-10 12:00:00,92679.3231217016,78277.0,160251,78302.0
2024-11-10 13:00:00,92679.3231217016,79275.0,160432,78353.0
2024-11-10 14:00:00,92679.3231217016,79276.83671232878,160326,78573.0
2024-11-10 15:00:00,92679.3231217016,79431.63315068494,160075,79493.0
2024-11-10 16:00:00,92679.3231217016,82956.4306849315,160525,81624.0
2024-11-10 17:00:00,92679.3231217016,83039.81232876712,160311,84649.0
2024-11-10 18:00:00,93200.12394718891,85991.0,160877,84773.0
2024-11-10 19:00:00,93382.98443831716,85428.44684931506,159553,83456.0
2024-11-10 20:00:00,92797.55325314232,83209.80164383561,159211,81445.0
2024-11-10 21:00:00,92679.3231217016,82965.40849315068,159503,78577.0
2024-11-10 22:00:00,92679.3231217016,77496.14136986302,159635,75151.0
2024-11-10 23:00:00,92679.3231217016,74236.48191780823,160451,71851.0
2024-11-11 00:00:00,92679.3231217016,69753.0,156559,69218.0
2024-11-11 01:00:00,92679.3231217016,68503.0,156390,67717.0
2024-11-11 02:00:00,92679.3231217016,67382.74164383562,156065,66777.0
2024-11-11 03:00:00,92679.3231217016,67213.0,155973,66643.0
2024-11-11 04:00:00,92679.3231217016,70144.8402739726,155962,67993.0
2024-11-11 05:00:00,92679.3231217016,74555.75589041096,156589,71725.0
2024-11-11 06:00:00,92679.3231217016,80985.0,158107,77750.0
2024-11-11 07:00:00,93514.7072505474,86331.0,159306,81756.0
2024-11-11 08:00:00,94134.83343307118,86709.10575342466,160500,82971.0
2024-11-11 09:00:00,94134.83343307118,87471.23726027398,160808,82747.0
2024-11-11 10:00:00,94134.83343307118,88706.86986301371,162210,82304.0
2024-11-11 11:00:00,94134.83343307118,88706.86986301371,163233,82329.0
2024-11-11 12:00:00,94134.83343307118,88706.86986301371,164445,82583.0
2024-11-11 13:00:00,94134.83343307118,87670.55178082192,165304,83236.0
2024-11-11 14:00:00,94134.83343307118,88774.0,165032,83771.0
2024-11-11 15:00:00,94134.83343307118,88774.0,163863,84687.0
2024-11-11 16:00:00,94134.83343307118,88993.0,161591,86416.0
2024-11-11 17:00:00,94327.92907885987,89751.63671232876,161077,89397.0
2024-11-11 18:00:00,94298.9047292391,92951.23671232875,161488,89709.0
2024-11-11 19:00:00,94298.9047292391,92951.23671232875,160176,88173.0
2024-11-11 20:00:00,94327.92907885987,89139.18630136986,160103,85908.0
2024-11-11 21:00:00,93382.98443831716,84678.6989041096,160265,82786.0
2024-11-11 22:00:00,92679.3231217016,82995.0,161300,78349.0
2024-11-11 23:00:00,92679.3231217016,77973.0,161708,74342.0
2024-11-12 00:00:00,92679.3231217016,74425.0,158061,71256.0
2024-11-12 01:00:00,92679.3231217016,73441.09150684932,157971,69569.0
2024-11-12 02:00:00,92679.3231217016,71673.0,157651,68571.0
2024-11-12 03:00:00,92679.3231217016,71673.0,157259,68534.0
2024-11-12 04:00:00,92679.3231217016,74547.0,157269,70152.0
2024-11-12 05:00:00,92679.3231217016,79272.25287671233,157552,74580.0
2024-11-12 06:00:00,93382.98443831716,84671.0,158725,81557.0
2024-11-12 07:00:00,94327.92907885987,90354.0,160163,85536.0
2024-11-12 08:00:00,94298.9047292391,91529.25698630136,162437,85429.0
2024-11-12 09:00:00,94327.92907885987,93836.40356164383,162157,84303.0
2024-11-12 10:00:00,94134.83343307118,89197.30410958904,162099,83578.0
2024-11-12 11:00:00,94134.83343307118,86506.26767123288,161908,82384.0
2024-11-12 12:00:00,94134.83343307118,87442.12438356165,162432,81647.0
2024-11-12 13:00:00,94134.83343307118,87767.64602739726,162672,81386.0
2024-11-12 14:00:00,94134.83343307118,87444.89095890411,161417,81665.0
2024-11-12 15:00:00,94134.83343307118,87176.81315068493,160490,82667.0
2024-11-12 16:00:00,94327.92907885987,87900.08575342466,158802,85684.0
2024-11-12 17:00:00,94491.12740286293,93929.0,158360,90392.0
2024-11-12 18:00:00,98811.21062208444,95206.80821917808,159115,92307.0
2024-11-12 19:00:00,99204.96244670232,96949.79753424658,159731,91737.0
2024-11-12 20:00:00,97751.71869406504,93529.0,159898,90491.0
2024-11-12 21:00:00,94327.92907885987,91520.95726027398,160074,87859.0
2024-11-12 22:00:00,93514.7072505474,87617.97616438357,160205,84122.0
2024-11-12 23:00:00,92679.3231217016,82410.0,160312,80444.0
2024-11-13 00:00:00,92679.3231217016,83545.40328767123,160349,78170.0
2024-11-13 01:00:00,92679.3231217016,79550.0,160194,76973.0
2024-11-13 02:00:00,92679.3231217016,79550.0,160610,76456.0
2024-11-13 03:00:00,92679.3231217016,80526.98438356165,160506,76891.0
2024-11-13 04:00:00,92679.3231217016,83546.0,159925,78812.0
2024-11-13 05:00:00,94134.83343307118,87428.99671232876,161256,83972.0
2024-11-13 06:00:00,99487.46394458582,96064.99041095893,161982,91480.0
2024-11-13 07:00:00,105371.2778700864,102618.7498630137,163895,95176.0
2024-11-13 08:00:00,105028.41848675102,97294.89589041096,166288,93700.0
2024-11-13 09:00:00,99487.46394458582,96121.0,165549,90184.0
2024-11-13 10:00:00,94491.12740286293,93747.97726027395,164717,87665.0
2024-11-13 11:00:00,94327.92907885987,91073.64821917808,163900,85739.0
2024-11-13 12:00:00,94134.83343307118,87982.78876712329,163502,84614.0
2024-11-13 13:00:00,94134.83343307118,86458.8301369863,162454,84341.0
2024-11-13 14:00:00,94134.83343307118,87651.4191780822,161220,84668.0
2024-11-13 15:00:00,94134.83343307118,86445.75671232877,160402,85960.0
2024-11-13 16:00:00,94327.92907885987,91052.81753424658,160351,89164.0
2024-11-13 17:00:00,98485.3522952513,95764.11671232876,161917,93856.0
2024-11-13 18:00:00,100390.24094382828,96647.31342465754,162813,95096.0
2024-11-13 19:00:00,100953.1346132427,97627.72739726029,161190,94354.0
2024-11-13 20:00:00,100058.33210454736,94958.66383561643,161427,92964.0
2024-11-13 21:00:00,96149.30832351594,93890.24082191782,161596,90381.0
2024-11-13 22:00:00,94327.92907885987,89869.23150684932,161668,86145.0
2024-11-13 23:00:00,93382.98443831716,86037.30520547945,161636,81925.0
2024-11-14 00:00:00,92679.3231217016,81518.0,158283,79166.0
2024-11-14 01:00:00,92679.3231217016,79550.0,158206,77523.0
2024-11-14 02:00:00,92679.3231217016,79159.0,157682,76619.0
2024-11-14 03:00:00,92679.3231217016,79159.0,157704,76599.0
2024-11-14 04:00:00,92679.3231217016,80983.80657534246,157879,78231.0
2024-11-14 05:00:00,93382.98443831716,86553.0,158318,82521.0
2024-11-14 06:00:00,94673.18508432285,93929.0,159682,89226.0
2024-11-14 07:00:00,103992.5426815722,98397.54547945206,160624,92992.0
2024-11-14 08:00:00,104159.37558364496,97496.0,161411,93518.0
2024-11-14 09:00:00,100390.24094382828,97968.0,161447,93300.0
2024-11-14 10:00:00,99204.96244670232,97893.6397260274,160150,93185.0
2024-11-14 11:00:00,97751.71869406504,96141.0,160147,92474.0
2024-11-14 12:00:00,94626.54430756312,93887.19205479452,159753,91927.0
2024-11-14 13:00:00,94491.12740286293,93008.94465753424,159787,91705.0
2024-11-14 14:00:00,94491.12740286293,91952.4810958904,159932,91583.0
2024-11-14 15:00:00,94491.12740286293,92171.92438356164,160723,91887.0
2024-11-14 16:00:00,96149.30832351594,93188.50767123287,161491,93488.0
2024-11-14 17:00:00,99487.46394458582,97737.4605479452,161466,96079.0
2024-11-14 18:00:00,101743.9800329198,99794.01205479453,160888,95746.0
2024-11-14 19:00:00,100953.1346132427,97636.0,161254,94098.0
2024-11-14 20:00:00,99204.96244670232,97787.2405479452,161319,91816.0
2024-11-14 21:00:00,94491.12740286293,93609.44849315067,161484,88306.0
2024-11-14 22:00:00,94134.83343307118,87511.0,161455,83976.0
2024-11-14 23:00:00,92797.55325314232,84746.0,161477,80003.0
2024-11-15 00:00:00,92679.3231217016,79177.06712328768,154895,76666.0
2024-11-15 01:00:00,92679.3231217016,77962.9101369863,154822,74584.0
2024-11-15 02:00:00,92679.3231217016,76314.61534246575,155202,73345.0
2024-11-15 03:00:00,92679.3231217016,76314.61534246575,155036,73136.0
2024-11-15 04:00:00,92679.3231217016,78423.46054794521,155110,74356.0
2024-11-15 05:00:00,92679.3231217016,82235.98301369863,155873,78132.0
2024-11-15 06:00:00,94134.83343307118,88001.0,157202,84638.0
2024-11-15 07:00:00,97554.6989626052,92936.53260273972,157803,88488.0
2024-11-15 08:00:00,98177.71798127398,96141.0,158468,89332.0
2024-11-15 09:00:00,94491.12740286293,93217.82246575344,158348,88573.0
2024-11-15 10:00:00,94327.92907885987,92927.39315068492,158555,87521.0
2024-11-15 11:00:00,94327.92907885987,88804.27068493151,158815,86686.0
2024-11-15 12:00:00,94134.83343307118,88682.6495890411,158904,85956.0
2024-11-15 13:00:00,94134.83343307118,87100.33835616439,159204,85464.0
2024-11-15 14:00:00,94134.83343307118,87921.21917808219,158703,85413.0
2024-11-15 15:00:00,94134.83343307118,89897.10246575343,158773,85983.0
2024-11-15 16:00:00,94134.83343307118,88118.0,158321,87680.0
2024-11-15 17:00:00,94327.92907885987,91533.0,158748,90679.0
2024-11-15 18:00:00,94298.9047292391,90235.41616438355,159201,90332.0
2024-11-15 19:00:00,94298.9047292391,90724.77315068494,162356,88636.0
2024-11-15 20:00:00,94327.92907885987,93860.89589041096,162271,86777.0
2024-11-15 21:00:00,94134.83343307118,89377.18356164383,162539,84297.0
2024-11-15 22:00:00,93200.12394718891,84063.0,162671,80965.0
2024-11-15 23:00:00,92679.3231217016,81250.59534246575,163182,77448.0
2024-11-16 00:00:00,92679.3231217016,76706.3405479452,156427,74739.0
2024-11-16 01:00:00,92679.3231217016,74583.0,156656,72885.0
2024-11-16 02:00:00,92679.3231217016,74547.0,156585,71417.0
2024-11-16 03:00:00,92679.3231217016,72488.0,156475,70803.0
2024-11-16 04:00:00,92679.3231217016,74532.51616438356,156879,70932.0
2024-11-16 05:00:00,92679.3231217016,76394.01643835616,157531,72445.0
2024-11-16 06:00:00,92679.3231217016,79300.0,158559,74888.0
2024-11-16 07:00:00,92679.3231217016,82887.7095890411,160822,77086.0
2024-11-16 08:00:00,92679.3231217016,82335.21643835616,163233,78378.0
2024-11-16 09:00:00,92679.3231217016,85040.94136986302,163709,78741.0
2024-11-16 10:00:00,92679.3231217016,81293.0,164109,78708.0
2024-11-16 11:00:00,92679.3231217016,81258.0,164244,78068.0
2024-11-16 12:00:00,92679.3231217016,82663.82219178083,164986,77366.0
2024-11-16 13:00:00,92679.3231217016,79092.0,164724,76743.0
2024-11-16 14:00:00,92679.3231217016,79286.02082191782,164191,76672.0
2024-11-16 15:00:00,92679.3231217016,81311.8695890411,162370,77952.0
2024-11-16 16:00:00,92679.3231217016,82995.0,161340,80246.0
2024-11-16 17:00:00,93200.12394718891,84745.59315068493,162118,83910.0
2024-11-16 18:00:00,93382.98443831716,87275.0,163241,84481.0
2024-11-16 19:00:00,93382.98443831716,87275.0,163094,83721.0
2024-11-16 20:00:00,93382.98443831716,84862.0,163050,82578.0
2024-11-16 21:00:00,92797.55325314232,84222.23506849316,163722,81013.0
2024-11-16 22:00:00,92679.3231217016,83074.02136986303,163670,78484.0
2024-11-16 23:00:00,92679.3231217016,77973.0,163635,76089.0
2024-11-17 00:00:00,92679.3231217016,76397.0,161318,74063.0
2024-11-17 01:00:00,92679.3231217016,74011.67095890411,160872,72807.0
2024-11-17 02:00:00,92679.3231217016,73461.0,161099,72016.0
2024-11-17 03:00:00,92679.3231217016,73588.44684931506,161372,72133.0
2024-11-17 04:00:00,92679.3231217016,74547.0,161216,72756.0
2024-11-17 05:00:00,92679.3231217016,76397.0,161712,74451.0
2024-11-17 06:00:00,92679.3231217016,79300.0,162979,77117.0
2024-11-17 07:00:00,92679.3231217016,80254.14356164384,164601,79327.0
2024-11-17 08:00:00,92679.3231217016,82118.99589041097,166059,79327.0
2024-11-17 09:00:00,92679.3231217016,80267.0,165254,78157.0
2024-11-17 10:00:00,92679.3231217016,79436.0,163744,76176.0
2024-11-17 11:00:00,92679.3231217016,77502.0,163373,75513.0
2024-11-17 12:00:00,92679.3231217016,76696.95589041096,162606,75337.0
2024-11-17 13:00:00,92679.3231217016,77621.54547945206,161827,75135.0
2024-11-17 14:00:00,92679.3231217016,79512.81780821919,161177,75900.0
2024-11-17 15:00:00,92679.3231217016,81100.0,159696,77104.0
2024-11-17 16:00:00,92679.3231217016,81341.0,158522,80334.0
2024-11-17 17:00:00,93041.2930177194,84746.0,158573,85158.0
2024-11-17 18:00:00,93514.7072505474,87660.5597260274,159236,86147.0
2024-11-17 19:00:00,93804.97658595216,87905.0,162869,85349.0
2024-11-17 20:00:00,93382.98443831716,87275.0,162670,84115.0
2024-11-17 21:00:00,92797.55325314232,85154.25095890411,162828,81578.0
2024-11-17 22:00:00,92679.3231217016,82697.0,163548,78496.0
2024-11-17 23:00:00,92679.3231217016,77953.90520547946,163541,75243.0
2024-11-18 00:00:00,92679.3231217016,74425.0,158230,72976.0
2024-11-18 01:00:00,92679.3231217016,72706.47041095891,158176,71759.0
2024-11-18 02:00:00,92679.3231217016,72386.92082191781,157992,71263.0
2024-11-18 03:00:00,92679.3231217016,72485.4504109589,157616,71396.0
2024-11-18 04:00:00,92679.3231217016,74556.0,158050,73104.0
2024-11-18 05:00:00,92679.3231217016,79966.58547945206,158841,77476.0
2024-11-18 06:00:00,93514.7072505474,86315.94082191781,159761,84330.0
2024-11-18 07:00:00,94298.9047292391,94702.0,160001,88406.0
2024-11-18 08:00:00,94298.9047292391,94702.0,162162,87918.0
2024-11-18 09:00:00,94327.92907885987,93974.0,161025,86152.0
2024-11-18 10:00:00,94134.83343307118,87429.14712328768,161335,84961.0
2024-11-18 11:00:00,94134.83343307118,86432.2405479452,163598,84187.0
2024-11-18 12:00:00,94134.83343307118,86199.0,163155,84005.0
2024-11-18 13:00:00,94134.83343307118,86199.0,162158,84213.0
2024-11-18 14:00:00,94134.83343307118,86172.0,161431,84436.0
2024-11-18 15:00:00,94134.83343307118,86207.02356164383,160796,84932.0
2024-11-18 16:00:00,94327.92907885987,93502.0,161378,86965.0
2024-11-18 17:00:00,94491.12740286293,94817.0,162222,90606.0
2024-11-18 18:00:00,94673.18508432285,95763.84547945208,163623,90596.0
2024-11-18 19:00:00,94491.12740286293,93236.92794520548,163956,89157.0
2024-11-18 20:00:00,94327.92907885987,94702.0,164212,87116.0
2024-11-18 21:00:00,94134.83343307118,86352.18136986301,165244,83910.0
2024-11-18 22:00:00,92679.3231217016,82591.92794520548,165098,79820.0
2024-11-18 23:00:00,92679.3231217016,78348.85452054795,166185,75495.0
2024-11-19 00:00:00,92679.3231217016,76260.44630136987,161918,72613.0
2024-11-19 01:00:00,92679.3231217016,74802.0,161908,70867.0
2024-11-19 02:00:00,92679.3231217016,71742.0,161607,70132.0
2024-11-19 03:00:00,92679.3231217016,71742.0,161450,69994.0
2024-11-19 04:00:00,92679.3231217016,73316.0,161744,71405.0
2024-11-19 05:00:00,92679.3231217016,77751.39479452054,162573,75668.0
2024-11-19 06:00:00,93382.98443831716,87226.22356164384,164168,82508.0
2024-11-19 07:00:00,94327.92907885987,93974.0,165220,86527.0
2024-11-19 08:00:00,94327.92907885987,93880.3975342466,166355,86515.0
2024-11-19 09:00:00,94134.83343307118,89847.36219178082,166076,85844.0
2024-11-19 10:00:00,94134.83343307118,88682.6495890411,166084,85305.0
2024-11-19 11:00:00,94134.83343307118,86227.62109589041,165472,84783.0
2024-11-19 12:00:00,94134.83343307118,87626.73698630137,164834,84879.0
2024-11-19 13:00:00,94134.83343307118,86458.31479452054,163932,84874.0
2024-11-19 14:00:00,94134.83343307118,86198.26767123288,163515,84651.0
2024-11-19 15:00:00,94134.83343307118,88393.47698630138,162840,85105.0
2024-11-19 16:00:00,94327.92907885987,93392.09643835618,161780,87212.0
2024-11-19 17:00:00,94626.54430756312,94791.96520547946,160606,90696.0
2024-11-19 18:00:00,97751.71869406504,95815.0,160621,90976.0
2024-11-19 19:00:00,94626.54430756312,93055.0,163443,89580.0
2024-11-19 20:00:00,94298.9047292391,93441.41589041096,163198,87330.0
2024-11-19 21:00:00,94134.83343307118,87173.07013698631,163478,83977.0
2024-11-19 22:00:00,92679.3231217016,82776.98219178083,163372,79643.0
2024-11-19 23:00:00,92679.3231217016,76876.25205479452,164586,75375.0
2024-11-20 00:00:00,92679.3231217016,74827.0,158774,72336.0
2024-11-20 01:00:00,92679.3231217016,71657.86520547945,158660,70224.0
2024-11-20 02:00:00,92679.3231217016,70529.71178082192,159176,69166.0
2024-11-20 03:00:00,92679.3231217016,70166.83726027397,159307,68731.0
2024-11-20 04:00:00,92679.3231217016,71673.0,160105,70181.0
2024-11-20 05:00:00,92679.3231217016,75961.34630136986,161199,74367.0
2024-11-20 06:00:00,92679.3231217016,82771.9101369863,160677,81085.0
2024-11-20 07:00:00,94134.83343307118,87469.0,161516,85047.0
2024-11-20 08:00:00,94134.83343307118,87209.19205479452,161941,85887.0
2024-11-20 09:00:00,94134.83343307118,87213.3690410959,162416,85652.0
2024-11-20 10:00:00,94134.83343307118,90538.0,162682,85081.0
2024-11-20 11:00:00,94134.83343307118,86235.18849315068,163743,84769.0
2024-11-20 12:00:00,94134.83343307118,86193.60246575343,164456,84881.0
2024-11-20 13:00:00,94134.83343307118,86432.45753424657,164718,85319.0
2024-11-20 14:00:00,94134.83343307118,86413.0,165428,85302.0
2024-11-20 15:00:00,94134.83343307118,88419.0,165823,85846.0
2024-11-20 16:00:00,94327.92907885987,90460.33561643836,165907,88151.0
2024-11-20 17:00:00,94491.12740286293,93055.0,166049,91722.0
2024-11-20 18:00:00,97996.57811032502,96064.32246575344,165494,92499.0
2024-11-20 19:00:00,95450.316597224,92310.0,164318,91420.0
2024-11-20 20:00:00,94298.9047292391,93422.67369863014,164146,89871.0
2024-11-20 21:00:00,94134.83343307118,87745.24493150685,164284,86899.0
2024-11-20 22:00:00,92797.55325314232,82814.55534246576,163974,82873.0
2024-11-20 23:00:00,92679.3231217016,79316.96219178083,164008,79360.0
2024-11-21 00:00:00,92679.3231217016,77440.138630137,164370,76817.0
2024-11-21 01:00:00,92679.3231217016,76866.86520547945,163929,75329.0
2024-11-21 02:00:00,92679.3231217016,75928.04794520549,164104,74892.0
2024-11-21 03:00:00,92679.3231217016,75940.76876712329,164044,75340.0
2024-11-21 04:00:00,92679.3231217016,77139.0,164305,77353.0
2024-11-21 05:00:00,92679.3231217016,83656.31123287672,164979,82163.0
2024-11-21 06:00:00,94327.92907885987,89438.0,165988,89688.0
2024-11-21 07:00:00,99204.96244670232,98024.5704109589,167583,94474.0
2024-11-21 08:00:00,99487.46394458582,97507.0,169515,94705.0
2024-11-21 09:00:00,99204.96244670232,96984.0,169605,94012.0
2024-11-21 10:00:00,98811.21062208444,96984.0,169553,93759.0
2024-11-21 11:00:00,97554.6989626052,96976.81232876712,169912,93723.0
2024-11-21 12:00:00,95450.316597224,95742.93342465756,169289,94308.0
2024-11-21 13:00:00,95450.316597224,95723.0791780822,169107,94878.0
2024-11-21 14:00:00,95450.316597224,95732.81643835617,168613,95186.0
2024-11-21 15:00:00,98485.3522952513,96719.0,168343,95795.0
2024-11-21 16:00:00,100390.24094382828,97963.11780821918,167925,98466.0
2024-11-21 17:00:00,105028.41848675102,100628.64602739726,168325,101969.0
2024-11-21 18:00:00,106400.45426680386,102218.99643835616,168208,102113.0
2024-11-21 19:00:00,106067.40916376552,101116.67397260274,167039,101105.0
2024-11-21 20:00:00,105028.41848675102,102674.0,166725,99688.0
2024-11-21 21:00:00,101743.9800329198,99825.0682191781,166651,96688.0
2024-11-21 22:00:00,94626.54430756312,93038.8887671233,166515,92471.0
2024-11-21 23:00:00,94134.83343307118,89546.58246575342,166038,88228.0
2024-11-22 00:00:00,94134.83343307118,88671.0,164522,85471.0
2024-11-22 01:00:00,93382.98443831716,87203.65698630137,164621,83837.0
2024-11-22 02:00:00,93382.98443831716,85649.0,164486,82887.0
2024-11-22 03:00:00,93382.98443831716,85649.0,164498,83112.0
2024-11-22 04:00:00,94134.83343307118,87200.95506849315,164421,84623.0
2024-11-22 05:00:00,94298.9047292391,90723.59753424658,165182,88715.0
2024-11-22 06:00:00,105028.41848675102,98864.64273972604,166584,95568.0
2024-11-22 07:00:00,110449.89108776508,104244.47616438357,167721,99580.0
2024-11-22 08:00:00,110449.89108776508,102770.101369863,169220,99798.0
2024-11-22 09:00:00,108933.06733769029,102155.0,170122,99698.0
2024-11-22 10:00:00,105371.2778700864,99419.0,170315,99912.0
2024-11-22 11:00:00,105028.41848675102,97729.07780821918,169764,99717.0
2024-11-22 12:00:00,104159.37558364496,97432.13150684931,169380,99322.0
2024-11-22 13:00:00,101990.41957035977,97621.2991780822,168210,99212.0
2024-11-22 14:00:00,100953.1346132427,97653.51178082192,167982,98776.0
2024-11-22 15:00:00,101743.9800329198,99882.0,167878,99145.0
2024-11-22 16:00:00,105028.41848675102,98611.0,168120,100960.0
2024-11-22 17:00:00,108933.06733769029,102825.09863013698,167952,103148.0
2024-11-22 18:00:00,108933.06733769029,102832.88301369864,168314,101966.0
2024-11-22 19:00:00,106067.40916376552,101888.61671232876,165758,99709.0
2024-11-22 20:00:00,105028.41848675102,97416.5704109589,165345,97133.0
2024-11-22 21:00:00,101743.9800329198,99882.0,165916,93847.0
2024-11-22 22:00:00,94673.18508432285,95749.578630137,165780,89832.0
2024-11-22 23:00:00,94134.83343307118,89550.0,165544,85788.0
2024-11-23 00:00:00,93382.98443831716,85432.0,159340,82342.0
2024-11-23 01:00:00,92679.3231217016,83307.5589041096,159471,80310.0
2024-11-23 02:00:00,92679.3231217016,81514.7994520548,159163,78813.0
2024-11-23 03:00:00,92679.3231217016,80799.17205479452,159073,78235.0
2024-11-23 04:00:00,92679.3231217016,80829.29479452055,159475,78659.0
2024-11-23 05:00:00,92679.3231217016,84226.92739726028,159536,80331.0
2024-11-23 06:00:00,93382.98443831716,85759.0,160631,82970.0
2024-11-23 07:00:00,94134.83343307118,89633.5484931507,162283,85457.0
2024-11-23 08:00:00,94327.92907885987,90518.41616438355,163639,86147.0
2024-11-23 09:00:00,94327.92907885987,90643.0,164001,85964.0
2024-11-23 10:00:00,94327.92907885987,90461.66465753425,163065,85432.0
2024-11-23 11:00:00,94134.83343307118,88310.81232876712,163160,85233.0
2024-11-23 12:00:00,94134.83343307118,87089.0,162636,84475.0
2024-11-23 13:00:00,93514.7072505474,87268.49041095891,161869,83768.0
2024-11-23 14:00:00,93514.7072505474,87275.0,161819,83923.0
2024-11-23 15:00:00,93514.7072505474,87905.0,160679,84766.0
2024-11-23 16:00:00,94134.83343307118,90137.99671232876,161134,87354.0
2024-11-23 17:00:00,94491.12740286293,94382.69534246575,161775,90750.0
2024-11-23 18:00:00,97045.51186894887,93699.26794520549,161723,90425.0
2024-11-23 19:00:00,94626.54430756312,93181.28136986302,164562,89443.0
2024-11-23 20:00:00,94491.12740286293,91951.96575342464,164728,87972.0
2024-11-23 21:00:00,94327.92907885987,90461.66465753425,165061,86135.0
2024-11-23 22:00:00,93804.97658595216,87647.16082191782,165015,83249.0
2024-11-23 23:00:00,92797.55325314232,85149.80273972603,164833,80090.0
2024-11-24 00:00:00,92679.3231217016,82052.90547945206,158538,77633.0
2024-11-24 01:00:00,92679.3231217016,81051.17808219178,158936,76038.0
2024-11-24 02:00:00,92679.3231217016,80157.0,159198,75035.0
2024-11-24 03:00:00,92679.3231217016,76717.0,159275,74675.0
2024-11-24 04:00:00,92679.3231217016,80087.67287671234,159883,75070.0
2024-11-24 05:00:00,92679.3231217016,81222.05397260275,160830,76655.0
2024-11-24 06:00:00,92679.3231217016,81900.3405479452,161980,78832.0
2024-11-24 07:00:00,93041.2930177194,85393.56630136986,163864,81249.0
2024-11-24 08:00:00,93382.98443831716,85432.0,165439,82507.0
2024-11-24 09:00:00,93200.12394718891,85398.34,165737,82225.0
2024-11-24 10:00:00,92797.55325314232,85205.32410958904,165010,81447.0
2024-11-24 11:00:00,92679.3231217016,85126.0,164965,80496.0
2024-11-24 12:00:00,92679.3231217016,81990.0,165183,79624.0
2024-11-24 13:00:00,92679.3231217016,81987.66739726027,165712,79037.0
2024-11-24 14:00:00,92679.3231217016,82967.74109589041,165723,79328.0
2024-11-24 15:00:00,92679.3231217016,83835.61616438357,163953,80687.0
2024-11-24 16:00:00,93382.98443831716,87275.0,162838,83977.0
2024-11-24 17:00:00,94327.92907885987,90643.0,163734,89008.0
2024-11-24 18:00:00,94491.12740286293,92474.0,164535,90194.0
2024-11-24 19:00:00,94491.12740286293,92471.85726027396,164326,90007.0
2024-11-24 20:00:00,94298.9047292391,92798.76575342468,165050,88872.0
2024-11-24 21:00:00,94327.92907885987,90600.63671232876,164992,86713.0
2024-11-24 22:00:00,93382.98443831716,87275.0,165288,83613.0
2024-11-24 23:00:00,92679.3231217016,82894.77534246576,165308,80677.0
2024-11-25 00:00:00,92679.3231217016,78580.0,162187,78629.0
2024-11-25 01:00:00,92679.3231217016,78580.0,162247,77517.0
2024-11-25 02:00:00,92679.3231217016,77378.91369863013,161763,77138.0
2024-11-25 03:00:00,92679.3231217016,78039.14493150685,161211,77651.0
2024-11-25 04:00:00,92679.3231217016,80694.0,160835,79733.0
2024-11-25 05:00:00,93382.98443831716,85731.8495890411,161466,84606.0
2024-11-25 06:00:00,98811.21062208444,94622.34493150686,163357,91893.0
2024-11-25 07:00:00,105028.41848675102,98899.38767123288,164400,96133.0
2024-11-25 08:00:00,104316.4683735078,98721.68273972603,167340,94998.0
2024-11-25 09:00:00,99204.96244670232,96957.0,166548,92023.0
2024-11-25 10:00:00,97554.6989626052,93609.53342465754,166710,89796.0
2024-11-25 11:00:00,94491.12740286293,94817.0,166799,88111.0
2024-11-25 12:00:00,94298.9047292391,92124.0,166900,87171.0
2024-11-25 13:00:00,94327.92907885987,90633.88657534246,167573,87097.0
2024-11-25 14:00:00,94327.92907885987,88879.0706849315,167769,87332.0
2024-11-25 15:00:00,94298.9047292391,94594.6189041096,167410,88173.0
2024-11-25 16:00:00,95450.316597224,93154.55534246576,167541,90740.0
2024-11-25 17:00:00,103992.5426815722,98749.51123287671,167048,94357.0
2024-11-25 18:00:00,105028.41848675102,98639.0,167791,94011.0
2024-11-25 19:00:00,103992.5426815722,98749.51123287671,166705,92842.0
2024-11-25 20:00:00,99487.46394458582,96929.0,167988,90814.0
2024-11-25 21:00:00,94491.12740286293,94817.0,167893,87518.0
2024-11-25 22:00:00,94134.83343307118,87266.64739726027,167678,83053.0
2024-11-25 23:00:00,92679.3231217016,81938.15205479453,167614,78728.0
2024-11-26 00:00:00,92679.3231217016,78579.10493150685,165541,75609.0
2024-11-26 01:00:00,92679.3231217016,77362.37479452055,164757,73897.0
2024-11-26 02:00:00,92679.3231217016,76872.01863013698,164574,72838.0
2024-11-26 03:00:00,92679.3231217016,75613.93506849316,164908,72708.0
2024-11-26 04:00:00,92679.3231217016,78528.50191780821,164421,74112.0
2024-11-26 05:00:00,92679.3231217016,83820.67123287672,164019,78338.0
2024-11-26 06:00:00,94327.92907885987,90598.95178082192,165313,84832.0
2024-11-26 07:00:00,99204.96244670232,97780.37835616438,165213,89414.0
2024-11-26 08:00:00,99204.96244670232,96957.0,165681,90768.0
2024-11-26 09:00:00,98811.21062208444,95121.76383561644,165240,90386.0
2024-11-26 10:00:00,97751.71869406504,95135.0,166702,89317.0
2024-11-26 11:00:00,94626.54430756312,95669.11342465754,166893,87705.0
2024-11-26 12:00:00,94491.12740286293,95729.64575342466,166383,86058.0
2024-11-26 13:00:00,94491.12740286293,95761.05452054794,166154,85310.0
2024-11-26 14:00:00,94491.12740286293,94359.31506849316,166495,85072.0
2024-11-26 15:00:00,94626.54430756312,95689.618630137,165314,86064.0
2024-11-26 16:00:00,99204.96244670232,96957.0,164239,88887.0
2024-11-26 17:00:00,105028.41848675102,101185.0183561644,163894,93717.0
2024-11-26 18:00:00,106067.40916376552,101916.0,164206,94687.0
2024-11-26 19:00:00,105028.41848675102,101898.09863013698,167116,93973.0
2024-11-26 20:00:00,105028.41848675102,99866.0,166996,92956.0
2024-11-26 21:00:00,99487.46394458582,97507.0,167082,90853.0
2024-11-26 22:00:00,94298.9047292391,93453.458630137,167039,87703.0
2024-11-26 23:00:00,94134.83343307118,89401.1389041096,166947,84067.0
2024-11-27 00:00:00,93200.12394718891,84291.14219178082,162210,81377.0
2024-11-27 01:00:00,92679.3231217016,82559.0,161651,79641.0
2024-11-27 02:00:00,92679.3231217016,83524.0,161732,79035.0
2024-11-27 03:00:00,92679.3231217016,82539.3898630137,161653,79280.0
2024-11-27 04:00:00,93382.98443831716,83827.14136986302,162026,80833.0
2024-11-27 05:00:00,94327.92907885987,89187.35123287671,162430,84924.0
2024-11-27 06:00:00,103992.5426815722,96865.18712328767,164629,90963.0
2024-11-27 07:00:00,108933.06733769029,102306.58328767124,165070,95116.0
2024-11-27 08:00:00,107429.69986550685,107041.69232876714,165502,95441.0
2024-11-27 09:00:00,105028.41848675102,99866.0,165235,93556.0
2024-11-27 10:00:00,100678.90904360544,97940.5783561644,164772,91953.0
2024-11-27 11:00:00,99204.96244670232,95135.0,163096,90733.0
2024-11-27 12:00:00,97554.6989626052,95135.0,161988,90128.0
2024-11-27 13:00:00,94673.18508432285,95759.0,161731,89934.0
2024-11-27 14:00:00,94626.54430756312,95722.1394520548,161305,89496.0
2024-11-27 15:00:00,97554.6989626052,95115.06438356164,161611,89773.0
2024-11-27 16:00:00,100390.24094382828,96896.31643835617,162173,92169.0
2024-11-27 17:00:00,106067.40916376552,101140.0,163268,95348.0
2024-11-27 18:00:00,108933.06733769029,102168.35342465751,163754,94899.0
2024-11-27 19:00:00,106067.40916376552,101643.0,167930,93375.0
2024-11-27 20:00:00,105028.41848675102,101898.09863013698,167759,91563.0
2024-11-27 21:00:00,100714.27921452606,97507.0,167963,88878.0
2024-11-27 22:00:00,94491.12740286293,91892.6202739726,167941,85076.0
2024-11-27 23:00:00,94134.83343307118,89461.0,168157,80831.0
2024-11-28 00:00:00,93041.2930177194,83310.0,164303,77519.0
2024-11-28 01:00:00,92679.3231217016,81514.7994520548,165144,75136.0
2024-11-28 02:00:00,92679.3231217016,81409.0,165067,73696.0
2024-11-28 03:00:00,92679.3231217016,82605.40465753425,165068,72957.0
2024-11-28 04:00:00,92679.3231217016,80690.0,164934,73262.0
2024-11-28 05:00:00,92797.55325314232,83860.0,164489,74860.0
2024-11-28 06:00:00,93514.7072505474,85746.11643835617,166696,77319.0
2024-11-28 07:00:00,94134.83343307118,87917.0,167168,80147.0
2024-11-28 08:00:00,94298.9047292391,90939.2791780822,167250,83492.0
2024-11-28 09:00:00,94491.12740286293,95761.05452054794,167386,87128.0
2024-11-28 10:00:00,94491.12740286293,95761.05452054794,167958,89694.0
2024-11-28 11:00:00,94491.12740286293,95780.25780821918,168378,90472.0
2024-11-28 12:00:00,94327.92907885987,90603.72547945206,169140,89231.0
2024-11-28 13:00:00,94134.83343307118,88384.0,169443,86852.0
2024-11-28 14:00:00,93514.7072505474,89461.0,169843,84720.0
2024-11-28 15:00:00,93514.7072505474,87035.0,169945,83581.0
2024-11-28 16:00:00,94134.83343307118,87928.0,168883,83885.0
2024-11-28 17:00:00,94298.9047292391,94669.58767123288,168729,85062.0
2024-11-28 18:00:00,94298.9047292391,93464.87753424658,169124,84360.0
2024-11-28 19:00:00,94298.9047292391,93507.0,168837,84031.0
2024-11-28 20:00:00,94298.9047292391,93507.0,168731,83996.0
2024-11-28 21:00:00,94327.92907885987,90610.64191780824,168789,83439.0
2024-11-28 22:00:00,94134.83343307118,87304.0,168481,81908.0
2024-11-28 23:00:00,93200.12394718891,83513.09863013698,168665,79798.0
2024-11-29 00:00:00,93041.2930177194,83668.01863013698,168984,78088.0
2024-11-29 01:00:00,92679.3231217016,81407.6802739726,168869,76883.0
2024-11-29 02:00:00,92679.3231217016,81410.9893150685,169038,76361.0
2024-11-29 03:00:00,92679.3231217016,81424.0,169138,76871.0
2024-11-29 04:00:00,92797.55325314232,85176.30219178082,169059,78386.0
2024-11-29 05:00:00,93514.7072505474,87233.88109589042,169612,81747.0
2024-11-29 06:00:00,94327.92907885987,90004.43342465753,171819,85841.0
2024-11-29 07:00:00,95450.316597224,95799.0,172758,89057.0
2024-11-29 08:00:00,98811.21062208444,95121.76383561644,174977,89836.0
2024-11-29 09:00:00,99204.96244670232,95135.0,174766,89973.0
2024-11-29 10:00:00,98648.58090725508,95135.0,174806,90050.0
2024-11-29 11:00:00,96149.30832351594,95799.0,174302,90364.0
2024-11-29 12:00:00,94491.12740286293,95799.0,173817,91151.0
2024-11-29 13:00:00,94298.9047292391,90952.0,173721,91436.0
2024-11-29 14:00:00,94298.9047292391,93437.7,173109,91684.0
2024-11-29 15:00:00,94491.12740286293,95761.05452054794,172890,92561.0
2024-11-29 16:00:00,99204.96244670232,97507.0,171676,95416.0
2024-11-29 17:00:00,106067.40916376552,101890.0,171402,99543.0
2024-11-29 18:00:00,108933.06733769029,103109.18,171101,99975.0
2024-11-29 19:00:00,106067.40916376552,101679.0,169352,99542.0
2024-11-29 20:00:00,105028.41848675102,101252.85369863012,169065,98822.0
2024-11-29 21:00:00,103992.5426815722,97440.59397260274,169199,97052.0
2024-11-29 22:00:00,98811.21062208444,95135.0,168798,94547.0
2024-11-29 23:00:00,94327.92907885987,93456.00821917808,168978,91964.0
2024-11-30 00:00:00,94491.12740286293,95799.0,167185,89809.0
2024-11-30 01:00:00,94298.9047292391,93507.0,166981,88332.0
2024-11-30 02:00:00,94327.92907885987,90020.75753424657,167092,87617.0
2024-11-30 03:00:00,94298.9047292391,93507.0,165542,87956.0
2024-11-30 04:00:00,94491.12740286293,95799.0,166373,89039.0
2024-11-30 05:00:00,99204.96244670232,94420.16794520548,166796,91374.0
2024-11-30 06:00:00,105028.41848675102,99866.0,167049,94285.0
2024-11-30 07:00:00,108933.06733769029,101643.0,168755,97152.0
2024-11-30 08:00:00,108933.06733769029,102470.0,171534,97490.0
2024-11-30 09:00:00,106067.40916376552,101820.0408219178,173165,96134.0
2024-11-30 10:00:00,105028.41848675102,100818.44630136988,172680,94640.0
2024-11-30 11:00:00,103992.5426815722,97978.0,172961,93287.0
2024-11-30 12:00:00,100058.33210454736,95724.0,173340,91577.0
2024-11-30 13:00:00,99043.97248374922,95135.0,173510,90587.0
2024-11-30 14:00:00,98648.58090725508,95135.0,172986,90832.0
2024-11-30 15:00:00,99204.96244670232,98865.13589041097,171480,92595.0
2024-11-30 16:00:00,105028.41848675102,99866.0,169067,97187.0
2024-11-30 17:00:00,110669.61907692369,104171.7994520548,169370,102391.0
2024-11-30 18:00:00,115182.93192576164,105274.0,169713,103588.0
2024-11-30 19:00:00,115182.93192576164,105274.0,168785,103430.0
2024-11-30 20:00:00,112936.71227701013,106155.11095890412,168791,102876.0
2024-11-30 21:00:00,110449.89108776508,102904.38904109588,168828,101459.0
2024-11-30 22:00:00,106067.40916376552,101140.0,168501,98863.0
2024-11-30 23:00:00,103992.5426815722,97963.84164383562,168791,95820.0
2024-12-01 00:00:00,103835.88987989083,99782.0,167990,93471.0
2024-12-01 01:00:00,100390.24094382828,96302.91506849317,168072,91687.0
2024-12-01 02:00:00,99204.96244670232,96301.74876712328,168105,90731.0
2024-12-01 03:00:00,99204.96244670232,96301.74876712328,167454,90349.0
2024-12-01 04:00:00,99693.10790253672,96304.0,167677,90717.0
2024-12-01 05:00:00,103992.5426815722,99737.8704109589,168126,92159.0
2024-12-01 06:00:00,106067.40916376552,108440.62328767126,168910,94517.0
2024-12-01 07:00:00,109652.05424873118,103660.5589041096,169935,96874.0
2024-12-01 08:00:00,109652.05424873118,103553.52547945206,171630,98145.0
2024-12-01 09:00:00,106067.40916376552,101960.0,173339,97074.0
2024-12-01 10:00:00,105028.41848675102,99277.30630136988,172341,95077.0
2024-12-01 11:00:00,101990.41957035977,98152.04356164383,171550,93492.0
2024-12-01 12:00:00,100390.24094382828,98832.50657534249,171707,92707.0
2024-12-01 13:00:00,99204.96244670232,98903.0,171689,92216.0
2024-12-01 14:00:00,99204.96244670232,97919.0,170754,92678.0
2024-12-01 15:00:00,100678.90904360544,98854.04246575345,170042,94444.0
2024-12-01 16:00:00,105028.41848675102,108786.0,168907,98697.0
2024-12-01 17:00:00,113553.53844535294,111010.0,168571,104031.0
2024-12-01 18:00:00,115502.26970954592,111829.0,168436,105319.0
2024-12-01 19:00:00,115502.26970954592,110934.0,169468,105292.0
2024-12-01 20:00:00,115502.26970954592,111829.0,169113,104444.0
2024-12-01 21:00:00,115182.93192576164,109658.75671232876,169286,102071.0
2024-12-01 22:00:00,109652.05424873118,109029.0,169391,98500.0
2024-12-01 23:00:00,105028.41848675102,99942.31835616438,169479,95034.0
2024-12-02 00:00:00,106067.40916376552,101960.0,164742,92964.0
2024-12-02 01:00:00,105028.41848675102,100947.99150684931,164361,91944.0
2024-12-02 02:00:00,105028.41848675102,100574.02794520548,164151,91835.0
2024-12-02 03:00:00,106067.40916376552,101960.0,163837,92595.0
2024-12-02 04:00:00,110449.89108776508,105096.218630137,163748,95052.0
2024-12-02 05:00:00,115502.26970954592,113049.0,163492,100222.0
2024-12-02 06:00:00,132540.56409793024,124836.0,165024,107499.0
2024-12-02 07:00:00,142157.09459214125,127644.0,165472,112388.0
2024-12-02 08:00:00,142299.2051614486,127644.0,167670,111506.0
2024-12-02 09:00:00,132540.56409793024,116296.52328767124,168115,108223.0
2024-12-02 10:00:00,118884.55611603551,114568.0,167938,105241.0
2024-12-02 11:00:00,115513.54902658272,110432.3405479452,167797,103186.0
2024-12-02 12:00:00,115502.26970954592,112973.84136986302,168126,101877.0
2024-12-02 13:00:00,115502.26970954592,110278.0,168886,101622.0
2024-12-02 14:00:00,115502.26970954592,110916.20712328768,167842,101943.0
2024-12-02 15:00:00,115502.26970954592,110916.20712328768,167028,103794.0
2024-12-02 16:00:00,115513.54902658272,111015.09424657536,167152,107841.0
2024-12-02 17:00:00,132540.56409793024,120840.0,165909,113258.0
2024-12-02 18:00:00,141260.4271111625,120958.96547945206,166310,114359.0
2024-12-02 19:00:00,137287.911317552,117480.94794520548,167254,113808.0
2024-12-02 20:00:00,132540.56409793024,120840.0,166635,112641.0
2024-12-02 21:00:00,119824.53698810434,114443.0,166986,109890.0
2024-12-02 22:00:00,115411.08118914992,111422.94301369863,167706,105271.0
2024-12-02 23:00:00,115182.93192576164,109674.0,167916,101260.0
2024-12-03 00:00:00,110669.61907692369,105615.91534246576,164245,98418.0
2024-12-03 01:00:00,110279.13570378444,105126.0,164101,96964.0
2024-12-03 02:00:00,110279.13570378444,105126.0,163716,96589.0
2024-12-03 03:00:00,110449.89108776508,105096.218630137,164202,96920.0
2024-12-03 04:00:00,115182.93192576164,105828.22575342466,164191,99053.0
2024-12-03 05:00:00,115513.54902658272,120758.2871232877,165250,103819.0
2024-12-03 06:00:00,142299.2051614486,126487.0,167606,111018.0
2024-12-03 07:00:00,144554.56394859767,133699.0,167144,115027.0
2024-12-03 08:00:00,142157.09459214125,127644.0,169364,113292.0
2024-12-03 09:00:00,132540.56409793024,115910.96219178084,168734,109573.0
2024-12-03 10:00:00,116888.84701197685,114568.0,168712,106359.0
2024-12-03 11:00:00,115411.08118914992,108541.0,168977,103749.0
2024-12-03 12:00:00,115420.76438491268,109585.68246575345,170116,102295.0
2024-12-03 13:00:00,115246.49300634468,109845.0,170350,101708.0
2024-12-03 14:00:00,115246.49300634468,109840.36191780822,170512,101927.0
2024-12-03 15:00:00,115246.49300634468,110993.96739726028,169603,103380.0
2024-12-03 16:00:00,115502.26970954592,110934.0,168347,107993.0
2024-12-03 17:00:00,119824.53698810434,114414.19506849317,168147,113869.0
2024-12-03 18:00:00,137287.911317552,120717.10438356166,169808,115190.0
2024-12-03 19:00:00,137287.911317552,117480.94794520548,167999,115045.0
2024-12-03 20:00:00,133516.29440773558,120738.5589041096,167803,114142.0
2024-12-03 21:00:00,119824.53698810434,114011.03808219178,168313,111493.0
2024-12-03 22:00:00,115513.54902658272,110127.8301369863,168101,107173.0
2024-12-03 23:00:00,115313.87472507662,109551.63178082192,168029,103136.0
2024-12-04 00:00:00,110279.13570378444,104225.8002739726,168773,100818.0
2024-12-04 01:00:00,108933.06733769029,102822.0608219178,169024,99447.0
2024-12-04 02:00:00,108296.72003975153,100396.5610958904,169147,99056.0
2024-12-04 03:00:00,108933.06733769029,104749.75835616438,168710,99758.0
2024-12-04 04:00:00,110449.89108776508,105586.43232876711,169214,102108.0
2024-12-04 05:00:00,115502.26970954592,110605.8594520548,171898,107198.0
2024-12-04 06:00:00,132540.56409793024,124836.0,173528,114621.0
2024-12-04 07:00:00,142157.09459214125,127644.0,174087,118459.0
2024-12-04 08:00:00,137287.911317552,117488.0,176131,116538.0
2024-12-04 09:00:00,119824.53698810434,113704.92438356164,173065,112889.0
2024-12-04 10:00:00,115513.54902658272,110050.0,173632,109429.0
2024-12-04 11:00:00,115502.26970954592,109599.0,173203,106906.0
2024-12-04 12:00:00,115182.93192576164,109845.0,173213,105534.0
2024-12-04 13:00:00,112239.8762330241,105655.0,172373,105317.0
2024-12-04 14:00:00,110449.89108776508,109031.98958904111,171631,105872.0
2024-12-04 15:00:00,110669.61907692369,105655.0,171993,107052.0
2024-12-04 16:00:00,115246.49300634468,111026.0,172246,109335.0
2024-12-04 17:00:00,115513.54902658272,110086.9010958904,172168,112783.0
2024-12-04 18:00:00,115851.04611483528,116704.52356164384,171675,112230.0
2024-12-04 19:00:00,115744.7580999724,110723.0,169119,110952.0
2024-12-04 20:00:00,115513.54902658272,111184.89452054795,169120,108870.0
2024-12-04 21:00:00,115420.76438491268,109826.65315068491,168798,105593.0
2024-12-04 22:00:00,110449.89108776508,104028.0,168378,100515.0
2024-12-04 23:00:00,105028.41848675102,99870.6989041096,168754,95904.0
2024-12-05 00:00:00,99204.96244670232,95615.06356164384,169517,92624.0
2024-12-05 01:00:00,98407.07895218318,94905.71397260274,169862,90876.0
2024-12-05 02:00:00,95450.316597224,92628.4197260274,169883,90230.0
2024-12-05 03:00:00,98407.07895218318,94905.71397260274,169820,90528.0
2024-12-05 04:00:00,99487.46394458582,95429.56465753424,169415,92655.0
2024-12-05 05:00:00,106067.40916376552,101932.82246575344,169490,97376.0
2024-12-05 06:00:00,115502.26970954592,110242.52273972605,171696,104426.0
2024-12-05 07:00:00,116374.84942125872,111885.4810958904,172813,109394.0
2024-12-05 08:00:00,116888.84701197685,114564.6095890411,174481,110478.0
2024-12-05 09:00:00,115513.54902658272,112099.83369863014,174927,109672.0
2024-12-05 10:00:00,115513.54902658272,111184.89452054795,175399,107586.0
2024-12-05 11:00:00,115411.08118914992,110100.79589041095,175249,106336.0
2024-12-05 12:00:00,115502.26970954592,110916.20712328768,174913,105750.0
2024-12-05 13:00:00,115502.26970954592,110916.20712328768,173806,105706.0
2024-12-05 14:00:00,115502.26970954592,110934.0,173647,105847.0
2024-12-05 15:00:00,115411.08118914992,110269.10356164385,172760,107846.0
2024-12-05 16:00:00,116888.84701197685,114407.79397260274,171013,112393.0
2024-12-05 17:00:00,136321.1167234121,120840.0,170445,118263.0
2024-12-05 18:00:00,142299.2051614486,126487.0,170315,119433.0
2024-12-05 19:00:00,142355.40750166253,126487.0,168414,119197.0
2024-12-05 20:00:00,137287.911317552,120840.0,169484,118045.0
2024-12-05 21:00:00,124001.38272211212,118803.0,169519,115218.0
2024-12-05 22:00:00,115513.54902658272,112694.88821917809,169504,110707.0
2024-12-05 23:00:00,115420.76438491268,109592.70739726028,169427,106250.0
2024-12-06 00:00:00,113553.53844535294,108827.0,165578,103188.0
2024-12-06 01:00:00,110669.61907692369,107365.0,164466,101277.0
2024-12-06 02:00:00,110449.89108776508,104167.51342465752,163873,100608.0
2024-12-06 03:00:00,110449.89108776508,109172.0,163768,100802.0
2024-12-06 04:00:00,115182.93192576164,109761.0,164152,102630.0
2024-12-06 05:00:00,115513.54902658272,111727.11232876712,164066,106919.0
2024-12-06 06:00:00,137287.911317552,124836.0,165807,113641.0
2024-12-06 07:00:00,142157.09459214125,127644.0,166522,117825.0
2024-12-06 08:00:00,142299.2051614486,127644.0,170115,116908.0
2024-12-06 09:00:00,133516.29440773558,124727.61534246575,171237,113028.0
2024-12-06 10:00:00,119824.53698810434,114533.0,171020,109603.0
2024-12-06 11:00:00,115513.54902658272,111746.09424657536,171345,107054.0
2024-12-06 12:00:00,115411.08118914992,110020.04712328767,171689,105074.0
2024-12-06 13:00:00,115502.26970954592,110892.20301369864,172504,104348.0
2024-12-06 14:00:00,115502.26970954592,110884.47287671232,172465,103937.0
2024-12-06 15:00:00,115502.26970954592,110934.0,171321,105183.0
2024-12-06 16:00:00,115513.54902658272,112628.31780821916,169188,109630.0
2024-12-06 17:00:00,125844.57273494256,118731.39452054795,168803,114623.0
2024-12-06 18:00:00,133516.29440773558,120840.0,169092,115168.0
2024-12-06 19:00:00,132540.56409793024,123469.68575342468,167177,114349.0
2024-12-06 20:00:00,125607.60616047637,118747.80410958904,166507,113387.0
2024-12-06 21:00:00,118884.55611603551,114567.05068493151,166895,111289.0
2024-12-06 22:00:00,115411.08118914992,110446.0,166665,107847.0
2024-12-06 23:00:00,115246.49300634468,108962.0,166416,104058.0
2024-12-07 00:00:00,112239.8762330241,105856.0,165808,101185.0
2024-12-07 01:00:00,110449.89108776508,104710.0,164807,99299.0
2024-12-07 02:00:00,108933.06733769029,104659.68630136987,164537,98219.0
2024-12-07 03:00:00,108933.06733769029,104659.68630136987,164331,97730.0
2024-12-07 04:00:00,110279.13570378444,104710.0,165420,98213.0
2024-12-07 05:00:00,112936.71227701013,105856.0,166902,100073.0
2024-12-07 06:00:00,115502.26970954592,110278.0,167486,103216.0
2024-12-07 07:00:00,115513.54902658272,114558.10191780822,168811,106109.0
2024-12-07 08:00:00,115513.54902658272,111764.0,171659,106722.0
2024-12-07 09:00:00,115502.26970954592,110278.0,172712,104047.0
2024-12-07 10:00:00,115246.49300634468,106444.0,171010,100378.0
2024-12-07 11:00:00,110449.89108776508,105099.0,171284,97547.0
2024-12-07 12:00:00,108006.473811032,103533.0,171928,95568.0
2024-12-07 13:00:00,105028.41848675102,102084.90547945206,172935,94444.0
2024-12-07 14:00:00,104976.16326014204,99770.90657534248,172691,94228.0
2024-12-07 15:00:00,104432.8351667816,99749.61479452054,171213,95054.0
2024-12-07 16:00:00,105371.2778700864,102674.0,170367,98813.0
2024-12-07 17:00:00,110449.89108776508,104004.46684931508,170482,103331.0
2024-12-07 18:00:00,115246.49300634468,108295.60904109589,171144,103929.0
2024-12-07 19:00:00,115246.49300634468,109845.0,169161,103515.0
2024-12-07 20:00:00,115246.49300634468,110952.658630137,169446,102662.0
2024-12-07 21:00:00,112239.8762330241,107365.0,169474,100656.0
2024-12-07 22:00:00,108933.06733769029,103127.0,169372,97412.0
2024-12-07 23:00:00,105028.41848675102,99882.0,169516,93530.0
2024-12-08 00:00:00,94491.12740286293,93474.22301369865,169262,90184.0
2024-12-08 01:00:00,94327.92907885987,90346.35123287672,169297,87442.0
2024-12-08 02:00:00,94134.83343307118,88059.7602739726,169738,85824.0
2024-12-08 03:00:00,94134.83343307118,89383.23369863014,169879,84980.0
2024-12-08 04:00:00,94134.83343307118,90156.57616438356,169532,84958.0
2024-12-08 05:00:00,94327.92907885987,90346.35123287672,169699,85755.0
2024-12-08 06:00:00,94491.12740286293,93917.85232876713,170656,87635.0
2024-12-08 07:00:00,98648.58090725508,94931.3997260274,171360,89995.0
2024-12-08 08:00:00,99204.96244670232,97893.6397260274,173273,90722.0
2024-12-08 09:00:00,97554.6989626052,92288.0,173601,88946.0
2024-12-08 10:00:00,94298.9047292391,91933.0,172694,85959.0
2024-12-08 11:00:00,94327.92907885987,90636.13424657534,172230,83959.0
2024-12-08 12:00:00,94327.92907885987,90033.58246575342,171283,82813.0
2024-12-08 13:00:00,94134.83343307118,90177.0,171061,81834.0
2024-12-08 14:00:00,94134.83343307118,90177.0,170480,81732.0
2024-12-08 15:00:00,94327.92907885987,90644.0,168840,82987.0
2024-12-08 16:00:00,98407.07895218318,95811.04,167970,86540.0
2024-12-08 17:00:00,105028.41848675102,99342.42684931507,168789,92500.0
2024-12-08 18:00:00,106067.40916376552,101935.23643835617,169929,93839.0
2024-12-08 19:00:00,105028.41848675102,101507.7597260274,168395,93573.0
2024-12-08 20:00:00,105028.41848675102,99254.94383561645,167708,92589.0
2024-12-08 21:00:00,100390.24094382828,96295.73095890413,167711,90169.0
2024-12-08 22:00:00,94491.12740286293,93881.12739726028,168038,86401.0
2024-12-08 23:00:00,94134.83343307118,90177.0,167860,82860.0
2024-12-09 00:00:00,92679.3231217016,84235.7695890411,166875,80370.0
2024-12-09 01:00:00,92679.3231217016,83052.18438356165,166813,78949.0
2024-12-09 02:00:00,92679.3231217016,80736.0,167061,78384.0
2024-12-09 03:00:00,92679.3231217016,81205.73315068493,166864,78513.0
2024-12-09 04:00:00,92797.55325314232,84563.40191780822,167237,80694.0
2024-12-09 05:00:00,94134.83343307118,89036.02575342466,167647,85149.0
2024-12-09 06:00:00,100714.27921452606,96134.0,169903,91930.0
2024-12-09 07:00:00,106400.45426680386,102220.0,169255,96241.0
2024-12-09 08:00:00,106400.45426680386,102220.0,169511,97090.0
2024-12-09 09:00:00,105028.41848675102,100037.0,168581,96959.0
2024-12-09 10:00:00,104976.16326014204,99351.70821917808,167796,96815.0
2024-12-09 11:00:00,101743.9800329198,96671.0,167361,96259.0
2024-12-09 12:00:00,100714.27921452606,97098.0,166382,95361.0
2024-12-09 13:00:00,100714.27921452606,96940.1493150685,166090,94323.0
2024-12-09 14:00:00,100714.27921452606,97063.33643835616,165476,93166.0
2024-12-09 15:00:00,101990.41957035977,98108.4983561644,164941,92880.0
2024-12-09 16:00:00,105371.2778700864,102674.0,164923,95252.0
2024-12-09 17:00:00,110669.61907692369,105642.7402739726,165057,99220.0
2024-12-09 18:00:00,110669.61907692369,105655.0,165688,99343.0
2024-12-09 19:00:00,110279.13570378444,102318.81808219178,166960,98136.0
2024-12-09 20:00:00,106067.40916376552,100958.0,167087,96381.0
2024-12-09 21:00:00,101743.9800329198,96637.28575342466,167630,93187.0
2024-12-09 22:00:00,94491.12740286293,92666.00438356164,167511,88425.0
2024-12-09 23:00:00,93804.97658595216,86977.40191780822,167699,83909.0
2024-12-10 00:00:00,92679.3231217016,83546.0,161375,80681.0
2024-12-10 01:00:00,92679.3231217016,80300.08794520548,161496,78552.0
2024-12-10 02:00:00,92679.3231217016,81685.14328767124,161206,77499.0
2024-12-10 03:00:00,92679.3231217016,79177.06712328768,161230,77311.0
2024-12-10 04:00:00,92679.3231217016,82364.4293150685,161039,78970.0
2024-12-10 05:00:00,93382.98443831716,86066.73397260274,161172,83201.0
2024-12-10 06:00:00,94626.54430756312,93188.65479452055,163116,90349.0
2024-12-10 07:00:00,103992.5426815722,97629.0,163238,95006.0
2024-12-10 08:00:00,105028.41848675102,97950.77315068494,163100,95718.0
2024-12-10 09:00:00,103145.17347493324,97890.0,161930,95393.0
2024-12-10 10:00:00,100714.27921452606,97729.56767123289,160734,95102.0
2024-12-10 11:00:00,99204.96244670232,97745.24493150684,160799,94712.0
2024-12-10 12:00:00,99204.96244670232,96937.03726027398,160203,94261.0
2024-12-10 13:00:00,99204.96244670232,96221.0,160645,94261.0
2024-12-10 14:00:00,99204.96244670232,96160.70493150686,161601,94048.0
2024-12-10 15:00:00,99204.96244670232,97788.0,162970,94073.0
2024-12-10 16:00:00,104976.16326014204,98639.0,163910,96432.0
2024-12-10 17:00:00,108933.06733769029,102179.96219178084,163702,99790.0
2024-12-10 18:00:00,108933.06733769029,102825.09863013698,163861,99417.0
2024-12-10 19:00:00,106067.40916376552,100649.68246575345,165998,98041.0
2024-12-10 20:00:00,105028.41848675102,98639.0,165914,96352.0
2024-12-10 21:00:00,99204.96244670232,96221.0,166075,92842.0
2024-12-10 22:00:00,94327.92907885987,90865.0,166031,88253.0
2024-12-10 23:00:00,93382.98443831716,86096.0,166872,83527.0
2024-12-11 00:00:00,92679.3231217016,83480.2501369863,161162,80189.0
2024-12-11 01:00:00,92679.3231217016,80267.0,160603,77961.0
2024-12-11 02:00:00,92679.3231217016,78520.90739726028,160670,76893.0
2024-12-11 03:00:00,92679.3231217016,79279.57616438356,160935,76773.0
2024-12-11 04:00:00,92679.3231217016,80278.67452054794,160810,78107.0
2024-12-11 05:00:00,93041.2930177194,84307.95863013699,161284,82196.0
2024-12-11 06:00:00,94298.9047292391,91933.0,163339,89088.0
2024-12-11 07:00:00,101743.9800329198,96651.47123287672,163647,94150.0
2024-12-11 08:00:00,104316.4683735078,96741.82657534246,163706,95571.0
2024-12-11 09:00:00,104159.37558364496,97959.77808219178,163685,96689.0
2024-12-11 10:00:00,103992.5426815722,97629.0,165267,98041.0
2024-12-11 11:00:00,103835.88987989083,97868.32767123288,166301,98284.0
2024-12-11 12:00:00,103992.5426815722,97966.85726027396,167573,98140.0
2024-12-11 13:00:00,105028.41848675102,98528.4383561644,167653,98064.0
2024-12-11 14:00:00,105028.41848675102,99350.4605479452,168883,98265.0
2024-12-11 15:00:00,106067.40916376552,101960.0,169726,99067.0
2024-12-11 16:00:00,112239.8762330241,105655.0,171410,101660.0
2024-12-11 17:00:00,115502.26970954592,108917.0,172522,105550.0
2024-12-11 18:00:00,115411.08118914992,109896.14356164384,172467,106175.0
2024-12-11 19:00:00,115502.26970954592,108917.0,169738,105805.0
2024-12-11 20:00:00,115313.87472507662,109546.9775342466,169153,105155.0
2024-12-11 21:00:00,111595.89317303916,109942.4676712329,169743,103089.0
2024-12-11 22:00:00,105028.41848675102,101566.36219178082,169800,99541.0
2024-12-11 23:00:00,99204.96244670232,98903.0,169732,95916.0
2024-12-12 00:00:00,99204.96244670232,96186.06520547943,170864,93252.0
2024-12-12 01:00:00,97554.6989626052,93181.55178082192,170835,92003.0
2024-12-12 02:00:00,97554.6989626052,93181.55178082192,170693,91769.0
2024-12-12 03:00:00,99204.96244670232,93409.6095890411,170596,92355.0
2024-12-12 04:00:00,103992.5426815722,96663.19424657534,170054,94740.0
2024-12-12 05:00:00,110449.89108776508,105671.05150684933,170458,99833.0
2024-12-12 06:00:00,115513.54902658272,112019.47260273973,171498,107677.0
2024-12-12 07:00:00,132540.56409793024,117254.68739726028,170389,112624.0
2024-12-12 08:00:00,132540.56409793024,117254.68739726028,171929,111996.0
2024-12-12 09:00:00,119824.53698810434,114443.0,172443,108778.0
2024-12-12 10:00:00,115851.04611483528,111529.0,172641,106443.0
2024-12-12 11:00:00,115513.54902658272,114636.0,171700,104206.0
2024-12-12 12:00:00,115411.08118914992,110099.68383561644,170854,102606.0
2024-12-12 13:00:00,115502.26970954592,110105.0,170856,101930.0
2024-12-12 14:00:00,115411.08118914992,109896.38767123288,169515,102476.0
2024-12-12 15:00:00,115851.04611483528,111075.56246575342,167666,104041.0
2024-12-12 16:00:00,133516.29440773558,120840.0,166029,108544.0
2024-12-12 17:00:00,144554.56394859767,133699.0,166284,114055.0
2024-12-12 18:00:00,145592.1837044152,134764.0,166909,114982.0
2024-12-12 19:00:00,145727.1666025497,134764.0,168499,114761.0
2024-12-12 20:00:00,144608.2765338529,133699.0,168694,114142.0
2024-12-12 21:00:00,142299.2051614486,126487.0,168602,111683.0
2024-12-12 22:00:00,129368.21201592498,120840.0,169837,107520.0
2024-12-12 23:00:00,115744.7580999724,120982.0,170490,103248.0
2024-12-13 00:00:00,115502.26970954592,111725.0,164515,100536.0
2024-12-13 01:00:00,115313.87472507662,110241.0,164438,98914.0
2024-12-13 02:00:00,115246.49300634468,110136.52109589042,164872,98281.0
2024-12-13 03:00:00,115313.87472507662,110241.0,164711,98686.0
2024-12-13 04:00:00,115502.26970954592,110605.8594520548,164836,100715.0
2024-12-13 05:00:00,119824.53698810434,123136.0,165522,105101.0
2024-12-13 06:00:00,142157.09459214125,127644.0,166654,111987.0
2024-12-13 07:00:00,145592.1837044152,134764.0,167637,116132.0
2024-12-13 08:00:00,144554.56394859767,133699.0,169822,115592.0
2024-12-13 09:00:00,142299.2051614486,126487.0,170446,112324.0
2024-12-13 10:00:00,125844.57273494256,117625.42328767123,170263,108486.0
2024-12-13 11:00:00,116888.84701197685,114564.6095890411,170202,105509.0
2024-12-13 12:00:00,115513.54902658272,114636.0,169872,102749.0
2024-12-13 13:00:00,115411.08118914992,110446.0,169369,101700.0
2024-12-13 14:00:00,115411.08118914992,110934.0,167781,101535.0
2024-12-13 15:00:00,115513.54902658272,112653.0,167572,102870.0
2024-12-13 16:00:00,124001.38272211212,118803.0,167421,106547.0
2024-12-13 17:00:00,142299.2051614486,126487.0,168092,111345.0
2024-12-13 18:00:00,142299.2051614486,126487.0,169385,111689.0
2024-12-13 19:00:00,137287.911317552,126442.2194520548,168802,110705.0
2024-12-13 20:00:00,133516.29440773558,120840.0,169602,109563.0
2024-12-13 21:00:00,119824.53698810434,114432.23205479451,170715,107610.0
2024-12-13 22:00:00,115513.54902658272,110446.0,171207,104469.0
2024-12-13 23:00:00,115246.49300634468,109845.0,170958,100819.0
2024-12-14 00:00:00,110449.89108776508,103837.00164383564,168532,97764.0
2024-12-14 01:00:00,108933.06733769029,101590.01726027398,168387,96129.0
2024-12-14 02:00:00,106067.40916376552,100538.0,168331,95272.0
2024-12-14 03:00:00,106067.40916376552,108467.99068493152,168629,95371.0
2024-12-14 04:00:00,107056.98511407408,101659.09150684932,169733,96226.0
2024-12-14 05:00:00,110449.89108776508,104189.02219178082,170206,98582.0
2024-12-14 06:00:00,115246.49300634468,106386.01643835616,171049,102051.0
2024-12-14 07:00:00,115502.26970954592,108872.0,171721,105170.0
2024-12-14 08:00:00,115411.08118914992,111719.00246575342,173286,106074.0
2024-12-14 09:00:00,115502.26970954592,110882.54712328767,174382,103914.0
2024-12-14 10:00:00,115246.49300634468,109758.6402739726,173662,100596.0
2024-12-14 11:00:00,110449.89108776508,104635.15424657534,172905,97635.0
2024-12-14 12:00:00,108933.06733769029,103533.0,171667,95091.0
2024-12-14 13:00:00,105371.2778700864,102125.80739726029,171648,93115.0
2024-12-14 14:00:00,105028.41848675102,108191.058630137,171426,92917.0
2024-12-14 15:00:00,106067.40916376552,102069.93506849316,171797,94432.0
2024-12-14 16:00:00,110669.61907692369,104645.0,172114,98335.0
2024-12-14 17:00:00,115502.26970954592,113419.47342465754,171944,103487.0
2024-12-14 18:00:00,115411.08118914992,110481.99643835616,172152,104255.0
2024-12-14 19:00:00,115411.08118914992,110446.0,170842,103840.0
2024-12-14 20:00:00,115502.26970954592,110000.78465753426,170123,103100.0
2024-12-14 21:00:00,115246.49300634468,109803.69123287672,170284,101567.0
2024-12-14 22:00:00,110449.89108776508,103788.9394520548,170222,98583.0
2024-12-14 23:00:00,105028.41848675102,108655.07589041095,169776,95064.0
2024-12-15 00:00:00,100390.24094382828,97915.57068493152,169695,91949.0
2024-12-15 01:00:00,98485.3522952513,94867.5989041096,169639,89734.0
2024-12-15 02:00:00,94491.12740286293,93585.4008219178,168710,88430.0
2024-12-15 03:00:00,94491.12740286293,93163.5197260274,167343,87825.0
2024-12-15 04:00:00,94491.12740286293,93116.08109589042,167154,87878.0
2024-12-15 05:00:00,95450.316597224,93929.0,166767,89233.0
2024-12-15 06:00:00,99487.46394458582,96000.90602739726,167777,91414.0
2024-12-15 07:00:00,104316.4683735078,98640.6810958904,168859,94123.0
2024-12-15 08:00:00,105028.41848675102,101478.49369863016,169285,96076.0
2024-12-15 09:00:00,105028.41848675102,108216.9884931507,169868,96673.0
2024-12-15 10:00:00,105028.41848675102,99756.0,169131,96801.0
2024-12-15 11:00:00,105028.41848675102,101223.6687671233,168289,97007.0
2024-12-15 12:00:00,104316.4683735078,97890.0,167469,97034.0
2024-12-15 13:00:00,103992.5426815722,97890.0,166664,96579.0
2024-12-15 14:00:00,103992.5426815722,97969.0,165560,96363.0
2024-12-15 15:00:00,105028.41848675102,99756.0,165266,96932.0
2024-12-15 16:00:00,108933.06733769029,110535.0,166530,99450.0
2024-12-15 17:00:00,115246.49300634468,110993.96739726028,167037,102838.0
2024-12-15 18:00:00,115246.49300634468,113775.0,167052,102870.0
2024-12-15 19:00:00,115182.93192576164,109674.0,169872,101713.0
2024-12-15 20:00:00,111228.28732467044,107365.0,169260,100364.0
2024-12-15 21:00:00,106400.45426680386,102054.4205479452,169824,97026.0
2024-12-15 22:00:00,101743.9800329198,99821.5693150685,169782,92864.0
2024-12-15 23:00:00,94491.12740286293,93929.0,169157,88486.0
2024-12-16 00:00:00,93514.7072505474,87813.98164383562,168544,85238.0
2024-12-16 01:00:00,93382.98443831716,86093.15205479453,168234,83067.0
2024-12-16 02:00:00,92797.55325314232,84572.0,167667,82069.0
2024-12-16 03:00:00,92797.55325314232,84572.0,167268,81975.0
2024-12-16 04:00:00,93382.98443831716,86553.0,167434,83564.0
2024-12-16 05:00:00,94327.92907885987,90798.66958904108,168445,87851.0
2024-12-16 06:00:00,103992.5426815722,97875.0,169579,94582.0
2024-12-16 07:00:00,109652.05424873118,104741.42493150686,169577,99388.0
2024-12-16 08:00:00,110449.89108776508,104022.13726027396,169872,100657.0
2024-12-16 09:00:00,110279.13570378444,103556.1293150685,169318,100469.0
2024-12-16 10:00:00,108933.06733769029,102183.0,168980,100227.0
2024-12-16 11:00:00,106067.40916376552,100662.29479452057,168563,99567.0
2024-12-16 12:00:00,105028.41848675102,100803.0,169376,98709.0
2024-12-16 13:00:00,105028.41848675102,100589.0,169140,98312.0
2024-12-16 14:00:00,105028.41848675102,99756.0,169996,97991.0
2024-12-16 15:00:00,105028.41848675102,100589.0,170066,98040.0
2024-12-16 16:00:00,108933.06733769029,102825.09863013698,171478,100023.0
2024-12-16 17:00:00,112936.71227701013,109145.0,171694,103311.0
2024-12-16 18:00:00,112936.71227701013,109145.0,171235,102937.0
2024-12-16 19:00:00,110449.89108776508,105099.0,169019,101374.0
2024-12-16 20:00:00,108637.26447077382,102141.77260273971,169384,99266.0
2024-12-16 21:00:00,103992.5426815722,98612.69041095892,169398,95748.0
2024-12-16 22:00:00,94491.12740286293,92847.93232876711,169682,90671.0
2024-12-16 23:00:00,94134.83343307118,87491.0101369863,169285,85687.0
2024-12-17 00:00:00,92679.3231217016,83546.0,168637,81937.0
2024-12-17 01:00:00,92679.3231217016,80379.46273972603,168370,79775.0
2024-12-17 02:00:00,92679.3231217016,78800.49753424658,168328,78436.0
2024-12-17 03:00:00,92679.3231217016,78624.78739726027,168355,78134.0
2024-12-17 04:00:00,92679.3231217016,82666.51342465753,168140,79658.0
2024-12-17 05:00:00,93382.98443831716,84950.51753424658,167985,83751.0
2024-12-17 06:00:00,94491.12740286293,93747.97726027395,169281,90816.0
2024-12-17 07:00:00,103835.88987989083,99730.27589041097,169989,95702.0
2024-12-17 08:00:00,105028.41848675102,98746.9893150685,170778,96158.0
2024-12-17 09:00:00,103992.5426815722,98611.60547945206,171734,95072.0
2024-12-17 10:00:00,100953.1346132427,97958.99506849315,171377,93165.0
2024-12-17 11:00:00,99487.46394458582,97760.0,169571,90959.0
2024-12-17 12:00:00,99204.96244670232,96984.0,168252,89071.0
2024-12-17 13:00:00,99204.96244670232,96984.0,167692,88344.0
2024-12-17 14:00:00,99204.96244670232,96976.81232876712,166412,88327.0
2024-12-17 15:00:00,99204.96244670232,97788.0,165262,89403.0
2024-12-17 16:00:00,104976.16326014204,99755.31068493152,164160,92143.0
2024-12-17 17:00:00,109652.05424873118,102277.88383561643,163855,97385.0
2024-12-17 18:00:00,110279.13570378444,105104.24712328769,163571,98888.0
2024-12-17 19:00:00,108933.06733769029,102825.09863013698,168357,98399.0
2024-12-17 20:00:00,105371.2778700864,102674.0,168069,97668.0
2024-12-17 21:00:00,101990.41957035977,99882.0,169615,95465.0
2024-12-17 22:00:00,94626.54430756312,93742.82383561644,170587,91616.0
2024-12-17 23:00:00,94134.83343307118,88063.50328767124,170631,87295.0
2024-12-18 00:00:00,93382.98443831716,87229.69534246575,163952,84358.0
2024-12-18 01:00:00,92797.55325314232,83476.36191780822,164478,82795.0
2024-12-18 02:00:00,92679.3231217016,84563.40191780822,165046,82118.0
2024-12-18 03:00:00,92797.55325314232,84563.40191780822,165938,82329.0
2024-12-18 04:00:00,93382.98443831716,84678.27561643836,166361,84351.0
2024-12-18 05:00:00,94327.92907885987,93926.91397260276,166744,89046.0
2024-12-18 06:00:00,103835.88987989083,97858.64465753424,167838,96221.0
2024-12-18 07:00:00,109652.05424873118,102947.77232876713,167196,101290.0
2024-12-18 08:00:00,110449.89108776508,103978.67260273972,168489,101028.0
2024-12-18 09:00:00,108933.06733769029,102072.94575342466,168410,98280.0
2024-12-18 10:00:00,106067.40916376552,100949.29342465752,168301,96347.0
2024-12-18 11:00:00,105028.41848675102,98502.0,168537,95171.0
2024-12-18 12:00:00,105028.41848675102,98746.9893150685,168931,94647.0
2024-12-18 13:00:00,104976.16326014204,97669.0,169335,95285.0
2024-12-18 14:00:00,105028.41848675102,97669.0,170333,96010.0
2024-12-18 15:00:00,105028.41848675102,98746.2298630137,171558,96876.0
2024-12-18 16:00:00,108933.06733769029,101377.0,171932,99273.0
2024-12-18 17:00:00,115246.49300634468,109845.0,171404,102642.0
2024-12-18 18:00:00,115246.49300634468,109845.0,171140,102447.0
2024-12-18 19:00:00,112936.71227701013,109145.0,170508,101481.0
2024-12-18 20:00:00,110449.89108776508,104052.0,170338,99933.0
2024-12-18 21:00:00,105371.2778700864,103924.14657534249,170457,97276.0
2024-12-18 22:00:00,99204.96244670232,97788.0,170881,92836.0
2024-12-18 23:00:00,94327.92907885987,91627.0,171100,88355.0
2024-12-19 00:00:00,94134.83343307118,89082.0,167853,84909.0
2024-12-19 01:00:00,93514.7072505474,86492.73534246575,168291,83094.0
2024-12-19 02:00:00,93382.98443831716,85354.71260273973,168021,82293.0
2024-12-19 03:00:00,93382.98443831716,86815.2498630137,167784,82696.0
2024-12-19 04:00:00,94134.83343307118,89054.6597260274,167070,84466.0
2024-12-19 05:00:00,95196.75625531722,92500.0,167839,89216.0
2024-12-19 06:00:00,106400.45426680386,101679.0,169315,96616.0
2024-12-19 07:00:00,115246.49300634468,105489.0,169572,101924.0
2024-12-19 08:00:00,115246.49300634468,106268.85589041097,170302,102033.0
2024-12-19 09:00:00,113078.38622766596,109136.37479452055,171736,100386.0
2024-12-19 10:00:00,110669.61907692369,104645.0,172383,99398.0
2024-12-19 11:00:00,110279.13570378444,105097.54767123288,173376,98276.0
2024-12-19 12:00:00,108933.06733769029,102843.0,171987,96765.0
2024-12-19 13:00:00,108933.06733769029,102832.88301369864,172085,96493.0
2024-12-19 14:00:00,108933.06733769029,102825.09863013698,172159,96805.0
2024-12-19 15:00:00,110449.89108776508,105067.00684931508,172898,98258.0
2024-12-19 16:00:00,115246.49300634468,109790.97041095892,172539,101787.0
2024-12-19 17:00:00,115513.54902658272,113357.36273972604,172308,106395.0
2024-12-19 18:00:00,115744.7580999724,111751.1506849315,172690,106932.0
2024-12-19 19:00:00,115513.54902658272,112628.50767123287,172837,106238.0
2024-12-19 20:00:00,115411.08118914992,110093.90657534248,172998,105414.0
2024-12-19 21:00:00,115420.76438491268,111439.0,173408,103053.0
2024-12-19 22:00:00,110449.89108776508,105099.0,173594,98718.0
2024-12-19 23:00:00,105028.41848675102,99756.0,173657,94240.0
2024-12-20 00:00:00,99204.96244670232,96186.06520547943,173115,90857.0
2024-12-20 01:00:00,94626.54430756312,91304.6589041096,174000,88162.0
2024-12-20 02:00:00,94491.12740286293,92831.76876712329,174343,86948.0
2024-12-20 03:00:00,94491.12740286293,94759.03753424658,174688,86553.0
2024-12-20 04:00:00,98485.3522952513,94628.5610958904,175099,88115.0
2024-12-20 05:00:00,105028.41848675102,97870.38547945206,175335,92366.0
2024-12-20 06:00:00,113553.53844535294,105264.0,176863,98953.0
2024-12-20 07:00:00,115411.08118914992,112386.72273972604,177336,103812.0
2024-12-20 08:00:00,115513.54902658272,112386.72273972604,175803,105539.0
2024-12-20 09:00:00,115411.08118914992,111719.00246575342,175685,106028.0
2024-12-20 10:00:00,115502.26970954592,108879.04794520549,175630,106170.0
2024-12-20 11:00:00,115313.87472507662,109838.32767123288,175921,105460.0
2024-12-20 12:00:00,115246.49300634468,109845.0,176024,104661.0
2024-12-20 13:00:00,113553.53844535294,109145.0,175821,104392.0
2024-12-20 14:00:00,112936.71227701013,109145.0,176367,103774.0
2024-12-20 15:00:00,115246.49300634468,109674.0,176813,103958.0
2024-12-20 16:00:00,115502.26970954592,111648.26821917808,176702,106068.0
2024-12-20 17:00:00,116186.28886461792,114112.49479452056,175808,109136.0
2024-12-20 18:00:00,115851.04611483528,114082.19808219178,174127,108845.0
2024-12-20 19:00:00,115513.54902658272,109436.21561643836,173502,107458.0
2024-12-20 20:00:00,115502.26970954592,111656.4594520548,173180,106310.0
2024-12-20 21:00:00,115246.49300634468,109845.0,173542,104184.0
2024-12-20 22:00:00,110449.89108776508,104244.47616438357,173392,100719.0
2024-12-20 23:00:00,105028.41848675102,99749.8701369863,173581,96850.0
2024-12-21 00:00:00,100714.27921452606,97087.74739726027,171860,93711.0
2024-12-21 01:00:00,98811.21062208444,97870.77479452056,171599,91594.0
2024-12-21 02:00:00,96149.30832351594,92785.0,172000,90505.0
2024-12-21 03:00:00,95450.316597224,92309.10493150684,171975,90258.0
2024-12-21 04:00:00,98648.58090725508,96703.32273972603,171845,90770.0
2024-12-21 05:00:00,100953.1346132427,97262.0,171815,92675.0
2024-12-21 06:00:00,106067.40916376552,101626.57068493152,172254,95945.0
2024-12-21 07:00:00,110449.89108776508,109022.60493150688,172597,99656.0
2024-12-21 08:00:00,115246.49300634468,109661.02356164384,175082,102027.0
2024-12-21 09:00:00,115246.49300634468,110133.53753424658,177339,102242.0
2024-12-21 10:00:00,115246.49300634468,106249.57123287673,176966,101632.0
2024-12-21 11:00:00,115246.49300634468,106438.03287671231,176301,100690.0
2024-12-21 12:00:00,112239.8762330241,105422.62465753424,175639,99716.0
2024-12-21 13:00:00,110449.89108776508,104282.0,175616,98905.0
2024-12-21 14:00:00,110449.89108776508,104255.0,174551,99072.0
2024-12-21 15:00:00,112561.98385774477,109145.0,173078,100430.0
2024-12-21 16:00:00,115502.26970954592,111725.0,172699,104278.0
2024-12-21 17:00:00,118884.55611603551,115562.28,172855,109759.0
2024-12-21 18:00:00,119824.53698810434,115539.03534246577,172724,111136.0
2024-12-21 19:00:00,119824.53698810434,115548.12164383562,174780,110954.0
2024-12-21 20:00:00,119824.53698810434,115548.12164383562,174185,110575.0
2024-12-21 21:00:00,116374.84942125872,120982.0,174467,109068.0
2024-12-21 22:00:00,115411.08118914992,111764.0,174018,106553.0
2024-12-21 23:00:00,115246.49300634468,105755.67671232876,174111,103502.0
2024-12-22 00:00:00,112561.98385774477,105537.0,170160,101033.0
2024-12-22 01:00:00,110449.89108776508,103638.83315068494,170073,99598.0
2024-12-22 02:00:00,110279.13570378444,103646.61616438357,170232,99035.0
2024-12-22 03:00:00,110279.13570378444,103651.06575342466,170422,99138.0
2024-12-22 04:00:00,110449.89108776508,109022.5778082192,171180,100254.0
2024-12-22 05:00:00,115246.49300634468,105194.0,171381,102277.0
2024-12-22 06:00:00,115502.26970954592,111764.0,173026,105501.0
2024-12-22 07:00:00,115513.54902658272,120982.0,173520,109007.0
2024-12-22 08:00:00,116186.28886461792,120982.0,175750,110121.0
2024-12-22 09:00:00,115513.54902658272,112734.0,178596,107819.0
2024-12-22 10:00:00,115502.26970954592,111764.0,179035,105014.0
2024-12-22 11:00:00,115502.26970954592,111725.0,178767,102602.0
2024-12-22 12:00:00,115246.49300634468,110241.0,179222,100631.0
2024-12-22 13:00:00,115182.93192576164,109761.0,178940,99147.0
2024-12-22 14:00:00,115182.93192576164,109761.0,178457,98879.0
2024-12-22 15:00:00,115420.76438491268,113690.7279452055,176750,100530.0
2024-12-22 16:00:00,115513.54902658272,113377.0,174865,105348.0
2024-12-22 17:00:00,133516.29440773558,123469.68575342468,175535,112362.0
2024-12-22 18:00:00,142299.2051614486,126487.0,176241,114553.0
2024-12-22 19:00:00,142299.2051614486,126487.0,174861,115230.0
2024-12-22 20:00:00,142355.40750166253,126487.0,174544,115189.0
2024-12-22 21:00:00,132540.56409793024,123469.68575342468,174720,113808.0
2024-12-22 22:00:00,116888.84701197685,120799.78575342469,175170,110790.0
2024-12-22 23:00:00,115502.26970954592,111764.0,175140,107534.0
2024-12-23 00:00:00,115420.76438491268,110668.0,177160,105596.0
2024-12-23 01:00:00,115246.49300634468,110241.0,177205,104444.0
2024-12-23 02:00:00,115246.49300634468,110241.0,176826,104199.0
2024-12-23 03:00:00,115373.57395578912,110668.0,176790,104805.0
2024-12-23 04:00:00,115411.08118914992,111764.0,176954,106778.0
2024-12-23 05:00:00,124693.64890014708,123136.0,177878,110959.0
2024-12-23 06:00:00,143709.51973405964,129081.0,178983,116293.0
2024-12-23 07:00:00,145676.1695966177,134764.0,179268,120441.0
2024-12-23 08:00:00,145676.1695966177,134764.0,181872,120476.0
2024-12-23 09:00:00,144554.56394859767,133699.0,183673,116740.0
2024-12-23 10:00:00,137287.911317552,126442.2194520548,182468,112760.0
2024-12-23 11:00:00,119824.53698810434,115057.461369863,181557,109118.0
2024-12-23 12:00:00,115513.54902658272,114155.0,180779,106114.0
2024-12-23 13:00:00,115411.08118914992,109889.74246575344,179830,104204.0
2024-12-23 14:00:00,115502.26970954592,109377.0093150685,179130,103193.0
2024-12-23 15:00:00,115411.08118914992,109889.74246575344,176792,104129.0
2024-12-23 16:00:00,118884.55611603551,114568.0,175205,107481.0
2024-12-23 17:00:00,137287.911317552,126487.0,175247,112420.0
2024-12-23 18:00:00,142299.2051614486,126487.0,174599,112731.0
2024-12-23 19:00:00,142299.2051614486,126487.0,174132,111608.0
2024-12-23 20:00:00,137287.911317552,126333.83479452056,174241,110520.0
2024-12-23 21:00:00,125607.60616047637,118803.0,174131,108033.0
2024-12-23 22:00:00,115513.54902658272,109155.0,174496,104103.0
2024-12-23 23:00:00,115246.49300634468,105755.67671232876,174622,99881.0
2024-12-24 00:00:00,110449.89108776508,105153.47287671232,172162,96162.0
2024-12-24 01:00:00,108933.06733769029,102448.54547945206,171810,93766.0
2024-12-24 02:00:00,105371.2778700864,101620.71205479452,171351,92463.0
2024-12-24 03:00:00,105028.41848675102,99473.1495890411,170976,91775.0
2024-12-24 04:00:00,105371.2778700864,101620.71205479452,171125,92559.0
2024-12-24 05:00:00,108933.06733769029,102924.33342465754,171300,94708.0
2024-12-24 06:00:00,115246.49300634468,105018.28410958905,172594,98004.0
2024-12-24 07:00:00,115502.26970954592,108802.41561643836,172954,101190.0
2024-12-24 08:00:00,115513.54902658272,108724.6095890411,173400,102861.0
2024-12-24 09:00:00,115513.54902658272,109226.21369863012,173073,103537.0
2024-12-24 10:00:00,115411.08118914992,108544.88109589042,172868,103045.0
2024-12-24 11:00:00,115502.26970954592,107884.99287671232,172127,101517.0
2024-12-24 12:00:00,115420.76438491268,109593.11424657534,171508,99016.0
2024-12-24 13:00:00,115246.49300634468,109840.36191780822,170447,96828.0
2024-12-24 14:00:00,113553.53844535294,108827.0,169877,95609.0
2024-12-24 15:00:00,115182.93192576164,109674.0,170028,95435.0
2024-12-24 16:00:00,115502.26970954592,110851.35534246576,170264,96825.0
2024-12-24 17:00:00,115851.04611483528,111688.88657534246,171110,99025.0
2024-12-24 18:00:00,115513.54902658272,111345.8616438356,171211,97529.0
2024-12-24 19:00:00,115411.08118914992,108586.0,173385,95624.0
2024-12-24 20:00:00,115502.26970954592,109162.44136986302,173474,94349.0
2024-12-24 21:00:00,115313.87472507662,106223.01232876712,173679,92937.0
2024-12-24 22:00:00,112936.71227701013,107887.83534246575,173695,90653.0
2024-12-24 23:00:00,108933.06733769029,103224.80383561645,173402,87812.0
2024-12-25 00:00:00,94327.92907885987,90032.63753424658,169074,85216.0
2024-12-25 01:00:00,94134.83343307118,88318.0,169024,83268.0
2024-12-25 02:00:00,94134.83343307118,87181.3312328767,169621,82179.0
2024-12-25 03:00:00,94134.83343307118,87254.0,169866,81870.0
2024-12-25 04:00:00,94134.83343307118,88725.11808219178,170103,82380.0
2024-12-25 05:00:00,94327.92907885987,88643.0,170263,84052.0
2024-12-25 06:00:00,97554.6989626052,93403.0,172071,86599.0
2024-12-25 07:00:00,100714.27921452606,96669.0,173031,89343.0
2024-12-25 08:00:00,105028.41848675102,99530.0,174559,91080.0
2024-12-25 09:00:00,105028.41848675102,99530.0,174922,91361.0
2024-12-25 10:00:00,103992.5426815722,96188.05342465754,174604,90819.0
2024-12-25 11:00:00,100953.1346132427,97425.9284931507,173716,89910.0
2024-12-25 12:00:00,99487.46394458582,97507.0,173433,88594.0
2024-12-25 13:00:00,98648.58090725508,92701.0,173231,87296.0
2024-12-25 14:00:00,95450.316597224,93403.0,172791,86527.0
2024-12-25 15:00:00,94298.9047292391,92193.07424657534,171693,86906.0
2024-12-25 16:00:00,100714.27921452606,97484.27068493151,171438,88895.0
2024-12-25 17:00:00,108296.72003975153,101679.0,172003,91950.0
2024-12-25 18:00:00,108933.06733769029,102763.8087671233,172328,92371.0
2024-12-25 19:00:00,108933.06733769029,102772.0,173328,92289.0
2024-12-25 20:00:00,108933.06733769029,102469.05068493151,173550,92370.0
2024-12-25 21:00:00,106067.40916376552,101679.0,173659,91676.0
2024-12-25 22:00:00,103992.5426815722,97419.84465753424,173878,89683.0
2024-12-25 23:00:00,97045.51186894887,93766.85589041097,173481,87170.0
2024-12-26 00:00:00,94626.54430756312,93403.0,169631,84943.0
2024-12-26 01:00:00,94298.9047292391,90146.03150684932,169619,83741.0
2024-12-26 02:00:00,94327.92907885987,90051.0,169664,83250.0
2024-12-26 03:00:00,94298.9047292391,90278.69095890412,169487,83521.0
2024-12-26 04:00:00,95450.316597224,93403.0,168814,85210.0
2024-12-26 05:00:00,105028.41848675102,99467.29095890412,169661,88766.0
2024-12-26 06:00:00,115182.93192576164,109650.68958904113,171003,93739.0
2024-12-26 07:00:00,115411.08118914992,107775.0,172448,98004.0
2024-12-26 08:00:00,115411.08118914992,108356.7802739726,174034,99694.0
2024-12-26 09:00:00,115420.76438491268,105740.98219178084,173662,99733.0
2024-12-26 10:00:00,112239.8762330241,103705.37479452055,173637,99016.0
2024-12-26 11:00:00,109495.88441179668,104278.0,173691,97844.0
2024-12-26 12:00:00,106067.40916376552,101909.57178082192,174153,96290.0
2024-12-26 13:00:00,105028.41848675102,99492.65123287671,173893,95024.0
2024-12-26 14:00:00,105028.41848675102,99503.20219178085,173149,94261.0
2024-12-26 15:00:00,105028.41848675102,97377.0682191781,172769,94856.0
2024-12-26 16:00:00,110449.89108776508,104324.0,172306,97435.0
2024-12-26 17:00:00,115502.26970954592,111694.89315068492,173111,102276.0
2024-12-26 18:00:00,115411.08118914992,111764.0,173977,102942.0
2024-12-26 19:00:00,115502.26970954592,111694.89315068492,174154,102280.0
2024-12-26 20:00:00,115502.26970954592,111416.6504109589,174079,101255.0
2024-12-26 21:00:00,114470.47583760836,108743.89424657536,174286,99209.0
2024-12-26 22:00:00,108006.473811032,101679.0,174169,95937.0
2024-12-26 23:00:00,101743.9800329198,97755.82246575344,173478,92530.0
2024-12-27 00:00:00,94673.18508432285,93403.0,170826,89749.0
2024-12-27 01:00:00,94298.9047292391,93416.2183561644,171058,88108.0
2024-12-27 02:00:00,94327.92907885987,88636.13780821918,171134,87328.0
2024-12-27 03:00:00,94327.92907885987,90039.98794520547,171515,87267.0
2024-12-27 04:00:00,94491.12740286293,93370.23506849316,171490,88473.0
2024-12-27 05:00:00,101743.9800329198,96631.13589041097,171477,91605.0
2024-12-27 06:00:00,110449.89108776508,103656.21561643836,173140,96405.0
2024-12-27 07:00:00,115502.26970954592,111694.89315068492,174377,100116.0
2024-12-27 08:00:00,115502.26970954592,111694.89315068492,175527,101212.0
2024-12-27 09:00:00,115246.49300634468,105763.0,176065,100327.0
2024-12-27 10:00:00,110449.89108776508,104774.0,176528,98379.0
2024-12-27 11:00:00,108933.06733769029,101649.43561643836,176406,96036.0
2024-12-27 12:00:00,105028.41848675102,95466.95506849316,175596,94214.0
2024-12-27 13:00:00,105028.41848675102,97079.19232876712,175203,93123.0
2024-12-27 14:00:00,105028.41848675102,97191.33780821918,174452,92712.0
2024-12-27 15:00:00,105028.41848675102,96019.7295890411,174111,93609.0
2024-12-27 16:00:00,108933.06733769029,101678.02356164384,174373,96105.0
2024-12-27 17:00:00,115182.93192576164,109112.0,175237,99788.0
2024-12-27 18:00:00,113553.53844535294,108802.37205479453,175340,99206.0
2024-12-27 19:00:00,110449.89108776508,104324.0,174556,97627.0
2024-12-27 20:00:00,108933.06733769029,103092.07643835616,174667,95899.0
2024-12-27 21:00:00,105028.41848675102,103838.87095890412,174522,93235.0
2024-12-27 22:00:00,100058.33210454736,97487.30849315067,174221,89486.0
2024-12-27 23:00:00,94298.9047292391,90896.71452054796,173840,85530.0
2024-12-28 00:00:00,93382.98443831716,87275.0,173784,82157.0
2024-12-28 01:00:00,92797.55325314232,85187.01589041096,173214,79703.0
2024-12-28 02:00:00,92679.3231217016,82901.0,173315,78152.0
2024-12-28 03:00:00,92679.3231217016,82735.48191780823,173087,77346.0
2024-12-28 04:00:00,92679.3231217016,82715.57342465754,172862,77327.0
2024-12-28 05:00:00,92679.3231217016,81297.0,172260,78516.0
2024-12-28 06:00:00,93382.98443831716,83318.0,170836,80608.0
2024-12-28 07:00:00,94134.83343307118,88306.0,171597,82947.0
2024-12-28 08:00:00,94327.92907885987,89016.0,171423,85096.0
2024-12-28 09:00:00,94298.9047292391,90600.7180821918,171683,86660.0
2024-12-28 10:00:00,94298.9047292391,90600.7180821918,169968,87469.0
2024-12-28 11:00:00,94298.9047292391,92930.37671232875,169014,87363.0
2024-12-28 12:00:00,94327.92907885987,88896.79808219179,168004,86452.0
2024-12-28 13:00:00,94134.83343307118,88727.58109589042,166626,85392.0
2024-12-28 14:00:00,94134.83343307118,88729.37123287671,165612,84850.0
2024-12-28 15:00:00,94134.83343307118,88739.0,165458,84785.0
2024-12-28 16:00:00,94327.92907885987,90740.28767123289,165220,86489.0
2024-12-28 17:00:00,98648.58090725508,93738.0,165886,89762.0
2024-12-28 18:00:00,98648.58090725508,91812.92301369864,166119,90072.0
2024-12-28 19:00:00,94626.54430756312,92691.44438356164,169685,88854.0
2024-12-28 20:00:00,94298.9047292391,93432.03123287672,169500,87501.0
2024-12-28 21:00:00,94134.83343307118,88739.0,169824,85311.0
2024-12-28 22:00:00,93382.98443831716,86988.71342465754,170117,82231.0
2024-12-28 23:00:00,92679.3231217016,83541.68136986301,170255,78919.0
2024-12-29 00:00:00,92679.3231217016,77045.05287671233,166145,75774.0
2024-12-29 01:00:00,92679.3231217016,75301.46328767123,166748,73516.0
2024-12-29 02:00:00,92679.3231217016,74532.51616438356,167695,72062.0
2024-12-29 03:00:00,92679.3231217016,73592.0,168361,71333.0
2024-12-29 04:00:00,92679.3231217016,73592.0,169384,71203.0
2024-12-29 05:00:00,92679.3231217016,74246.49041095891,169715,72045.0
2024-12-29 06:00:00,92679.3231217016,75566.76164383562,171382,73746.0
2024-12-29 07:00:00,92679.3231217016,78524.51616438356,172205,75902.0
2024-12-29 08:00:00,92679.3231217016,82752.0,173047,78010.0
2024-12-29 09:00:00,92679.3231217016,85084.63698630137,173774,79389.0
2024-12-29 10:00:00,92679.3231217016,83601.0,173280,79863.0
2024-12-29 11:00:00,92679.3231217016,83860.0,173922,79824.0
2024-12-29 12:00:00,92797.55325314232,83860.0,173586,80485.0
2024-12-29 13:00:00,92797.55325314232,83860.0,172979,80674.0
2024-12-29 14:00:00,92797.55325314232,84369.78739726027,173200,80901.0
2024-12-29 15:00:00,93382.98443831716,85953.92246575342,174739,81503.0
2024-12-29 16:00:00,94134.83343307118,88769.0893150685,174692,84083.0
2024-12-29 17:00:00,94491.12740286293,89349.4304109589,175036,87882.0
2024-12-29 18:00:00,94626.54430756312,90804.06356164384,175062,88297.0
2024-12-29 19:00:00,94298.9047292391,92124.0,174048,87331.0
2024-12-29 20:00:00,94327.92907885987,89171.0,173831,85869.0
2024-12-29 21:00:00,94134.83343307118,87928.0,173870,83548.0
2024-12-29 22:00:00,92797.55325314232,84695.46931506849,173801,80481.0
2024-12-29 23:00:00,92679.3231217016,82174.0,173482,77101.0
2024-12-30 00:00:00,92679.3231217016,76514.0,170645,74460.0
2024-12-30 01:00:00,92679.3231217016,76394.01643835616,170366,72486.0
2024-12-30 02:00:00,92679.3231217016,75343.0,170910,71618.0
2024-12-30 03:00:00,92679.3231217016,75308.0,170726,71499.0
2024-12-30 04:00:00,92679.3231217016,75564.53753424657,170691,72889.0
2024-12-30 05:00:00,92679.3231217016,83725.4194520548,170399,76119.0
2024-12-30 06:00:00,94134.83343307118,87894.29780821918,171564,81426.0
2024-12-30 07:00:00,98811.21062208444,93626.78383561644,171858,85815.0
2024-12-30 08:00:00,100058.33210454736,95724.0,173280,87228.0
2024-12-30 09:00:00,99204.96244670232,95664.46438356164,174392,87103.0
2024-12-30 10:00:00,99204.96244670232,95079.28876712327,176772,86480.0
2024-12-30 11:00:00,98177.71798127398,95094.50493150685,175187,85543.0
2024-12-30 12:00:00,94673.18508432285,95797.91506849317,174640,84934.0
2024-12-30 13:00:00,94626.54430756312,95799.0,174268,84809.0
2024-12-30 14:00:00,94626.54430756312,95799.0,174240,84791.0
2024-12-30 15:00:00,97554.6989626052,95094.50493150685,172229,85274.0
2024-12-30 16:00:00,100953.1346132427,94145.90657534248,170077,87976.0
2024-12-30 17:00:00,108933.06733769029,101643.0,170551,92885.0
2024-12-30 18:00:00,108933.06733769029,102167.81095890413,171418,94152.0
2024-12-30 19:00:00,106067.40916376552,101140.0,174332,93530.0
2024-12-30 20:00:00,105028.41848675102,97858.30767123288,173951,92333.0
2024-12-30 21:00:00,100714.27921452606,95701.6504109589,174275,90614.0
2024-12-30 22:00:00,94491.12740286293,93463.358630137,174299,87432.0
2024-12-30 23:00:00,94134.83343307118,89461.0,174013,84242.0
2024-12-31 00:00:00,92679.3231217016,83546.0,174120,81412.0
2024-12-31 01:00:00,92679.3231217016,79926.40191780822,174992,79621.0
2024-12-31 02:00:00,92679.3231217016,79961.24219178082,175196,78882.0
2024-12-31 03:00:00,92679.3231217016,78850.4597260274,175474,78810.0
2024-12-31 04:00:00,92679.3231217016,79786.65315068493,175674,80152.0
2024-12-31 05:00:00,92679.3231217016,80496.0,175823,83536.0
2024-12-31 06:00:00,93041.2930177194,82648.08356164384,177682,88260.0
2024-12-31 07:00:00,94134.83343307118,89461.0,178076,92129.0
2024-12-31 08:00:00,94134.83343307118,88739.0,180012,92618.0
2024-12-31 09:00:00,94134.83343307118,89072.69671232876,180809,90768.0
2024-12-31 10:00:00,94134.83343307118,89394.79205479453,180794,89252.0
2024-12-31 11:00:00,93382.98443831716,87268.49041095891,180931,88206.0
2024-12-31 12:00:00,93382.98443831716,85176.40191780822,180688,87408.0
2024-12-31 13:00:00,93382.98443831716,84502.18849315068,180444,87154.0
2024-12-31 14:00:00,93382.98443831716,85649.0,179772,87505.0
2024-12-31 15:00:00,93514.7072505474,89461.0,179132,88422.0
2024-12-31 16:00:00,94327.92907885987,88495.0,178598,91063.0
2024-12-31 17:00:00,99487.46394458582,95724.0,178685,94621.0
2024-12-31 18:00:00,100390.24094382828,96660.8802739726,179142,93827.0
2024-12-31 19:00:00,99487.46394458582,95724.0,176874,91116.0
2024-12-31 20:00:00,98648.58090725508,95079.28876712327,176606,88461.0
2024-12-31 21:00:00,94298.9047292391,93507.0,176801,85964.0
2024-12-31 22:00:00,94134.83343307118,87509.86082191781,176516,83433.0
2024-12-31 23:00:00,92797.55325314232,83210.85945205479,176229,81161.0
