,Ours,Competitor1,Competitor2,PJM,Demand
2024-01-01 01:00:00,94290.41294178151,85704.98246575343,102465.10988399904,178974,80933.0
2024-01-01 02:00:00,188072.41261267726,168247.98246575345,204603.53550961,357847,160608.0
2024-01-01 03:00:00,281854.412283573,250886.08602739728,306415.28243927925,536004,239519.0
2024-01-01 04:00:00,375799.9244603424,333204.0860273973,407900.3564415049,714019,318999.0
2024-01-01 05:00:00,470090.3374021239,418442.7665753425,509058.7635001524,892372,399972.0
2024-01-01 06:00:00,564337.2977868989,507589.7665753425,609890.5098242462,1070830,482822.0
2024-01-01 07:00:00,658842.5094753017,599056.7665753425,710395.6018582663,1249632,567101.0
2024-01-01 08:00:00,753608.5604025283,692183.488219178,810574.0462929752,1428828,652573.0
2024-01-01 09:00:00,852184.1304139415,788334.4558904109,910425.8500768121,1608267,739206.0
2024-01-01 10:00:00,947626.8937011079,881852.6065753425,1009951.0204278727,1786997,826999.0
2024-01-01 11:00:00,1042392.9446283345,974979.3282191781,1109149.5648465233,1964991,915640.0
2024-01-01 12:00:00,1137079.8822427953,1068106.0498630137,1208021.4911286745,2142395,1005197.0
2024-01-01 13:00:00,1231766.8198572563,1159627.0498630137,1306566.8073797552,2319232,1095459.0
2024-01-01 14:00:00,1326453.7574717172,1251148.0498630137,1404785.5220294278,2495754,1186028.0
2024-01-01 15:00:00,1421219.8083989436,1344193.0498630137,1502677.6438470855,2672229,1277620.0
2024-01-01 16:00:00,1521858.764078815,1442065.4589041094,1600243.1819581762,2848968,1371810.0
2024-01-01 17:00:00,1630201.9322313473,1544906.5331506848,1697482.145861402,3025754,1469777.0
2024-01-01 18:00:00,1741174.0264477707,1650548.5356164381,1794394.5454468424,3202763,1568156.0
2024-01-01 19:00:00,1851267.3631725258,1756220.3194520546,1890980.3910150586,3382809,1665531.0
2024-01-01 20:00:00,1959610.531325058,1861015.3194520546,1987239.6932972295,3563454,1761100.0
2024-01-01 21:00:00,2064072.6388637568,1963421.3194520546,2083172.463476385,3744176,1854612.0
2024-01-01 22:00:00,2164711.5945436284,2059713.3194520546,2178778.713209798,3924411,1944539.0
2024-01-01 23:00:00,2259477.645470855,2152758.319452055,2274058.454652603,4104749,2031007.0
2024-01-02 00:00:00,2354164.583085316,2244209.208219178,2375369.34300036,4282147,2115077.0
2024-01-02 01:00:00,2448411.5434700907,2335658.550958904,2476353.552694375,4459523,2197889.0
2024-01-02 02:00:00,2542658.5038548657,2425161.550958904,2577011.0895085842,4637718,2280053.0
2024-01-02 03:00:00,2636905.4642396406,2516576.2843835615,2677341.9594326154,4815887,2362673.0
2024-01-02 04:00:00,2731592.4018541016,2608097.2843835615,2777346.168681602,4994282,2447468.0
2024-01-02 05:00:00,2832231.357533973,2705976.2843835615,2877023.7237064973,5173385,2536917.0
2024-01-02 06:00:00,2943203.4517503968,2810174.2843835615,2976374.631204926,5352871,2633373.0
2024-01-02 07:00:00,3058910.5674920455,2919119.7920547943,3075398.898132595,5533221,2735121.0
2024-01-02 08:00:00,3174617.683233694,3028250.3167123287,3174096.5317153027,5715335,2837919.0
2024-01-02 09:00:00,3290185.707757213,3132970.3167123287,3272467.5394615773,5898693,2939819.0
2024-01-02 10:00:00,3401513.532702411,3236331.178356164,3370511.9291759757,6081831,3040409.0
2024-01-02 11:00:00,3509856.7008549436,3341126.178356164,3468229.708973088,6264881,3138941.0
2024-01-02 12:00:00,3616789.6911979835,3449652.0772602735,3565620.887292281,6448223,3236054.0
2024-01-02 13:00:00,3721251.798736682,3551993.8221917804,3662685.4729132284,6631326,3332352.0
2024-01-02 14:00:00,3825713.906275381,3651806.8221917804,3759423.4749722704,6814055,3428199.0
2024-01-02 15:00:00,3930176.0138140796,3753371.0958904107,3855834.902979647,6996170,3524754.0
2024-01-02 16:00:00,4040269.3505388345,3858497.0958904107,3951919.76683766,7176768,3624553.0
2024-01-02 17:00:00,4155976.466280483,3965498.166027397,4047678.07685982,7356979,3730026.0
2024-01-02 18:00:00,4271683.582022131,4073758.166027397,4143109.8437910224,7536986,3837232.0
2024-01-02 19:00:00,4387390.69776378,4182746.0934246574,4238215.078828828,7716051,3943903.0
2024-01-02 20:00:00,4503097.813505429,4290624.495342465,4332993.793645905,7894732,4049261.0
2024-01-02 21:00:00,4618665.838028948,4395344.495342465,4427446.000413696,8073298,4152009.0
2024-01-02 22:00:00,4727009.00618148,4498155.218630136,4521571.711827391,8252102,4250945.0
2024-01-02 23:00:00,4829740.433272009,4596574.218630136,4615370.9411322735,8430970,4346058.0
2024-01-03 00:00:00,4930100.931434372,4694493.218630136,4715200.940734202,8607852,4438404.0
2024-01-03 01:00:00,5024866.982361599,4786804.218630136,4814704.273499027,8784102,4529468.0
2024-01-03 02:00:00,5119553.919976059,4879838.613424657,4913880.945647986,8960407,4619993.0
2024-01-03 03:00:00,5214319.970903286,4972883.613424657,5012730.963638504,9136599,4711013.0
2024-01-03 04:00:00,5314680.469065649,5067416.423561643,5111254.334175063,9312290,4803906.0
2024-01-03 05:00:00,5419142.576604348,5165392.790684931,5209451.064220639,9488168,4901408.0
2024-01-03 06:00:00,5534710.601127867,5271781.790684931,5307321.1610087305,9664252,5006005.0
2024-01-03 07:00:00,5650417.716869515,5382222.430958903,5404864.632056025,9840396,5115126.0
2024-01-03 08:00:00,5766124.832611164,5492614.430958903,5502081.485175724,10017743,5223645.0
2024-01-03 09:00:00,5881831.948352813,5601565.471780821,5598971.728491578,10195654,5328220.0
2024-01-03 10:00:00,5996027.665968925,5706900.471780821,5695535.370452658,10373206,5428934.0
2024-01-03 11:00:00,6106999.760185348,5810037.88438356,5791772.41984892,10550114,5527132.0
2024-01-03 12:00:00,6214681.311175014,5910977.3969863,5887682.885827594,10726980,5623699.0
2024-01-03 13:00:00,6319143.418713712,6012097.3969863,5983266.777910461,10903978,5719475.0
2024-01-03 14:00:00,6423605.52625241,6114437.053424656,6078524.106012046,11080179,5814880.0
2024-01-03 15:00:00,6528067.633791109,6216036.4789041085,6173454.88045881,11255859,5911646.0
2024-01-03 16:00:00,6639039.728007532,6321108.693424656,6268059.112009369,11431789,6011648.0
2024-01-03 17:00:00,6754746.84374918,6427303.093150684,6362336.811875818,11607800,6116482.0
2024-01-03 18:00:00,6870453.959490829,6535564.325479451,6456287.991746225,11784677,6222056.0
2024-01-03 19:00:00,6986161.075232478,6643438.631780821,6549912.663808347,11964088,6326675.0
2024-01-03 20:00:00,7101868.190974127,6749093.631780821,6643210.840774656,12142788,6429823.0
2024-01-03 21:00:00,7215264.886583514,6853216.631780821,6736182.535908751,12321560,6529953.0
2024-01-03 22:00:00,7322197.876926553,6956896.631780821,6828827.7630532235,12500278,6625485.0
2024-01-03 23:00:00,7422558.375088917,7053246.0315068485,6921146.536659076,12679375,6716431.0
2024-01-04 00:00:00,7518660.826147622,7146031.0315068485,7019495.671683004,12855432,6804124.0
2024-01-04 01:00:00,7613347.763762083,7237492.311506849,7117518.1526138075,13031155,6890226.0
2024-01-04 02:00:00,7707852.975450486,7328959.311506849,7215213.986162823,13206823,6975409.0
2024-01-04 03:00:00,7802539.913064946,7422376.5063013695,7312583.1793002905,13382628,7060769.0
2024-01-04 04:00:00,7897305.963992173,7515421.5063013695,7409625.739267409,13558677,7147760.0
2024-01-04 05:00:00,8001375.026649517,7613873.5063013695,7506341.673589023,13735277,7239283.0
2024-01-04 06:00:00,8114771.722258904,7723775.831506849,7602730.990086979,13912138,7337758.0
2024-01-04 07:00:00,8230478.838000553,7832791.831506849,7698793.696894186,14089157,7440994.0
2024-01-04 08:00:00,8346185.953742201,7941325.209863014,7794529.802469417,14266950,7545136.0
2024-01-04 09:00:00,8461893.06948385,8050238.847671233,7889939.31561291,14445173,7648937.0
2024-01-04 10:00:00,8577461.09400737,8154958.847671233,7985022.245482788,14623678,7752054.0
2024-01-04 11:00:00,8689671.508664593,8259240.847671233,8079778.60161237,14801476,7853835.0
2024-01-04 12:00:00,8799764.845389348,8362763.269589041,8174208.39392841,14979088,7954675.0
2024-01-04 13:00:00,8908108.01354188,8464347.65150685,8268311.632770318,15156563,8055391.0
2024-01-04 14:00:00,9016451.18169441,8565494.386849316,8362088.328910433,15333959,8155277.0
2024-01-04 15:00:00,9126544.518419165,8668719.32630137,8455538.49357539,15511961,8255099.0
2024-01-04 16:00:00,9242112.542942684,8779733.256438356,8548662.138468659,15689221,8357460.0
2024-01-04 17:00:00,9358108.55988865,8890752.256438356,8641459.275794314,15866144,8465460.0
2024-01-04 18:00:00,9476425.918849604,9004852.106849315,8733929.918282123,16043343,8575442.0
2024-01-04 19:00:00,9593756.234102817,9119420.106849315,8826074.079214001,16221811,8685204.0
2024-01-04 20:00:00,9710258.571292032,9231565.522465752,8917891.772451952,16400726,8793861.0
2024-01-04 21:00:00,9825965.68703368,9341346.522465752,9009383.012467546,16579990,8900134.0
2024-01-04 22:00:00,9941533.711557198,9450238.734246574,9100547.814373052,16758920,9002602.0
2024-01-04 23:00:00,10051627.048281953,9552673.734246574,9191386.193954302,16938239,9101353.0
2024-01-05 00:00:00,10156089.155820651,9651647.098356163,9288254.49049001,17113378,9197752.0
2024-01-05 01:00:00,10260158.218477994,9748989.601095889,9384796.146693265,17288573,9293148.0
2024-01-05 02:00:00,10363230.183913847,9847380.311506847,9481011.16981296,17463497,9388369.0
2024-01-05 03:00:00,10467458.680654751,9944285.67068493,9576899.5673821,17638908,9484355.0
2024-01-05 04:00:00,10571920.78819345,10052876.193150684,9672461.347231168,17813933,9582537.0
2024-01-05 05:00:00,10685317.483802836,10159076.591506848,9767696.517502235,17990511,9685706.0
2024-01-05 06:00:00,10801024.599544484,10270596.623013698,9862605.086663777,18167799,9796164.0
2024-01-05 07:00:00,10923610.925185043,10387050.57068493,9957187.06352631,18345350,9911634.0
2024-01-05 08:00:00,11045774.412797311,10501048.707123287,10051442.457258852,18524192,10026383.0
2024-01-05 09:00:00,11162276.749986526,10613031.707123287,10145371.27740626,18703151,10136670.0
2024-01-05 10:00:00,11277983.865728173,10723035.176986301,10238973.533907516,18881374,10242299.0
2024-01-05 11:00:00,11393551.890251692,10827755.176986301,10332249.237114985,19058855,10344232.0
2024-01-05 12:00:00,11504879.71519689,10932037.176986301,10425198.39781473,19235799,10443384.0
2024-01-05 13:00:00,11613222.883349422,11036797.94739726,10517821.02724793,19412944,10540374.0
2024-01-05 14:00:00,11720904.43433909,11138939.94739726,10610117.137133459,19590364,10636399.0
2024-01-05 15:00:00,11829247.60249162,11242435.21890411,10702086.739691718,19767316,10733210.0
2024-01-05 16:00:00,11942644.298101008,11352392.74,10793729.847669767,19943480,10833790.0
2024-01-05 17:00:00,12058351.413842656,11462487.785753425,10885046.474367851,20120358,10939955.0
2024-01-05 18:00:00,12174058.529584303,11575096.785753425,10976036.633667393,20298055,11047525.0
2024-01-05 19:00:00,12289765.645325951,11684834.785753425,11066700.340060541,20478269,11154559.0
2024-01-05 20:00:00,12405472.761067599,11794559.576712329,11157037.608681368,20658643,11260540.0
2024-01-05 21:00:00,12521179.876809247,11904980.410684932,11247048.455338815,20838729,11364382.0
2024-01-05 22:00:00,12634576.572418634,12011172.156712329,11336732.896551486,21018822,11464807.0
2024-01-05 23:00:00,12741646.840297485,12119612.42739726,11426090.949584397,21199030,11561487.0
2024-01-06 00:00:00,12843723.957052961,12219744.915068494,11521478.435830127,21374764,11655353.0
2024-01-06 01:00:00,12944084.455215324,12313504.259178083,11616539.296619898,21550981,11747315.0
2024-01-06 02:00:00,13040638.672066702,12406703.479178084,11711273.539792838,21727225,11838082.0
2024-01-06 03:00:00,13135404.722993929,12499440.599178083,11805681.17350017,21903461,11928330.0
2024-01-06 04:00:00,13231958.939845307,12592186.425753426,11899762.206220075,22080060,12018744.0
2024-01-06 05:00:00,13332319.43800767,12690008.425753426,11993516.64677335,22256521,12110296.0
2024-01-06 06:00:00,13436388.500665013,12787088.163835617,12086944.504339902,22433617,12204160.0
2024-01-06 07:00:00,13543458.768543864,12887867.644931506,12180045.788476132,22610591,12300520.0
2024-01-06 08:00:00,13654430.862760287,12997039.644931506,12272820.50913325,22787133,12398895.0
2024-01-06 09:00:00,13765758.687705485,13107537.67589041,12365268.676676575,22963943,12499202.0
2024-01-06 10:00:00,13876730.781921908,13218072.67589041,12457390.3019059,23140721,12600727.0
2024-01-06 11:00:00,13986824.118646663,13328566.828219177,12549185.396076946,23317257,12702669.0
2024-01-06 12:00:00,14093894.386525514,13433289.870136986,12640653.970923997,23493833,12804614.0
2024-01-06 13:00:00,14198356.494064212,13535666.332876712,12731796.038683787,23669744,12906117.0
2024-01-06 14:00:00,14302818.60160291,13636983.332876712,12822611.612120675,23845496,13006975.0
2024-01-06 15:00:00,14407280.709141608,13738286.527123287,12913100.70455324,24022157,13107466.0
2024-01-06 16:00:00,14514498.288465599,13840504.411506848,13003263.329882333,24198757,13208989.0
2024-01-06 17:00:00,14627894.984074986,13946714.411506848,13093099.502620686,24375519,13312694.0
2024-01-06 18:00:00,14741291.679684373,14052343.411506848,13182609.23792419,24552252,13416000.0
2024-01-06 19:00:00,14852619.504629571,14156612.500821916,13271792.551624905,24731553,13517516.0
2024-01-06 20:00:00,14962712.841354325,14262813.928767122,13360649.460265936,24910773,13616911.0
2024-01-06 21:00:00,15069645.831697365,14371265.99808219,13449179.98113827,25090113,13713612.0
2024-01-06 22:00:00,15171722.948452841,14470988.877534246,13537384.132319693,25269759,13807094.0
2024-01-06 23:00:00,15267165.711740008,14564115.599178081,13625261.932715917,25449648,13897180.0
2024-01-07 00:00:00,15361412.672124783,14654003.193150684,13719168.639185386,25625304,13984483.0
2024-01-07 01:00:00,15455659.632509558,14741359.193150684,13812748.736301288,25800997,14070080.0
2024-01-07 02:00:00,15549950.04545134,14827802.193150684,13906002.232551504,25976760,14154499.0
2024-01-07 03:00:00,15644240.458393121,14914245.193150684,13998929.136767112,26153436,14238388.0
2024-01-07 04:00:00,15738530.871334903,15000688.193150684,14091529.458138911,26330639,14322610.0
2024-01-07 05:00:00,15832777.831719678,15088044.193150684,14183803.206234843,26508205,14408039.0
2024-01-07 06:00:00,15927024.792104453,15177935.61150685,14275750.391018346,26686424,14495416.0
2024-01-07 07:00:00,16021711.729718914,15268391.735068493,14367371.022867698,26864870,14585221.0
2024-01-07 08:00:00,16121709.388476845,15360992.735068493,14458665.112596422,27043787,14677013.0
2024-01-07 09:00:00,16222069.886639208,15455909.50109589,14549632.671474785,27223774,14770129.0
2024-01-07 10:00:00,16322430.38480157,15549642.50109589,14640273.711252488,27404666,14862859.0
2024-01-07 11:00:00,16422428.043559501,15645261.499452053,14730588.244182594,27585609,14954985.0
2024-01-07 12:00:00,16522425.702317432,15740930.499452053,14820576.283046775,27766662,15047003.0
2024-01-07 13:00:00,16617868.465604598,15833348.172602737,14910237.841181945,27947332,15139124.0
2024-01-07 14:00:00,16712634.516531825,15927440.960821915,14999572.93250839,28127380,15231650.0
2024-01-07 15:00:00,16812193.846038718,16022632.037534244,15088581.571559442,28307566,15325255.0
2024-01-07 16:00:00,16914270.962794196,16121957.037534244,15177263.773512814,28487556,15421816.0
2024-01-07 17:00:00,17022614.13094673,16232492.037534244,15265619.554223698,28667198,15522363.0
2024-01-07 18:00:00,17133586.225163154,16343027.037534244,15353648.930259712,28845974,15623610.0
2024-01-07 19:00:00,17243679.56188791,16453562.037534244,15441351.918937828,29026361,15724127.0
2024-01-07 20:00:00,17352022.730040442,16564097.037534244,15528728.538363371,29206194,15823083.0
2024-01-07 21:00:00,17456484.837579142,16672883.037534244,15615778.807471247,29386148,15918980.0
2024-01-07 22:00:00,17557123.793259013,16769175.037534244,15702502.746069506,29566039,16011193.0
2024-01-07 23:00:00,17651810.730873473,16861685.38164383,15788900.374885391,29746051,16099889.0
2024-01-08 00:00:00,17746057.691258248,16952480.252602737,15891381.142928798,29922031,16185933.0
2024-01-08 01:00:00,17840304.651643023,17041867.553150684,15993535.257837921,30097701,16270859.0
2024-01-08 02:00:00,17934551.612027798,17126966.067123286,16095362.726349037,30273473,16355266.0
2024-01-08 03:00:00,18028798.572412573,17216274.067123286,16196863.555458229,30449265,16440170.0
2024-01-08 04:00:00,18123303.784100976,17307741.067123286,16298037.75243349,30625727,16527611.0
2024-01-08 05:00:00,18223664.28226334,17404026.770958904,16398885.324827446,30802674,16620217.0
2024-01-08 06:00:00,18334636.376479764,17509673.384383563,16499406.280490762,30980546,16720777.0
2024-01-08 07:00:00,18450343.49222141,17618808.384383563,16599600.627586244,31158930,16826709.0
2024-01-08 08:00:00,18566050.60796306,17727943.384383563,16699468.374603698,31339020,16932690.0
2024-01-08 09:00:00,18681618.632486578,17834661.55232877,16799009.530375574,31520616,17035847.0
2024-01-08 10:00:00,18795015.328095965,17941956.746849317,16898224.104093444,31702582,17136093.0
2024-01-08 11:00:00,18905987.42231239,18047643.746849317,16997112.10532537,31883805,17234106.0
2024-01-08 12:00:00,19014330.590464924,18152438.746849317,17095673.54403421,32063959,17330625.0
2024-01-08 13:00:00,19121400.858343776,18256077.03123288,17193908.430596884,32244038,17426131.0
2024-01-08 14:00:00,19228333.848686818,18359700.858904112,17291816.775824737,32423891,17521083.0
2024-01-08 15:00:00,19335404.11656567,18461775.864383563,17389398.590984955,32604018,17616939.0
2024-01-08 16:00:00,19446731.941510867,18568061.423013702,17486653.887823198,32784085,17716042.0
2024-01-08 17:00:00,19562439.057252515,18678908.423013702,17583582.678587426,32965245,17820607.0
2024-01-08 18:00:00,19678146.172994163,18790115.423013702,17680184.976053085,33147963,17926895.0
2024-01-08 19:00:00,19793853.28873581,18901322.423013702,17776460.793549646,33327889,18032724.0
2024-01-08 20:00:00,19909560.40447746,19012133.376164388,17872410.14498863,33507773,18137345.0
2024-01-08 21:00:00,20025128.429000977,19117574.688219182,17968033.04489319,33687530,18239220.0
2024-01-08 22:00:00,20133471.59715351,19222369.688219182,18063329.508429334,33866924,18336757.0
2024-01-08 23:00:00,20237540.659810856,19321284.945479456,18158299.551438905,34046741,18430157.0
2024-01-09 00:00:00,20332227.597425316,19414116.0090411,18259299.483020324,34227868,18520498.0
2024-01-09 01:00:00,20426616.27845063,19505272.0090411,18359972.775281146,34408816,18609005.0
2024-01-09 02:00:00,20520863.238835406,19594762.695068497,18460319.43549714,34590252,18696932.0
2024-01-09 03:00:00,20615110.19922018,19684265.695068497,18560339.471229173,34771805,18784751.0
2024-01-09 04:00:00,20709498.880245496,19775144.695068497,18660032.890336644,34952923,18873941.0
2024-01-09 05:00:00,20809496.539003428,19869232.695068497,18759399.700991612,35134130,18967165.0
2024-01-09 06:00:00,20916566.80688228,19972912.695068497,18858439.91169369,35316541,19066892.0
2024-01-09 07:00:00,21031124.682001624,20081739.695068497,18957153.531285703,35497942,19171503.0
2024-01-09 08:00:00,21146692.706525143,20188103.768767126,19055540.56897023,35679190,19277279.0
2024-01-09 09:00:00,21262260.731048662,20295184.768767126,19153601.034326985,35859726,19383301.0
2024-01-09 10:00:00,21375657.42665805,20400613.279178083,19251334.93733117,36039492,19489683.0
2024-01-09 11:00:00,21486629.520874474,20502560.73671233,19348742.288372785,36218001,19595645.0
2024-01-09 12:00:00,21594972.689027008,20607355.73671233,19445823.09827703,36396086,19701046.0
2024-01-09 13:00:00,21702654.240016673,20709429.440273974,19542577.37832577,36573338,19805709.0
2024-01-09 14:00:00,21809587.230359714,20810546.67369863,19639005.140280213,36750497,19908816.0
2024-01-09 15:00:00,21914049.337898415,20908834.67369863,19735106.396404795,36928478,20011002.0
2024-01-09 16:00:00,22022392.506050948,21010451.221369863,19830881.159492414,37107785,20113776.0
2024-01-09 17:00:00,22135789.201660335,21117168.792054795,19926329.442891035,37287047,20218054.0
2024-01-09 18:00:00,22249185.897269722,21224464.664657533,20021451.26053177,37466216,20321185.0
2024-01-09 19:00:00,22360157.991486147,21328788.664657533,20116246.626958527,37645207,20421621.0
2024-01-09 20:00:00,22467228.259365,21429733.249315068,20210715.557359315,37824671,20518900.0
2024-01-09 21:00:00,22570434.0374201,21528628.543835618,20304858.067599285,38004335,20612325.0
2024-01-09 22:00:00,22665120.97503456,21621612.2890411,20398674.174255643,38183646,20701047.0
2024-01-09 23:00:00,22759367.935419336,21709761.307945207,20492163.894654516,38363015,20785400.0
2024-01-10 00:00:00,22853149.935090233,21792070.48712329,20591683.01808489,38541402,20867137.0
2024-01-10 01:00:00,22946931.93476113,21872899.21232877,20690875.51712831,38719788,20947082.0
2024-01-10 02:00:00,23040713.934432026,21956003.232054796,20789741.399652906,38898060,21026289.0
2024-01-10 03:00:00,23134495.934102923,22036845.27561644,20888280.673839986,39076371,21106159.0
2024-01-10 04:00:00,23228277.93377382,22119026.694794524,20986493.34819896,39254994,21187998.0
2024-01-10 05:00:00,23322524.894158594,22206378.694794524,21084379.43158305,39435146,21274298.0
2024-01-10 06:00:00,23422522.552916527,22302023.29753425,21181938.933205824,39615044,21367522.0
2024-01-10 07:00:00,23526984.660455227,22403632.29753425,21279171.862658657,39795260,21466343.0
2024-01-10 08:00:00,23634666.211444892,22510675.45452055,21376078.229929093,39976336,21566508.0
2024-01-10 09:00:00,23741883.79076888,22612895.45452055,21472658.045420222,40158278,21665572.0
2024-01-10 10:00:00,23848954.058647733,22714789.002465755,21568911.319971096,40339565,21764145.0
2024-01-10 11:00:00,23953416.166186433,22816396.266575344,21664838.064878263,40520215,21862682.0
2024-01-10 12:00:00,24057878.273725133,22918802.266575344,21760438.29191848,40700921,21962284.0
2024-01-10 13:00:00,24162340.381263833,23021103.84191781,21855712.013372667,40881958,22062371.0
2024-01-10 14:00:00,24266802.488802534,23123418.490684934,21950659.242051184,41062700,22161901.0
2024-01-10 15:00:00,24371264.596341234,23225824.490684934,22045279.99132049,41242440,22261804.0
2024-01-10 16:00:00,24479607.764493767,23328596.490684934,22139574.2751313,41421322,22363905.0
2024-01-10 17:00:00,24595175.789017286,23436394.45753425,22233542.10804829,41600674,22469447.0
2024-01-10 18:00:00,24710882.904758934,23543811.45753425,22327183.505281474,41780722,22575441.0
2024-01-10 19:00:00,24826560.494552348,23650426.514794525,22420498.48271933,41959434,22680472.0
2024-01-10 20:00:00,24942128.519075867,23755901.871780828,22513487.056963768,42138098,22783736.0
2024-01-10 21:00:00,25053100.61329229,23861588.871780828,22606149.24536711,42317049,22884076.0
2024-01-10 22:00:00,25157562.720830992,23963890.447123293,22698485.06607112,42496190,22980135.0
2024-01-10 23:00:00,25257923.218993355,24061809.447123293,22790494.53804827,42675352,23071829.0
2024-01-11 00:00:00,25352428.430681758,24152925.447123293,22888532.883962862,42853911,23160572.0
2024-01-11 01:00:00,25446675.391066533,24241404.447123293,22986244.62165458,43032286,23247860.0
2024-01-11 02:00:00,25540922.351451308,24330040.08027398,23083629.759642635,43210764,23334693.0
2024-01-11 03:00:00,25635169.311836082,24418675.713424664,23180688.306790628,43389827,23421965.0
2024-01-11 04:00:00,25729674.523524486,24509791.713424664,23277420.272323135,43570059,23511224.0
2024-01-11 05:00:00,25830035.02168685,24606070.039726034,23373825.665843185,43752159,23605291.0
2024-01-11 06:00:00,25941007.115903273,24710268.039726034,23469904.49735067,43933847,23706926.0
2024-01-11 07:00:00,26056709.191712074,24818748.039726034,23565656.77726176,44115961,23813354.0
2024-01-11 08:00:00,26172274.86713887,24926410.975616444,23661082.51642937,44298930,23919460.0
2024-01-11 09:00:00,26285671.562748257,25033443.64547946,23756181.726164732,44482604,24022020.0
2024-01-11 10:00:00,26395764.89947301,25139064.329041105,23850954.418260165,44665524,24121551.0
2024-01-11 11:00:00,26502835.167351864,25242697.67698631,23945400.605013072,44847669,24218576.0
2024-01-11 12:00:00,26607297.274890564,25345103.67698631,24039520.299251277,45028383,24313108.0
2024-01-11 13:00:00,26711759.382429264,25444741.47068494,24133313.514359746,45208820,24406033.0
2024-01-11 14:00:00,26815828.44508661,25543552.54000001,24226780.264308803,45389629,24498129.0
2024-01-11 15:00:00,26920290.55262531,25643266.224657543,24319920.563683905,45567682,24590478.0
2024-01-11 16:00:00,27027972.103614975,25745300.980821926,24412734.42771708,45744040,24685575.0
2024-01-11 17:00:00,27143540.128138494,25851124.980821926,24505221.872320134,45920068,24785862.0
2024-01-11 18:00:00,27259094.833282236,25958805.980821926,24597382.91411971,46096217,24888174.0
2024-01-11 19:00:00,27374662.857805755,26065194.980821926,24689217.57049433,46275117,24990269.0
2024-01-11 20:00:00,27488168.24730986,26172179.91369864,24780725.85961354,46454652,25091544.0
2024-01-11 21:00:00,27598261.584034614,26275712.91369864,24871907.80047925,46634228,25190450.0
2024-01-11 22:00:00,27702330.64669196,26374697.046849325,24962763.412969436,46813841,25285600.0
2024-01-11 23:00:00,27798433.097750664,26468208.09123289,25053292.71788437,46993624,25377302.0
2024-01-12 00:00:00,27893120.035365123,26558675.09123289,25149850.319473572,47172448,25466748.0
2024-01-12 01:00:00,27987366.9957499,26648010.09123289,25246081.330357186,47352378,25554985.0
2024-01-12 02:00:00,28081613.956134673,26736558.09123289,25341985.759770792,47532724,25643119.0
2024-01-12 03:00:00,28175860.91651945,26825037.09123289,25437563.617329076,47713794,25731895.0
2024-01-12 04:00:00,28270366.12820785,26918494.292876724,25532814.913044278,47895320,25823008.0
2024-01-12 05:00:00,28370726.626370214,27017397.292876724,25627739.657345653,48077232,25918676.0
2024-01-12 06:00:00,28480819.96309497,27121577.25589042,25722337.86109998,48259374,26021616.0
2024-01-12 07:00:00,28596387.987618487,27229884.750136998,25816609.53563318,48443333,26129477.0
2024-01-12 08:00:00,28711956.012142006,27339418.860273983,25910554.692753136,48628311,26236536.0
2024-01-12 09:00:00,28826151.729758117,27446498.860273983,26004173.34477374,48813747,26339738.0
2024-01-12 10:00:00,28937479.554703314,27552185.860273983,26097465.504540283,48998598,26439803.0
2024-01-12 11:00:00,29045822.722855847,27654298.38520549,26190431.185456246,49182960,26537696.0
2024-01-12 12:00:00,29152892.9907347,27753922.38520549,26283070.40151157,49366033,26634749.0
2024-01-12 13:00:00,29257355.0982734,27852886.82849316,26375383.167312495,49548232,26731568.0
2024-01-12 14:00:00,29361817.2058121,27951442.82849316,26467369.49811309,49729594,26828720.0
2024-01-12 15:00:00,29466279.3133508,28049998.82849316,26559029.40984849,49910764,26926373.0
2024-01-12 16:00:00,29573496.89267479,28152086.012328777,26650362.919170085,50091712,27026060.0
2024-01-12 17:00:00,29684950.68382811,28259423.455068503,26741370.043482624,50273676,27128290.0
2024-01-12 18:00:00,29795922.778044537,28363739.42657535,26832050.800983433,50456499,27229669.0
2024-01-12 19:00:00,29904265.94619707,28463243.330958914,26922405.210703876,50636750,27328711.0
2024-01-12 20:00:00,30008728.05373577,28561799.330958914,27012433.292553164,50816180,27425083.0
2024-01-12 21:00:00,30109176.85071916,28657111.22821919,27102135.06736466,50996223,27517973.0
2024-01-12 22:00:00,30203863.78833362,28749549.650958914,27191510.556944832,51176773,27606930.0
2024-01-12 23:00:00,30298110.748718396,28837742.745205488,27280559.784125034,51357539,27692107.0
2024-01-13 00:00:00,30392401.161660176,28923025.745205488,27375636.677391,51538093,27774089.0
2024-01-13 01:00:00,30486183.161331072,29004846.745205488,27470386.99895842,51718983,27853945.0
2024-01-13 02:00:00,30579965.16100197,29085517.433424667,27564810.75885189,51900294,27932421.0
2024-01-13 03:00:00,30673747.160672866,29166893.433424667,27658907.967513755,52082024,28010635.0
2024-01-13 04:00:00,30767529.160343762,29247564.121643845,27752678.635824654,52263744,28089741.0
2024-01-13 05:00:00,30861311.16001466,29331766.610958915,27846122.7751252,52445812,28170713.0
2024-01-13 06:00:00,30955601.57295644,29420818.610958915,27939240.397238847,52628470,28254804.0
2024-01-13 07:00:00,31049990.253981754,29511900.20630138,28032031.514495976,52811294,28342645.0
2024-01-13 08:00:00,31149549.583488647,29609715.29698631,28124496.139759358,52996525,28433070.0
2024-01-13 09:00:00,31250188.539168518,29709870.29698631,28216634.286450997,53182979,28525204.0
2024-01-13 10:00:00,31354257.601825863,29809604.29698631,28308445.968580455,53369134,28618959.0
2024-01-13 11:00:00,31458486.098566767,29910921.29698631,28399931.20077477,53555521,28713274.0
2024-01-13 12:00:00,31562555.161224112,30012195.36082193,28491089.99831004,53741751,28807609.0
2024-01-13 13:00:00,31664632.27797959,30112350.36082193,28581922.37714477,53927966,28900761.0
2024-01-13 14:00:00,31766134.14484359,30212505.36082193,28672428.353955094,54113772,28993708.0
2024-01-13 15:00:00,31869071.09349894,30312228.240273982,28762607.946171995,54298883,29087698.0
2024-01-13 16:00:00,31973533.20103764,30414634.240273982,28852461.17202061,54482552,29184926.0
2024-01-13 17:00:00,32084861.025982838,30520983.240273982,28941988.05056178,54666555,29286754.0
2024-01-13 18:00:00,32199056.74359895,30628063.240273982,29031188.601735953,54850237,29390691.0
2024-01-13 19:00:00,32312453.439208336,30733692.240273982,29120062.84640962,55030012,29494175.0
2024-01-13 20:00:00,32423781.264153533,30842864.240273982,29208610.806424357,55209554,29596769.0
2024-01-13 21:00:00,32532124.432306066,30946397.240273982,29296832.504648753,55388998,29697545.0
2024-01-13 22:00:00,32636586.539844766,31047700.434520558,29384727.96503326,55568328,29796021.0
2024-01-13 23:00:00,32737035.336828157,31146603.434520558,29472297.21266826,55747730,29891734.0
2024-01-14 00:00:00,32837395.83499052,31245506.434520558,29565893.436710432,55930174,29985294.0
2024-01-14 01:00:00,32936542.123839896,31343307.610958915,29659163.109702863,56112474,30077324.0
2024-01-14 02:00:00,33031984.887127064,31435602.610958915,29752106.24254006,56294986,30169001.0
2024-01-14 03:00:00,33128539.103978444,31529131.610958915,29844722.846577335,56477669,30260989.0
2024-01-14 04:00:00,33228536.762736376,31627050.610958915,29937012.9336537,56660497,30353988.0
2024-01-14 05:00:00,33329175.718416248,31725953.610958915,30028976.51611605,56843321,30448728.0
2024-01-14 06:00:00,33433637.825954948,31834736.220547955,30120613.60684463,57025938,30546349.0
2024-01-14 07:00:00,33543731.162679702,31945234.25150686,30211924.21927997,57209436,30647302.0
2024-01-14 08:00:00,33657127.85828909,32052581.25150686,30302908.36745127,57394886,30749475.0
2024-01-14 09:00:00,33770524.55389848,32159661.25150686,30393566.066006366,57581475,30850810.0
2024-01-14 10:00:00,33883921.249507874,32265290.25150686,30483897.33024341,57767865,30950519.0
2024-01-14 11:00:00,33997317.945117265,32374366.15369864,30573902.17614427,57953842,31049859.0
2024-01-14 12:00:00,34110714.640726656,32483442.055890422,30663580.62040985,58139434,31150560.0
2024-01-14 13:00:00,34224111.33633605,32592517.958082203,30752932.68049738,58324725,31250528.0
2024-01-14 14:00:00,34338307.05395216,32701606.94849316,30841958.37465982,58510988,31349544.0
2024-01-14 15:00:00,34454009.12976096,32815381.94849316,30930657.721987505,58696128,31449298.0
2024-01-14 16:00:00,34570005.146706924,32927482.94849316,31019030.74245215,58879315,31553503.0
2024-01-14 17:00:00,34698541.936072946,33047918.94849316,31107077.45695338,59061001,31663665.0
2024-01-14 18:00:00,34835768.65129037,33173433.964383572,31194797.887367923,59241587,31776407.0
2024-01-14 19:00:00,34972995.3665078,33299920.964383572,31282192.056601614,59421985,31888606.0
2024-01-14 20:00:00,35110222.081725225,33424470.846849326,31369259.98864441,59602534,32000207.0
2024-01-14 21:00:00,35237643.76880553,33542738.619178094,31456001.70862858,59783055,32109959.0
2024-01-14 22:00:00,35356957.76739617,33656789.55506851,31542417.24289027,59964073,32216552.0
2024-01-14 23:00:00,35472953.78434213,33769496.86575344,31628506.619034626,60145151,32320110.0
2024-01-15 00:00:00,35588660.90008378,33881193.19643837,31730676.604330953,60323711,32421425.0
2024-01-15 01:00:00,35704228.9246073,33991849.61479454,31832519.982533284,60502534,32521446.0
2024-01-15 02:00:00,35819796.94913082,34098669.58054796,31934036.76219209,60681180,32620851.0
2024-01-15 03:00:00,35935499.02493962,34209337.58054796,32035226.952203415,60859614,32720773.0
2024-01-15 04:00:00,36051206.14068127,34319118.58054796,32136090.56182554,61037651,32822399.0
2024-01-15 05:00:00,36170520.1392719,34442254.58054796,32236627.600696493,61215894,32927588.0
2024-01-15 06:00:00,36308548.872971,34569898.58054796,32336838.078852538,61394328,33037650.0
2024-01-15 07:00:00,36453656.905647375,34701336.58054796,32436722.006747648,61572181,33151815.0
2024-01-15 08:00:00,36598674.71854475,34836077.98684933,32536279.395274036,61749887,33268299.0
2024-01-15 09:00:00,36743782.75122113,34967515.98684933,32635510.2557838,61927489,33386232.0
2024-01-15 10:00:00,36885285.6630976,35096264.42301372,32734414.60011177,62104970,33504503.0
2024-01-15 11:00:00,37023982.838884726,35224953.51342467,32832992.440599587,62282488,33622378.0
2024-01-15 12:00:00,37162011.572583824,35346940.30657536,32931243.790121105,62460263,33739493.0
2024-01-15 13:00:00,37300040.30628292,35472284.30657536,33029168.662109222,62638240,33856282.0
2024-01-15 14:00:00,37437267.02150035,35598745.64794522,33126767.070584178,62815819,33972541.0
2024-01-15 15:00:00,37575295.75519945,35724281.30465755,33224039.030183423,62993529,34089032.0
2024-01-15 16:00:00,37713992.930986576,35853036.30465755,33320984.55619316,63170613,34207425.0
2024-01-15 17:00:00,37858915.56712289,35987800.30465755,33417603.664581668,63348380,34329312.0
2024-01-15 18:00:00,38003721.409926236,36122544.26054796,33513896.372034457,63526070,34452134.0
2024-01-15 19:00:00,38148739.22282361,36250254.1421918,33609862.69599145,63705322,34573540.0
2024-01-15 20:00:00,38290242.13470008,36379078.216438375,33705502.65468622,63884804,34693276.0
2024-01-15 21:00:00,38428270.86839918,36502433.7882192,33800816.26718751,64065202,34809551.0
2024-01-15 22:00:00,38551086.52352572,36620950.7882192,33895803.55344306,64245482,34921356.0
2024-01-15 23:00:00,38666938.95433496,36731733.18082194,33990464.53432594,64426051,35029006.0
2024-01-16 00:00:00,38782646.07007661,36842137.18082194,34091153.77768474,64604509,35133617.0
2024-01-16 01:00:00,38898353.185818255,36953862.18082194,34191516.431533344,64783166,35236491.0
2024-01-16 02:00:00,39014060.3015599,37064530.18082194,34291552.50514114,64962158,35338573.0
2024-01-16 03:00:00,39129767.41730155,37176233.726301394,34391262.008157924,65141648,35440702.0
2024-01-16 04:00:00,39245474.5330432,37286637.726301394,34490644.95063244,65321256,35544611.0
2024-01-16 05:00:00,39367638.02065547,37409773.726301394,34589701.34303186,65500779,35652452.0
2024-01-16 06:00:00,39506335.1964426,37538845.88410962,34688431.1962624,65680425,35765778.0
2024-01-16 07:00:00,39651141.03924594,37673609.88410962,34786834.52169098,65860249,35883396.0
2024-01-16 08:00:00,39794521.29068857,37808351.29041099,34884911.331168145,66040067,36003664.0
2024-01-16 09:00:00,39938255.05145548,37943092.69671236,34982661.63705216,66220977,36124954.0
2024-01-16 10:00:00,40083060.89425883,38077856.69671236,35080085.45223453,66401987,36246758.0
2024-01-16 11:00:00,40227983.53039514,38212598.10301373,35177182.79016682,66583478,36368446.0
2024-01-16 12:00:00,40373091.56307152,38343917.35726031,35273953.66488906,66765491,36489465.0
2024-01-16 13:00:00,40518199.595747896,38475355.35726031,35370398.09105967,66948401,36609902.0
2024-01-16 14:00:00,40663307.62842427,38608993.03150688,35466516.08398708,67131708,36729163.0
2024-01-16 15:00:00,40808415.66110065,38740431.03150688,35562307.65966311,67314783,36848085.0
2024-01-16 16:00:00,40953221.50390399,38875195.03150688,35657772.834798224,67496857,36968913.0
2024-01-16 17:00:00,41096864.86109263,39009850.701095924,35752911.62685878,67679442,37094443.0
2024-01-16 18:00:00,41244195.329779856,39144449.701095924,35847724.054106385,67862449,37222397.0
2024-01-16 19:00:00,41389982.9471334,39281609.31260277,35942210.13563948,68041816,37349959.0
2024-01-16 20:00:00,41532794.77023165,39414849.31260277,36036369.891437285,68221089,37476331.0
2024-01-16 21:00:00,41677717.406367965,39549526.46383565,36130203.34240625,68400091,37600278.0
2024-01-16 22:00:00,41818598.213267185,39678352.46383565,36223710.51042918,68579517,37720203.0
2024-01-16 23:00:00,41955824.92848461,39804140.46383565,36316891.41841716,68759272,37837071.0
2024-01-17 00:00:00,42077988.41609688,39927672.42465757,36416099.955982134,68943171,37952093.0
2024-01-17 01:00:00,42197302.414687514,40049595.42465757,36514981.92311592,69126886,38066338.0
2024-01-17 02:00:00,42316616.41327815,40171518.42465757,36613537.329879716,69311083,38180771.0
2024-01-17 03:00:00,42439432.06840469,40295061.42465757,36711766.186753936,69494635,38296064.0
2024-01-17 04:00:00,42570690.50035028,40419897.42465757,36809668.50465877,69679179,38413614.0
2024-01-17 05:00:00,42711571.3072495,40548903.672876745,36907244.29497599,69862987,38535479.0
2024-01-17 06:00:00,42854816.54723128,40683645.07917812,37004493.56957182,70046598,38663500.0
2024-01-17 07:00:00,43002896.58461601,40820301.07917812,37101416.34082121,70230569,38796523.0
2024-01-17 08:00:00,43150542.56492345,40955823.8123288,37198012.62163327,70416404,38929949.0
2024-01-17 09:00:00,43294185.922112085,41089831.14794524,37294282.425478265,70604046,39059931.0
2024-01-17 10:00:00,43437087.76833698,41224572.55424661,37390225.76641602,70791431,39186487.0
2024-01-17 11:00:00,43581893.611140326,41359336.55424661,37485842.65912595,70979385,39310525.0
2024-01-17 12:00:00,43726911.4240377,41490655.80849319,37581133.11893869,71166938,39431980.0
2024-01-17 13:00:00,43872019.45671408,41624167.19671237,37676097.16186964,71354297,39551244.0
2024-01-17 14:00:00,44013522.36859055,41752882.72356168,37770734.80465422,71541595,39668698.0
2024-01-17 15:00:00,44158312.2928957,41879664.72356168,37865046.06478525,71727649,39785689.0
2024-01-17 16:00:00,44303118.13569904,42014428.72356168,37959030.96055238,71911513,39905169.0
2024-01-17 17:00:00,44446761.492887676,42147563.72356168,38052689.51108377,72094354,40030084.0
2024-01-17 18:00:00,44594091.961574905,42282162.72356168,38146021.736390136,72276626,40157310.0
2024-01-17 19:00:00,44741422.43026213,42419808.77342469,38239027.65741133,72458220,40283773.0
2024-01-17 20:00:00,44885065.78745077,42553225.17260277,38331707.296065554,72639495,40408663.0
2024-01-17 21:00:00,45029871.63025411,42686465.17260277,38424060.675301425,72821035,40530631.0
2024-01-17 22:00:00,45170752.43715333,42815291.17260277,38516087.81915305,73002981,40647942.0
2024-01-17 23:00:00,45302010.869098924,42933425.16273976,38607788.75279823,73184979,40761192.0
2024-01-18 00:00:00,45418006.88604489,43054512.16273976,38705516.62382202,73365284,40871606.0
2024-01-18 01:00:00,45533714.00178654,43166954.16273976,38802917.94514139,73545080,40980570.0
2024-01-18 02:00:00,45649421.117528185,43277357.837260306,38899992.72769054,73724520,41089201.0
2024-01-18 03:00:00,45765128.23326983,43389799.837260306,38996740.98286606,73903484,41198026.0
2024-01-18 04:00:00,45882067.08168817,43510883.9893151,39093162.72254992,74082246,41308372.0
2024-01-18 05:00:00,46010603.871054195,43635719.9893151,39189257.95913369,74260911,41422881.0
2024-01-18 06:00:00,46152106.782930665,43764800.9893151,39285026.705544144,74440312,41543978.0
2024-01-18 07:00:00,46295487.03437329,43899542.39561647,39380468.975270234,74619143,41669166.0
2024-01-18 08:00:00,46440292.877176635,44034306.39561647,39475584.78239159,74798863,41793541.0
2024-01-18 09:00:00,46584548.503648475,44163325.03917812,39570374.14160861,74977991,41915599.0
2024-01-18 10:00:00,46722577.23734757,44288746.045753464,39664837.06827419,75157644,42034622.0
2024-01-18 11:00:00,46851114.026713595,44407088.045753464,39758973.578427285,75337115,42151185.0
2024-01-18 12:00:00,46973700.352354154,44522627.48931511,39852783.6888283,75516483,42265829.0
2024-01-18 13:00:00,47093014.35094479,44635377.36301374,39946267.416996524,75695399,42379117.0
2024-01-18 14:00:00,47209953.19936313,44747504.741643876,40039424.78124967,75874129,42490976.0
2024-01-18 15:00:00,47326892.04778147,44859632.120274015,40132255.80074564,76052773,42602512.0
2024-01-18 16:00:00,47449055.53539374,44978347.756164424,40224760.49552668,76230770,42715501.0
2024-01-18 17:00:00,47586282.25061116,45102908.89479456,40316938.88656604,76408893,42831871.0
2024-01-18 18:00:00,47724310.98431026,45228288.077260315,40408790.99581736,76587085,42948973.0
2024-01-18 19:00:00,47862339.71800936,45354749.418630175,40500316.84626683,76769456,43064823.0
2024-01-18 20:00:00,47993598.14995495,45477986.86849319,40591516.461988345,76951841,43178919.0
2024-01-18 21:00:00,48115761.63756722,45596789.86849319,40682389.86820195,77133984,43289856.0
2024-01-18 22:00:00,48231468.75330887,45706530.86849319,40772937.09133554,77315829,43396500.0
2024-01-18 23:00:00,48347036.77783239,45815492.86849319,40863158.159090236,77497842,43499374.0
2024-01-19 00:00:00,48462604.80235591,45922239.86849319,40959405.40625359,77676069,43599470.0
2024-01-19 01:00:00,48576001.4979653,46029586.86849319,41055326.12625697,77854591,43697971.0
2024-01-19 02:00:00,48687874.96212288,46138758.86849319,41150920.33099806,78033929,43795662.0
2024-01-19 03:00:00,48801271.65773227,46244295.86849319,41246188.0328851,78213861,43893490.0
2024-01-19 04:00:00,48916839.68225579,46351042.86849319,41341129.24486249,78394130,43993071.0
2024-01-19 05:00:00,49032835.699201755,46463180.86849319,41435743.980437905,78574921,44096316.0
2024-01-19 06:00:00,49170062.41441918,46588016.86849319,41530032.25371079,78756647,44204967.0
2024-01-19 07:00:00,49315170.44709556,46715073.47808223,41623994.079402536,78938686,44318319.0
2024-01-19 08:00:00,49460278.479771934,46842090.921643876,41717629.47288829,79121083,44433940.0
2024-01-19 09:00:00,49601781.391648404,46971171.921643876,41810938.45023058,79303254,44550681.0
2024-01-19 10:00:00,49739810.1253475,47098815.921643876,41903921.02821483,79485788,44667942.0
2024-01-19 11:00:00,49877838.8590466,47218449.17232881,41996577.2243868,79667976,44784569.0
2024-01-19 12:00:00,50015065.57426403,47337085.33013703,42088907.05709227,79851260,44900528.0
2024-01-19 13:00:00,50146324.00620962,47457184.6364384,42180910.54551892,80034220,45015775.0
2024-01-19 14:00:00,50274860.79557564,47574890.56082196,42272587.70974053,80217696,45130399.0
2024-01-19 15:00:00,50403712.62623708,47696260.15315072,42363938.5707638,80401924,45244802.0
2024-01-19 16:00:00,50541741.35993618,47822716.15123291,42454963.15057781,80585797,45360875.0
2024-01-19 17:00:00,50682622.1668354,47944693.446027435,42545661.47220634,80770105,45480820.0
2024-01-19 18:00:00,50827730.199511774,48071444.09150689,42636033.55976314,80954089,45601934.0
2024-01-19 19:00:00,50969233.111388244,48200141.96109593,42726079.43851051,81135802,45721590.0
2024-01-19 20:00:00,51107930.28717537,48322791.614246614,42815799.13492115,81316842,45839427.0
2024-01-19 21:00:00,51245959.02087447,48448081.85589045,42905192.67674369,81497928,45954738.0
2024-01-19 22:00:00,51373380.70795478,48568848.94849319,42994260.09307203,81678931,46066834.0
2024-01-19 23:00:00,51492445.658549845,48683263.74027401,43083001.41441865,81860143,46175777.0
2024-01-20 00:00:00,51608152.77429149,48794988.74027401,43177768.084186055,82042235,46282635.0
2024-01-20 01:00:00,51723859.89003314,48906713.74027401,43272208.2513451,82224129,46388283.0
2024-01-20 02:00:00,51839567.00577479,49018438.74027401,43366321.92885785,82405351,46493664.0
2024-01-20 03:00:00,51955274.12151644,49130163.74027401,43460109.13025068,82586618,46599604.0
2024-01-20 04:00:00,52070981.237258084,49240268.74027401,43553569.869642854,82768931,46706749.0
2024-01-20 05:00:00,52187901.060864136,49354347.62931511,43646704.16177678,82951336,46815998.0
2024-01-20 06:00:00,52314198.11246789,49469460.41232881,43739512.022049874,83133646,46928679.0
2024-01-20 07:00:00,52452226.84616699,49589934.53671237,43831993.46654826,83316740,47044916.0
2024-01-20 08:00:00,52590255.57986609,49717578.53671237,43924148.51208234,83502378,47162990.0
2024-01-20 09:00:00,52728284.31356519,49839834.229863055,44015977.1762244,83688386,47281522.0
2024-01-20 10:00:00,52866313.047264285,49960293.30082196,44107479.47734833,83873635,47399916.0
2024-01-20 11:00:00,53003539.76248171,50079274.91616443,44198655.43467155,84058025,47517096.0
2024-01-20 12:00:00,53132076.55184773,50196985.77561648,44289505.06829943,84242129,47632717.0
2024-01-20 13:00:00,53258373.60345149,50314482.24054799,44380028.39927213,84426310,47746764.0
2024-01-20 14:00:00,53377687.60204212,50431168.57232881,44470225.44961421,84611000,47860167.0
2024-01-20 15:00:00,53499851.08965439,50548606.09835621,44560096.24238705,84795548,47973919.0
2024-01-20 16:00:00,53629811.815934785,50668226.39260279,44649640.8017443,84978239,48090395.0
2024-01-20 17:00:00,53767840.54963388,50795870.39260279,44738859.15299053,85160825,48211729.0
2024-01-20 18:00:00,53909896.54174667,50924290.84794525,44827751.322643295,85343417,48335844.0
2024-01-20 19:00:00,54055004.574423045,51051036.204383604,44916317.33849879,85525488,48459601.0
2024-01-20 20:00:00,54196507.486299515,51180117.204383604,45004557.22970134,85706967,48582472.0
2024-01-20 21:00:00,54334536.21999861,51303058.5073973,45092471.026816934,85888707,48703420.0
2024-01-20 22:00:00,54465794.651944205,51421828.5073973,45180058.76191112,86070841,48821254.0
2024-01-20 23:00:00,54592091.70354796,51540335.6073973,45267320.468631394,86253042,48936195.0
2024-01-21 00:00:00,,,,86432372,
2024-01-21 01:00:00,,,,86610976,
2024-01-21 02:00:00,,,,86788693,
2024-01-21 03:00:00,,,,86966537,
2024-01-21 04:00:00,54711405.702138595,51663471.6073973,45359300.79565883,87144909,49046583.0
2024-01-21 05:00:00,54835463.11854438,51786607.6073973,45450954.70728,87323356,49158368.0
2024-01-21 06:00:00,54963999.9079104,51911443.6073973,45542282.22033036,87502022,49272576.0
2024-01-21 07:00:00,55102028.6416095,52031094.678082235,45633283.3524087,87681995,49389299.0
2024-01-21 08:00:00,55240057.375308596,52158738.678082235,45723958.12191701,87865031,49506829.0
2024-01-21 09:00:00,55378086.109007694,52277729.678082235,45814306.54810251,88050112,49622653.0
2024-01-21 10:00:00,55509344.540953286,52396488.06931511,45904328.65110216,88235369,49736058.0
2024-01-21 11:00:00,55635641.59255704,52513296.06931511,45994024.451989606,88419505,49847060.0
2024-01-21 12:00:00,55754955.591147676,52632846.90657539,46083393.97282491,88604111,49955783.0
2024-01-21 13:00:00,55871894.439566016,52746979.90657539,46172437.236707084,88788793,50062205.0
2024-01-21 14:00:00,55987890.45651198,52860337.269315116,46261154.2678297,88973369,50166850.0
2024-01-21 15:00:00,56103886.47345795,52972975.29726032,46349545.09153965,89157778,50271675.0
2024-01-21 16:00:00,56223200.47204858,53086634.16383567,46437609.73439937,89340472,50379769.0
2024-01-21 17:00:00,56360427.18726601,53207601.076438405,46525348.22425265,89523062,50494058.0
2024-01-21 18:00:00,56499124.363053136,53336535.77342471,46612760.590294294,89705870,50612252.0
2024-01-21 19:00:00,56640005.169952355,53465547.60904115,46699846.86314385,89886800,50730750.0
2024-01-21 20:00:00,56778033.90365145,53587783.88191786,46786607.074923635,90067704,50848644.0
2024-01-21 21:00:00,56915260.61886888,53711119.95205484,46873041.25934143,90249042,50964331.0
2024-01-21 22:00:00,57037424.10648115,53827122.48493156,46959149.45177794,90430235,51077013.0
2024-01-21 23:00:00,57153420.123427115,53938967.198082246,47044931.689379476,90611613,51186524.0
2024-01-22 00:00:00,57269127.23916876,54050692.198082246,47146791.20730903,90795579,51294303.0
2024-01-22 01:00:00,57384834.35491041,54162388.528767176,47248324.17687716,90979708,51401398.0
2024-01-22 02:00:00,57500541.47065206,54274113.528767176,47349530.60905769,91163610,51508948.0
2024-01-22 03:00:00,57616248.58639371,54385777.121643886,47450410.51528837,91347574,51617583.0
2024-01-22 04:00:00,57732244.60333967,54497844.8684932,47550963.907494016,91531577,51728969.0
2024-01-22 05:00:00,57858541.65494343,54621387.8684932,47651190.798110776,91715607,51845381.0
2024-01-22 06:00:00,58002797.28141527,54749853.91808224,47751091.20011182,91899028,51969299.0
2024-01-22 07:00:00,58146177.532857895,54884595.32438361,47850665.127034426,92082588,52098095.0
2024-01-22 08:00:00,58290983.37566124,55019359.32438361,47949912.593008526,92267763,52225730.0
2024-01-22 09:00:00,58429012.10936034,55141611.4915069,48048833.612786934,92453976,52348069.0
2024-01-22 10:00:00,58557548.89872636,55258986.24602745,48147428.20177716,92638860,52465587.0
2024-01-22 11:00:00,58676862.89731699,55374081.24602745,48245696.376075074,92823466,52579428.0
2024-01-22 12:00:00,58792858.91426296,55486182.24602745,48343638.15250045,93007003,52689885.0
2024-01-22 13:00:00,58908566.030004606,55595643.24602745,48441253.54863448,93190239,52797869.0
2024-01-22 14:00:00,59024273.14574625,55705104.24602745,48538542.58285944,93372756,52904246.0
2024-01-22 15:00:00,59139980.2614879,55814565.24602745,48635505.27440064,93554045,53010581.0
2024-01-22 16:00:00,59255687.37722955,55925321.3424658,48732141.643370636,93733357,53118931.0
2024-01-22 17:00:00,59381984.428833306,56042949.3424658,48828451.71081614,93912094,53231419.0
2024-01-22 18:00:00,59513242.8607789,56162319.46712334,48924435.49876748,94091516,53346096.0
2024-01-22 19:00:00,59642094.69144034,56279398.46712334,49020093.03029096,94270487,53460063.0
2024-01-22 20:00:00,59768391.74304409,56397812.5515069,49115424.32954423,94449396,53572109.0
2024-01-22 21:00:00,59886709.10200505,56512842.401369914,49210429.421834834,94628559,53681006.0
2024-01-22 22:00:00,60002416.2177467,56622585.53561649,49305108.333682165,94807705,53785447.0
2024-01-22 23:00:00,60115812.91335609,56728047.53561649,49399461.09288304,94986906,53885424.0
2024-01-23 00:00:00,60224156.08150862,56831205.75808224,49499839.989795886,95161830,53982266.0
2024-01-23 01:00:00,60328618.18904732,56932738.67561649,49599892.360976115,95335516,54077540.0
2024-01-23 02:00:00,60433080.29658602,57031458.67561649,49699618.2183644,95509337,54172171.0
2024-01-23 03:00:00,60537542.40412472,57130178.67561649,49799017.57441371,95683674,54266968.0
2024-01-23 04:00:00,60644612.672003575,57229152.67561649,49898090.44211501,95858005,54363686.0
2024-01-23 05:00:00,60758009.367612965,57334276.67561649,49996836.835024446,96032510,54464820.0
2024-01-23 06:00:00,60874005.38455893,57443526.67561649,50095256.767291956,96208069,54572671.0
2024-01-23 07:00:00,60998507.06661346,57560334.67561649,50193350.253691524,96384665,54685005.0
2024-01-23 08:00:00,61124804.118217215,57676417.70712334,50291117.30965312,96561267,54797100.0
2024-01-23 09:00:00,61244118.11680785,57791460.6575343,50388557.95129639,96737648,54906995.0
2024-01-23 10:00:00,61362435.475768805,57904289.860274024,50485672.19546632,96913604,55014701.0
2024-01-23 11:00:00,61478287.90657804,58015071.45342471,50582460.05977081,97088754,55120226.0
2024-01-23 12:00:00,61593995.02231969,58123522.45342471,50678921.56262046,97263537,55223688.0
2024-01-23 13:00:00,61709702.13806134,58232983.45342471,50775056.723270565,97437591,55325781.0
2024-01-23 14:00:00,61825404.21387014,58341261.89863019,50870865.56186551,97611332,55426923.0
2024-01-23 15:00:00,61940958.91901388,58449551.00328772,50966348.0994857,97785768,55528192.0
2024-01-23 16:00:00,62056666.03475553,58559012.00328772,51061504.35819722,97960080,55630909.0
2024-01-23 17:00:00,62173585.85836158,58671253.26109593,51156334.36110426,98134460,55737352.0
2024-01-23 18:00:00,62292650.808956645,58784155.480274014,51250838.132404625,98308952,55844804.0
2024-01-23 19:00:00,62409153.14614586,58895682.24931511,51345015.697448455,98485542,55951187.0
2024-01-23 20:00:00,62524860.261887506,59004729.24931511,51438867.082800314,98662126,56055377.0
2024-01-23 21:00:00,62640428.286411025,59111955.26082196,51532392.3163049,98839390,56156042.0
2024-01-23 22:00:00,62750521.62313578,59214695.22821922,51625591.4271566,99016376,56251865.0
2024-01-23 23:00:00,62854750.11987668,59311648.22821922,51718464.44597307,99193547,56342945.0
2024-01-24 00:00:00,62952102.59175953,59405161.22821922,51817362.76851338,99365341,56430829.0
2024-01-24 01:00:00,63046789.529373996,59497548.76767127,51915934.5899643,99537348,56516664.0
2024-01-24 02:00:00,63141178.210399315,59587164.284657575,52014179.92333461,99709482,56601552.0
2024-01-24 03:00:00,63235566.89142463,59677189.19616442,52112098.78219933,99881835,56686171.0
2024-01-24 04:00:00,63330253.8290391,59768689.229863055,52209691.18072839,100054337,56772068.0
2024-01-24 05:00:00,63430614.32720146,59863720.38630141,52306957.13371698,100228040,56862158.0
2024-01-24 06:00:00,63540707.66392622,59967998.38630141,52403896.65661751,100401799,56958882.0
2024-01-24 07:00:00,63656273.33935302,60074944.96328771,52500509.76557344,100575479,57060116.0
2024-01-24 08:00:00,63771980.455094665,60182285.00328771,52596796.477454975,100749939,57161685.0
2024-01-24 09:00:00,63887687.57083631,60291163.7134247,52692756.809896745,100924647,57262488.0
2024-01-24 10:00:00,64003255.59535983,60400622.25808223,52788390.78133768,101097445,57362371.0
2024-01-24 11:00:00,64118823.61988335,60506427.22465757,52883698.41106309,101270105,57461065.0
2024-01-24 12:00:00,64233019.33749946,60614276.13808223,52978679.7192492,101442107,57558747.0
2024-01-24 13:00:00,64346416.03310885,60721571.33260278,53073334.72701015,101615810,57655480.0
2024-01-24 14:00:00,64457743.85805405,60826345.33260278,53167663.456447795,101789128,57751255.0
2024-01-24 15:00:00,64569071.682999246,60931548.33260278,53261665.930704236,101963340,57846821.0
2024-01-24 16:00:00,64683267.40061536,61039467.33260278,53355342.17401748,102137392,57943608.0
2024-01-24 17:00:00,64798974.516357005,61146381.33260278,53448692.2117803,102311116,58043635.0
2024-01-24 18:00:00,64914681.63209865,61254925.87397264,53541716.070602454,102485452,58144232.0
2024-01-24 19:00:00,65030249.65662217,61362083.633698665,53634413.778376564,102662033,58243252.0
2024-01-24 20:00:00,65142460.0712794,61467274.997808255,53726785.36434785,102838943,58340251.0
2024-01-24 21:00:00,65249530.33915825,61568517.7073973,53818830.859187886,103015733,58433688.0
2024-01-24 22:00:00,65349890.83732062,61664026.207123324,53910550.29507272,103192097,58522517.0
2024-01-24 23:00:00,65444577.77493508,61755115.207123324,54001943.70576556,103368573,58606497.0
2024-01-25 00:00:00,65538359.774605975,61840045.207123324,54099361.50477348,103538506,58687161.0
2024-01-25 01:00:00,65632141.77427687,61920715.8953425,54196452.82956177,103708349,58765500.0
2024-01-25 02:00:00,65725923.77394776,62002110.50109592,54293217.69432037,103878697,58842615.0
2024-01-25 03:00:00,65819705.77361865,62083570.50109592,54389656.113865666,104048804,58919477.0
2024-01-25 04:00:00,65913487.77328955,62164305.25342469,54485768.10367255,104218929,58997546.0
2024-01-25 05:00:00,66007633.76029486,62249380.0693151,54581553.67990829,104390259,59079380.0
2024-01-25 06:00:00,66102320.697909325,62340901.0693151,54677012.85946831,104562174,59167744.0
2024-01-25 07:00:00,66202769.49489272,62436420.58109592,54772145.660014,104733963,59260725.0
2024-01-25 08:00:00,66306838.55755006,62533311.58109592,54866952.10001263,104905610,59354612.0
2024-01-25 09:00:00,66411240.30326629,62630296.58109592,54961432.19877956,105077008,59448611.0
2024-01-25 10:00:00,66515702.41080499,62727281.58109592,55055585.97652286,105248319,59542366.0
2024-01-25 11:00:00,66620104.156521216,62824266.58109592,55149413.45439045,105419474,59635269.0
2024-01-25 12:00:00,66724173.21917856,62921249.03150688,55242914.654519945,105590091,59727492.0
2024-01-25 13:00:00,66827378.99723366,63018130.03150688,55336089.60009141,105759946,59819276.0
2024-01-25 14:00:00,66929456.11398914,63117373.66164387,55428938.31538309,105930315,59910247.0
2024-01-25 15:00:00,67030957.98085314,63215183.00904113,55521460.82583041,106101795,60000821.0
2024-01-25 16:00:00,67135420.08839184,63312236.110410996,55613657.15808836,106273281,60092487.0
2024-01-25 17:00:00,67243101.63938151,63414297.77287675,55705527.340097554,106444932,60186843.0
2024-01-25 18:00:00,67351444.80753404,63517480.1893151,55797071.40115407,106617924,60281868.0
2024-01-25 19:00:00,67455906.91507274,63618736.1893151,55888289.371983446,106794005,60375520.0
2024-01-25 20:00:00,67558978.88050859,63715308.93452058,55979181.28481896,106970288,60467201.0
2024-01-25 21:00:00,67658538.21001548,63807655.37013702,56069747.17348456,107146693,60555932.0
2024-01-25 22:00:00,67752785.17040025,63897313.108219214,56159987.07348258,107322955,60640470.0
2024-01-25 23:00:00,67846931.15740557,63981368.92767127,56249901.022086814,107499092,60720614.0
2024-01-26 00:00:00,67940713.15707646,64062767.43917812,56345838.35304278,107670924,60797484.0
2024-01-26 01:00:00,68034495.15674736,64139648.88602743,56441449.23911232,107843188,60872074.0
2024-01-26 02:00:00,68128277.15641825,64217610.46684935,56536733.69579279,108015465,60945324.0
2024-01-26 03:00:00,68222059.15608914,64292807.46684935,56631691.73927529,108187525,61018274.0
2024-01-26 04:00:00,68315841.15576003,64369447.1693151,56726323.3864805,108359593,61092521.0
2024-01-26 05:00:00,68409623.15543093,64450289.212876745,56820628.65509656,108533071,61170354.0
2024-01-26 06:00:00,68503913.56837271,64536183.56767126,56914607.56361911,108707356,61254472.0
2024-01-26 07:00:00,68598600.50598717,64629600.986849345,57008260.13139357,108881398,61343698.0
2024-01-26 08:00:00,68698159.83549406,64723935.308767155,57101586.378659874,109055796,61434292.0
2024-01-26 09:00:00,68798157.49425198,64816985.22602743,57194586.32659974,109230196,61525274.0
2024-01-26 10:00:00,68898155.1530099,64910894.22602743,57287259.9973866,109404341,61616266.0
2024-01-26 11:00:00,68998152.81176783,65005204.22602743,57379607.41423849,109578347,61706955.0
2024-01-26 12:00:00,69097712.14127472,65099538.54794524,57471628.60147392,109751529,61797017.0
2024-01-26 13:00:00,69196653.62515703,65194673.54794524,57563323.58457101,109924786,61886534.0
2024-01-26 14:00:00,69292756.07621573,65289008.54794524,57654692.39023003,110097634,61975469.0
2024-01-26 15:00:00,69389310.29306711,65383308.17917812,57745735.046439596,110269754,62064334.0
2024-01-26 16:00:00,69489670.79122947,65479935.312876746,57836451.58254671,110441519,62154135.0
2024-01-26 17:00:00,69594132.89876817,65579669.312876746,57926842.029330924,110613684,62245987.0
2024-01-26 18:00:00,69698595.00630687,65677551.30520552,58016906.41908281,110785754,62338292.0
2024-01-26 19:00:00,69798955.50446923,65773246.446027435,58106644.78568707,110962356,62428863.0
2024-01-26 20:00:00,69898101.7933186,65867535.906027436,58196057.16471053,111138714,62517404.0
2024-01-26 21:00:00,69992607.005007,65958624.906027436,58285143.59349536,111314476,62603526.0
2024-01-26 22:00:00,70086853.96539177,66044922.03178086,58373904.1112578,111490491,62686160.0
2024-01-26 23:00:00,70180635.96506266,66130009.46246579,58462338.75919272,111666988,62765195.0
2024-01-27 00:00:00,70274417.96473356,66211469.46246579,58556795.68271386,111838106,62841204.0
2024-01-27 01:00:00,70368199.96440445,66288607.359726064,58650926.19340991,112008616,62915166.0
2024-01-27 02:00:00,70461981.96407534,66364296.30054798,58744730.30822683,112179234,62987954.0
2024-01-27 03:00:00,70555763.96374623,66439491.83589044,58838208.044879526,112350212,63060533.0
2024-01-27 04:00:00,70649545.96341713,66515180.77671236,58931359.42189202,112521499,63133588.0
2024-01-27 05:00:00,70743327.96308802,66592380.77671236,59024184.458639815,112692336,63208416.0
2024-01-27 06:00:00,70837109.96275891,66675547.77671236,59116683.17539475,112862833,63286033.0
2024-01-27 07:00:00,70931055.47493568,66759709.165753454,59208855.59337234,113034205,63366962.0
2024-01-27 08:00:00,71025302.43532045,66848862.37808222,59300701.734781854,113207327,63450475.0
2024-01-27 09:00:00,71119549.39570522,66938707.68575346,59392221.62287934,113381054,63535257.0
2024-01-27 10:00:00,71213796.35609,67028609.248219214,59483415.28202361,113554529,63620100.0
2024-01-27 11:00:00,71308043.31647477,67119072.16054799,59574282.7377355,113726983,63704918.0
2024-01-27 12:00:00,71402290.27685954,67208917.46821922,59664824.0167606,113899090,63789444.0
2024-01-27 13:00:00,71496537.23724431,67298622.60000004,59755039.14713558,114072102,63873467.0
2024-01-27 14:00:00,71590784.19762908,67386086.19616443,59844928.1582584,114245258,63957105.0
2024-01-27 15:00:00,71685031.15801385,67475755.52027401,59934491.08096268,114418527,64041222.0
2024-01-27 16:00:00,71779536.36970225,67566398.52027401,60023727.94759632,114592726,64127103.0
2024-01-27 17:00:00,71879534.02846017,67661025.50328772,60112638.792104855,114767782,64215906.0
2024-01-27 18:00:00,71979894.52662253,67758996.17972608,60201223.650119655,114943810,64305723.0
2024-01-27 19:00:00,72079250.90599898,67850261.09698635,60289482.55905136,115120634,64394600.0
2024-01-27 20:00:00,72173937.84361343,67942699.51972608,60377415.55818883,115297057,64482083.0
2024-01-27 21:00:00,72268184.8039982,68033179.51972608,60465022.68880405,115473611,64567846.0
2024-01-27 22:00:00,72362475.21693999,68120740.83616444,60552303.994263165,115650158,64650923.0
2024-01-27 23:00:00,72456257.21661088,68205866.83616444,60639259.520144224,115826621,64731026.0
2024-01-28 00:00:00,72550039.21628177,68286752.38438362,60732236.10253919,116003570,64808745.0
2024-01-28 01:00:00,72643821.21595266,68364669.27232882,60824886.307194605,116180840,64884713.0
2024-01-28 02:00:00,72737603.21562356,68441806.32876718,60917210.15266288,116359191,64959663.0
2024-01-28 03:00:00,72831385.21529445,68518428.32876718,61009207.65834963,116537744,65034224.0
2024-01-28 04:00:00,72925167.21496534,68595572.32876718,61100878.844558604,116716389,65109378.0
2024-01-28 05:00:00,73018949.21463624,68674307.32876718,61192223.73253913,116894954,65185744.0
2024-01-28 06:00:00,73112731.21430713,68757474.32876718,61283242.34453638,117073354,65264407.0
2024-01-28 07:00:00,73206676.7264839,68842324.50794527,61373934.70384441,117252052,65346291.0
2024-01-28 08:00:00,73300923.68686867,68931524.50794527,61464300.83486237,117431355,65431247.0
2024-01-28 09:00:00,73395170.64725344,69021992.22109595,61554340.76315384,117610991,65518859.0
2024-01-28 10:00:00,73489857.5848679,69112944.22109595,61644054.51550978,117790813,65608326.0
2024-01-28 11:00:00,73584544.52248235,69205840.86876719,61733442.12001493,117969950,65698593.0
2024-01-28 12:00:00,73680646.97354105,69300034.19589047,61822503.60611829,118148435,65789498.0
2024-01-28 13:00:00,73779588.45742336,69393366.5336987,61911239.00470757,118326306,65880443.0
2024-01-28 14:00:00,73879147.78693025,69487104.5336987,61999648.348188065,118503025,65971418.0
2024-01-28 15:00:00,73979508.2850926,69581008.8956165,62087731.670566194,118679117,66063088.0
2024-01-28 16:00:00,74082580.25052845,69679781.8956165,62175489.007537924,118855592,66156635.0
2024-01-28 17:00:00,74190923.41868098,69783373.38465759,62262920.396582425,119032460,66253035.0
2024-01-28 18:00:00,74301016.75540574,69887633.15780827,62350025.8770613,119209296,66351237.0
2024-01-28 19:00:00,74408087.02328458,69990670.74191786,62436805.49032368,119386773,66448872.0
2024-01-28 20:00:00,74512549.13082328,70090276.74191786,62523259.2798176,119563650,66544943.0
2024-01-28 21:00:00,74612997.92780668,70186568.74191786,62609387.29120805,119740109,66638146.0
2024-01-28 22:00:00,74707684.86542113,70278453.49643841,62695189.572502,119916545,66728009.0
2024-01-28 23:00:00,74801931.8258059,70368130.49643841,62780666.17418105,120093219,66814074.0
2024-01-29 00:00:00,74896222.23874769,70455133.81123294,62882215.6290887,120266192,66897404.0
2024-01-29 01:00:00,74990512.65168947,70539746.3616439,62983438.61139228,120438891,66979304.0
2024-01-29 02:00:00,75084458.16386624,70624460.56246582,63084335.135332465,120612135,67060690.0
2024-01-29 03:00:00,75178748.57680802,70709073.11287677,63184905.21577846,120784911,67142499.0
2024-01-29 04:00:00,75273038.9897498,70796198.11287677,63285148.86826023,120957839,67226582.0
2024-01-29 05:00:00,75367725.92736426,70888662.11287677,63385066.10900242,121131203,67315616.0
2024-01-29 06:00:00,75472188.03490296,70987574.11287677,63484656.95496031,121305235,67412293.0
2024-01-29 07:00:00,75585584.73051235,71093011.11287677,63583921.4238577,121478915,67514235.0
2024-01-29 08:00:00,75701152.75503586,71198818.24931513,63682859.53422696,121653867,67617271.0
2024-01-29 09:00:00,75816720.77955937,71304092.24931513,63781471.30545143,121830162,67719909.0
2024-01-29 10:00:00,75930916.49717548,71411941.16273978,63879756.757810086,122005653,67822018.0
2024-01-29 11:00:00,76044313.19278488,71518675.00739732,63977715.912524916,122181567,67923840.0
2024-01-29 12:00:00,76155641.01773007,71623878.00739732,64075348.7918109,122357847,68024751.0
2024-01-29 13:00:00,76266613.1119465,71728652.00739732,64172655.418928914,122534065,68125259.0
2024-01-29 14:00:00,76376706.44867125,71833380.63013706,64269635.81824165,122710333,68224596.0
2024-01-29 15:00:00,76487678.54288767,71938142.4246576,64366290.01527281,122887475,68323483.0
2024-01-29 16:00:00,76601874.26050378,72046061.4246576,64462618.0367697,123063593,68424235.0
2024-01-29 17:00:00,76717581.37624544,72155234.1186302,64558619.91076946,123240007,68529008.0
2024-01-29 18:00:00,76833433.80705468,72266284.22575349,64654295.666669175,123417789,68635788.0
2024-01-29 19:00:00,76949140.92279634,72375593.90246582,64749645.33530006,123595429,68741791.0
2024-01-29 20:00:00,77064848.038538,72483749.37013705,64844668.94900603,123773006,68846078.0
2024-01-29 21:00:00,77178244.73414738,72587559.37013705,64939366.54172684,123950638,68947167.0
2024-01-29 22:00:00,77285315.00202623,72691154.17589048,65033738.14908618,124128226,69043653.0
2024-01-29 23:00:00,77385953.95770611,72788613.65589048,65127783.808484875,124305935,69135992.0
2024-01-30 00:00:00,77485951.61646403,72883260.65589048,65227852.79876518,124484200,69225438.0
2024-01-30 01:00:00,77580717.66739126,72974568.65589048,65327595.34588277,124662287,69313158.0
2024-01-30 02:00:00,77675404.60500571,73067430.92739733,65427011.46539027,124839952,69400284.0
2024-01-30 03:00:00,77770170.65593293,73160620.47095896,65526101.173536375,125017239,69487774.0
2024-01-30 04:00:00,77870531.15409529,73255238.93726033,65624864.48730181,125194005,69577142.0
2024-01-30 05:00:00,77974993.26163399,73356494.93726033,65723301.42443737,125371060,69671377.0
2024-01-30 06:00:00,78090561.2861575,73462369.93726033,65821412.00350403,125548218,69773301.0
2024-01-30 07:00:00,78206557.30310348,73575325.15369868,65919196.24391543,125725944,69879993.0
2024-01-30 08:00:00,78322553.32004945,73688243.78082196,66016654.1659827,125905053,69986829.0
2024-01-30 09:00:00,78438260.4357911,73796760.96657538,66113785.79096188,126084677,70092321.0
2024-01-30 10:00:00,78553967.55153276,73906113.34794524,66210591.14110405,126262724,70196271.0
2024-01-30 11:00:00,78669535.57605627,74011377.69205484,66307070.23970838,126440135,70298725.0
2024-01-30 12:00:00,78782932.27166566,74118672.88657539,66403223.111178145,126617463,70400045.0
2024-01-30 13:00:00,78894260.09661086,74223875.88657539,66499049.781080075,126794425,70501076.0
2024-01-30 14:00:00,79005232.19082728,74328166.71479456,66594550.27620711,126971171,70601411.0
2024-01-30 15:00:00,79116204.2850437,74432928.5093151,66689724.62464478,127148318,70701887.0
2024-01-30 16:00:00,79231772.30956721,74538191.9583562,66784572.85584147,127325147,70804253.0
2024-01-30 17:00:00,79347479.42530887,74647501.63506854,66879095.000682846,127501523,70909898.0
2024-01-30 18:00:00,79463981.76249808,74760441.41835621,66973291.091570534,127678006,71017045.0
2024-01-30 19:00:00,79579834.19330733,74871491.5254795,67067161.16250553,127856287,71123027.0
2024-01-30 20:00:00,79695541.30904898,74980689.5254795,67160705.24917646,128034691,71227186.0
2024-01-30 21:00:00,79811109.33357249,75086564.5254795,67253923.38905308,128212948,71327948.0
2024-01-30 22:00:00,79919452.50172502,75189034.5254795,67346815.62148532,128391060,71423920.0
2024-01-30 23:00:00,80023521.56438236,75286490.5254795,67439381.9878082,128569280,71515274.0
2024-01-31 00:00:00,80122463.04826467,75381625.5254795,67537970.57430892,128741257,71603604.0
2024-01-31 01:00:00,80217149.98587912,75475075.21397264,67636232.74982615,128913369,71690102.0
2024-01-31 02:00:00,80311655.19756752,75565058.57095894,67734168.5313661,129084949,71775768.0
2024-01-31 03:00:00,80406160.40925592,75658565.57095894,67831777.93670654,129255698,71861447.0
2024-01-31 04:00:00,80500847.34687038,75750207.26767127,67929060.98443711,129426404,71948679.0
2024-01-31 05:00:00,80602924.46362585,75846412.0693151,68026017.69400176,129598282,72040354.0
2024-01-31 06:00:00,80714797.92778343,75953777.0693151,68122648.08574378,129771009,72139104.0
2024-01-31 07:00:00,80830505.04352508,76062937.15095894,68218952.1809533,129943811,72242472.0
2024-01-31 08:00:00,80946212.15926674,76172097.23260278,68314930.00191753,130116908,72346822.0
2024-01-31 09:00:00,81061919.2750084,76281273.42547949,68410581.57197395,130290286,72450416.0
2024-01-31 10:00:00,81177484.95043519,76387425.16219181,68505906.91556646,130463234,72552805.0
2024-01-31 11:00:00,81293052.9749587,76492699.16219181,68600906.05830486,130636294,72654117.0
2024-01-31 12:00:00,81406449.6705681,76599433.00684935,68695579.02702774,130809762,72754569.0
2024-01-31 13:00:00,81517777.49551329,76704636.00684935,68789925.84986907,130983432,72854585.0
2024-01-31 14:00:00,81628749.58972971,76809364.62958908,68883946.55632861,131158220,72953725.0
2024-01-31 15:00:00,81739721.68394613,76912103.62958908,68977641.17734648,131333800,73052655.0
2024-01-31 16:00:00,81853917.40156224,77020022.62958908,69071009.74538212,131509068,73153044.0
2024-01-31 17:00:00,81969624.5173039,77129220.62958908,69164052.29449777,131684290,73256431.0
2024-01-31 18:00:00,82085331.63304555,77238267.62958908,69256768.86044711,131860479,73361377.0
2024-01-31 19:00:00,82201038.74878721,77347465.62958908,69349159.48076887,132039013,73465755.0
2024-01-31 20:00:00,82316745.86452886,77455684.7293151,69441224.19488618,132216929,73568923.0
2024-01-31 21:00:00,82430142.56013826,77563016.07917811,69532963.04421169,132395160,73669381.0
2024-01-31 22:00:00,82537075.55048129,77664932.07917811,69624376.0722591,132573395,73765802.0
2024-01-31 23:00:00,82637436.04864365,77762439.07917811,69715463.32476117,132751696,73858478.0
2024-02-01 00:00:00,82732202.09957087,77855484.07917811,69814117.17430669,132929315,73948433.0
2024-02-01 01:00:00,82826889.03718533,77946349.89150688,69912444.40637463,133107220,74037076.0
2024-02-01 02:00:00,82921394.24887373,78037816.89150688,70010445.02911979,133285368,74125461.0
2024-02-01 03:00:00,83016081.18648818,78128673.86164387,70108119.05102406,133463667,74214331.0
2024-02-01 04:00:00,83110847.2374154,78221718.86164387,70205466.48091207,133641818,74305549.0
2024-02-01 05:00:00,83215075.73415631,78317859.69890414,70302487.32796773,133821124,74401574.0
2024-02-01 06:00:00,83329271.45177242,78426915.490411,70399181.60175155,134000639,74505211.0
2024-02-01 07:00:00,83444978.56751408,78535456.490411,70495549.31221902,134180315,74613474.0
2024-02-01 08:00:00,83560685.68325573,78646329.62575346,70591590.46973991,134361102,74719811.0
2024-02-01 09:00:00,83676253.70777924,78752693.42821921,70687305.08511862,134542400,74821678.0
2024-02-01 10:00:00,83787581.53272444,78855798.70383565,70782693.16961564,134722082,74919697.0
2024-02-01 11:00:00,83895924.70087697,78958952.20684935,70877754.73497021,134901360,75014258.0
2024-02-01 12:00:00,84000386.80841567,79059554.30547948,70972489.79342422,135079405,75106170.0
2024-02-01 13:00:00,84104788.5541319,79159615.30547948,71066898.35774738,135256833,75196849.0
2024-02-01 14:00:00,84206865.67088737,79257251.30547948,71160980.44126382,135434015,75286390.0
2024-02-01 15:00:00,84308942.78764284,79354887.30547948,71254736.05788018,135611183,75375585.0
2024-02-01 16:00:00,84413404.89518154,79455456.91041099,71348165.22211517,135785997,75466822.0
2024-02-01 17:00:00,84524376.98939796,79559780.91041099,71441267.94913095,135960400,75562320.0
2024-02-01 18:00:00,84637773.68500735,79665390.07205482,71534044.25476605,136135136,75660759.0
2024-02-01 19:00:00,84749101.50995255,79768434.64383563,71626494.15557033,136313261,75758615.0
2024-02-01 20:00:00,84857444.67810507,79871237.06739728,71718617.66884181,136491205,75855379.0
2024-02-01 21:00:00,84961906.78564377,79971197.06739728,71810414.81266558,136669293,75949450.0
2024-02-01 22:00:00,85062267.28380613,80067787.06739728,71901885.60595496,136847331,76039296.0
2024-02-01 23:00:00,85156772.49549453,80160601.06739728,71993030.06849499,137025418,76124994.0
2024-02-02 00:00:00,85251019.4558793,80250368.06739728,72090203.15466228,137201538,76207683.0
2024-02-02 01:00:00,85345309.86882108,80334196.6263014,72187049.64011079,137377566,76288580.0
2024-02-02 02:00:00,85439600.28176287,80416402.7241096,72283569.53367545,137553667,76368735.0
2024-02-02 03:00:00,85533890.69470465,80498734.7241096,72379762.84455104,137729775,76449029.0
2024-02-02 04:00:00,85628137.65508942,80584981.7241096,72475629.58230966,137905556,76530748.0
2024-02-02 05:00:00,85722824.59270388,80675854.7241096,72571169.75691906,138081673,76616542.0
2024-02-02 06:00:00,85827286.70024258,80773059.00547947,72666383.37876195,138258836,76709269.0
2024-02-02 07:00:00,85938614.52518778,80877229.5810959,72761270.45865647,138435894,76807005.0
2024-02-02 08:00:00,86052011.22079717,80981005.13287672,72855831.00787771,138612989,76905478.0
2024-02-02 09:00:00,86163465.0119505,81088246.01671234,72950065.03818032,138791051,77003339.0
2024-02-02 10:00:00,86274437.10616691,81192956.01671234,73043972.56182256,138968136,77100662.0
2024-02-02 11:00:00,86382780.27431944,81296406.42630138,73137553.59159146,139145238,77196815.0
2024-02-02 12:00:00,86489850.54219829,81398366.42630138,73230808.1408295,139322376,77292000.0
2024-02-02 13:00:00,86594312.64973699,81499452.42630138,73323736.22346279,139498977,77386413.0
2024-02-02 14:00:00,86698774.75727569,81599238.5471233,73416337.85403067,139675213,77479687.0
2024-02-02 15:00:00,86803236.86481439,81699024.66794522,73508613.04771711,139852337,77572446.0
2024-02-02 16:00:00,86910307.13269323,81799227.38958906,73600561.82038383,140030430,77666451.0
2024-02-02 17:00:00,87022517.54735045,81906592.38958906,73692184.18860522,140207801,77763365.0
2024-02-02 18:00:00,87137296.68376634,82017550.90958905,73783480.16970532,140385658,77862118.0
2024-02-02 19:00:00,87250693.37937573,82123760.90958905,73874449.78179677,140564287,77960222.0
2024-02-02 20:00:00,87360786.71610048,82227946.59452055,73965093.04382214,140743543,78057208.0
2024-02-02 21:00:00,87467719.70644352,82331579.94246575,74055409.97559744,140922997,78152100.0
2024-02-02 22:00:00,87569796.82319899,82428988.45424658,74145400.5978582,141102469,78244081.0
2024-02-02 23:00:00,87665239.58648616,82522201.45424658,74235064.9323082,141281711,78332754.0
2024-02-03 00:00:00,87759744.79817456,82613668.45424658,74330757.28952101,141458013,78419018.0
2024-02-03 01:00:00,87853991.75855933,82701660.45424658,74426123.0641877,141634050,78503778.0
2024-02-03 02:00:00,87948238.7189441,82790208.45424658,74521162.26589194,141810170,78587914.0
2024-02-03 03:00:00,88042485.67932887,82879462.31616439,74615874.90461369,141986917,78672266.0
2024-02-03 04:00:00,88136732.63971364,82967597.82794522,74710260.99074866,142163717,78757417.0
2024-02-03 05:00:00,88231419.5773281,83061041.82794522,74804320.53512874,142340515,78844927.0
2024-02-03 06:00:00,88331780.07549046,83159874.0361644,74898053.54904358,142517338,78935915.0
2024-02-03 07:00:00,88436242.18302916,83257144.7342466,74991460.04426329,142694402,79030260.0
2024-02-03 08:00:00,88540704.29056786,83356072.68000002,75084540.03306244,142872947,79125375.0
2024-02-03 09:00:00,88645166.39810656,83456602.90191783,75177293.52824542,143053592,79218286.0
2024-02-03 10:00:00,88747243.51486203,83554011.41369866,75269720.54317309,143234286,79308502.0
2024-02-03 11:00:00,88847604.01302439,83650601.41369866,75361821.091791,143414708,79395991.0
2024-02-03 12:00:00,88942370.06395161,83742211.29890414,75453595.18865913,143593674,79480873.0
2024-02-03 13:00:00,89036875.27564001,83833856.1791781,75545042.84898332,143772963,79563717.0
2024-02-03 14:00:00,89131122.23602478,83923219.40547948,75636164.08864844,143952408,79644938.0
2024-02-03 15:00:00,89225369.19640955,84016623.81589043,75726958.92425345,144131156,79726629.0
2024-02-03 16:00:00,89320056.13402401,84108801.81589043,75817427.3731484,144308641,79811029.0
2024-02-03 17:00:00,89421167.34362616,84206437.81589043,75907569.45347354,144485566,79899895.0
2024-02-03 18:00:00,89525629.45116486,84306397.81589043,75997385.18420066,144663552,79993026.0
2024-02-03 19:00:00,89630091.55870356,84406312.84547947,76086874.58517677,144842738,80086785.0
2024-02-03 20:00:00,89734553.66624226,84506797.84547947,76176037.67717026,145022033,80180377.0
2024-02-03 21:00:00,89837625.6316781,84607457.08986303,76264874.48191975,145201493,80273103.0
2024-02-03 22:00:00,89937986.12984046,84704047.08986303,76353385.02218568,145380987,80364032.0
2024-02-03 23:00:00,90032673.06745492,84795063.90657537,76441569.3218049,145560438,80452839.0
2024-02-04 00:00:00,90127061.74848023,84886530.90657537,76535780.98742542,145739539,80540070.0
2024-02-04 01:00:00,90221308.708865,84974522.90657537,76629666.09022985,145918046,80626350.0
2024-02-04 02:00:00,90315555.66924977,85062018.780274,76723224.64062688,146096255,80712462.0
2024-02-04 03:00:00,90409802.62963454,85149514.780274,76816456.64946213,146274182,80798739.0
2024-02-04 04:00:00,90504049.59001932,85240438.780274,76909362.12803982,146452212,80886014.0
2024-02-04 05:00:00,90598736.52763377,85332067.93534249,77001941.08814551,146630292,80975284.0
2024-02-04 06:00:00,90699097.02579613,85426941.93534249,77094193.54207014,146808111,81067530.0
2024-02-04 07:00:00,90801828.45288666,85524831.48383564,77186119.50263542,146986446,81162395.0
2024-02-04 08:00:00,90904900.4183225,85622764.48383564,77277718.98322059,147167671,81256550.0
2024-02-04 09:00:00,91005260.91648486,85719043.51890413,77368991.99779068,147350823,81347031.0
2024-02-04 10:00:00,91099947.85409932,85811688.99095893,77459938.5609263,147533723,81433648.0
2024-02-04 11:00:00,91194336.53512463,85902033.79616441,77550558.68785515,147716142,81517490.0
2024-02-04 12:00:00,91288583.4955094,85992080.99917811,77640852.39448531,147897274,81599110.0
2024-02-04 13:00:00,91382873.90845118,86080128.68301372,77730819.69744027,148078570,81679137.0
2024-02-04 14:00:00,91477164.32139297,86168917.37561646,77820460.61409613,148259708,81758401.0
2024-02-04 15:00:00,91571454.73433475,86257969.37561646,77909775.16262075,148440730,81838402.0
2024-02-04 16:00:00,91665701.69471952,86348047.20082194,77998763.36201519,148620491,81921652.0
2024-02-04 17:00:00,91766062.19288188,86444637.20082194,78087425.23215745,148799274,82010393.0
2024-02-04 18:00:00,91870524.30042058,86544302.71452057,78175760.79384883,148978944,82104080.0
2024-02-04 19:00:00,91974986.40795928,86642680.45835619,78263770.0688628,149158524,82198926.0
2024-02-04 20:00:00,92079448.51549798,86743479.69753426,78351453.07999675,149338194,82293364.0
2024-02-04 21:00:00,92181525.63225345,86840888.69753426,78438809.85112675,149517935,82386033.0
2024-02-04 22:00:00,92281280.56275071,86934167.69753426,78525840.40726538,149697734,82476199.0
2024-02-04 23:00:00,92375785.77443911,87024875.69753426,78612544.774623,149877568,82563776.0
2024-02-05 00:00:00,92470032.73482388,87116325.040274,78715330.26241076,150055383,82649756.0
2024-02-05 01:00:00,92564279.69520865,87206014.040274,78817789.13381861,150232800,82735186.0
2024-02-05 02:00:00,92658526.65559343,87295703.040274,78919921.39703146,150409859,82820917.0
2024-02-05 03:00:00,92752915.33661874,87387170.040274,79021727.06056239,150586565,82907901.0
2024-02-05 04:00:00,92847681.38754596,87479906.88904111,79123206.13326845,150763317,82997909.0
2024-02-05 05:00:00,92952143.49508466,87579568.48164386,79224358.62436718,150940556,83093514.0
2024-02-05 06:00:00,93067711.51960817,87687866.26575345,79325184.54345407,151118448,83197254.0
2024-02-05 07:00:00,93183707.53655414,87799957.74547948,79425683.90052092,151296547,83305749.0
2024-02-05 08:00:00,93299414.6522958,87910346.65342468,79525856.70597526,151476461,83411838.0
2024-02-05 09:00:00,93414982.67681931,88018697.65342468,79625702.97066072,151657231,83512776.0
2024-02-05 10:00:00,93525954.77103573,88121552.65342468,79725222.7058786,151837017,83609835.0
2024-02-05 11:00:00,93633025.03891458,88225232.65342468,79824415.92341061,152015850,83703683.0
2024-02-05 12:00:00,93737487.14645328,88324917.65342468,79923282.6355428,152193430,83795278.0
2024-02-05 13:00:00,93839564.26320875,88422553.65342468,80021822.85509084,152370839,83885146.0
2024-02-05 14:00:00,93939924.7613711,88520313.65342468,80120036.59542675,152548575,83973926.0
2024-02-05 15:00:00,94040285.25953346,88618055.15534249,80217923.87050699,152726823,84062854.0
2024-02-05 16:00:00,94144747.36707217,88716869.94054797,80315484.69490221,152903182,84154656.0
2024-02-05 17:00:00,94255719.46128859,88819713.71013701,80412719.08382864,153078509,84251469.0
2024-02-05 18:00:00,94371287.4858121,88925174.35260276,80509627.05318122,153255047,84352435.0
2024-02-05 19:00:00,94486855.51033561,89031563.35260276,80606208.61956857,153434545,84453723.0
2024-02-05 20:00:00,94602423.53485912,89138530.86109592,80702463.80035004,153613679,84554126.0
2024-02-05 21:00:00,94713395.62907554,89240796.53561647,80798392.61367466,153793070,84652181.0
2024-02-05 22:00:00,94817857.73661424,89343202.53561647,80893995.07852247,153972343,84746401.0
2024-02-05 23:00:00,94918218.2347766,89439206.32876715,80989271.21474816,154151253,84837284.0
2024-02-06 00:00:00,95017777.56428349,89533812.56739728,81090575.94147916,154327167,84926040.0
2024-02-06 01:00:00,95112464.50189795,89626561.56739728,81191554.06865306,154503274,85013844.0
2024-02-06 02:00:00,95207151.4395124,89718854.01506852,81292205.6051373,154679586,85101471.0
2024-02-06 03:00:00,95302594.20279957,89811638.03863016,81392530.56016043,154855623,85189876.0
2024-02-06 04:00:00,95402954.70096193,89907931.03863016,81492528.9433296,155031342,85280843.0
2024-02-06 05:00:00,95510636.2519516,90009976.72547947,81592200.764649,155207458,85376972.0
2024-02-06 06:00:00,95626343.36769326,90120237.04109591,81691546.03453924,155384124,85481178.0
2024-02-06 07:00:00,95745657.3662839,90233867.04109591,81790564.76385781,155561503,85589683.0
2024-02-06 08:00:00,95862596.21470223,90345601.90273975,81889256.96392076,155739450,85696174.0
2024-02-06 09:00:00,95978303.33044389,90453817.90273975,81987622.64652534,155919460,85798427.0
2024-02-06 10:00:00,96091700.02605328,90559147.17972605,82085661.82397412,156098649,85896972.0
2024-02-06 11:00:00,96200043.1942058,90663896.93808222,82183374.50910026,156276659,85992536.0
2024-02-06 12:00:00,96304505.3017445,90766238.68301372,82280760.71529429,156454413,86085712.0
2024-02-06 13:00:00,96408733.79848541,90866266.0772603,82377820.4565323,156632205,86176930.0
2024-02-06 14:00:00,96509845.00808756,90963919.58904113,82474553.74740575,156809225,86266997.0
2024-02-06 15:00:00,96610956.21768971,91061555.58904113,82570960.60315292,156987930,86357191.0
2024-02-06 16:00:00,96715418.32522841,91161995.48301373,82667041.03969209,157164978,86450160.0
2024-02-06 17:00:00,96827291.78938599,91266596.29917812,82762795.07365666,157340331,86548327.0
2024-02-06 18:00:00,96942993.86519478,91376164.94821922,82858222.72243218,157516260,86651157.0
2024-02-06 19:00:00,97058700.98093644,91483725.94821922,82953324.0041955,157694935,86754748.0
2024-02-06 20:00:00,97174378.57072985,91593047.2183562,83048098.93795614,157873572,86857717.0
2024-02-06 21:00:00,97287775.26633924,91697857.47780827,83142547.54360001,158052204,86958478.0
2024-02-06 22:00:00,97394992.84566323,91799245.47780827,83236669.84193563,158231010,87055514.0
2024-02-06 23:00:00,97497724.27275376,91898202.47780827,83330465.854743,158409994,87149241.0
2024-02-07 00:00:00,97598084.77091612,91993903.47780827,83430289.85497718,158586354,87241001.0
2024-02-07 01:00:00,97698445.26907848,92087653.78986306,83529787.27389611,158762783,87331869.0
2024-02-07 02:00:00,97798442.9278364,92181420.2945206,83628958.12111863,158939273,87422686.0
2024-02-07 03:00:00,97898803.42599876,92277713.2945206,83727802.40666129,159115704,87514206.0
2024-02-07 04:00:00,98002872.4886561,92375349.0775343,83826320.14095777,159291957,87608083.0
2024-02-07 05:00:00,98112965.82538086,92479547.0775343,83924511.3348795,159468779,87707241.0
2024-02-07 06:00:00,98228672.94112252,92589326.91123293,84022375.99975719,159647335,87814064.0
2024-02-07 07:00:00,98347986.93971315,92703372.72082198,84119914.14740369,159825781,87925329.0
2024-02-07 08:00:00,98465317.25496636,92815123.72082198,84217125.79013807,160005542,88033708.0
2024-02-07 09:00:00,98581024.37070802,92923586.06356171,84314010.940811,160185994,88136134.0
2024-02-07 10:00:00,98691996.46492444,93029273.06356171,84410569.61283152,160365702,88233634.0
2024-02-07 11:00:00,98796458.57246314,93129799.19068499,84506801.82019538,160544656,88327392.0
2024-02-07 12:00:00,98898535.68921861,93229666.08301376,84602707.57751484,160723365,88418222.0
2024-02-07 13:00:00,98998896.18738097,93326709.79917814,84698286.90005024,160901363,88507612.0
2024-02-07 14:00:00,99098042.47623034,93422837.99698636,84793539.80374321,161079492,88595801.0
2024-02-07 15:00:00,99197601.80573723,93518966.19479458,84888466.30525194,161257428,88683877.0
2024-02-07 16:00:00,99298240.7614171,93616002.9945206,84983066.42198822,161434271,88774448.0
2024-02-07 17:00:00,99406583.92956963,93716942.6156165,85077340.17215672,161611038,88869356.0
2024-02-07 18:00:00,99519980.62517902,93821137.62493157,85171287.57479645,161789349,88968322.0
2024-02-07 19:00:00,99633377.32078841,93926599.62493157,85264908.64982457,161968809,89067954.0
2024-02-07 20:00:00,99744705.14573361,94029781.01397267,85358203.41808274,162148223,89167099.0
2024-02-07 21:00:00,99853048.31388614,94131633.18712336,85451171.90138608,162327335,89264188.0
2024-02-07 22:00:00,99957117.37654348,94229262.13506857,85543814.12257494,162506557,89357783.0
2024-02-07 23:00:00,100055439.0435086,94322791.13506857,85636130.10556969,162685549,89447914.0
2024-02-08 00:00:00,100150125.98112306,94413231.13506857,85734473.4168165,162865013,89535784.0
2024-02-08 01:00:00,100244631.19281146,94504680.4778083,85832490.16655299,163044291,89622815.0
2024-02-08 02:00:00,100339019.87383677,94595828.9646576,85930180.36522599,163223811,89709723.0
2024-02-08 03:00:00,100433525.08552517,94687275.37808226,86027544.02372076,163403594,89797572.0
2024-02-08 04:00:00,100528967.84881234,94779765.96630144,86124581.15338273,163583742,89887761.0
2024-02-08 05:00:00,100633429.95635104,94878587.96630144,86221291.76604037,163764644,89982721.0
2024-02-08 06:00:00,100748997.98087455,94985031.96630144,86317675.87402923,163946338,90085037.0
2024-02-08 07:00:00,100864705.09661621,95094811.80000007,86413733.49021749,164128917,90191346.0
2024-02-08 08:00:00,100980412.21235786,95203501.80000007,86509464.62803274,164313519,90295551.0
2024-02-08 09:00:00,101093808.90796725,95306899.97917816,86604869.30149037,164497755,90394513.0
2024-02-08 10:00:00,101200741.89831029,95406107.75013706,86699947.52522345,164681003,90488790.0
2024-02-08 11:00:00,101302819.01506576,95503743.75013706,86794699.31451438,164863790,90579851.0
2024-02-08 12:00:00,101402816.67382368,95599435.23506857,86889124.68532822,165046556,90668980.0
2024-02-08 13:00:00,101497582.7247509,95691614.48136994,86983223.65434788,165229255,90757011.0
2024-02-08 14:00:00,101592269.66236536,95784628.48136994,87076996.23901144,165411511,90844119.0
2024-02-08 15:00:00,101686956.59997982,95875198.8468494,87170442.45755139,165594529,90931271.0
2024-02-08 16:00:00,101783510.8168312,95970067.91698638,87263562.32903627,165776333,91020357.0
2024-02-08 17:00:00,101887579.87948854,96068497.56739734,87356355.8734145,165957549,91113316.0
2024-02-08 18:00:00,101992725.3683962,96170076.56739734,87448823.11156091,166139022,91209382.0
2024-02-08 19:00:00,102097187.4759349,96271072.51616447,87540964.06532575,166318669,91305300.0
2024-02-08 20:00:00,102201649.5834736,96369871.16301379,87632778.75758666,166498056,91400050.0
2024-02-08 21:00:00,102302288.53915347,96466915.04191789,87724267.2123035,166677596,91492063.0
2024-02-08 22:00:00,102396975.47676793,96557964.69506857,87815429.4545765,166856846,91579882.0
2024-02-08 23:00:00,102491222.4371527,96647358.69506857,87906265.51070765,167035860,91663588.0
2024-02-09 00:00:00,102585167.94932947,96731483.29205488,88003128.17372726,167215098,91744328.0
2024-02-09 01:00:00,102678949.94900036,96815029.29205488,88099664.29676485,167393984,91823196.0
2024-02-09 02:00:00,102772731.94867125,96899529.29205488,88195873.89118056,167572061,91901000.0
2024-02-09 03:00:00,102866513.94834214,96981328.51205488,88291756.96881841,167749624,91978868.0
2024-02-09 04:00:00,102960295.94801304,97065465.42301378,88387313.54203051,167927214,92058311.0
2024-02-09 05:00:00,103054542.90839781,97154773.42301378,88482543.62370251,168105567,92141824.0
2024-02-09 06:00:00,103154903.40656017,97251045.45671241,88577447.22728057,168284676,92232157.0
2024-02-09 07:00:00,103259365.51409887,97352578.92931515,88672024.36679973,168464185,92326956.0
2024-02-09 08:00:00,103363827.62163757,97452777.28410967,88766275.05691388,168643895,92422139.0
2024-02-09 09:00:00,103465329.48850156,97550407.12712337,88860199.31292751,168823003,92515296.0
2024-02-09 10:00:00,103565327.14725949,97644360.12712337,88953797.15082905,169001849,92605455.0
2024-02-09 11:00:00,103660014.08487394,97739401.56657542,89047068.58732623,169180782,92692749.0
2024-02-09 12:00:00,103754519.29656234,97828542.56657542,89140013.63988338,169358748,92777954.0
2024-02-09 13:00:00,103848766.25694712,97918606.56657542,89232632.32676089,169537049,92862242.0
2024-02-09 14:00:00,103943013.21733189,98007844.04054803,89324924.66705677,169715189,92945938.0
2024-02-09 15:00:00,104037260.17771666,98097150.22328775,89416890.68075077,169893017,93029729.0
2024-02-09 16:00:00,104131507.13810143,98187214.22328775,89508530.3887509,170069535,93114791.0
2024-02-09 17:00:00,104226273.18902865,98281307.2827398,89599843.81294256,170245393,93202379.0
2024-02-09 18:00:00,104326270.84778658,98376964.59260282,89690830.9762407,170421661,93292133.0
2024-02-09 19:00:00,104422373.29884528,98469204.00739734,89781491.90264472,170598411,93381176.0
2024-02-09 20:00:00,104517060.23645973,98560260.00739734,89871826.61729679,170775177,93468686.0
2024-02-09 21:00:00,104611307.1968445,98649707.96191789,89961835.14654334,170952050,93554053.0
2024-02-09 22:00:00,104705597.60978629,98737230.73616447,90051517.51800027,171128940,93636233.0
2024-02-09 23:00:00,104799379.60945718,98818568.75260282,90140873.7606219,171305859,93714833.0
2024-02-10 00:00:00,104893161.60912807,98895479.8597261,90236255.81976062,171478938,93790404.0
2024-02-10 01:00:00,104986943.60879897,98970673.08958912,90331311.36234763,171652288,93864212.0
2024-02-10 02:00:00,105080725.60846986,99045141.94767131,90426040.40075156,171825598,93937027.0
2024-02-10 03:00:00,105174507.60814075,99118771.94767131,90520442.94787557,171999000,94009367.0
2024-02-10 04:00:00,105268289.60781164,99192887.65150693,90614519.01718438,172172486,94082300.0
2024-02-10 05:00:00,105362071.60748254,99268803.50164391,90708268.62273267,172346513,94156874.0
2024-02-10 06:00:00,105455853.60715343,99350211.01808226,90801691.7791952,172520080,94234281.0
2024-02-10 07:00:00,105549635.60682432,99431502.33643843,90894788.50189853,172692986,94314659.0
2024-02-10 08:00:00,105643581.11900109,99515658.02958912,90987558.80685447,172866502,94396980.0
2024-02-10 09:00:00,105737871.53194287,99599824.02958912,91080002.71079558,173040496,94480132.0
2024-02-10 10:00:00,105832017.5189482,99684573.02958912,91172120.2312125,173215294,94563605.0
2024-02-10 11:00:00,105925799.51861909,99769503.02958912,91263911.38639344,173390417,94646384.0
2024-02-10 12:00:00,106019581.51828998,99853045.04849322,91355376.19546601,173565147,94728275.0
2024-02-10 13:00:00,106113363.51796088,99934381.07150692,91446514.67844126,173739699,94808358.0
2024-02-10 14:00:00,106207145.51763177,100014809.22602746,91537326.85626036,173914321,94887396.0
2024-02-10 15:00:00,106300927.51730266,100094440.26246582,91627812.75084396,174088412,94966531.0
2024-02-10 16:00:00,106394709.51697356,100177978.24000007,91717972.3851443,174262007,95046922.0
2024-02-10 17:00:00,106488999.92991534,100265535.05397268,91807805.78320037,174435353,95129789.0
2024-02-10 18:00:00,106583246.89030011,100353311.05397268,91897312.97019629,174608484,95215093.0
2024-02-10 19:00:00,106677493.85068488,100441087.05397268,91986493.97252299,174784068,95299995.0
2024-02-10 20:00:00,106771784.26362666,100528681.05397268,92075348.81784357,174959701,95383631.0
2024-02-10 21:00:00,106865729.77580343,100613827.96054801,92163877.5351624,175135775,95465083.0
2024-02-10 22:00:00,106959511.77547432,100694732.96054801,92252080.1548983,175311950,95543904.0
2024-02-10 23:00:00,107053293.77514522,100772783.57397267,92339956.70896193,175488096,95619758.0
2024-02-11 00:00:00,107147075.77481611,100848699.42410965,92433858.21252614,175660163,95693328.0
2024-02-11 01:00:00,107240857.774487,100923168.28219184,92527433.22507028,175832213,95765254.0
2024-02-11 02:00:00,107334639.7741579,100996788.81616445,92620681.7600776,176003993,95836380.0
2024-02-11 03:00:00,107428421.77382879,101069178.81616445,92713603.83162247,176175774,95907265.0
2024-02-11 04:00:00,107522203.77349968,101143700.94410965,92806199.4544005,176347421,95978569.0
2024-02-11 05:00:00,107615985.77317058,101218005.97342472,92898468.64376032,176519167,96051208.0
2024-02-11 06:00:00,107709767.77284147,101294660.97342472,92990411.4157372,176690887,96126021.0
2024-02-11 07:00:00,107803549.77251236,101374185.97342472,93082027.78708848,176862479,96203588.0
2024-02-11 08:00:00,107897331.77218325,101457886.88136992,93173317.77533112,177034567,96284015.0
2024-02-11 09:00:00,107991277.28436002,101541765.160548,93264281.39878123,177209063,96366703.0
2024-02-11 10:00:00,108085423.27136534,101625761.160548,93354918.67659594,177383822,96450379.0
2024-02-11 11:00:00,108179713.68430713,101711509.160548,93445229.62881766,177558705,96534521.0
2024-02-11 12:00:00,108273859.67131245,101795505.160548,93535214.2764208,177733778,96618456.0
2024-02-11 13:00:00,108367805.18348922,101878909.82876718,93624872.6413612,177908845,96701685.0
2024-02-11 14:00:00,108461750.69566599,101963291.25205486,93714204.74662848,178083980,96784211.0
2024-02-11 15:00:00,108555896.68267131,102047580.25205486,93803210.61630121,178259735,96866755.0
2024-02-11 16:00:00,108650143.64305608,102136780.25205486,93891890.27560551,178435089,96951297.0
2024-02-11 17:00:00,108744830.58067054,102228296.25205486,93980243.75097686,178609895,97039122.0
2024-02-11 18:00:00,108844828.23942846,102322051.42849322,94068271.07012558,178784644,97128416.0
2024-02-11 19:00:00,108944825.89818639,102415812.00246581,94155972.26210614,178963094,97215988.0
2024-02-11 20:00:00,109040268.66147356,102508326.3065754,94243347.35739046,179141643,97302181.0
2024-02-11 21:00:00,109134955.59908801,102603028.3065754,94330396.3879456,179320603,97387146.0
2024-02-11 22:00:00,109229202.55947278,102690635.23095897,94417119.38731594,179499427,97469546.0
2024-02-11 23:00:00,109323348.54647811,102775349.82493158,94503516.39071019,179678314,97550750.0
2024-02-12 00:00:00,109417130.546149,102855260.82493158,94605991.34750974,179851354,97629317.0
2024-02-12 01:00:00,109510912.5458199,102935964.6567124,94708139.74410255,180024377,97706213.0
2024-02-12 02:00:00,109604694.54549079,103015757.6567124,94809961.59097345,180197437,97782544.0
2024-02-12 03:00:00,109698476.54516168,103096461.48849322,94911456.89904727,180370595,97859164.0
2024-02-12 04:00:00,109792258.54483257,103178841.43589048,95012625.67971057,180544134,97937859.0
2024-02-12 05:00:00,109886505.50521734,103267741.43589048,95113467.94483458,180718382,98021403.0
2024-02-12 06:00:00,109986866.0033797,103363493.43589048,95213983.70679937,180891839,98112296.0
2024-02-12 07:00:00,110095209.17153223,103468288.43589048,95314172.97851947,181065021,98208158.0
2024-02-12 08:00:00,110203552.33968475,103573083.43589048,95414035.7734707,181237698,98304901.0
2024-02-12 09:00:00,110310152.30753739,103674999.43589048,95513572.10571867,181411607,98400595.0
2024-02-12 10:00:00,110414614.41507609,103774665.44958912,95612781.98994882,181586340,98494858.0
2024-02-12 11:00:00,110516116.28194009,103874752.61424665,95711665.44149809,181760894,98587580.0
2024-02-12 12:00:00,110616476.78010245,103971968.61424665,95810222.47638834,181935213,98679386.0
2024-02-12 13:00:00,110716474.43886037,104069887.61424665,95908453.11136179,182110185,98770615.0
2024-02-12 14:00:00,110813028.65571176,104166013.26246583,96006357.36391832,182285089,98861287.0
2024-02-12 15:00:00,110908471.41899893,104261521.91890419,96103935.2523549,182461131,98952137.0
2024-02-12 16:00:00,111008831.91716129,104356458.51205488,96201186.79580735,182637843,99044574.0
2024-02-12 17:00:00,111113294.02469999,104454399.30520555,96298112.01429433,182814684,99140111.0
2024-02-12 18:00:00,111220975.57568966,104556472.30520555,96394710.92876399,182991988,99238086.0
2024-02-12 19:00:00,111328657.12667933,104663495.09260282,96490983.56114316,183170620,99335652.0
2024-02-12 20:00:00,111433119.23421803,104766169.09260282,96586929.93438949,183349653,99431508.0
2024-02-12 21:00:00,111535196.3509735,104865083.61753432,96682550.07254644,183528779,99524362.0
2024-02-12 22:00:00,111629883.28858796,104958702.65123296,96777844.00080162,183707718,99613163.0
2024-02-12 23:00:00,111724130.24897273,105047230.47150692,96872811.74554837,183886673,99698068.0
2024-02-13 00:00:00,111818420.66191451,105135956.48219186,96973806.05688044,184062734,99780265.0
2024-02-13 01:00:00,111912366.17409128,105220239.13534254,97074473.82961507,184239270,99861224.0
2024-02-13 02:00:00,112006148.17376217,105302097.3816439,97174815.07515365,184416274,99941986.0
2024-02-13 03:00:00,112099930.17343307,105384633.41095898,97274829.80538313,184593588,100023348.0
2024-02-13 04:00:00,112194220.58637485,105467865.41095898,97374518.03270029,184770224,100106637.0
2024-02-13 05:00:00,112288725.79806325,105558948.71506856,97473879.77003728,184947130,100194611.0
2024-02-13 06:00:00,112393127.54377948,105658600.32630144,97572915.03088866,185124334,100289661.0
2024-02-13 07:00:00,112504099.6379959,105764287.32630144,97671623.82933988,185301329,100389604.0
2024-02-13 08:00:00,112616310.05265312,105868294.12575349,97770006.18009737,185479571,100491081.0
2024-02-13 09:00:00,112727282.14686954,105972436.6857535,97868062.09852034,185658231,100591927.0
2024-02-13 10:00:00,112835625.31502207,106077231.6857535,97965791.60065426,185836531,100691592.0
2024-02-13 11:00:00,112942558.3053651,106185757.58465761,98063194.70326635,186015463,100789158.0
2024-02-13 12:00:00,113047020.4129038,106284795.58465761,98160271.42388299,186196126,100885217.0
2024-02-13 13:00:00,113151248.90964471,106384510.7068494,98257021.78082925,186377368,100979427.0
2024-02-13 14:00:00,113253326.02640018,106481790.26657543,98353445.7932707,186559270,101072131.0
2024-02-13 15:00:00,113355403.14315565,106580704.79150693,98449543.4812576,186740950,101164177.0
2024-02-13 16:00:00,113459865.25069435,106679736.9328768,98545314.86577152,186920547,101257935.0
2024-02-13 17:00:00,113570837.34491077,106784060.9328768,98640759.96877475,187098372,101355669.0
2024-02-13 18:00:00,113686405.36943428,106891858.89972611,98735878.81326254,187276529,101457282.0
2024-02-13 19:00:00,113801973.3939578,106999711.89972611,98830671.4233182,187456373,101559232.0
2024-02-13 20:00:00,113915370.08956718,107104739.20739734,98925137.82417163,187636078,101659888.0
2024-02-13 21:00:00,114025463.42629194,107209801.35917817,99019278.04226096,187815613,101757820.0
2024-02-13 22:00:00,114129925.53383064,107309720.94821927,99113092.10529801,187994837,101851672.0
2024-02-13 23:00:00,114229923.19258857,107407639.94821927,99206580.04233745,188174481,101941702.0
2024-02-14 00:00:00,114324610.13020302,107499792.94821927,99306093.75272088,188351422,102029067.0
2024-02-14 01:00:00,114419297.06781748,107589486.15452065,99405280.94802509,188527578,102114891.0
2024-02-14 02:00:00,114513802.27950588,107680194.15452065,99504141.64066353,188704075,102200255.0
2024-02-14 03:00:00,114608489.21712033,107770737.27945216,99602675.84358603,188880804,102285982.0
2024-02-14 04:00:00,114708048.54662722,107864407.11890422,99700883.57030585,189057611,102373687.0
2024-02-14 05:00:00,114812510.65416592,107962016.73780833,99798764.83492829,189234950,102466528.0
2024-02-14 06:00:00,114928076.32959272,108072212.36054806,99896319.6521808,189412933,102567233.0
2024-02-14 07:00:00,115044282.11492315,108184303.86739738,99993548.03744487,189591495,102672351.0
2024-02-14 08:00:00,115159989.2306648,108296974.6701371,100090450.0067896,189771648,102775826.0
2024-02-14 09:00:00,115275696.34640646,108407380.96602751,100187025.57700719,189952113,102875772.0
2024-02-14 10:00:00,115389093.04201585,108511272.96602751,100283274.76565056,190132164,102972775.0
2024-02-14 11:00:00,115497436.21016838,108613427.96602751,100379197.59107289,190311893,103067292.0
2024-02-14 12:00:00,115601898.31770708,108715833.96602751,100474794.07246953,190491539,103159905.0
2024-02-14 13:00:00,115706360.42524578,108815533.2482193,100570064.22992231,190671121,103251205.0
2024-02-14 14:00:00,115808437.54200125,108915688.2482193,100665008.08444628,190850747,103340999.0
2024-02-14 15:00:00,115911168.96909177,109015012.2482193,100759625.65803924,191031256,103430594.0
2024-02-14 16:00:00,116015631.07663047,109117657.36191793,100853916.97373404,191210412,103522067.0
2024-02-14 17:00:00,116129027.77223986,109221518.1972604,100947882.0556539,191388251,103618261.0
2024-02-14 18:00:00,116244734.88798152,109332957.1972604,101041520.929071,191567185,103718966.0
2024-02-14 19:00:00,116360442.00372317,109441608.48849328,101134833.62046832,191746682,103820432.0
2024-02-14 20:00:00,116476144.07953197,109550975.48849328,101227820.15760526,191926937,103921502.0
2024-02-14 21:00:00,116589540.77514136,109656007.48849328,101320480.56958693,192107246,104020728.0
2024-02-14 22:00:00,116696758.35446535,109757387.67698643,101412814.88693753,192287612,104116445.0
2024-02-14 23:00:00,116798835.47122082,109857510.1832878,101504823.14167808,192468023,104209083.0
2024-02-15 00:00:00,116899195.96938318,109956342.39150698,101602856.29960659,192649204,104299673.0
2024-02-15 01:00:00,116999193.6281411,110050019.39150698,101700562.96808304,192830139,104389561.0
2024-02-15 02:00:00,117098752.957648,110143696.39150698,101797943.16063944,193011159,104479390.0
2024-02-15 03:00:00,117199113.45581035,110237581.16383575,101894996.89140092,193192050,104570073.0
2024-02-15 04:00:00,117301190.57256582,110334296.72575356,101991724.17511599,193373465,104663003.0
2024-02-15 05:00:00,117409533.74071835,110437745.99616452,102088125.02718839,193555663,104761381.0
2024-02-15 06:00:00,117525240.85646,110548149.99616452,102184199.46371084,193738690,104867291.0
2024-02-15 07:00:00,117644554.85505064,110662218.99616452,102279947.50150062,193923218,104977122.0
2024-02-15 08:00:00,117761474.6786567,110774391.99616452,102375369.15813714,194108794,105084150.0
2024-02-15 09:00:00,117877181.79439835,110882700.9383563,102470464.45200172,194294962,105186621.0
2024-02-15 10:00:00,117990578.49000774,110987933.90054807,102565233.40231952,194480802,105285995.0
2024-02-15 11:00:00,118098921.65816027,111089966.64958917,102659676.02920395,194666081,105382801.0
2024-02-15 12:00:00,118203383.76569897,111188982.67972615,102753792.35370359,194850850,105477505.0
2024-02-15 13:00:00,118307452.82835631,111287420.60273986,102847582.39785174,195036020,105570821.0
2024-02-15 14:00:00,118408091.78403619,111384047.38383575,102941046.18471888,195222064,105662830.0
2024-02-15 15:00:00,118508452.28219855,111481979.8523289,103034183.73846819,195408647,105754296.0
2024-02-15 16:00:00,118612680.77893946,111578888.8523289,103126995.08441414,195592257,105847391.0
2024-02-15 17:00:00,118721023.94709198,111679484.8523289,103219480.24908465,195773717,105944078.0
2024-02-15 18:00:00,118834420.64270137,111783684.1742467,103311639.2602867,195953437,106044219.0
2024-02-15 19:00:00,118947817.33831076,111887338.13863026,103403472.14717588,196132949,106144585.0
2024-02-15 20:00:00,119058789.43252718,111991662.13863026,103494978.94032994,196312279,106243368.0
2024-02-15 21:00:00,119163934.92143483,112093241.13863026,103586159.6718267,196490908,106339189.0
2024-02-15 22:00:00,119264295.4195972,112188271.40000013,103677014.37532653,196669415,106431153.0
2024-02-15 23:00:00,119358982.35721165,112278528.40000013,103767543.0861596,196848974,106519574.0
2024-02-16 00:00:00,119453229.31759642,112368424.89041108,103864095.74452056,197027549,106605281.0
2024-02-16 01:00:00,119547476.27798119,112458191.89041108,103960321.94138876,197205769,106689621.0
2024-02-16 02:00:00,119641723.23836596,112545805.7821919,104056221.69153373,197383035,106773401.0
2024-02-16 03:00:00,119735970.19875073,112635515.41643848,104151795.01038152,197559893,106857725.0
2024-02-16 04:00:00,119830358.87977605,112726663.90328778,104247041.9140485,197737226,106944101.0
2024-02-16 05:00:00,119930719.3779384,112821298.86547956,104341962.41937695,197915157,107035133.0
2024-02-16 06:00:00,120040812.71466316,112925470.42027408,104436556.54397286,198093529,107133302.0
2024-02-16 07:00:00,120156519.83040482,113036379.92794532,104530824.30624568,198272243,107235476.0
2024-02-16 08:00:00,120272226.94614647,113147277.71835628,104624765.72545041,198451341,107337262.0
2024-02-16 09:00:00,120387794.97066998,113256999.68794532,104718380.82173207,198630730,107437128.0
2024-02-16 10:00:00,120499668.43482757,113361202.62164395,104811669.61617276,198809543,107535060.0
2024-02-16 11:00:00,120608011.60298009,113470082.55205491,104904632.13084131,198988343,107631005.0
2024-02-16 12:00:00,120715081.87085894,113578608.45095903,104997268.38884592,199167002,107725056.0
2024-02-16 13:00:00,120819543.97839764,113687011.45095903,105089578.41438968,199345234,107818145.0
2024-02-16 14:00:00,120924006.08593634,113788291.21068506,105181562.23282947,199523846,107910464.0
2024-02-16 15:00:00,121028468.19347504,113888188.66712342,105273219.87073807,199702589,108003271.0
2024-02-16 16:00:00,121135401.18381807,113996687.28000014,105364551.35597016,199881257,108098421.0
2024-02-16 17:00:00,121246729.00876327,114100540.98958917,105455556.71773183,200059713,108197038.0
2024-02-16 18:00:00,121362297.03328678,114210385.98958917,105546235.98665446,200238479,108298246.0
2024-02-16 19:00:00,121477865.05781029,114318640.23561656,105636589.1948727,200418409,108399134.0
2024-02-16 20:00:00,121591261.75341968,114423672.23561656,105726616.37610725,200598232,108498825.0
2024-02-16 21:00:00,121702233.8476361,114527916.23561656,105816317.56575224,200778537,108596523.0
2024-02-16 22:00:00,121806695.9551748,114636698.8452056,105905692.80096808,200958833,108691102.0
2024-02-16 23:00:00,121907334.91085468,114733418.8452056,105994742.1207796,201138907,108782165.0
2024-02-17 00:00:00,122006276.39473699,114828056.8452056,106089814.33732167,201318423,108870720.0
2024-02-17 01:00:00,122100963.33235145,114920718.591233,106184560.12291175,201498562,108958137.0
2024-02-17 02:00:00,122195650.2699659,115010886.1052056,106278979.49368984,201679135,109045056.0
2024-02-17 03:00:00,122290337.20758036,115102376.06684943,106373072.46652329,201860163,109132259.0
2024-02-17 04:00:00,122385024.14519481,115195621.06684943,106466839.05904466,202041127,109220142.0
2024-02-17 05:00:00,122485384.64335717,115290129.76219189,106560279.28969154,202221576,109309899.0
2024-02-17 06:00:00,122589846.75089587,115389796.98465765,106653393.17774877,202402342,109402699.0
2024-02-17 07:00:00,122698189.9190484,115490645.82191792,106746180.74339303,202583353,109498501.0
2024-02-17 08:00:00,122809162.01326482,115599698.53369874,106838642.00773996,202766688,109596688.0
2024-02-17 09:00:00,122920489.83821002,115703980.53369874,106930776.99289396,202951004,109696021.0
2024-02-17 10:00:00,123030583.17493477,115806528.53369874,107022585.72200091,203135055,109794981.0
2024-02-17 11:00:00,123138926.3430873,115908683.53369874,107114068.2193039,203318735,109893363.0
2024-02-17 12:00:00,123243388.450626,116017459.14547956,107205224.51020221,203502789,109991083.0
2024-02-17 13:00:00,123347850.5581647,116118776.14547956,107296054.6213136,203687907,110087350.0
2024-02-17 14:00:00,123450922.52360055,116218499.0520549,107386558.5805404,203873419,110181984.0
2024-02-17 15:00:00,123554991.58625789,116318221.95863023,107476736.4171393,204060054,110276312.0
2024-02-17 16:00:00,123659453.69379659,116427007.95863023,107566588.16179532,204245819,110372457.0
2024-02-17 17:00:00,123771664.10845381,116531151.17013708,107656113.84670001,204429934,110472634.0
2024-02-17 18:00:00,123887371.22419547,116644625.0528768,107745313.50563441,204614321,110577399.0
2024-02-17 19:00:00,124003078.33993712,116758098.93561652,107834187.17405675,204795583,110682902.0
2024-02-17 20:00:00,124118785.45567878,116871572.81835625,107922734.88919537,204976149,110787867.0
2024-02-17 21:00:00,124234353.48020229,116978319.81835625,108010956.69014719,205156480,110891465.0
2024-02-17 22:00:00,124347581.61403805,117088381.81835625,108098852.617982,205336660,110992734.0
2024-02-17 23:00:00,124455924.78219058,117189720.81835625,108186422.71585296,205516664,111091640.0
2024-02-18 00:00:00,124562857.77253361,117298381.81835625,108280014.55370858,205700252,111188665.0
2024-02-18 01:00:00,124667319.88007231,117406784.81835625,108373279.99401318,205883700,111284777.0
2024-02-18 02:00:00,124771781.98761101,117514981.81698638,108466219.05442587,206067210,111380429.0
2024-02-18 03:00:00,124876244.09514971,117623178.81561652,108558831.75341241,206250735,111476340.0
2024-02-18 04:00:00,124980706.20268841,117731964.81561652,108651118.11028753,206433988,111573224.0
2024-02-18 05:00:00,125089049.37084094,117840836.3378083,108743078.14525956,206617290,111671740.0
2024-02-18 06:00:00,125202446.06645033,117946373.3378083,108834711.8794777,206801417,111772788.0
2024-02-18 07:00:00,125318014.09097384,118056216.05945213,108926019.33508192,206985855,111876118.0
2024-02-18 08:00:00,125433582.11549735,118165977.05945213,109017000.53525588,207173019,111979231.0
2024-02-18 09:00:00,125543675.45222211,118274866.04904117,109107655.50428265,207361257,112079457.0
2024-02-18 10:00:00,125648137.55976081,118383269.04904117,109197984.26760395,207549416,112176597.0
2024-02-18 11:00:00,125748498.05792317,118481662.04904117,109287986.85188253,207736620,112270733.0
2024-02-18 12:00:00,125844600.50898187,118575997.04904117,109377663.28506845,207923637,112362253.0
2024-02-18 13:00:00,125939287.44659632,118669429.19616446,109467013.59646903,208109544,112451453.0
2024-02-18 14:00:00,126033534.4069811,118763403.19616446,109556037.81682296,208294500,112538824.0
2024-02-18 15:00:00,126127923.0880064,118857368.35397267,109644735.97837877,208479286,112625966.0
2024-02-18 16:00:00,126223365.85129358,118951697.5767124,109733108.11497793,208662504,112715153.0
2024-02-18 17:00:00,126327827.95883228,119051431.5767124,109821154.26214273,208843763,112808788.0
2024-02-18 18:00:00,126438800.0530487,119161966.5767124,109908874.45716956,209024767,112907116.0
2024-02-18 19:00:00,126551010.46770592,119271089.56493157,109996268.73922752,209205417,113006592.0
2024-02-18 20:00:00,126662464.25885925,119380116.02136993,110083337.14946297,209385719,113105328.0
2024-02-18 21:00:00,126770807.42701177,119489145.02136993,110170079.73111035,209566195,113202266.0
2024-02-18 22:00:00,126875269.53455047,119597342.02000007,110256496.52960955,209746324,113296246.0
2024-02-18 23:00:00,126975908.49023035,119695678.03397267,110342587.5927303,209926470,113387403.0
2024-02-19 00:00:00,127075906.14898828,119791313.98438363,110444752.40493426,210104188,113476918.0
2024-02-19 01:00:00,127172460.36583966,119886208.98438363,110546590.72925133,210280989,113565740.0
2024-02-19 02:00:00,127272019.69534655,119980830.57479459,110648102.57926212,210457214,113654850.0
2024-02-19 03:00:00,127372380.19350891,120075735.3786302,110749287.96914244,210633090,113745059.0
2024-02-19 04:00:00,127476449.25616625,120172784.79917815,110850146.91369352,210808726,113837841.0
2024-02-19 05:00:00,127587421.35038267,120276953.75013706,110950679.4283741,210984699,113935157.0
2024-02-19 06:00:00,127703128.46612433,120388657.64054802,111050885.52933419,211160834,114038606.0
2024-02-19 07:00:00,127825291.95373659,120502726.64054802,111150765.23345083,211337955,114145636.0
2024-02-19 08:00:00,127944605.95232722,120616795.64054802,111250318.55836576,211517461,114250588.0
2024-02-19 09:00:00,128060313.06806888,120726900.64054802,111349545.52252531,211697270,114351310.0
2024-02-19 10:00:00,128175881.09259239,120833907.64054802,111448446.1452225,211876552,114448500.0
2024-02-19 11:00:00,128285712.75907762,120938702.64054802,111547020.44664156,212055501,114542802.0
2024-02-19 12:00:00,128390174.86661632,121042382.64054802,111645268.44790502,212234321,114634752.0
2024-02-19 13:00:00,128494403.36335723,121141367.20767131,111743190.1711234,212413251,114724917.0
2024-02-19 14:00:00,128595042.31903711,121239760.20767131,111840785.63944791,212591741,114813745.0
2024-02-19 15:00:00,128695491.1160205,121337263.63753434,111938054.87712602,212770831,114902166.0
2024-02-19 16:00:00,128799953.2235592,121435469.66767132,112034997.90956037,212948427,114992581.0
2024-02-19 17:00:00,128910925.31777562,121539521.66767132,112131614.763371,213123940,115087487.0
2024-02-19 18:00:00,129026632.43351728,121648892.43863022,112227905.46646132,213299425,115187536.0
2024-02-19 19:00:00,129142339.54925893,121758353.43863022,112323870.04808772,213478365,115288958.0
2024-02-19 20:00:00,129258046.66500059,121869236.78438365,112419508.5389335,213657711,115390169.0
2024-02-19 21:00:00,129373614.6895241,121976222.54684941,112514820.97118695,213837183,115489398.0
2024-02-19 22:00:00,129483708.02624886,122080983.31726037,112609807.37862405,214016569,115585307.0
2024-02-19 23:00:00,129588170.13378756,122181743.47178091,112704467.7966961,214195745,115678494.0
2024-02-20 00:00:00,129689672.00065155,122279117.47178091,112805152.11264963,214371218,115769882.0
2024-02-20 01:00:00,129790032.49881391,122374087.47178091,112905509.96877924,214547308,115860605.0
2024-02-20 02:00:00,129890392.99697627,122469387.27698639,113005541.37990738,214723943,115951696.0
2024-02-20 03:00:00,129992048.1377465,122566761.27698639,113105246.3615153,214900753,116043877.0
2024-02-20 04:00:00,130096510.2452852,122665297.24630146,113204624.92977685,215077528,116138641.0
2024-02-20 05:00:00,130209906.94089459,122770734.24630146,113303677.10159431,215254610,116238778.0
2024-02-20 06:00:00,130326409.2780838,122884810.23315077,113402402.89463623,215431535,116346956.0
2024-02-20 07:00:00,130452706.32968757,123000823.61534254,113500802.32737727,215609546,116458862.0
2024-02-20 08:00:00,130572020.3282782,123114892.61534254,113598875.41914056,215789975,116566525.0
2024-02-20 09:00:00,130687727.44401985,123224353.61534254,113696622.19014221,215970324,116667802.0
2024-02-20 10:00:00,130799937.85867707,123327985.50904118,113794042.66153854,216149494,116764192.0
2024-02-20 11:00:00,130906870.84902011,123429836.25041103,113891136.8554759,216329645,116857125.0
2024-02-20 12:00:00,131010076.62707521,123529135.7038357,113987904.79514349,216509771,116947627.0
2024-02-20 13:00:00,131110437.12523757,123626619.97452062,114084346.50482905,216690620,117036259.0
2024-02-20 14:00:00,131209996.45474446,123722760.97452062,114180462.0099779,216872014,117123552.0
2024-02-20 15:00:00,131309352.8341209,123818901.97452062,114276251.33725542,217054096,117210492.0
2024-02-20 16:00:00,131409801.63110429,123912521.5098631,114371714.51461297,217234503,117300084.0
2024-02-20 17:00:00,131517483.18209396,124010887.5098631,114466851.57135792,217412091,117394005.0
2024-02-20 18:00:00,131632041.0572133,124118744.39753433,114561662.53822756,217590337,117492904.0
2024-02-20 19:00:00,131747609.08173682,124224566.39753433,114656147.44746745,217769442,117593116.0
2024-02-20 20:00:00,131861804.79935293,124329425.39753433,114750306.33291435,217949232,117692897.0
2024-02-20 21:00:00,131972776.89356935,124433701.00958912,114844139.23008406,218129135,117790688.0
2024-02-20 22:00:00,132077239.00110805,124534454.43753433,114937646.17626433,218308900,117884727.0
2024-02-20 23:00:00,132177599.49927041,124629424.43753433,115030827.21061349,218488474,117975505.0
2024-02-21 00:00:00,132273042.26255758,124722209.43753433,115130031.08828631,218667218,118064235.0
2024-02-21 01:00:00,132367729.20017204,124815141.75232886,115228908.53678888,218846215,118152327.0
2024-02-21 02:00:00,132462416.1377865,124907956.67753434,115327459.57231893,219024910,118240779.0
2024-02-21 03:00:00,132557182.18871371,125000297.83671242,115425684.211804,219203607,118330327.0
2024-02-21 04:00:00,132657542.68687607,125096979.32164393,115523582.47293942,219382142,118422345.0
2024-02-21 05:00:00,132764612.95475492,125197021.54027407,115621154.37422827,219561143,118519822.0
2024-02-21 06:00:00,132880320.07049657,125305292.54027407,115718399.93502375,219740540,118625247.0
2024-02-21 07:00:00,132997239.89410263,125417043.54027407,115815319.17557389,219921130,118734233.0
2024-02-21 08:00:00,133112947.00984429,125525873.54027407,115911912.11706881,220103539,118839836.0
2024-02-21 09:00:00,133227504.88496363,125631137.54027407,116008178.78169076,220286026,118940182.0
2024-02-21 10:00:00,133334575.15284248,125730777.54027407,116104119.1926669,220467830,119036167.0
2024-02-21 11:00:00,133436652.26959795,125830049.110959,116199733.37432532,220649427,119128411.0
2024-02-21 12:00:00,133536649.92835587,125925261.94054803,116295021.35215406,220831866,119218237.0
2024-02-21 13:00:00,133631336.86597033,126019383.94054803,116389983.1528638,221013764,119306108.0
2024-02-21 14:00:00,133726023.80358478,126114085.94054803,116484618.804454,221194894,119392508.0
2024-02-21 15:00:00,133820710.74119924,126205016.29616447,116578928.33628297,221375408,119478771.0
2024-02-21 16:00:00,133916153.50448641,126299351.29616447,116672911.77914207,221553515,119567304.0
2024-02-21 17:00:00,134020382.00122732,126396961.8558905,116766569.16533421,221729476,119659802.0
2024-02-21 18:00:00,134128725.16937985,126497169.12794529,116859900.52875699,221905362,119756581.0
2024-02-21 19:00:00,134237068.33753237,126597918.200822,116952905.9049907,222082131,119853945.0
2024-02-21 20:00:00,134344285.91685635,126698861.28164391,117045585.33139159,222259328,119950436.0
2024-02-21 21:00:00,134448748.02439505,126796557.28164391,117137938.8471906,222436750,120044565.0
2024-02-21 22:00:00,134549108.5225574,126891077.42301378,117229966.49359803,222614250,120134765.0
2024-02-21 23:00:00,134643613.7342458,126983834.30136994,117321668.31391428,222791745,120221530.0
2024-02-22 00:00:00,134737860.6946306,127073591.18438363,117419391.81667966,222966897,120306036.0
2024-02-22 01:00:00,134832151.10757238,127160455.87205486,117516788.92379892,223141526,120389599.0
2024-02-22 02:00:00,134926441.52051416,127245688.17479458,117613859.65299417,223315980,120472954.0
2024-02-22 03:00:00,135020731.93345594,127332807.26191787,117710604.02279691,223490661,120556589.0
2024-02-22 04:00:00,135114978.89384073,127423716.40219185,117807022.05259047,223665088,120642392.0
2024-02-22 05:00:00,135214538.22334763,127519499.47808225,117903113.7626548,223839377,120733049.0
2024-02-22 06:00:00,135322881.39150017,127621969.47808225,117998879.17421384,224013982,120830865.0
2024-02-22 07:00:00,135438449.4160237,127729799.53178088,118094318.30948573,224189272,120932422.0
2024-02-22 08:00:00,135551846.1116331,127837146.53178088,118189431.1917357,224366093,121031791.0
2024-02-22 09:00:00,135660189.27978563,127939466.92082198,118284217.84533215,224543095,121127939.0
2024-02-22 10:00:00,135764651.38732433,128037065.63616444,118378678.2958059,224719222,121221814.0
2024-02-22 11:00:00,135866306.52809456,128134411.18383567,118472812.56991298,224895274,121314272.0
2024-02-22 12:00:00,135966667.02625692,128230217.2095891,118566620.69570096,225070039,121406184.0
2024-02-22 13:00:00,136066421.95675418,128326936.2095891,118660102.70257916,225244708,121497312.0
2024-02-22 14:00:00,136161188.0076814,128421058.2095891,118753258.62139305,225419641,121588082.0
2024-02-22 15:00:00,136255874.94529587,128514952.2095891,118846088.48450296,225595062,121679144.0
2024-02-22 16:00:00,136355872.6040538,128611671.2095891,118938592.32586734,225769377,121771837.0
2024-02-22 17:00:00,136458604.03114432,128710953.4126028,119030770.1811311,225943201,121866757.0
2024-02-22 18:00:00,136563066.13868302,128808628.79890417,119122622.08771901,226117048,121963838.0
2024-02-22 19:00:00,136667528.24622172,128906565.22520554,119214148.08493474,226294400,122060414.0
2024-02-22 20:00:00,136771597.30887908,129003173.45589048,119305348.21406572,226471553,122155217.0
2024-02-22 21:00:00,136871957.80704144,129100146.76931514,119396222.51849426,226648866,122246765.0
2024-02-22 22:00:00,136966346.48806676,129190982.99150692,119486771.04381536,226825910,122334140.0
2024-02-22 23:00:00,137060636.90100855,129276190.46547952,119576993.83796145,227002908,122417274.0
2024-02-23 00:00:00,137154418.90067944,129360690.46547952,119673237.03518268,227176444,122497353.0
2024-02-23 01:00:00,137248200.90035033,129440220.08082199,119769153.87346523,227350166,122575589.0
2024-02-23 02:00:00,137341982.90002123,129521614.84931514,119864744.37222254,227524310,122653010.0
2024-02-23 03:00:00,137435764.89969212,129603027.32931514,119960008.55176651,227698408,122730313.0
2024-02-23 04:00:00,137529546.899363,129684403.32931514,120054946.433355,227872254,122809203.0
2024-02-23 05:00:00,137623837.3123048,129769662.62356171,120149558.039242,228046660,122892212.0
2024-02-23 06:00:00,137718524.24991927,129862033.59232883,120243843.39273082,228221656,122982025.0
2024-02-23 07:00:00,137820601.36667475,129958358.59232883,120337802.51823023,228397178,123075946.0
2024-02-23 08:00:00,137924670.4293321,130055290.92438363,120431435.44131388,228572503,123170510.0
2024-02-23 09:00:00,138025980.59931296,130152907.69397266,120524742.18878317,228746975,123264134.0
2024-02-23 10:00:00,138126341.09747532,130248427.69397266,120617722.7887338,228920395,123356520.0
2024-02-23 11:00:00,138225900.42698222,130343640.5235617,120710377.27062617,229094017,123447769.0
2024-02-23 12:00:00,138320587.3645967,130437756.33945212,120802705.66535991,229268223,123537916.0
2024-02-23 13:00:00,138415274.30221117,130531897.7136987,120894708.00535278,229442794,123627132.0
2024-02-23 14:00:00,138509779.51389956,130622540.7136987,120986384.3246242,229617539,123715093.0
2024-02-23 15:00:00,138604284.72558796,130711711.4967124,121077734.65888372,229792773,123802836.0
2024-02-23 16:00:00,138698971.66320243,130805822.79123294,121168759.04562472,229968539,123891897.0
2024-02-23 17:00:00,138798969.32196036,130901060.79123294,121259457.52422366,230144077,123982758.0
2024-02-23 18:00:00,138899608.27764022,130998372.99479459,121349830.13604519,230320206,124075951.0
2024-02-23 19:00:00,138999968.77580258,131093852.15698637,121439876.92455362,230497328,124169137.0
2024-02-23 20:00:00,139100329.27396494,131189355.93726034,121529597.93543093,230674050,124261343.0
2024-02-23 21:00:00,139195095.32489216,131282552.70602746,121618993.2167019,230850643,124351557.0
2024-02-23 22:00:00,139289342.28527695,131371999.58684938,121708062.81886674,231027223,124439064.0
2024-02-23 23:00:00,139383632.69821873,131460821.58684938,121796806.79504175,231203928,124523285.0
2024-02-24 00:00:00,139477578.21039551,131544285.58684938,121891569.76272832,231381321,124604973.0
2024-02-24 01:00:00,139571360.2100664,131625874.45698637,121986006.41171724,231558836,124685212.0
2024-02-24 02:00:00,139665142.2097373,131710374.45698637,122080116.76330024,231736716,124764550.0
2024-02-24 03:00:00,139758924.2094082,131794874.45698637,122173900.83976729,231914435,124843676.0
2024-02-24 04:00:00,139852706.2090791,131878578.45698637,122267358.66445978,232092096,124923436.0
2024-02-24 05:00:00,139946996.62202087,131963622.45698637,122360490.26182686,232269194,125005293.0
2024-02-24 06:00:00,140041243.58240566,132052671.45698637,122453295.65748502,232445565,125090412.0
2024-02-24 07:00:00,140135930.52002013,132145042.42575349,122545774.87828112,232621824,125178516.0
2024-02-24 08:00:00,140235489.84952703,132237689.63917814,122637927.95235902,232798579,125268649.0
2024-02-24 09:00:00,140335487.50828496,132330797.02328773,122729754.90923023,232975751,125359481.0
2024-02-24 10:00:00,140435046.83779186,132423444.23671238,122821255.77984859,233152231,125449962.0
2024-02-24 11:00:00,140529812.88871908,132519139.33424662,122912430.59668936,233328196,125539071.0
2024-02-24 12:00:00,140624499.82633355,132610275.33424662,123003279.39383295,233503525,125625711.0
2024-02-24 13:00:00,140719005.03802195,132700257.49780826,123093802.20705365,233678463,125710564.0
2024-02-24 14:00:00,140813251.99840674,132789707.49780826,123183999.07391348,233853016,125794751.0
2024-02-24 15:00:00,140907498.95879152,132879157.49780826,123273870.03386179,234026204,125879376.0
2024-02-24 16:00:00,141002185.896406,132973506.23479456,123363415.12834054,234199592,125966539.0
2024-02-24 17:00:00,141103297.10600814,133069213.23479456,123452634.4008961,234372804,126057519.0
2024-02-24 18:00:00,141210230.09635118,133177690.58301373,123541527.89729753,234546231,126152874.0
2024-02-24 19:00:00,141317447.67567515,133280151.68657537,123630095.66566205,234721302,126249497.0
2024-02-24 20:00:00,141424517.943554,133382040.3032877,123718337.75658801,234896819,126345865.0
2024-02-24 21:00:00,141528980.0510927,133480755.33972606,123806254.22329585,235072502,126441128.0
2024-02-24 22:00:00,141631057.1678482,133578506.98520552,123893845.12177758,235248452,126534365.0
2024-02-24 23:00:00,141731417.66601056,133672101.98520552,123981110.51095527,235424442,126625389.0
2024-02-25 00:00:00,141826183.71693778,133764929.14301373,124074393.33249769,235599381,126714801.0
2024-02-25 01:00:00,141920870.65455225,133855849.97178085,124167349.87950948,235775719,126803548.0
2024-02-25 02:00:00,142015557.59216672,133946791.23095894,124259980.17537019,235952130,126892103.0
2024-02-25 03:00:00,142110244.5297812,134037809.23095894,124352284.24456939,236128693,126981186.0
2024-02-25 04:00:00,142205010.5807084,134130289.44958907,124444262.11276646,236305593,127071311.0
2024-02-25 05:00:00,142305371.07887077,134224669.56109592,124535913.8068537,236482459,127163703.0
2024-02-25 06:00:00,142409440.14152813,134323442.56109592,124627239.3550232,236659430,127258975.0
2024-02-25 07:00:00,142513902.24906683,134423023.05863017,124718238.78683765,236837562,127355974.0
2024-02-25 08:00:00,142618364.35660553,134524252.34191784,124808912.1333051,237018460,127451201.0
2024-02-25 09:00:00,142718724.8547679,134621033.34191784,124899259.42695838,237199187,127542702.0
2024-02-25 10:00:00,142813411.79238236,134711587.03643838,124989280.70193897,237378374,127630725.0
2024-02-25 11:00:00,142907658.75276715,134801488.59890413,125078975.99408592,237556603,127715989.0
2024-02-25 12:00:00,143001905.71315193,134888506.61890414,125168345.34103002,237733796,127799027.0
2024-02-25 13:00:00,143096196.12609372,134977264.09260276,125257388.78229351,237910333,127880233.0
2024-02-25 14:00:00,143190141.6382705,135062192.00410962,125346106.35939579,238086930,127960250.0
2024-02-25 15:00:00,143284115.40972927,135147850.54602742,125434498.11596534,238262667,128040458.0
2024-02-25 16:00:00,143378362.37011406,135236038.3241096,125522564.09785841,238436661,128123392.0
2024-02-25 17:00:00,143473049.30772853,135329456.99095893,125610304.35328478,238608661,128211021.0
2024-02-25 18:00:00,143573688.2634084,135426072.8041096,125697718.93294099,238780784,128303844.0
2024-02-25 19:00:00,143677916.7601493,135524806.25835618,125784807.8901518,238954984,128398510.0
2024-02-25 20:00:00,143781985.82280666,135623529.89397264,125871571.28101991,239129122,128492723.0
2024-02-25 21:00:00,143882346.32096902,135719821.89397264,125958009.16458496,239303189,128584710.0
2024-02-25 22:00:00,143977112.37189624,135813209.89479455,126044121.60299201,239477111,128673524.0
2024-02-25 23:00:00,144071359.33228102,135902655.58219182,126129908.66167033,239651006,128759120.0
2024-02-26 00:00:00,144165649.7452228,135988536.59232882,126231763.82923684,239823190,128842461.0
2024-02-26 01:00:00,144259940.1581646,136073580.59232882,126333292.6030584,239994937,128924731.0
2024-02-26 02:00:00,144354230.57110637,136157722.32191786,126434495.00091997,240166512,129006444.0
2024-02-26 03:00:00,144448520.98404816,136242452.32191786,126535371.04141861,240337922,129088378.0
2024-02-26 04:00:00,144542767.94443294,136331291.2945206,126635920.74400607,240509163,129172481.0
2024-02-26 05:00:00,144638210.7077201,136425514.2945206,126736144.1290337,240680989,129261294.0
2024-02-26 06:00:00,144745280.97559896,136528703.08493155,126836041.21780008,240853741,129357967.0
2024-02-26 07:00:00,144858677.67120835,136635473.08493155,126935612.03260121,241027261,129458150.0
2024-02-26 08:00:00,144969649.7654248,136740247.08493155,127034856.59678368,241202596,129555564.0
2024-02-26 09:00:00,145074111.8729635,136841503.08493155,127133774.93480098,241377830,129648668.0
2024-02-26 10:00:00,145174750.82864335,136939081.20383567,127232367.07227284,241551681,129738707.0
2024-02-26 11:00:00,145274107.2080198,137033349.16273978,127330633.03604825,241724989,129825735.0
2024-02-26 12:00:00,145368794.14563426,137125467.03287676,127428572.85427201,241898481,129910453.0
2024-02-26 13:00:00,145463299.35732266,137216080.57698634,127526186.5564552,242072553,129993983.0
2024-02-26 14:00:00,145557546.31770745,137305930.57698634,127623474.17354974,242247687,130076743.0
2024-02-26 15:00:00,145651793.27809224,137395171.57698634,127720435.7380274,242423291,130159589.0
2024-02-26 16:00:00,145746298.48978063,137488738.0715069,127817071.28396332,242598021,130243939.0
2024-02-26 17:00:00,145845654.86915708,137581498.0715069,127913380.84712464,242772268,130331414.0
2024-02-26 18:00:00,145947156.73602107,137679374.46767128,128009364.46506417,242947684,130422266.0
2024-02-26 19:00:00,146048267.94562322,137777157.46767128,128105022.17721973,243123202,130513531.0
2024-02-26 20:00:00,146148628.44378558,137872445.0873973,128200354.02501939,243298809,130603077.0
2024-02-26 21:00:00,146243315.38140005,137967148.33232883,128295360.05199292,243473935,130689714.0
2024-02-26 22:00:00,146337562.34178483,138055329.49232882,128390040.30388995,243648724,130772175.0
2024-02-26 23:00:00,146431344.34145573,138140244.68301377,128484394.8288051,243823488,130850844.0
2024-02-27 00:00:00,146525126.34112662,138219906.410685,128584769.69486132,243999380,130927042.0
2024-02-27 01:00:00,146618908.3407975,138296682.09095898,128684818.20401417,244175218,131001704.0
2024-02-27 02:00:00,146712690.3404684,138372435.09095898,128784540.37574574,244350764,131075895.0
2024-02-27 03:00:00,146806472.3401393,138448188.09095898,128883936.23043963,244526330,131150428.0
2024-02-27 04:00:00,146900254.3398102,138524948.09095898,128983005.78942855,244701890,131226619.0
2024-02-27 05:00:00,146994036.3394811,138606762.96109596,129081749.07504469,244877830,131307339.0
2024-02-27 06:00:00,147088283.29986587,138696764.95342472,129180166.11067306,245053078,131395085.0
2024-02-27 07:00:00,147188280.9586238,138791222.95342472,129278256.92080778,245229388,131486287.0
2024-02-27 08:00:00,147288035.88912106,138885511.33616444,129376021.53111176,245407168,131575952.0
2024-02-27 09:00:00,147382722.82673553,138977697.33616444,129473459.96847975,245585060,131663437.0
2024-02-27 10:00:00,147477409.76435,139069087.78301376,129570572.26110506,245762586,131749218.0
2024-02-27 11:00:00,147571914.9760384,139159597.32986307,129667358.43855022,245939672,131834388.0
2024-02-27 12:00:00,147666303.65706372,139250106.87671238,129763818.53182174,246114855,131919188.0
2024-02-27 13:00:00,147760550.6174485,139338933.87671238,129859952.57344928,246288863,132004645.0
2024-02-27 14:00:00,147854797.5778333,139428806.2736987,129955760.5975694,246461726,132090246.0
2024-02-27 15:00:00,147949044.53821808,139518043.74767128,130051242.64001437,246634877,132176458.0
2024-02-27 16:00:00,148043549.74990648,139608686.74767128,130146398.7384061,246808626,132264067.0
2024-02-27 17:00:00,148138992.51319364,139701717.74767128,130241228.93225577,246982589,132353724.0
2024-02-27 18:00:00,148239353.011356,139797360.38136992,130335733.26306927,247157489,132445102.0
2024-02-27 19:00:00,148339107.94185326,139890120.38136992,130429911.77445893,247332866,132535900.0
2024-02-27 20:00:00,148433794.87946773,139981997.7134247,130523764.51226199,247508031,132624486.0
2024-02-27 21:00:00,148528041.8398525,140069882.46219185,130617291.52466612,247683573,132709605.0
2024-02-27 22:00:00,148621823.8395234,140154248.01835623,130710492.86234245,247858898,132790039.0
2024-02-27 23:00:00,148715605.8391943,140233956.01835623,130803368.57858665,248034171,132866187.0
2024-02-28 00:00:00,148809387.8388652,140309570.7287672,130902263.21942835,248209065,132939087.0
2024-02-28 01:00:00,148903169.83853608,140381861.16136992,131000831.54375431,248384250,133010106.0
2024-02-28 02:00:00,148996951.83820698,140453202.47123292,131099073.57293141,248559473,133080217.0
2024-02-28 03:00:00,149090733.83787787,140523774.39205483,131196989.32932809,248734247,133150071.0
2024-02-28 04:00:00,149184515.83754876,140595527.39205483,131294578.83636774,248909135,133221099.0
2024-02-28 05:00:00,149278297.83721966,140671818.39205483,131391842.11858523,249084914,133296095.0
2024-02-28 06:00:00,149372079.83689055,140756202.39205483,131488779.20168665,249260964,133377735.0
2024-02-28 07:00:00,149466326.79727533,140844078.51561648,131585390.11261252,249436558,133463882.0
2024-02-28 08:00:00,149560573.75766012,140934100.71479455,131681674.87960473,249612798,133551789.0
2024-02-28 09:00:00,149654820.7180449,141024122.91397262,131777633.5322773,249789566,133640620.0
2024-02-28 10:00:00,149749067.6784297,141114149.91397262,131873266.10169138,249966560,133730116.0
2024-02-28 11:00:00,149843314.63881448,141204172.1131507,131968572.62043455,250143383,133819881.0
2024-02-28 12:00:00,149937561.59919927,141294194.31232876,132063553.12270486,250320027,133909729.0
2024-02-28 13:00:00,150031808.55958405,141384044.31232876,132158207.64439979,250496760,133999958.0
2024-02-28 14:00:00,150126055.51996884,141473928.53506848,132252536.22321045,250673443,134089924.0
2024-02-28 15:00:00,150220302.48035362,141563752.9849315,132346538.89872141,250851631,134180197.0
2024-02-28 16:00:00,150314989.4179681,141658422.57260272,132440215.71251644,251031654,134271695.0
2024-02-28 17:00:00,150414987.07672602,141753064.44630134,132533566.70829056,251211574,134365357.0
2024-02-28 18:00:00,150517064.1934815,141849361.94328764,132626591.93196873,251389699,134461477.0
2024-02-28 19:00:00,150618566.0603455,141947077.89452052,132719291.43183175,251567799,134558063.0
2024-02-28 20:00:00,150718926.55850786,142044247.89342463,132811665.25864957,251745478,134653487.0
2024-02-28 21:00:00,150813613.49612233,142137824.47917804,132903713.46582277,251923374,134746632.0
2024-02-28 22:00:00,150907860.45650712,142226839.7106849,132995436.10953246,252101192,134836475.0
2024-02-28 23:00:00,151002006.44351244,142311692.7106849,133086833.24889931,252279057,134923447.0
2024-02-29 00:00:00,151096296.85645422,142396422.7106849,133184247.74823004,252454415,135008686.0
2024-02-29 01:00:00,151190587.269396,142481458.70931503,133281335.97537254,252628927,135093421.0
2024-02-29 02:00:00,151284877.6823378,142566494.70794517,133378097.95378865,252803154,135178547.0
2024-02-29 03:00:00,151379168.09527957,142651547.9065753,133474533.708054,252976781,135264531.0
2024-02-29 04:00:00,151473415.05566436,142740427.50986296,133570643.26391791,253149916,135353157.0
2024-02-29 05:00:00,151573412.7144223,142833011.4821917,133666426.6483667,253323219,135447562.0
2024-02-29 06:00:00,151684384.80863872,142936245.20958897,133761883.88969088,253496812,135549937.0
2024-02-29 07:00:00,151800091.92438036,143045130.23945197,133857015.01755601,253671140,135655934.0
2024-02-29 08:00:00,151915659.9489039,143150988.93835607,133951820.06307793,253849356,135758991.0
2024-02-29 09:00:00,152026632.04312032,143251636.99835607,134046299.05890222,254028405,135858208.0
2024-02-29 10:00:00,152133702.31099918,143352361.99835607,134140452.03928845,254207556,135954610.0
2024-02-29 11:00:00,152238104.0567154,143449944.19561633,134234279.04019937,254386819,136048430.0
2024-02-29 12:00:00,152338743.01239526,143545368.41835606,134327780.09939533,254564666,136139793.0
2024-02-29 13:00:00,152439103.51055762,143640087.41835606,134420955.25653443,254742888,136229653.0
2024-02-29 14:00:00,152538249.799407,143732585.4027396,134513804.5532784,254922460,136318037.0
2024-02-29 15:00:00,152637191.2832893,143827687.96328756,134606328.03340495,255101940,136406229.0
2024-02-29 16:00:00,152737640.0802727,143925138.80109578,134698525.74292696,255280270,136496628.0
2024-02-29 17:00:00,152844710.34815156,144026018.80109578,134790397.73021838,255456804,136591101.0
2024-02-29 18:00:00,152958107.04376096,144133365.80109578,134881944.04614812,255632677,136690601.0
2024-02-29 19:00:00,153072664.91888028,144241284.80109578,134973164.74422184,255809884,136792054.0
2024-02-29 20:00:00,153186061.61448967,144348018.64575332,135064059.88073212,255987025,136893159.0
2024-02-29 21:00:00,153294404.78264222,144449638.6350684,135154629.51491803,256164133,136992194.0
2024-02-29 22:00:00,153398866.89018092,144549532.15863004,135244873.7091341,256341241,137087616.0
2024-02-29 23:00:00,153499227.38834327,144644179.15863004,135334792.52902967,256518553,137179674.0
2024-03-01 00:00:00,153594164.00935388,144737224.15863004,135432181.97947708,256696034,137269602.0
2024-03-01 01:00:00,153688850.94696835,144828822.10958895,135529244.89714473,256873502,137358346.0
2024-03-01 02:00:00,153783537.88458282,144919686.2402739,135625981.29370844,257050592,137446993.0
2024-03-01 03:00:00,153878224.8221973,145012340.2402739,135722391.18134382,257227276,137536271.0
2024-03-01 04:00:00,153978222.4809552,145106842.8621917,135818474.57275143,257403816,137627799.0
2024-03-01 05:00:00,154082684.5884939,145206106.6210958,135914231.48118317,257580819,137724285.0
2024-03-01 06:00:00,154198252.61301744,145312495.6210958,136009661.9204702,257759231,137827986.0
2024-03-01 07:00:00,154313959.72875908,145422422.89534238,136104765.90505242,257939192,137933732.0
2024-03-01 08:00:00,154429666.84450072,145530685.54136977,136199543.45000955,258119992,138035473.0
2024-03-01 09:00:00,154541120.63565403,145635861.71643826,136293994.57109395,258299770,138132695.0
2024-03-01 10:00:00,154648053.62599707,145737782.7402739,136388119.28476533,258478694,138226447.0
2024-03-01 11:00:00,154752122.68865442,145836234.7402739,136481917.60822746,258656722,138317719.0
2024-03-01 12:00:00,154852483.18681678,145933042.04739717,136575389.55946675,258834516,138407408.0
2024-03-01 13:00:00,154949037.40366817,146028644.64958894,136668535.1572933,259011250,138496381.0
2024-03-01 14:00:00,155043724.34128264,146121298.64958894,136761354.42138398,259187266,138584880.0
2024-03-01 15:00:00,155138411.2788971,146214708.31150675,136853847.37232828,259363050,138674232.0
2024-03-01 16:00:00,155236732.94586223,146310836.50931495,136946014.03167656,259538318,138766109.0
2024-03-01 17:00:00,155338388.08663246,146408244.55999988,137037854.42199108,259713634,138860356.0
2024-03-01 18:00:00,155442850.19417116,146509330.55999988,137129368.56690016,259889257,138956689.0
2024-03-01 19:00:00,155547312.30170986,146609903.2298629,137220556.49115524,260067162,139052407.0
2024-03-01 20:00:00,155651774.40924856,146709964.2298629,137311418.2206913,260244636,139146379.0
2024-03-01 21:00:00,155752413.36492842,146809411.23671222,137401953.78269094,260422232,139237662.0
2024-03-01 22:00:00,155847179.41585565,146902624.23671222,137492163.205652,260599510,139325130.0
2024-03-01 23:00:00,155941426.37624043,146992165.6657533,137582046.51945922,260776973,139408811.0
2024-03-02 00:00:00,156035400.1476992,147074696.7706848,137677955.38083866,260949160,139489623.0
2024-03-02 01:00:00,156129182.1473701,147155919.0747944,137773537.73352545,261121486,139568407.0
2024-03-02 02:00:00,156222964.147041,147237295.0747944,137868793.59023726,261293794,139645980.0
2024-03-02 03:00:00,156316746.1467119,147316836.20547935,137963722.96424416,261465911,139722864.0
2024-03-02 04:00:00,156410528.14638278,147398212.20547935,138058325.86939654,261637646,139800018.0
2024-03-02 05:00:00,156504310.14605367,147480009.20136976,138152602.32015467,261809466,139878545.0
2024-03-02 06:00:00,156598600.55899546,147566240.75616428,138246552.33161986,261981387,139959575.0
2024-03-02 07:00:00,156692847.51938024,147656329.75616428,138340175.9195674,262153725,140042928.0
2024-03-02 08:00:00,156787094.47976503,147746228.68767112,138433473.1004813,262326669,140129052.0
2024-03-02 09:00:00,156881599.69145343,147836214.8827396,138526443.891591,262499778,140216743.0
2024-03-02 10:00:00,156975988.37247875,147926110.44739714,138619088.31091025,262673551,140304523.0
2024-03-02 11:00:00,157070235.33286354,148017026.61260262,138711406.37727797,262847438,140391378.0
2024-03-02 12:00:00,157164482.29324833,148106226.61260262,138803398.11040175,263022037,140476732.0
2024-03-02 13:00:00,157258772.7061901,148191862.18109578,138895063.53090355,263196867,140560355.0
2024-03-02 14:00:00,157352554.705861,148276753.55753413,138986402.66036814,263371795,140642257.0
2024-03-02 15:00:00,157446336.7055319,148360216.32301357,139077415.52139434,263546970,140723532.0
2024-03-02 16:00:00,157540310.47699067,148444104.47506836,139168102.13764918,263722170,140805477.0
2024-03-02 17:00:00,157634600.88993245,148529242.11890396,139258462.53392515,263895770,140889045.0
2024-03-02 18:00:00,157728847.85031724,148619306.11890396,139348496.7362008,264069927,140975005.0
2024-03-02 19:00:00,157823094.81070203,148709370.11890396,139438204.77170494,264246781,141061254.0
2024-03-02 20:00:00,157917341.7710868,148797199.11890396,139527586.66898435,264423267,141146054.0
2024-03-02 21:00:00,158011632.1840286,148884708.95534232,139616642.45797578,264600348,141228997.0
2024-03-02 22:00:00,158105414.1836995,148971260.39780807,139705372.17008173,264777251,141309101.0
2024-03-02 23:00:00,158199196.18337038,149054427.39780807,139793775.83825123,264954198,141386339.0
2024-03-03 00:00:00,158292978.18304127,149130751.39780807,139888204.1602353,265125937,141461232.0
2024-03-03 01:00:00,158386760.18271217,149206590.39780807,139982305.999785,265298059,141534444.0
2024-03-03 02:00:00,158480542.18238306,149280164.39780807,140076081.37077007,265470215,141606700.0
2024-03-03 03:00:00,158574324.18205395,149353794.39780807,140169530.28767112,265642702,141678608.0
2024-03-03 04:00:00,158668106.18172485,149427648.39780807,140262652.7656111,265815462,141751063.0
2024-03-03 05:00:00,158761888.18139574,149503487.39780807,140355448.8203882,265988351,141825066.0
2024-03-03 06:00:00,158855670.18106663,149580672.3764382,140447918.4685107,266162003,141901136.0
2024-03-03 07:00:00,158949452.18073753,149659701.06739712,140540061.7272338,266336679,141978568.0
2024-03-03 08:00:00,159043234.18040842,149739441.43589026,140631878.6145985,266512754,142056036.0
2024-03-03 09:00:00,159137016.1800793,149818350.2967122,140723369.1494727,266690037,142132439.0
2024-03-03 10:00:00,159230798.1797502,149898019.04931492,140814533.35159463,266867382,142207395.0
2024-03-03 11:00:00,159324580.1794211,149975402.53698614,140905371.24161872,267044829,142281140.0
2024-03-03 12:00:00,159418362.179092,150052264.75972587,140995882.84116426,267222197,142354059.0
2024-03-03 13:00:00,159512144.17876288,150128640.05315053,141086068.1728666,267399722,142426374.0
2024-03-03 14:00:00,159605926.17843378,150203992.3643834,141175927.26043156,267577004,142498765.0
2024-03-03 15:00:00,159699708.17810467,150283535.85862997,141265460.12869266,267753594,142571940.0
2024-03-03 16:00:00,159793490.17777556,150361411.85862997,141354666.80367208,267929707,142647189.0
2024-03-03 17:00:00,159887272.17744645,150444960.53780806,141443547.3126448,268104408,142725466.0
2024-03-03 18:00:00,159981562.59038824,150528894.89123273,141532101.68420672,268278867,142807566.0
2024-03-03 19:00:00,160075853.00333002,150615332.8734245,141620329.9483465,268453738,142891228.0
2024-03-03 20:00:00,160170143.4162718,150699818.9013697,141708232.13652185,268628513,142973659.0
2024-03-03 21:00:00,160263925.4159427,150781690.9013697,141795808.28174028,268803085,143053446.0
2024-03-03 22:00:00,160357707.4156136,150861661.63671216,141883058.41864446,268978245,143129813.0
2024-03-03 23:00:00,160451489.41528448,150938017.75397244,141969982.58360264,269153186,143202936.0
2024-03-04 00:00:00,160545271.41495538,151011647.75397244,142072984.31520352,269326329,143273829.0
2024-03-04 01:00:00,160639053.41462627,151082853.75397244,142175659.49323356,269498561,143343513.0
2024-03-04 02:00:00,160732835.41429716,151153736.5863012,142278008.12846443,269670388,143412693.0
2024-03-04 03:00:00,160826617.41396806,151225084.6263012,142380030.2321221,269842085,143482255.0
2024-03-04 04:00:00,160920399.41363895,151298713.10739708,142481725.81590945,270013871,143553987.0
2024-03-04 05:00:00,161014181.41330984,151378202.71150666,142583094.89203,270185909,143630430.0
2024-03-04 06:00:00,161108471.82625163,151465176.2449313,142684137.47321302,270359096,143713922.0
2024-03-04 07:00:00,161203158.7638661,151559832.27095872,142784853.57274,270532784,143801102.0
2024-03-04 08:00:00,161297845.70148057,151654488.29698613,142885243.20447257,270707436,143888437.0
2024-03-04 09:00:00,161392092.66186535,151743709.99095875,142985306.382882,270881965,143974047.0
2024-03-04 10:00:00,161486339.62225014,151833017.99095875,143085043.12308037,271056438,144057986.0
2024-03-04 11:00:00,161580586.58263493,151920222.99095875,143184453.4408534,271231023,144141022.0
2024-03-04 12:00:00,161674833.5430197,152007374.59506834,143283537.3526951,271405643,144223850.0
2024-03-04 13:00:00,161769080.5034045,152094681.78739712,143382294.87584472,271580429,144306992.0
2024-03-04 14:00:00,161863327.46378928,152180358.86821905,143480726.02832514,271755352,144390186.0
2024-03-04 15:00:00,161957574.42417407,152267566.48301357,143578830.82898408,271930832,144473470.0
2024-03-04 16:00:00,162051821.38455886,152356013.48301357,143676609.29753727,272106108,144557813.0
2024-03-04 17:00:00,162146508.32217333,152444971.2646574,143774061.45461416,272281340,144644167.0
2024-03-04 18:00:00,162243062.5390247,152539820.86027384,143871187.32180643,272456041,144733148.0
2024-03-04 19:00:00,162338505.30231187,152632415.86027384,143967986.92171893,272630725,144822592.0
2024-03-04 20:00:00,162433192.23992634,152726513.4846574,144064460.2780239,272805057,144909947.0
2024-03-04 21:00:00,162527439.20031112,152812937.9065752,144160607.41551808,272979466,144993820.0
2024-03-04 22:00:00,162621221.19998202,152896312.9065752,144256428.36018327,273153879,145073354.0
2024-03-04 23:00:00,162715003.1996529,152975319.6476711,144351923.13925034,273328339,145148847.0
2024-03-05 00:00:00,162808785.1993238,153051158.6476711,144453444.23902062,273501618,145220760.0
2024-03-05 01:00:00,162902567.1989947,153124788.6476711,144554638.80742583,273674580,145291183.0
2024-03-05 02:00:00,162996349.1986656,153197176.15232864,144655506.85618427,273847161,145360842.0
2024-03-05 03:00:00,163090131.19833648,153269563.65698618,144756048.39751574,274020157,145430579.0
2024-03-05 04:00:00,163183913.19800738,153343192.13808206,144856263.4441668,274192437,145501902.0
2024-03-05 05:00:00,163277695.19767827,153421412.13808206,144956152.0094373,274365333,145577680.0
2024-03-05 06:00:00,163371985.61062005,153506695.13808206,145055714.1072082,274538749,145660300.0
2024-03-05 07:00:00,163466490.82230845,153598144.2638355,145154949.75197136,274711483,145746997.0
2024-03-05 08:00:00,163561177.75992292,153688362.4736985,145253858.95886067,274884908,145834809.0
2024-03-05 09:00:00,163655682.97161132,153779066.05260262,145352441.7436849,275058353,145922752.0
2024-03-05 10:00:00,163750188.18329972,153870509.7536985,145450698.12296256,275231259,146010304.0
2024-03-05 11:00:00,163844576.86432505,153959160.86794508,145548628.1139588,275403336,146097316.0
2024-03-05 12:00:00,163938823.82470983,154048018.6356163,145646231.73472404,275575168,146184139.0
2024-03-05 13:00:00,164033070.78509462,154141395.51589027,145743509.0041351,275746876,146270651.0
2024-03-05 14:00:00,164127317.7454794,154228451.38027382,145840459.94193858,275917710,146356385.0
2024-03-05 15:00:00,164221564.7058642,154317562.38027382,145937084.56879672,276087189,146441969.0
2024-03-05 16:00:00,164316069.9175526,154407616.88493136,146033382.90633586,276256665,146528293.0
2024-03-05 17:00:00,164410835.9684798,154500365.88493136,146129354.97719765,276426418,146616592.0
2024-03-05 18:00:00,164511196.46664217,154593530.79013684,146225000.80509335,276596268,146707077.0
2024-03-05 19:00:00,164611194.1254001,154687724.17205465,146320320.41486108,276770090,146797807.0
2024-03-05 20:00:00,164705881.06301457,154779430.6005478,146415313.83252648,276943804,146886458.0
2024-03-05 21:00:00,164800128.02339935,154868541.6005478,146509981.0853669,277117628,146971788.0
2024-03-05 22:00:00,164894073.53557613,154952830.6005478,146604322.20197937,277291465,147052790.0
2024-03-05 23:00:00,164987855.53524703,155032012.29095876,146698337.21235234,277465380,147129420.0
2024-03-06 00:00:00,165081637.53491792,155107081.29095876,146798377.72605103,277633043,147203546.0
2024-03-06 01:00:00,165175419.5345888,155180929.2153423,146898091.7325623,277800989,147275915.0
2024-03-06 02:00:00,165269201.5342597,155254549.7493149,146997479.24464998,277969114,147347334.0
2024-03-06 03:00:00,165362983.5339306,155326991.31178066,147096540.27563214,278137380,147418446.0
2024-03-06 04:00:00,165456765.5336015,155401107.01561627,147195274.83940926,278305835,147490926.0
2024-03-06 05:00:00,165550547.5332724,155479842.01561627,147293682.95049375,278474571,147567421.0
2024-03-06 06:00:00,165644837.94621417,155566569.4112327,147391764.62404126,278643847,147650330.0
2024-03-06 07:00:00,165739343.15790257,155659576.4112327,147489519.87588367,278813526,147737497.0
2024-03-06 08:00:00,165834030.09551704,155750016.4112327,147586948.722564,278983520,147826114.0
2024-03-06 09:00:00,165928535.30720544,155840538.38356146,147684051.18137333,279153855,147915455.0
2024-03-06 10:00:00,166023040.51889384,155930553.38356146,147780827.27038956,279324073,148004947.0
2024-03-06 11:00:00,166117287.47927862,156020457.38356146,147877277.0085187,279494405,148093921.0
2024-03-06 12:00:00,166211534.4396634,156109796.36164364,147973400.41553825,279664321,148182653.0
2024-03-06 13:00:00,166305781.4000482,156198986.16465735,148069197.5121432,279834359,148271292.0
2024-03-06 14:00:00,166400028.36043298,156287626.16465735,148164668.3199946,280003889,148359372.0
2024-03-06 15:00:00,166494275.32081777,156376266.16465735,148259812.861771,280173100,148447319.0
2024-03-06 16:00:00,166588664.0018431,156466016.77068475,148354631.1612226,280342894,148536606.0
2024-03-06 17:00:00,166683350.93945757,156557967.77068475,148449123.24322897,280513233,148627643.0
2024-03-06 18:00:00,166783348.5982155,156651851.13452035,148543289.13385963,280683256,148720514.0
2024-03-06 19:00:00,166883346.25697342,156743786.31232858,148637128.86043853,280856366,148813368.0
2024-03-06 20:00:00,166978112.30790064,156836487.90082172,148730642.451612,281029714,148904449.0
2024-03-06 21:00:00,167072359.26828542,156926475.03342447,148823829.93742087,281202334,148992088.0
2024-03-06 22:00:00,167166649.6812272,157010637.03342447,148916691.34937677,281374996,149075332.0
2024-03-06 23:00:00,167260431.6808981,157091512.08931488,149009226.72054276,281547749,149154363.0
2024-03-07 00:00:00,167354213.680569,157169342.85041076,149107786.6980354,281715758,149230248.0
2024-03-07 01:00:00,167447995.6802399,157245181.85041076,149206020.1946973,281883381,149304239.0
2024-03-07 02:00:00,167541777.67991078,157319035.85041076,149303927.22444835,282051552,149377120.0
2024-03-07 03:00:00,167635559.67958167,157392889.85041076,149401507.80182156,282219761,149450091.0
2024-03-07 04:00:00,167729341.67925256,157468632.29945186,149498761.94199437,282387864,149524433.0
2024-03-07 05:00:00,167823123.67892346,157549968.5638354,149595689.66082177,282556716,149602906.0
2024-03-07 06:00:00,167917370.63930824,157639362.5638354,149692290.9748713,282726371,149688508.0
2024-03-07 07:00:00,168012057.5769227,157731662.47890392,149788565.90146,282896676,149777663.0
2024-03-07 08:00:00,168106823.62784994,157823963.47890392,149884514.45869324,283067866,149866800.0
2024-03-07 09:00:00,168201510.5654644,157917407.47890392,149980136.66550624,283238497,149955148.0
2024-03-07 10:00:00,168296197.50307888,158010347.70136967,150075432.54170743,283408941,150042783.0
2024-03-07 11:00:00,168390586.1841042,158100232.38958886,150170402.10802457,283579673,150129758.0
2024-03-07 12:00:00,168484833.144489,158190104.78657517,150265045.38615346,283750045,150215977.0
2024-03-07 13:00:00,168579080.10487378,158278852.77589023,150359362.3988095,283920061,150301114.0
2024-03-07 14:00:00,168673327.06525856,158368214.79753408,150453353.16978198,284090638,150385657.0
2024-03-07 15:00:00,168767574.02564335,158457939.70219162,150547017.72399187,284260761,150470093.0
2024-03-07 16:00:00,168861820.98602813,158547981.37972587,150640356.08755264,284430582,150555444.0
2024-03-07 17:00:00,168956507.9236426,158638207.13068476,150733368.2878348,284599539,150642697.0
2024-03-07 18:00:00,169053860.39552546,158731392.81616423,150826054.35353413,284768986,150732742.0
2024-03-07 19:00:00,169153006.68437484,158826232.8643834,150918414.31474388,284942618,150823634.0
2024-03-07 20:00:00,169247693.6219893,158919133.03808203,151010448.2030312,285115978,150913297.0
2024-03-07 21:00:00,169341940.5823741,159009197.03808203,151102156.0515182,285289335,150999879.0
2024-03-07 22:00:00,169436230.99531588,159095883.2063012,151193537.8949675,285462769,151082536.0
2024-03-07 23:00:00,169530012.99498677,159176788.2063012,151284593.76987305,285636179,151161590.0
2024-03-08 00:00:00,169623794.99465767,159253700.07287654,151381673.26556563,285805899,151237949.0
2024-03-08 01:00:00,169717576.99432856,159329064.07287654,151478426.3091948,285975763,151312545.0
2024-03-08 02:00:00,169811358.99399945,159404885.65972584,151574852.91595984,286145806,151386549.0
2024-03-08 03:00:00,169905140.99367034,159480711.7761642,151670953.10173887,286315927,151460616.0
2024-03-08 04:00:00,169998922.99334124,159557911.7761642,151766726.88312396,286486543,151536375.0
2024-03-08 05:00:00,170092704.99301213,159639292.13890392,151862174.27745807,286658282,151616453.0
2024-03-08 06:00:00,170186951.95339692,159728591.5950683,151957295.30287418,286831312,151703057.0
2024-03-08 07:00:00,170282394.71668407,159821527.88356146,152052089.97833663,287005373,151792585.0
2024-03-08 08:00:00,170377160.7676113,159913828.88356146,152146558.3236848,287179725,151881163.0
2024-03-08 09:00:00,170471847.70522577,160004003.3139724,152240700.35967928,287353534,151968160.0
2024-03-08 10:00:00,170566094.66561055,160093897.90575323,152334516.10805067,287527166,152053592.0
2024-03-08 11:00:00,170660341.62599534,160183187.78739706,152428005.59155118,287700315,152137796.0
2024-03-08 12:00:00,170754588.58638012,160270539.78739706,152521168.83400923,287873070,152220971.0
2024-03-08 13:00:00,170848878.9993219,160357564.78739706,152614005.86038727,288045365,152303887.0
2024-03-08 14:00:00,170943169.4122637,160443787.78739706,152706516.6968427,288216533,152386546.0
2024-03-08 15:00:00,171037459.82520548,160530010.78739706,152798701.3707927,288387361,152469590.0
2024-03-08 16:00:00,171131706.78559026,160617786.78739706,152890559.91098246,288558918,152554200.0
2024-03-08 17:00:00,171225953.74597505,160707850.78739706,152982092.34755772,288730027,152640725.0
2024-03-08 18:00:00,171320640.68358952,160799332.04246554,153073298.7121413,288902006,152729450.0
2024-03-08 19:00:00,171415327.621204,160892263.8567121,153164179.03791428,289075438,152817913.0
2024-03-08 20:00:00,171509574.58158877,160981349.6805477,153254733.3597019,289248609,152905007.0
2024-03-08 21:00:00,171603821.54197356,161067996.577808,153344961.7140646,289421665,152989858.0
2024-03-08 22:00:00,171697603.54164445,161154531.93616417,153434864.1393943,289594480,153071633.0
2024-03-08 23:00:00,171791385.54131535,161234476.3619176,153524440.67601666,289767287,153149925.0
2024-03-09 00:00:00,171885167.54098624,161312254.3619176,153620039.7493407,289938689,153225461.0
2024-03-09 01:00:00,171978949.54065713,161387451.3619176,153715312.40203786,290109887,153299132.0
2024-03-09 02:00:00,172072731.54032803,161461750.93945184,153810258.65072468,290281471,153371782.0
2024-03-09 03:00:00,172166513.53999892,161535598.8638354,153904878.5127701,290452805,153444012.0
2024-03-09 04:00:00,172260295.5396698,161609910.8638354,153999172.00633466,290624023,153516664.0
2024-03-09 05:00:00,172354077.5393407,161686144.13013676,154093139.15041193,290795448,153591020.0
2024-03-09 06:00:00,172447859.5390116,161767514.0808217,154186779.96487227,290967023,153668295.0
2024-03-09 07:00:00,172541641.5386825,161848580.84246552,154280094.47050905,291138897,153748483.0
2024-03-09 08:00:00,172635787.5256878,161932866.397808,154373082.6890877,291311061,153831846.0
2024-03-09 09:00:00,172730077.9386296,162017798.397808,154465744.64339727,291483276,153917772.0
2024-03-09 10:00:00,172824368.35157138,162105846.0816436,154558080.3573054,291655194,154004807.0
2024-03-09 11:00:00,172918658.76451316,162193376.39616415,154650089.85581598,291826649,154092406.0
2024-03-09 12:00:00,173012949.17745495,162279602.47205457,154741773.1651304,291998716,154179681.0
2024-03-09 13:00:00,173107239.59039673,162364338.90821895,154833130.31271255,292170966,154266338.0
2024-03-09 14:00:00,173201185.1025735,162448834.15808198,154924161.32735708,292343421,154352313.0
2024-03-09 15:00:00,173295130.6147503,162533329.407945,155014866.23926225,292515792,154437980.0
2024-03-09 16:00:00,173389421.02769208,162618072.407945,155105245.08010656,292688686,154524235.0
2024-03-09 17:00:00,173483667.98807687,162704977.07260254,155195297.88313016,292861605,154611848.0
2024-03-09 18:00:00,173577914.94846165,162794453.07260254,155285024.683221,293034497,154700986.0
2024-03-09 19:00:00,173672161.90884644,162882233.53589022,155374425.517006,293206343,154790058.0
2024-03-09 20:00:00,173766408.86923122,162971511.94438338,155463500.42294767,293378092,154877627.0
2024-03-09 21:00:00,173860699.282173,163058215.55287653,155552249.4414465,293551357,154962978.0
2024-03-09 22:00:00,173954481.2818439,163140459.55287653,155640672.61494935,293724347,155045355.0
2024-03-09 23:00:00,174048263.2815148,163220403.97862995,155728769.98806435,293897375,155124488.0
2024-03-10 00:00:00,174142045.2811857,163299138.97862995,155822888.70401886,294069529,155201156.0
2024-03-10 01:00:00,174235827.28085658,163375115.40547925,155916681.03374133,294241512,155276270.0
2024-03-10 03:00:00,174329609.28052747,163450952.83232856,156009820.64639863,294413733,155350591.0
2024-03-10 04:00:00,174423391.28019837,163526706.48767102,156102633.92993608,294586297,155425219.0
2024-03-10 05:00:00,174517173.27986926,163604017.48767102,156195120.9051799,294758848,155500991.0
2024-03-10 06:00:00,174610955.27954015,163684426.42438334,156287281.5939303,294931609,155579090.0
2024-03-10 07:00:00,174704737.27921104,163767063.6328765,156379116.01901338,295104571,155659776.0
2024-03-10 08:00:00,174799027.69215283,163855885.6328765,156470624.2043358,295278969,155742098.0
2024-03-10 09:00:00,174893274.6525376,163945024.52410936,156561806.17494303,295454947,155824894.0
2024-03-10 10:00:00,174987521.6129224,164034202.9068491,156652661.95708054,295631439,155907822.0
2024-03-10 11:00:00,175081768.5733072,164123402.9068491,156743191.57825884,295808390,155991576.0
2024-03-10 12:00:00,175176058.98624897,164212602.9068491,156833395.0673222,295985166,156075285.0
2024-03-10 13:00:00,175270349.39919075,164301648.6684929,156923272.45452136,296162069,156158583.0
2024-03-10 14:00:00,175364639.81213254,164390387.29150662,157012823.7715906,296338609,156241952.0
2024-03-10 15:00:00,175458930.22507432,164479125.91452032,157102049.0518292,296514422,156325360.0
2024-03-10 16:00:00,175553220.6380161,164568177.91452032,157190948.33018783,296690722,156409681.0
2024-03-10 17:00:00,175647467.5984009,164658266.91452032,157279521.64336,296866220,156496175.0
2024-03-10 18:00:00,175742154.53601536,164751922.48054773,157367769.02987882,297039453,156585993.0
2024-03-10 19:00:00,175842793.49169523,164848214.48054773,157455690.53021976,297211352,156680496.0
2024-03-10 20:00:00,175947255.59923393,164947879.99424636,157543286.18690923,297384414,156777062.0
2024-03-10 21:00:00,176048757.46609792,165044918.99424636,157630556.04463977,297557428,156871973.0
2024-03-10 22:00:00,176148316.79560483,165139187.7838354,157717500.1503922,297730347,156963549.0
2024-03-10 23:00:00,176242705.47663015,165232001.7838354,157804118.55356506,297904400,157051540.0
2024-03-11 00:00:00,176336995.88957193,165315404.30136967,157906810.18647537,298072199,157136865.0
2024-03-11 01:00:00,176430941.40174872,165398556.10164365,158009175.34015563,298239798,157220709.0
2024-03-11 02:00:00,176524886.9139255,165482427.54575324,158111214.02857578,298408230,157303999.0
2024-03-11 03:00:00,176619177.32686728,165565831.7449313,158212926.266321,298577730,157387871.0
2024-03-11 04:00:00,176713424.28725207,165653455.86575323,158314312.06862316,298747983,157473794.0
2024-03-11 05:00:00,176808360.90826267,165748972.4421916,158415371.4513939,298919641,157564667.0
2024-03-11 06:00:00,176916042.45925233,165853767.4421916,158516104.4312599,299092187,157662998.0
2024-03-11 07:00:00,177030238.17686844,165960847.4421916,158616511.02559975,299265753,157766644.0
2024-03-11 08:00:00,177143634.87247783,166067927.4421916,158716591.25258318,299441648,157870088.0
2024-03-11 09:00:00,177251316.4234675,166172722.4421916,158816345.13121247,299619098,157969219.0
2024-03-11 10:00:00,177355544.9202084,166270857.4523286,158915772.68136606,299796759,158064301.0
2024-03-11 11:00:00,177455905.41837075,166368629.93780804,159014873.92384484,299974665,158156245.0
2024-03-11 12:00:00,177550671.46929798,166464146.5142464,159113648.88042098,300152721,158245705.0
2024-03-11 13:00:00,177645358.40691245,166558319.5142464,159212097.57388955,300330800,158333040.0
2024-03-11 14:00:00,177739747.08793777,166648783.5142464,159310220.0281233,300508737,158418351.0
2024-03-11 15:00:00,177833994.04832256,166742285.5142464,159408016.2681302,300687392,158502295.0
2024-03-11 16:00:00,177928499.26001096,166832290.55999982,159505486.3201149,300866593,158586457.0
2024-03-11 17:00:00,178028058.58951786,166925408.55999982,159602630.2115431,301044444,158672229.0
2024-03-11 18:00:00,178130995.5381732,167022274.8293149,159699447.97121024,301219942,158760615.0
2024-03-11 19:00:00,178235457.6457119,167122325.63095874,159795939.62931383,301394166,158852604.0
2024-03-11 20:00:00,178339526.70836926,167218921.44054776,159892105.21753013,301569219,158946144.0
2024-03-11 21:00:00,178439887.2065316,167315466.19890392,159987944.7690955,301744381,159037578.0
2024-03-11 22:00:00,178534392.41822,167405987.59862995,160083458.3188922,301918772,159125117.0
2024-03-11 23:00:00,178628682.8311618,167495039.59862995,160178645.90353954,302093278,159208595.0
2024-03-12 00:00:00,178722464.8308327,167576403.60794502,160279857.0580426,302266862,159289260.0
2024-03-12 01:00:00,178816246.83050358,167657116.22767106,160380741.76218972,302440341,159368365.0
2024-03-12 02:00:00,178910028.83017448,167737852.22767106,160481300.03123477,302613850,159447043.0
2024-03-12 03:00:00,179003810.82984537,167818582.88438338,160581531.88111275,302787342,159525801.0
2024-03-12 04:00:00,179097592.82951626,167900990.4161642,160681437.32847503,302960826,159606568.0
2024-03-12 05:00:00,179191839.78990105,167990262.5320546,160781016.3907264,303134739,159691760.0
2024-03-12 06:00:00,179292478.7455809,168087507.6071231,160880269.0860644,303308812,159783990.0
2024-03-12 07:00:00,179399411.73592395,168196033.50602722,160979195.4335207,303483742,159881056.0
2024-03-12 08:00:00,179503873.84346265,168295071.50602722,161077795.45300496,303660544,159976570.0
2024-03-12 09:00:00,179604234.341625,168389604.50602722,161176069.16535112,303837866,160067821.0
2024-03-12 10:00:00,179698921.27923948,168480058.89862996,161274016.59236646,304014761,160155290.0
2024-03-12 11:00:00,179793168.23962426,168569961.89862996,161371637.7568832,304190929,160239703.0
2024-03-12 12:00:00,179887415.20000905,168656312.38191763,161468932.6828135,304367096,160321925.0
2024-03-12 13:00:00,179981705.61295083,168743883.5712327,161565901.39520717,304542907,160402692.0
2024-03-12 14:00:00,180075996.02589262,168826924.5712327,161662543.9203131,304719512,160482436.0
2024-03-12 15:00:00,180170286.4388344,168909960.9873971,161758860.28564402,304896537,160561567.0
2024-03-12 16:00:00,180264576.85177618,168994293.30082175,161854850.52004525,305073708,160641516.0
2024-03-12 17:00:00,180358823.81216097,169081336.30082175,161950514.6537671,305249486,160723210.0
2024-03-12 18:00:00,180453329.02384937,169171328.19178066,162045852.71854198,305422123,160806726.0
2024-03-12 19:00:00,180548015.96146384,169264311.40684915,162140864.74766567,305593941,160892922.0
2024-03-12 20:00:00,180642702.8990783,169358452.97095874,162235550.77608353,305766207,160979887.0
2024-03-12 21:00:00,180736949.8594631,169446884.528493,162329910.84048182,305938470,161064256.0
2024-03-12 22:00:00,180830895.37163988,169531173.528493,162423944.97938433,306110987,161144328.0
2024-03-12 23:00:00,180924677.37131077,169611163.87397245,162517653.23325485,306283422,161220390.0
2024-03-13 00:00:00,181018459.37098166,169687145.65068477,162617383.96900997,306454934,161293466.0
2024-03-13 01:00:00,181112241.37065256,169761631.65068477,162716788.28596207,306626425,161364966.0
2024-03-13 02:00:00,181206023.37032345,169835193.4723286,162815866.20078725,306798099,161436024.0
2024-03-13 03:00:00,181299805.36999434,169908767.4723286,162914617.7309165,306969494,161507075.0
2024-03-13 04:00:00,181393587.36966524,169984606.4723286,163013042.89457515,307140560,161580027.0
2024-03-13 05:00:00,181487369.36933613,170065926.70684916,163111141.71082434,307311366,161657693.0
2024-03-13 06:00:00,181581616.3297209,170156015.70684916,163208914.19960496,307482217,161742626.0
2024-03-13 07:00:00,181676303.26733539,170249774.39780807,163306360.38178402,307652743,161832794.0
2024-03-13 08:00:00,181770990.20494986,170340876.68630123,163403480.2792039,307824371,161922646.0
2024-03-13 09:00:00,181865237.16533464,170430112.2945204,163500273.91473404,307996255,162009347.0
2024-03-13 10:00:00,181959484.12571943,170518117.88301355,163596741.31232598,308167768,162093330.0
2024-03-13 11:00:00,182053774.5386612,170602061.4854793,163692882.49707144,308338864,162175056.0
2024-03-13 12:00:00,182147920.52566653,170685610.89178067,163788697.49526364,308509588,162255449.0
2024-03-13 13:00:00,182241866.03784332,170769068.52301356,163884186.33446234,308680324,162335196.0
2024-03-13 14:00:00,182335648.0375142,170850402.91205466,163979349.0435627,308851226,162414658.0
2024-03-13 15:00:00,182429430.0371851,170931933.56876698,164074185.65286803,309022546,162494011.0
2024-03-13 16:00:00,182523720.4501269,171016032.33972588,164168696.1941668,309194406,162574221.0
2024-03-13 17:00:00,182617967.41051167,171101289.33972588,164262880.70081434,309365346,162655843.0
2024-03-13 18:00:00,182712214.37089646,171190720.99315053,164356739.20781916,309533680,162738975.0
2024-03-13 19:00:00,182806603.05192178,171281585.99315053,164450271.75193456,309701088,162824134.0
2024-03-13 20:00:00,182900850.01230657,171370402.68630123,164543478.3717554,309873519,162910071.0
2024-03-13 21:00:00,182995140.42524835,171459415.1405478,164636359.1078209,310045842,162993294.0
2024-03-13 22:00:00,183088922.42491925,171540747.90876698,164728914.00272337,310218266,163072115.0
2024-03-13 23:00:00,183182704.42459014,171617599.90876698,164821143.1012235,310390790,163146762.0
2024-03-14 00:00:00,183276486.42426103,171691165.90876698,164919393.483478,310558703,163218325.0
2024-03-14 01:00:00,183370268.42393193,171762905.0336985,165017317.48145133,310727208,163288227.0
2024-03-14 02:00:00,183464050.42360282,171833280.348493,165114915.11339658,310895632,163357462.0
2024-03-14 03:00:00,183557832.4232737,171903859.348493,165212186.39840436,311064972,163426998.0
2024-03-14 04:00:00,183651614.4229446,171977118.83972588,165309131.35644677,311234436,163497920.0
2024-03-14 05:00:00,183745396.4226155,172054426.82904094,165405750.00842404,311404022,163573432.0
2024-03-14 06:00:00,183839686.83555728,172138693.5065752,165502042.37621355,311573695,163656250.0
2024-03-14 07:00:00,183933933.79594207,172227885.5065752,165598008.48272204,311743502,163744204.0
2024-03-14 08:00:00,184028180.75632685,172317075.3095889,165693648.35194054,311915216,163832222.0
2024-03-14 09:00:00,184122427.71671164,172405120.79643822,165788962.00900257,312088382,163917912.0
2024-03-14 10:00:00,184216718.12965342,172491859.42109576,165883949.48024574,312261142,164001305.0
2024-03-14 11:00:00,184311008.5425952,172574598.42109576,165978610.79327697,312433570,164083319.0
2024-03-14 12:00:00,184404954.054772,172658366.72465742,166072945.97704127,312604732,164164799.0
2024-03-14 13:00:00,184498899.56694877,172742135.02821907,166166955.06189492,312775622,164245972.0
2024-03-14 14:00:00,184593045.5539541,172825929.288767,166260638.0796826,312948904,164327003.0
2024-03-14 15:00:00,184687335.96689588,172909625.288767,166353995.06381917,313122979,164408317.0
2024-03-14 16:00:00,184781626.37983766,172994855.17753413,166447026.04937646,313296861,164490691.0
2024-03-14 17:00:00,184875873.34022245,173081894.43452042,166539731.07317474,313470012,164574750.0
2024-03-14 18:00:00,184970378.55191085,173170832.43452042,166632110.1738801,313641700,164659763.0
2024-03-14 19:00:00,185064883.76359925,173262503.43452042,166724163.39210728,313813604,164746229.0
2024-03-14 20:00:00,185159130.72398403,173352536.59534234,166815890.7705287,313986092,164832727.0
2024-03-14 21:00:00,185253421.13692582,173437815.67315057,166907292.3539901,314158509,164915858.0
2024-03-14 22:00:00,185347203.1365967,173518697.67260262,166998368.18963298,314331126,164994457.0
2024-03-14 23:00:00,185440985.1362676,173594980.45424646,167089118.32702437,314503699,165068678.0
2024-03-15 00:00:00,185534767.1359385,173667443.21945193,167185888.42722192,314672634,165139566.0
2024-03-15 01:00:00,185628549.1356094,173738615.0747944,167282332.18095377,314842172,165208223.0
2024-03-15 02:00:00,185722331.13528028,173807890.0747944,167378449.6082233,315011744,165275601.0
2024-03-15 03:00:00,185816113.13495117,173876956.0747944,167474240.7299638,315181102,165342387.0
2024-03-15 04:00:00,185909895.13462207,173947379.0747944,167569705.56808788,315350510,165410040.0
2024-03-15 05:00:00,186003677.13429296,174021225.51452044,167664844.1455395,315520641,165481286.0
2024-03-15 06:00:00,186097459.13396385,174102116.51452044,167759656.48634917,315690495,165558701.0
2024-03-15 07:00:00,186191749.54690564,174188283.15232867,167854142.61569232,315859970,165641098.0
2024-03-15 08:00:00,186285996.50729042,174276336.15232867,167948302.559951,316029990,165724910.0
2024-03-15 09:00:00,186380243.4676752,174364335.25835606,168042136.34677923,316199938,165809286.0
2024-03-15 10:00:00,186474490.42806,174452334.36438346,168135644.005172,316370328,165893186.0
2024-03-15 11:00:00,186568737.38844478,174537990.33726016,168228825.56553861,316540487,165976238.0
2024-03-15 12:00:00,186663027.80138656,174622319.33726016,168321681.0597799,316710219,166059412.0
2024-03-15 13:00:00,186757318.21432835,174709849.6517807,168414210.52137047,316879553,166142277.0
2024-03-15 14:00:00,186851608.62727013,174796072.6517807,168506413.98544535,317047717,166224675.0
2024-03-15 15:00:00,186945899.04021192,174882295.6517807,168598291.488892,317215349,166306716.0
2024-03-15 16:00:00,187040189.4531537,174970130.08520535,168689843.0704477,317383186,166388565.0
2024-03-15 17:00:00,187134436.4135385,175059897.08520535,168781068.77080286,317551577,166470784.0
2024-03-15 18:00:00,187228683.37392327,175149138.08520535,168871968.63271007,317718713,166553159.0
2024-03-15 19:00:00,187322930.33430806,175240052.43315056,168962542.70110026,317885357,166636656.0
2024-03-15 20:00:00,187417177.29469284,175325988.50109577,169052791.02320525,318056443,166720235.0
2024-03-15 21:00:00,187511467.70763463,175414490.11726016,169142713.64868802,318227652,166801772.0
2024-03-15 22:00:00,187605249.70730552,175495395.11726016,169232310.62978065,318399877,166880001.0
2024-03-15 23:00:00,187699031.7069764,175571472.79041085,169321582.02143052,318572127,166954764.0
2024-03-16 00:00:00,187792813.7066473,175645407.76849303,169416871.91789222,318736449,167026550.0
2024-03-16 01:00:00,187886595.7063182,175717688.2747944,169511835.50936085,318901187,167096444.0
2024-03-16 02:00:00,187980377.7059891,175789047.59041083,169606472.81778416,319066161,167165133.0
2024-03-16 03:00:00,188074159.70566,175858913.6917807,169700783.8661434,319231262,167233739.0
2024-03-16 04:00:00,188167941.70533088,175929457.39917794,169794768.67850864,319397375,167302920.0
2024-03-16 05:00:00,188261723.70500177,176002738.39917794,169888427.28009725,319564471,167374050.0
2024-03-16 06:00:00,188355505.70467266,176078412.74684918,169981759.6973357,319732337,167448232.0
2024-03-16 07:00:00,188449287.70434356,176157147.74684918,170074765.95792514,319901490,167525558.0
2024-03-16 08:00:00,188543069.70401445,176240215.82821906,170167446.09091064,320073003,167604584.0
2024-03-16 09:00:00,188636851.70368534,176318821.85041085,170259800.1267545,320247167,167682809.0
2024-03-16 10:00:00,188730633.70335624,176400281.85041085,170351828.09741387,320422163,167759246.0
2024-03-16 11:00:00,188824415.70302713,176479580.8739725,170443530.03642303,320598204,167834124.0
2024-03-16 12:00:00,188918197.70269802,176555671.8739725,170534905.97898036,320774278,167907614.0
2024-03-16 13:00:00,189011979.70236892,176630729.8739725,170625955.9620405,320950323,167979383.0
2024-03-16 14:00:00,189105761.7020398,176704142.8739725,170716680.02441213,321126295,168050113.0
2024-03-16 15:00:00,189199543.7017107,176777807.8739725,170807078.2068612,321301869,168120843.0
2024-03-16 16:00:00,189293325.7013816,176853729.30520537,170897150.5522207,321477679,168192777.0
2024-03-16 17:00:00,189387107.7010525,176931754.32164374,170986897.10550675,321651727,168266726.0
2024-03-16 18:00:00,189480889.70072338,177012630.70657524,171076317.91404167,321823289,168342716.0
2024-03-16 19:00:00,189574671.70039427,177094278.9471232,171165413.02758443,321993903,168421062.0
2024-03-16 20:00:00,189668453.70006517,177175866.40684924,171254182.49846908,322164204,168500550.0
2024-03-16 21:00:00,189762235.69973606,177255367.40684924,171342626.38175127,322334124,168578519.0
2024-03-16 22:00:00,189856017.69940695,177331969.40684924,171430744.7353638,322504172,168653944.0
2024-03-16 23:00:00,189949799.69907784,177406017.6953424,171518537.62028158,322674139,168726437.0
2024-03-17 00:00:00,190043581.69874874,177478526.6953424,171612347.39896858,322844120,168796325.0
2024-03-17 01:00:00,190137363.69841963,177549951.43150678,171705830.91819978,323014636,168864468.0
2024-03-17 02:00:00,190231145.69809052,177619223.1224657,171798988.20208478,323185100,168931550.0
2024-03-17 03:00:00,190324927.69776142,177688249.67287666,171891819.27588287,323355232,168998320.0
2024-03-17 04:00:00,190418709.6974323,177758033.4873972,171984324.16606507,323525206,169065457.0
2024-03-17 05:00:00,190512491.6971032,177829781.89589036,172076502.90037972,323694930,169133993.0
2024-03-17 06:00:00,190606273.6967741,177903745.89589036,172168355.50792193,323864682,169204771.0
2024-03-17 07:00:00,190700055.696445,177979109.89589036,172259882.0192071,324034730,169278291.0
2024-03-17 08:00:00,190793837.69611588,178057200.89589036,172351082.4662487,324206820,169353912.0
2024-03-17 09:00:00,190887619.69578677,178135399.47479448,172441956.88264075,324380839,169430042.0
2024-03-17 10:00:00,190981401.69545767,178215107.47479448,172532505.30364507,324555041,169505353.0
2024-03-17 11:00:00,191075183.69512856,178292697.5926027,172622727.76628357,324729355,169579695.0
2024-03-17 12:00:00,191168965.69479945,178370482.37780818,172712624.30943623,324903465,169653745.0
2024-03-17 13:00:00,191262747.69447035,178447206.5876712,172802194.9739448,325077727,169727037.0
2024-03-17 14:00:00,191356529.69414124,178524961.39999995,172891439.80272272,325251837,169800126.0
2024-03-17 15:00:00,191450311.69381213,178602988.9353424,172980358.84087133,325426255,169873446.0
2024-03-17 16:00:00,191544093.69348302,178682069.1452054,173068952.13580358,325601354,169948472.0
2024-03-17 17:00:00,191637875.69315392,178767142.63452047,173157219.7373746,325774647,170026062.0
2024-03-17 18:00:00,191732166.1060957,178854127.6682191,173245161.69802043,325945773,170106000.0
2024-03-17 19:00:00,191826413.0664805,178941778.61041087,173332778.0729051,326115912,170189177.0
2024-03-17 20:00:00,191920660.02686527,179031545.61041087,173420068.92007646,326285408,170274185.0
2024-03-17 21:00:00,192014950.43980706,179118531.3221917,173507034.30063158,326454766,170357085.0
2024-03-17 22:00:00,192108732.43947795,179200758.3221917,173593674.27889204,326625280,170436484.0
2024-03-17 23:00:00,192202514.43914884,179279493.3221917,173679988.92259005,326795875,170512355.0
2024-03-18 00:00:00,192296296.43881974,179358040.3221917,173782370.9710332,326961003,170585998.0
2024-03-18 01:00:00,192390078.43849063,179435898.0980821,173884426.6371422,327125847,170658656.0
2024-03-18 02:00:00,192483860.43816152,179513660.42082182,173986155.93923506,327290591,170730998.0
2024-03-18 03:00:00,192577642.43783242,179591661.42082182,174087558.89646995,327455361,170803946.0
2024-03-18 04:00:00,192671424.4375033,179673020.0619177,174188635.52888966,327620185,170879143.0
2024-03-18 05:00:00,192765714.8504451,179762072.0619177,174289385.85746807,327784571,170959324.0
2024-03-18 06:00:00,192865712.50920302,179856693.65232864,174389809.9041596,327950472,171047547.0
2024-03-18 07:00:00,192970174.61674172,179965249.15863,174489907.69195145,328116588,171141406.0
2024-03-18 08:00:00,193077244.88462058,180066592.7035615,174589679.24491867,328284681,171236161.0
2024-03-18 09:00:00,193181706.99215928,180165516.908493,174689124.58828267,328454243,171329612.0
2024-03-18 10:00:00,193285935.48890018,180263370.99287656,174788243.748473,328624911,171421531.0
2024-03-18 11:00:00,193387437.35576418,180362623.03479436,174887036.75319254,328795720,171512340.0
2024-03-18 12:00:00,193487797.85392654,180457321.51452038,174985503.63148695,328966266,171602160.0
2024-03-18 13:00:00,193588158.3520889,180550380.51452038,175083644.41381764,329136672,171691064.0
2024-03-18 14:00:00,193687099.8359712,180646453.65205464,175181459.13213938,329306528,171778869.0
2024-03-18 15:00:00,193782542.59925836,180740205.91479436,175278947.81998238,329475895,171867284.0
2024-03-18 16:00:00,193882903.09742072,180838099.55452037,175376110.5125391,329644986,171957438.0
2024-03-18 17:00:00,193985215.17712373,180937423.55452037,175472947.24675632,329813609,172049967.0
2024-03-18 18:00:00,194089677.28466243,181040097.55452037,175569458.06143266,329981206,172144737.0
2024-03-18 19:00:00,194198020.45281497,181142559.7701368,175665642.99732172,330147819,172242498.0
2024-03-18 20:00:00,194306363.6209675,181244742.7701368,175761502.09724158,330314992,172341216.0
2024-03-18 21:00:00,194410825.7285062,181347318.31260255,175857035.40619063,330482257,172437563.0
2024-03-18 22:00:00,194511186.22666857,181443312.42273954,175952242.97147056,330650655,172529762.0
2024-03-18 23:00:00,194605691.43835697,181538014.42273954,176047124.84281644,330819102,172617979.0
2024-03-19 00:00:00,194699938.39874175,181627063.42273954,176148026.61333442,330985388,172703476.0
2024-03-19 01:00:00,194794185.35912654,181715495.60904092,176248602.03947213,331151972,172787551.0
2024-03-19 02:00:00,194888432.31951132,181803922.20794502,176348851.1413038,331319213,172871189.0
2024-03-19 03:00:00,194982679.2798961,181893653.02547926,176448773.9398368,331485359,172955300.0
2024-03-19 04:00:00,195077067.96092144,181987563.3671231,176548370.45706096,331652007,173041305.0
2024-03-19 05:00:00,195177428.4590838,182084247.18465734,176647640.716001,331819200,173132334.0
2024-03-19 06:00:00,195288756.284029,182188416.13561624,176746584.74077183,331986244,173230921.0
2024-03-19 07:00:00,195404463.39977065,182299855.13561624,176845202.5566371,332154512,173334446.0
2024-03-19 08:00:00,195520031.42429417,182406602.13561624,176943494.19007108,332333515,173437089.0
2024-03-19 09:00:00,195631003.5185106,182510791.15780804,177041459.66882423,332505285,173536921.0
2024-03-19 10:00:00,195737936.50885364,182612663.0010957,177139099.02199247,332677030,173634060.0
2024-03-19 11:00:00,195842005.571511,182709545.78273955,177236412.2800907,332848658,173728391.0
2024-03-19 12:00:00,195942366.06967336,182807516.4591779,177333399.47513032,333020577,173820016.0
2024-03-19 13:00:00,196040687.7366385,182903594.3704108,177430060.64070165,333192052,173909325.0
2024-03-19 14:00:00,196135374.67425296,182996037.45698613,177526395.81206092,333363468,173996783.0
2024-03-19 15:00:00,196230061.61186743,183090739.45698613,177622405.0262226,333534541,174082913.0
2024-03-19 16:00:00,196324748.5494819,183184144.48082176,177718088.32205698,333705716,174169480.0
2024-03-19 17:00:00,196424307.8789888,183280285.48082176,177813445.7403939,333875295,174258123.0
2024-03-19 18:00:00,196525809.7458528,183377694.48082176,177908477.32413223,334042841,174348930.0
2024-03-19 19:00:00,196630271.8533915,183475553.98191765,178003183.11835617,334209007,174442537.0
2024-03-19 20:00:00,196734733.9609302,183579439.66767108,178097563.1704584,334374719,174537462.0
2024-03-19 21:00:00,196837805.92636606,183678382.07534233,178191617.53027067,334540280,174629772.0
2024-03-19 22:00:00,196932571.97729328,183772237.2076711,178285346.2502021,334705967,174717780.0
2024-03-19 23:00:00,197026818.93767807,183863151.3657533,178378749.385386,334871601,174801584.0
2024-03-20 00:00:00,197121109.35061985,183947305.59917796,178478170.95659524,335037041,174882309.0
2024-03-20 01:00:00,197214891.35029075,184028917.40219167,178577266.2250482,335202391,174961565.0
2024-03-20 02:00:00,197308673.34996164,184111898.07123277,178676035.21277022,335367727,175040178.0
2024-03-20 03:00:00,197402455.34963253,184193713.45671222,178774477.9428236,335533163,175118975.0
2024-03-20 04:00:00,197496745.76257432,184278205.12630126,178872594.43936306,335698971,175199460.0
2024-03-20 05:00:00,197591250.9742627,184369020.90931496,178970384.72769454,335864825,175284619.0
2024-03-20 06:00:00,197695713.0818014,184466638.90931496,179067848.83433712,336031768,175377107.0
2024-03-20 07:00:00,197805806.41852617,184569859.0208218,179164986.78708878,336199499,175473936.0
2024-03-20 08:00:00,197914149.5866787,184671958.01123276,179261798.61509588,336368553,175569912.0
2024-03-20 09:00:00,198018611.6942174,184771894.98630124,179358284.34892675,336538719,175663276.0
2024-03-20 10:00:00,198118972.19237977,184868906.99534234,179454444.02064952,336708859,175754081.0
2024-03-20 11:00:00,198215526.40923116,184963786.80630124,179550277.66391465,336879313,175842665.0
2024-03-20 12:00:00,198310213.34684563,185057959.80630124,179645785.3140422,337049403,175929346.0
2024-03-20 13:00:00,198404718.55853403,185151732.3345204,179740967.00811437,337219424,176015109.0
2024-03-20 14:00:00,198498965.5189188,185241616.1775341,179835822.78507334,337389325,176099916.0
2024-03-20 15:00:00,198593212.4793036,185332548.128493,179930352.68582514,337559275,176184179.0
2024-03-20 16:00:00,198687601.16032892,185426157.88465738,180024556.75334954,337729305,176268927.0
2024-03-20 17:00:00,198782367.21125615,185519904.668493,180118435.03281662,337897387,176354977.0
2024-03-20 18:00:00,198882727.7094185,185615400.67424643,180211987.5717102,338063103,176442863.0
2024-03-20 19:00:00,198986956.2061594,185713011.23397246,180305214.41995874,338227223,176533902.0
2024-03-20 20:00:00,199091418.3136981,185811817.12273958,180398115.63007408,338393378,176627015.0
2024-03-20 21:00:00,199191867.1106815,185906476.6073971,180490691.25729856,338559183,176718593.0
2024-03-20 22:00:00,199286554.04829597,185997532.6073971,180582941.359761,338725705,176806696.0
2024-03-20 23:00:00,199380801.00868076,186087263.42493135,180674865.99864218,338892262,176891416.0
2024-03-21 00:00:00,199475091.42162254,186173621.42301354,180772807.4568271,339053068,176974112.0
2024-03-21 01:00:00,199569381.83456433,186257724.9134245,180870422.6579587,339213546,177055998.0
2024-03-21 02:00:00,199663672.2475061,186341881.39808202,180967711.6262316,339373862,177137734.0
2024-03-21 03:00:00,199757962.6604479,186428270.39808202,181064674.38699403,339534761,177220432.0
2024-03-21 04:00:00,199852209.62083268,186518303.76356146,181161310.96680993,339695643,177305635.0
2024-03-21 05:00:00,199952570.11899504,186615012.1819176,181257621.39352483,339856139,177396166.0
2024-03-21 06:00:00,200063897.94394025,186718675.1819176,181353605.69633552,340017291,177494508.0
2024-03-21 07:00:00,200179605.0596819,186828117.81945187,181449263.90586388,340178987,177597987.0
2024-03-21 08:00:00,200295312.17542353,186935665.0621916,181544596.05423477,340343315,177699987.0
2024-03-21 09:00:00,200406765.96657684,187039328.0621916,181639602.17515892,340508361,177798344.0
2024-03-21 10:00:00,200513836.2344557,187139819.02958888,181734282.30402026,340673955,177893574.0
2024-03-21 11:00:00,200618064.7311966,187238245.96054778,181828636.47796872,340839631,177985826.0
2024-03-21 12:00:00,200718425.22935897,187336638.96054778,181922664.73601845,341004990,178075598.0
2024-03-21 13:00:00,200817571.51820835,187432779.96054778,182016367.11915177,341170511,178163336.0
2024-03-21 14:00:00,200912258.45582283,187524300.96054778,182109743.67042947,341335814,178248992.0
2024-03-21 15:00:00,201006945.3934373,187618956.9865752,182202794.43510756,341501282,178333494.0
2024-03-21 16:00:00,201101711.44436452,187712850.9865752,182295519.46076113,341666925,178418348.0
2024-03-21 17:00:00,201202071.94252688,187808370.9865752,182387918.79741544,341831515,178504835.0
2024-03-21 18:00:00,201306534.05006558,187907301.0076711,182479992.49768516,341994029,178593894.0
2024-03-21 19:00:00,201416627.38679034,188010073.0076711,182571740.61692178,342155491,178687019.0
2024-03-21 20:00:00,201527599.48100677,188114336.4413697,182663163.21337,342321322,178782784.0
2024-03-21 21:00:00,201635281.03199643,188216414.52383548,182754260.34833363,342487092,178877093.0
2024-03-21 22:00:00,201738012.45908695,188315686.09452042,182845032.08635148,342653436,178967879.0
2024-03-21 23:00:00,201833455.2223741,188409083.94109577,182935478.49538407,342820096,179054881.0
2024-03-22 00:00:00,201927843.90339944,188498418.94109577,183031939.93535498,342983820,179139599.0
2024-03-22 01:00:00,202022090.86378422,188587467.94109577,183128075.16851282,343146774,179223292.0
2024-03-22 02:00:00,202116337.824169,188676516.94109577,183223884.22146642,343310282,179306908.0
2024-03-22 03:00:00,202210584.7845538,188765851.94109577,183319367.12210897,343474186,179390906.0
2024-03-22 04:00:00,202305271.72216827,188859275.218904,183414523.89968774,343637936,179476976.0
2024-03-22 05:00:00,202407348.83892375,188956537.218904,183509354.58487812,343801946,179568009.0
2024-03-22 06:00:00,202520745.53453314,189063832.41342452,183603859.20986184,343966513,179666233.0
2024-03-22 07:00:00,202636452.65027478,189172089.5805478,183698037.80840987,344131923,179768905.0
2024-03-22 08:00:00,202752020.6747983,189277760.29013684,183791890.4159701,344299563,179870332.0
2024-03-22 09:00:00,202862114.01152307,189381002.29013684,183885417.0697603,344467275,179968587.0
2024-03-22 10:00:00,202966576.11906177,189478603.4465752,183978617.8088666,344633869,180063782.0
2024-03-22 11:00:00,203066936.61722413,189574123.4465752,184071492.67434773,344799806,180156633.0
2024-03-22 12:00:00,203161623.5548386,189668235.68219164,184164041.70934558,344964314,180246851.0
2024-03-22 13:00:00,203256128.766527,189761845.438356,184256264.9592022,345128296,180335680.0
2024-03-22 14:00:00,203350375.72691178,189852806.438356,184348162.471584,345291410,180423832.0
2024-03-22 15:00:00,203444622.68729657,189942573.438356,184439734.2966132,345454336,180512369.0
2024-03-22 16:00:00,203538869.64768136,190032611.6635615,184530980.48700735,345618193,180601897.0
2024-03-22 17:00:00,203633116.60806614,190122675.6635615,184621901.09822723,345781850,180692185.0
2024-03-22 18:00:00,203727803.5456806,190217455.4232875,184712496.1886336,345945281,180782807.0
2024-03-22 19:00:00,203827362.87518752,190314149.90383545,184802765.8196534,346109921,180874622.0
2024-03-22 20:00:00,203927360.53394544,190410703.2331505,184892710.05595627,346275222,180966293.0
2024-03-22 21:00:00,204022047.4715599,190504812.24109572,184982328.96564165,346440415,181055515.0
2024-03-22 22:00:00,204116294.4319447,190595726.3991779,185071622.62043718,346606011,181141178.0
2024-03-22 23:00:00,204210584.84488648,190681007.4463012,185160591.09590942,346771464,181222939.0
2024-03-23 00:00:00,204304366.84455737,190761503.01671216,185255572.62196493,346934331,181301792.0
2024-03-23 01:00:00,204398148.84422827,190842915.49671215,185350227.99649927,347096629,181378686.0
2024-03-23 02:00:00,204491930.84389916,190921006.49671215,185444557.24881026,347258853,181454548.0
2024-03-23 03:00:00,204585712.84357005,190998768.81945187,185538560.40962693,347421514,181530288.0
2024-03-23 04:00:00,204679494.84324095,191076859.81945187,185632237.51118785,347584093,181606371.0
2024-03-23 05:00:00,204773276.84291184,191156790.01862994,185725588.58732432,347746620,181684078.0
2024-03-23 06:00:00,204867058.84258273,191239965.29068473,185818613.67354822,347908105,181764585.0
2024-03-23 07:00:00,204961349.25552452,191329017.29068473,185911312.80714527,348070730,181848077.0
2024-03-23 08:00:00,205055596.2159093,191418058.207945,186003686.02727365,348233397,181934802.0
2024-03-23 09:00:00,205149843.1762941,191507954.69835594,186095733.37506858,348396145,182023833.0
2024-03-23 10:00:00,205244090.13667887,191597821.88767102,186187454.89375305,348559704,182113881.0
2024-03-23 11:00:00,205338337.09706366,191685617.26246554,186278850.6287553,348724001,182203409.0
2024-03-23 12:00:00,205432627.51000544,191775275.7068491,186369920.62783316,348888530,182291342.0
2024-03-23 13:00:00,205526917.92294723,191860943.95890388,186460664.9412059,349053247,182377833.0
2024-03-23 14:00:00,205620699.92261812,191945873.95890388,186551083.62169412,349218185,182462542.0
2024-03-23 15:00:00,205714481.922289,192030999.95890388,186641176.724868,349383790,182546280.0
2024-03-23 16:00:00,205808427.4344658,192116207.43287647,186730944.3092044,349550030,182630264.0
2024-03-23 17:00:00,205902717.84740758,192204944.23862988,186820386.43625364,349715034,182715047.0
2024-03-23 18:00:00,205996964.80779237,192293961.39589015,186909503.17081633,349878761,182800918.0
2024-03-23 19:00:00,206091651.74540684,192388663.39589015,186998294.58113095,350042389,182889614.0
2024-03-23 20:00:00,206186338.6830213,192479742.53726,187086760.7390729,350208079,182980695.0
2024-03-23 21:00:00,206280843.8947097,192570385.53726,187174901.72036564,350374177,183071024.0
2024-03-23 22:00:00,206375090.8550945,192659418.07342437,187262717.6048049,350540788,183159789.0
2024-03-23 23:00:00,206469381.26803628,192744629.07342437,187350208.47649643,350707435,183246167.0
2024-03-24 00:00:00,206563671.68097806,192829673.07342437,187443710.2035036,350871129,183330719.0
2024-03-24 01:00:00,206657617.19315484,192913665.07342437,187536885.83991054,351034358,183414011.0
2024-03-24 02:00:00,206751399.19282573,192998751.6361641,187629735.41801277,351197844,183496969.0
2024-03-24 03:00:00,206845344.70500252,193082743.6361641,187722258.97170195,351362733,183580035.0
2024-03-24 04:00:00,206939635.1179443,193166735.6361641,187814456.53655404,351528366,183663922.0
2024-03-24 05:00:00,207033882.0783291,193253635.93671206,187906328.14992273,351693764,183749610.0
2024-03-24 06:00:00,207128270.7593544,193342548.28575316,187997873.85103834,351858606,183838183.0
2024-03-24 07:00:00,207222957.69696888,193436188.28575316,188089093.68111262,352024412,183929253.0
2024-03-24 08:00:00,207317723.7478961,193529205.15452027,188179987.68344986,352193111,184020148.0
2024-03-24 09:00:00,207412410.68551058,193620722.39589015,188270555.90356448,352364767,184108634.0
2024-03-24 10:00:00,207506657.64589536,193709771.39589015,188360798.38930583,352537548,184194299.0
2024-03-24 11:00:00,207600948.05883715,193798823.39589015,188450715.1909904,352710257,184277414.0
2024-03-24 12:00:00,207694893.57101393,193884001.33260247,188540306.3615419,352882910,184358474.0
2024-03-24 13:00:00,207788675.57068482,193968501.33260247,188629571.95664,353055362,184437366.0
2024-03-24 14:00:00,207882457.5703557,194051668.33260247,188718512.03487787,353227502,184514817.0
2024-03-24 15:00:00,207976239.5700266,194134835.33260247,188807126.6579293,353399356,184591383.0
2024-03-24 16:00:00,208070021.5696975,194219335.33260247,188895415.89072603,353571633,184668734.0
2024-03-24 17:00:00,208163967.08187428,194304536.6224655,188983379.80164582,353742690,184748310.0
2024-03-24 18:00:00,208258214.04225907,194394261.03890386,189071018.46271196,353911421,184830680.0
2024-03-24 19:00:00,208352900.97987354,194485761.7413696,189158331.94980505,354079413,184916917.0
2024-03-24 20:00:00,208449455.19672492,194579499.7413696,189245320.34288767,354246846,185006019.0
2024-03-24 21:00:00,208544142.1343394,194670485.4865751,189331983.72624287,354414138,185094140.0
2024-03-24 22:00:00,208638389.09472418,194760033.2895888,189418322.18872735,354581101,185179586.0
2024-03-24 23:00:00,208732679.50766596,194846418.73643813,189504335.82404023,354748127,185262093.0
2024-03-25 00:00:00,208826461.50733685,194929868.79643813,189606408.96158504,354914545,185342722.0
2024-03-25 01:00:00,208920243.50700775,195011683.6665751,189708155.84447396,355081090,185422556.0
2024-03-25 02:00:00,209014025.50667864,195093504.6665751,189809576.49698642,355247258,185502306.0
2024-03-25 03:00:00,209107807.50634953,195176954.7265751,189910670.94455928,355413218,185582813.0
2024-03-25 04:00:00,209202097.91929132,195265682.14767098,190011439.21384916,355579123,185665803.0
2024-03-25 05:00:00,209296784.8569058,195357615.14767098,190111881.3327985,355745133,185753869.0
2024-03-25 06:00:00,209401246.9644445,195458871.14767098,190211997.3307056,355912516,185849177.0
2024-03-25 07:00:00,209514643.66005388,195564181.73671207,190311787.2382984,356080773,185948699.0
2024-03-25 08:00:00,209624736.99677864,195667423.73671207,190411251.08781284,356251211,186046243.0
2024-03-25 09:00:00,209729199.10431734,195766292.9632874,190510388.91307598,356422522,186139790.0
2024-03-25 10:00:00,209829559.6024797,195861010.0104107,190609200.7495936,356593555,186230197.0
2024-03-25 11:00:00,209924246.54009417,195955789.7701367,190707686.63464323,356764247,186317944.0
2024-03-25 12:00:00,210018493.50047895,196045853.7701367,190805846.60737276,356934400,186403132.0
2024-03-25 13:00:00,210112740.46086374,196133478.67397234,190903680.7089047,357103980,186486596.0
2024-03-25 14:00:00,210207030.87380552,196221056.7254792,191001188.98244682,357273495,186568678.0
2024-03-25 15:00:00,210301321.2867473,196305465.7254792,191098371.47340924,357442851,186649643.0
2024-03-25 16:00:00,210395611.6996891,196393018.87780795,191195228.2295287,357613087,186730903.0
2024-03-25 17:00:00,210489858.66007388,196480516.97999972,191291759.30100012,357781896,186813915.0
2024-03-25 18:00:00,210584545.59768835,196575218.97999972,191387964.7406162,357948091,186898908.0
2024-03-25 19:00:00,210682697.04229143,196667594.97999972,191483844.6039153,358112929,186986332.0
2024-03-25 20:00:00,210782694.70104936,196760338.89589015,191579398.9493384,358276788,187075557.0
2024-03-25 21:00:00,210877381.63866383,196855155.89589015,191674627.83839542,358440886,187162606.0
2024-03-25 22:00:00,210971628.5990486,196942768.89589015,191769531.33584175,358604907,187245792.0
2024-03-25 23:00:00,211065410.5987195,197027698.89589015,191864109.50986537,358769205,187325231.0
2024-03-26 00:00:00,211159192.5983904,197106610.89589015,191964702.63428974,358935233,187402108.0
2024-03-26 01:00:00,211252974.5980613,197186288.30082166,192064969.5544797,359101253,187477598.0
2024-03-26 02:00:00,211346756.5977322,197263986.30082166,192164910.29713705,359267458,187552887.0
2024-03-26 03:00:00,211440538.59740308,197342721.30082166,192264524.89025232,359434189,187628427.0
2024-03-26 04:00:00,211534320.59707397,197423404.89972576,192363813.36317462,359601090,187705994.0
2024-03-26 05:00:00,211628611.01001576,197512456.89972576,192462775.74668586,359768100,187788236.0
2024-03-26 06:00:00,211728608.66877368,197606724.85862988,192561412.07307932,359935543,187877501.0
2024-03-26 07:00:00,211833070.77631238,197707980.85862988,192659722.37624273,360103205,187971062.0
2024-03-26 08:00:00,211937532.88385108,197806208.85862988,192757706.6917463,360271842,188064333.0
2024-03-26 09:00:00,212037893.38201344,197901283.7945203,192855365.05693597,360440652,188155387.0
2024-03-26 10:00:00,212136834.86589575,197994907.65972576,192952697.5110321,360609960,188244499.0
2024-03-26 11:00:00,212231521.80351022,198086425.21506822,193049704.09523422,360779485,188331974.0
2024-03-26 12:00:00,212325910.48453555,198176900.07123262,193146384.85283175,360948635,188418516.0
2024-03-26 13:00:00,212420157.44492033,198267861.07123262,193242739.8293215,361118458,188504129.0
2024-03-26 14:00:00,212514404.40530512,198355313.77589014,193338769.07253224,361287845,188588776.0
2024-03-26 15:00:00,212608694.8182469,198442204.71890384,193434472.6327565,361456934,188672681.0
2024-03-26 16:00:00,212702941.7786317,198528157.27780795,193529850.56289068,361626790,188757700.0
2024-03-26 17:00:00,212797188.73901647,198615426.27780795,193624902.91858318,361796116,188844253.0
2024-03-26 18:00:00,212891693.95070487,198706515.27780795,193719629.75839183,361964549,188932104.0
2024-03-26 19:00:00,212986460.0016321,198799559.89808193,193814031.1439506,362132215,189021769.0
2024-03-26 20:00:00,213085606.29048148,198891935.89808193,193908107.14014664,362298571,189112076.0
2024-03-26 21:00:00,213180293.22809595,198986539.90164357,194001857.81530786,362464866,189199681.0
2024-03-26 22:00:00,213274583.64103773,199073564.3863011,194095283.2414021,362631267,189283291.0
2024-03-26 23:00:00,213368365.64070863,199155791.3863011,194188383.49424848,362797322,189362921.0
2024-03-27 00:00:00,213462147.64037952,199234500.19589013,194287496.71023822,362962696,189439625.0
2024-03-27 01:00:00,213555929.6400504,199311048.24657506,194386283.77748427,363127910,189514419.0
2024-03-27 02:00:00,213649711.6397213,199386597.54082164,194484744.7253867,363293000,189588214.0
2024-03-27 03:00:00,213743493.6393922,199462164.84493124,194582879.58478147,363458561,189662064.0
2024-03-27 04:00:00,213837275.6390631,199539896.7082189,194680688.38801914,363623831,189737414.0
2024-03-27 05:00:00,213931057.63873398,199621711.57835588,194778171.16904825,363788668,189816965.0
2024-03-27 06:00:00,214025446.3197593,199711147.0131504,194875327.9635035,363954292,189903406.0
2024-03-27 07:00:00,214125806.81792167,199806667.0131504,194972158.80879927,364119603,189994328.0
2024-03-27 08:00:00,214226167.31608403,199901087.2052052,195068663.7442285,364286369,190086517.0
2024-03-27 09:00:00,214326527.8142464,199997619.3783559,195164842.81106782,364452555,190178922.0
2024-03-27 10:00:00,214426087.1437533,200090681.25643808,195260696.05268836,364618159,190271017.0
2024-03-27 11:00:00,214520774.08136776,200183917.8482189,195356223.51467374,364782911,190362168.0
2024-03-27 12:00:00,214615461.01898223,200274849.9939723,195451425.24494478,364947543,190452430.0
2024-03-27 13:00:00,214709849.70000756,200363776.85342437,195546301.29389185,365111978,190542140.0
2024-03-27 14:00:00,214804096.66039234,200451321.0761641,195640851.7145151,365276368,190631297.0
2024-03-27 15:00:00,214898343.62077713,200541333.58849287,195735076.5625731,365441284,190719594.0
2024-03-27 16:00:00,214992590.58116192,200629153.9904107,195828975.8967407,365607012,190807587.0
2024-03-27 17:00:00,215086979.26218724,200718348.9904107,195922549.77877608,365772507,190895957.0
2024-03-27 18:00:00,215181666.1998017,200810227.9904107,196015798.27369824,365937162,190984565.0
2024-03-27 19:00:00,215281022.57917815,200902603.9904107,196108721.4499752,366100544,191074387.0
2024-03-27 20:00:00,215381020.23793608,200995363.9904107,196201319.37972355,366266950,191165140.0
2024-03-27 21:00:00,215475707.17555055,201089431.9961641,196293592.13892046,366433761,191253851.0
2024-03-27 22:00:00,215569954.13593534,201178534.89479426,196385539.80762833,366600387,191338688.0
2024-03-27 23:00:00,215663736.13560623,201263622.32547918,196477162.4702335,366767113,191419587.0
2024-03-28 00:00:00,215757518.13527712,201344293.01369837,196574795.89308077,366927865,191497597.0
2024-03-28 01:00:00,215851300.13494802,201423013.58410934,196672103.22832385,367088641,191573894.0
2024-03-28 02:00:00,215945082.1346189,201501542.4115066,196769084.50837067,367249242,191649379.0
2024-03-28 03:00:00,216038864.1342898,201579414.5564381,196865739.76723063,367410076,191725010.0
2024-03-28 04:00:00,216132646.1339607,201658148.63068467,196962069.04060298,367570717,191802423.0
2024-03-28 05:00:00,216226936.54690248,201743359.63068467,197058072.36597058,367731404,191883922.0
2024-03-28 06:00:00,216321623.48451695,201836999.63068467,197153749.7826991,367892963,191972006.0
2024-03-28 07:00:00,216425692.5471743,201933864.81780797,197249101.33214223,368055553,192064654.0
2024-03-28 08:00:00,216529921.0439152,202031179.81780797,197344127.057753,368219092,192158626.0
2024-03-28 09:00:00,216630559.99959508,202126970.497534,197438827.00520188,368382637,192251914.0
2024-03-28 10:00:00,216730920.49775743,202221380.3265751,197533201.2225019,368546202,192344165.0
2024-03-28 11:00:00,216825686.54868466,202317094.92575318,197627249.76014134,368710422,192435358.0
2024-03-28 12:00:00,216920373.48629913,202410040.65424633,197720972.6712242,368875040,192525098.0
2024-03-28 13:00:00,217014762.16732445,202500061.60575318,197814370.01161942,369040691,192613554.0
2024-03-28 14:00:00,217109009.12770924,202590120.88630113,197907441.84011889,369207438,192700829.0
2024-03-28 15:00:00,217203256.08809403,202680198.7115066,198000188.2186052,369373959,192787117.0
2024-03-28 16:00:00,217297503.0484788,202770205.50849292,198092609.2122294,369541306,192872850.0
2024-03-28 17:00:00,217392008.2601672,202859400.50849292,198184704.88959974,369708578,192959327.0
2024-03-28 18:00:00,217486695.19778168,202950379.58136964,198276475.32298183,369874396,193046247.0
2024-03-28 19:00:00,217586692.8565396,203041564.5635614,198367920.588511,370038163,193134454.0
2024-03-28 20:00:00,217687053.35470197,203138101.86301348,198459040.7664177,370205084,193224147.0
2024-03-28 21:00:00,217781740.29231644,203229385.44630116,198549835.94126686,370372186,193312077.0
2024-03-28 22:00:00,217875987.25270122,203319474.44630116,198640306.20221162,370539285,193396510.0
2024-03-28 23:00:00,217969932.764878,203404090.3328765,198730451.6432631,370706368,193477344.0
2024-03-29 00:00:00,218063714.7645489,203484761.0210957,198826605.40008372,370869054,193555637.0
2024-03-29 01:00:00,218157496.7642198,203566181.2041094,198922433.13673934,371031620,193632550.0
2024-03-29 02:00:00,218251278.76389068,203645740.2041094,199017934.88899386,371194209,193708784.0
2024-03-29 03:00:00,218345060.76356158,203726976.44356146,199113110.6943987,371356841,193785323.0
2024-03-29 04:00:00,218438842.76323247,203807666.44356146,199207960.59239233,371520072,193863431.0
2024-03-29 05:00:00,218533133.17617425,203894036.2402738,199302484.62440556,371683584,193945105.0
2024-03-29 06:00:00,218628575.9394614,203987415.0191779,199396682.83397344,371847995,194031806.0
2024-03-29 07:00:00,218732645.00211877,204084287.74657518,199490555.26685336,372014167,194121789.0
2024-03-29 08:00:00,218834722.11887425,204180477.1964382,199584101.97115067,372182694,194210643.0
2024-03-29 09:00:00,218934719.77763218,204275119.07013682,199677322.9974516,372351965,194296480.0
2024-03-29 10:00:00,219029406.71524665,204367105.89041078,199770218.3989642,372521213,194379251.0
2024-03-29 11:00:00,219123653.67563143,204456951.198082,199862788.23166782,372690531,194459717.0
2024-03-29 12:00:00,219217944.08857322,204544411.56657514,199955032.55447164,372860345,194538224.0
2024-03-29 13:00:00,219312234.501515,204629610.03561625,200046951.42938274,373029296,194615200.0
2024-03-29 14:00:00,219406180.01369178,204714393.32054776,200138544.9216844,373198688,194691123.0
2024-03-29 15:00:00,219499962.01336268,204799323.32054776,200229813.1001253,373368142,194766259.0
2024-03-29 16:00:00,219593744.01303357,204884174.9372601,200320756.03712016,373538784,194842172.0
2024-03-29 17:00:00,219688034.42597535,204969025.11643818,200411373.80896273,373708936,194919594.0
2024-03-29 18:00:00,219782324.83891714,205055113.11643818,200501666.4960518,373876794,194998549.0
2024-03-29 19:00:00,219876571.79930192,205142599.11643818,200591634.18313095,374043982,195079429.0
2024-03-29 20:00:00,219970818.7596867,205233560.11643818,200681276.95954335,374212828,195162173.0
2024-03-29 21:00:00,220065109.1726285,205321421.99041077,200770594.91950193,374382175,195243712.0
2024-03-29 22:00:00,220158891.17229939,205406337.18109572,200859588.16237637,374551648,195322891.0
2024-03-29 23:00:00,220252673.17197028,205486329.18109572,200948256.79299796,374721218,195399306.0
2024-03-30 00:00:00,220346455.17164117,205563119.45452037,201042931.02409944,374887097,195473225.0
2024-03-30 01:00:00,220440237.17131206,205638750.3032875,201137279.30950665,375052604,195545680.0
2024-03-30 02:00:00,220534019.17098296,205712378.7843834,201231301.68873084,375218292,195617562.0
2024-03-30 03:00:00,220627801.17065385,205785986.65178064,201324998.20328015,375384229,195689395.0
2024-03-30 04:00:00,220721583.17032474,205859838.13643816,201418368.8967716,375549442,195761985.0
2024-03-30 05:00:00,220815365.16999564,205936610.8339724,201511413.81504968,375714337,195836416.0
2024-03-30 06:00:00,220909147.16966653,206018070.8339724,201604133.00631213,375879421,195913660.0
2024-03-30 07:00:00,221002929.16933742,206103101.06164363,201696526.52124327,376045730,195993294.0
2024-03-30 08:00:00,221096711.1690083,206187485.06164363,201788594.4131553,376212823,196073056.0
2024-03-30 09:00:00,221190493.1686792,206272611.06164363,201880336.7381381,376380444,196151626.0
2024-03-30 10:00:00,221284275.1683501,206357111.06164363,201971753.5552183,376548694,196228755.0
2024-03-30 11:00:00,221378057.168021,206440278.06164363,202062844.9265276,376717344,196304641.0
2024-03-30 12:00:00,221471839.1676919,206521690.54164362,202153610.91748163,376886330,196379276.0
2024-03-30 13:00:00,221565621.16736278,206599673.54164362,202244051.5969697,377055289,196453020.0
2024-03-30 14:00:00,221659403.16703367,206676470.54164362,202334167.03755584,377223840,196526430.0
2024-03-30 15:00:00,221753185.16670457,206753267.54164362,202423957.31569242,377391909,196600173.0
2024-03-30 16:00:00,221846967.16637546,206831250.54164362,202513422.5119467,377560226,196674880.0
2024-03-30 17:00:00,221940749.16604635,206910926.83452034,202602562.7112413,377727121,196750878.0
2024-03-30 18:00:00,222034531.16571724,206990035.83452034,202691378.00310957,377892166,196828074.0
2024-03-30 19:00:00,222128313.16538814,207070920.4649313,202779868.4819665,378054482,196906754.0
2024-03-30 20:00:00,222222095.16505903,207154456.3539724,202868034.2473965,378221712,196986421.0
2024-03-30 21:00:00,222315877.16472992,207237541.63150665,202955875.40445906,378389177,197064742.0
2024-03-30 22:00:00,222409659.16440082,207315608.46465734,203043392.0640131,378556582,197140310.0
2024-03-30 23:00:00,222503441.1640717,207391209.1542464,203130584.3430617,378724004,197212630.0
2024-03-31 00:00:00,222597223.1637426,207463505.4199998,203223779.20348155,378885506,197281851.0
2024-03-31 01:00:00,222691005.1634135,207535355.4199998,203316648.20053253,379046809,197349094.0
2024-03-31 02:00:00,222784787.1630844,207603698.97260255,203409191.37791368,379207976,197415271.0
2024-03-31 03:00:00,222878569.16275528,207670499.97260255,203501408.78155667,379368618,197481084.0
2024-03-31 04:00:00,222972351.16242617,207737870.10547927,203593300.45975175,379529677,197547087.0
2024-03-31 05:00:00,223066133.16209707,207806457.10547927,203684866.46328142,379690725,197614326.0
2024-03-31 06:00:00,223159915.16176796,207877941.10547927,203776106.84556213,379852072,197683796.0
2024-03-31 07:00:00,223253697.16143885,207951608.8742464,203867021.66279447,380013758,197755469.0
2024-03-31 08:00:00,223347479.16110975,208027251.8742464,203957610.97412255,380176400,197828355.0
2024-03-31 09:00:00,223441261.16078064,208104028.74876693,204047874.84180292,380339522,197901564.0
2024-03-31 10:00:00,223535043.16045153,208180805.62328747,204137813.33138376,380502848,197974834.0
2024-03-31 11:00:00,223628825.16012242,208257602.62328747,204227426.5118951,380666022,198047952.0
2024-03-31 12:00:00,223722607.15979332,208333245.62328747,204316714.4560505,380830228,198120276.0
2024-03-31 13:00:00,223816389.1594642,208408888.62328747,204405677.24046108,380994005,198190617.0
2024-03-31 14:00:00,223910171.1591351,208484500.62328747,204494314.9458629,381157456,198259641.0
2024-03-31 15:00:00,224003953.158806,208560112.62328747,204582627.65735775,381320291,198328546.0
2024-03-31 16:00:00,224097735.1584769,208636909.62328747,204670615.46466944,381483733,198398102.0
2024-03-31 17:00:00,224191517.15814778,208715448.62328747,204758278.46241528,381646785,198469115.0
2024-03-31 18:00:00,224285299.15781868,208798286.64027378,204845616.75039476,381809579,198542207.0
2024-03-31 19:00:00,224379081.15748957,208881876.64027378,204932630.43389583,381972347,198617811.0
2024-03-31 20:00:00,224472863.15716046,208966260.64027378,205019319.62402025,382138019,198695685.0
2024-03-31 21:00:00,224566645.15683135,209047145.27068475,205105684.4380293,382304242,198772446.0
2024-03-31 22:00:00,224660427.15650225,209124327.07095873,205191724.99971068,382470434,198846511.0
2024-03-31 23:00:00,224754209.15617314,209199939.07095873,205277441.43976864,382636714,198917197.0
2024-04-01 00:00:00,224847991.15584403,209272234.87479436,205380748.43698046,382800464,198985528.0
2024-04-01 01:00:00,224941773.15551493,209341503.87479436,205483728.9399609,382963971,199052350.0
2024-04-01 02:00:00,225035555.15518582,209410077.36520532,205586382.96203366,383127408,199118675.0
2024-04-01 03:00:00,225129337.1548567,209478650.85561627,205688710.51710495,383291005,199185037.0
2024-04-01 04:00:00,225223119.1545276,209548448.85561627,205790711.61969322,383454871,199253058.0
2024-04-01 05:00:00,225316901.1541985,209622733.85561627,205892386.28496033,383618226,199324971.0
2024-04-01 06:00:00,225410683.1538694,209704108.85561627,205993734.5287447,383782246,199402699.0
2024-04-01 07:00:00,225504930.11425418,209792268.47972587,206094756.36759615,383946624,199485325.0
2024-04-01 08:00:00,225599177.07463896,209881469.03671217,206195451.8188127,384112167,199570526.0
2024-04-01 09:00:00,225693424.03502375,209970669.59369847,206295820.90047964,384277882,199657322.0
2024-04-01 10:00:00,225787670.99540854,210058224.57589024,206395863.6315106,384443643,199745040.0
2024-04-01 11:00:00,225881917.95579332,210147323.5134245,206495580.03169096,384608387,199832567.0
2024-04-01 12:00:00,225976164.9161781,210237861.5134245,206594970.12172404,384772991,199919394.0
2024-04-01 13:00:00,226070411.8765629,210325637.5134245,206694033.9232795,384937901,200005599.0
2024-04-01 14:00:00,226164658.83694768,210410324.30575326,206792771.4590448,385103132,200091477.0
2024-04-01 15:00:00,226258949.24988946,210497349.30575326,206891182.75277963,385268694,200176813.0
2024-04-01 16:00:00,226353196.21027425,210584548.9734245,206989267.82937324,385434330,200262302.0
2024-04-01 17:00:00,226447443.17065904,210671756.86794505,207087026.71490538,385599597,200348637.0
2024-04-01 18:00:00,226541690.13104382,210760624.38630122,207184459.4367106,385763417,200435684.0
2024-04-01 19:00:00,226636195.34273222,210854165.5205478,207281566.02344632,385926317,200523834.0
2024-04-01 20:00:00,226730700.55442062,210947694.58493137,207378346.505165,386092346,200612185.0
2024-04-01 21:00:00,226824947.5148054,211035854.20904097,207474800.9133903,386258796,200697425.0
2024-04-01 22:00:00,226918729.5144763,211118098.20904097,207570929.28119797,386425214,200778335.0
2024-04-01 23:00:00,227012511.5141472,211196187.52739713,207666731.64330125,386591696,200854956.0
2024-04-02 00:00:00,227106293.5138181,211270673.52739713,207768558.13107276,386753292,200928303.0
2024-04-02 01:00:00,227200075.51348898,211341848.52739713,207870058.1521376,386915229,200999655.0
2024-04-02 02:00:00,227293857.51315987,211411866.87863,207971231.7210348,387077786,201069828.0
2024-04-02 03:00:00,227387639.51283076,211481800.54109576,208072078.85294804,387240551,201139722.0
2024-04-02 04:00:00,227481421.51250166,211552975.54109576,208172599.56373888,387403512,201211041.0
2024-04-02 05:00:00,227575203.51217255,211629019.63890398,208272793.86998168,387566248,201286014.0
2024-04-02 06:00:00,227668985.51184344,211711657.74246562,208372661.78900045,387729131,201367190.0
2024-04-02 07:00:00,227763232.47222823,211798965.5654793,208472203.33890802,387892576,201453087.0
2024-04-02 08:00:00,227857479.43261302,211888869.5654793,208571418.53864717,388057097,201541301.0
2024-04-02 09:00:00,227951868.11363834,211977526.5654793,208670307.40803435,388221460,201630470.0
2024-04-02 10:00:00,228046256.79466367,212066593.1465752,208768869.96780562,388385865,201720194.0
2024-04-02 11:00:00,228140503.75504845,212156906.1465752,208867106.23966545,388550935,201809788.0
2024-04-02 12:00:00,228234750.71543324,212245294.32794508,208965016.24633822,388716196,201899722.0
2024-04-02 13:00:00,228328997.67581803,212334486.32794508,209062600.01162264,388882823,201989632.0
2024-04-02 14:00:00,228423244.6362028,212425390.83013687,209159857.5604495,389050545,202078932.0
2024-04-02 15:00:00,228517491.5965876,212512416.79671222,209256788.9189425,389218974,202167411.0
2024-04-02 16:00:00,228611738.55697238,212599684.738904,209353394.11448285,389387692,202255932.0
2024-04-02 17:00:00,228706127.2379977,212687877.10794508,209449673.17577744,389555776,202345523.0
2024-04-02 18:00:00,228800632.4496861,212782466.35643825,209545626.13293114,389722798,202435476.0
2024-04-02 19:00:00,228895319.38730058,212877283.35643825,209641253.0175233,389889717,202525713.0
2024-04-02 20:00:00,228990006.32491505,212972100.35643825,209736553.86268866,390056872,202615445.0
2024-04-02 21:00:00,229084253.28529984,213061410.3668492,209831528.7032031,390223966,202702419.0
2024-04-02 22:00:00,229178227.0567586,213146534.00164375,209926177.57557452,390390758,202784953.0
2024-04-02 23:00:00,229272009.0564295,213226453.98958895,210020500.5181388,390557819,202863396.0
2024-04-03 00:00:00,229365791.0561004,213302379.3252054,210120846.55331218,390724414,202938733.0
2024-04-03 01:00:00,229459573.0557713,213376211.13753414,210220866.15183854,390891055,203011943.0
2024-04-03 02:00:00,229553355.05544218,213448294.80438346,210320559.32960257,391057727,203084270.0
2024-04-03 03:00:00,229647137.05511308,213519469.80438346,210419926.10320312,391224225,203156485.0
2024-04-03 04:00:00,229740919.05478397,213592903.2071232,210518966.48999023,391390554,203230117.0
2024-04-03 05:00:00,229834701.05445486,213670763.2071232,210617680.5081043,391556861,203307663.0
2024-04-03 06:00:00,229928991.46739665,213756046.2071232,210716068.17651734,391723572,203391713.0
2024-04-03 07:00:00,230023380.14842197,213846686.92520538,210814129.51507676,391890810,203480852.0
2024-04-03 08:00:00,230118067.08603644,213939612.82876703,210911864.54455146,392058172,203572311.0
2024-04-03 09:00:00,230212754.0236509,214034350.14054784,211009273.28668073,392225400,203664805.0
2024-04-03 10:00:00,230307440.9612654,214129167.14054784,211106355.76422584,392392234,203757932.0
2024-04-03 11:00:00,230402127.89887986,214220561.14054784,211203112.0010247,392558380,203851148.0
2024-04-03 12:00:00,230496814.83649433,214315173.41671222,211299542.02204952,392725529,203943930.0
2024-04-03 13:00:00,230591320.04818273,214405674.31123278,211395645.85346806,392893335,204036304.0
2024-04-03 14:00:00,230685567.0085675,214496318.31123278,211491423.52270818,393061180,204128369.0
2024-04-03 15:00:00,230779813.9689523,214589722.91150674,211586875.05852628,393229577,204219549.0
2024-04-03 16:00:00,230874060.92933708,214680366.91150674,211682000.49107978,393398755,204310690.0
2024-04-03 17:00:00,230968747.86695156,214775068.91150674,211776799.8520037,393567988,204402387.0
2024-04-03 18:00:00,231063434.80456603,214869836.2758903,211871273.17449185,393735933,204494445.0
2024-04-03 19:00:00,231159989.0214174,214964731.2758903,211965420.4933828,393904157,204587461.0
2024-04-03 20:00:00,231258930.50529972,215056032.6249314,212059241.84525093,394072162,204681107.0
2024-04-03 21:00:00,231353617.4429142,215150644.90109578,212152737.26850274,394239534,204772282.0
2024-04-03 22:00:00,231447907.85585597,215237669.90109578,212245906.80347902,394406572,204859129.0
2024-04-03 23:00:00,231541689.85552686,215321013.43808207,212338750.4925631,394573352,204942023.0
2024-04-04 00:00:00,231635471.85519776,215401740.568767,212437616.1372668,394738520,205022006.0
2024-04-04 01:00:00,231729253.85486865,215480283.3917807,212536155.37819135,394903446,205100365.0
2024-04-04 02:00:00,231823035.85453954,215558280.56739715,212634368.23271278,395068351,205178194.0
2024-04-04 03:00:00,231916817.85421044,215636281.56739715,212732254.71899906,395232958,205256123.0
2024-04-04 04:00:00,232010599.85388133,215715012.36328757,212829814.85605145,395397522,205335687.0
2024-04-04 05:00:00,232104381.85355222,215799253.87041086,212927048.66374832,395562392,205419741.0
2024-04-04 06:00:00,232199068.7911667,215889280.96821907,213023956.16289148,395727422,205510669.0
2024-04-04 07:00:00,232299517.58815008,215985539.2268492,213120537.37525502,395892977,205605585.0
2024-04-04 08:00:00,232400156.54382995,216082769.49260262,213216792.32363716,396059469,205700352.0
2024-04-04 09:00:00,232500517.0419923,216178583.49260262,213312721.03191498,396226207,205793687.0
2024-04-04 10:00:00,232600076.3714992,216272736.4336985,213408323.52510226,396394414,205885686.0
2024-04-04 11:00:00,232694763.30911368,216365488.10054782,213503599.82941076,396562348,205975929.0
2024-04-04 12:00:00,232789450.24672815,216460190.10054782,213598549.97231507,396730139,206065270.0
2024-04-04 13:00:00,232883955.45841655,216552338.29534233,213693173.98262116,396897754,206154135.0
2024-04-04 14:00:00,232978202.41880134,216645742.8956163,213787471.89053896,397065462,206242080.0
2024-04-04 15:00:00,233072449.37918612,216734189.8956163,213881443.72775924,397233076,206329776.0
2024-04-04 16:00:00,233166696.3395709,216824814.01424643,213975089.52753496,397401846,206417980.0
2024-04-04 17:00:00,233261383.27718538,216919516.01424643,214068409.32476747,397570426,206507041.0
2024-04-04 18:00:00,233356149.3281126,217013117.49972588,214161403.15609765,397736930,206597066.0
2024-04-04 19:00:00,233456509.82627496,217109707.49972588,214254071.06000265,397902987,206689236.0
2024-04-04 20:00:00,233556870.32443732,217206365.49972588,214346413.07689825,398069943,206782981.0
2024-04-04 21:00:00,233652313.08772448,217299578.49972588,214438429.24924725,398237190,206874720.0
2024-04-04 22:00:00,233746560.04810926,217389466.98876697,214530119.62167457,398404378,206962543.0
2024-04-04 23:00:00,233840850.46105105,217473628.98876697,214621484.24108893,398571857,207046719.0
2024-04-05 00:00:00,233934632.46072194,217556865.98876697,214718869.56331044,398734641,207127923.0
2024-04-05 01:00:00,234028414.46039283,217638265.98876697,214815928.51773444,398897226,207207190.0
2024-04-05 02:00:00,234122196.46006373,217718719.98876697,214912661.12339142,399059577,207285606.0
2024-04-05 03:00:00,234215978.45973462,217800119.98876697,215009067.4001908,399221839,207364072.0
2024-04-05 04:00:00,234309760.4594055,217882766.98876697,215105147.36896724,399384051,207444010.0
2024-04-05 05:00:00,234404007.4197903,217972039.10465738,215200901.05152968,399546713,207528126.0
2024-04-05 06:00:00,234504367.91795266,218068332.10465738,215296328.47071335,399709580,207618558.0
2024-04-05 07:00:00,234608830.02549136,218167260.10465738,215391429.6504345,399874008,207712528.0
2024-04-05 08:00:00,234715763.0158344,218267009.10465738,215486204.61574847,400040174,207806187.0
2024-04-05 09:00:00,234820225.1233731,218365781.7945204,215580653.3929111,400206827,207898176.0
2024-04-05 10:00:00,234922956.55046362,218463229.78739712,215674776.00944376,400373948,207989344.0
2024-04-05 11:00:00,235023317.04862598,218560296.3956163,215768572.49420196,400541324,208079620.0
2024-04-05 12:00:00,235122876.37813288,218655965.3956163,215862042.87744826,400708801,208168770.0
2024-04-05 13:00:00,235217563.31574735,218747885.7734245,215955187.19092923,400876000,208256931.0
2024-04-05 14:00:00,235312250.25336182,218842587.7734245,216048005.46795702,401043226,208343923.0
2024-04-05 15:00:00,235406638.93438715,218933438.9134245,216140497.74349573,401210000,208429903.0
2024-04-05 16:00:00,235501144.14607555,219027404.0712327,216232664.05425295,401376100,208516042.0
2024-04-05 17:00:00,235595831.08369002,219122106.0712327,216324504.4387765,401540740,208602819.0
2024-04-05 18:00:00,235690518.0213045,219213551.87068477,216416018.93755713,401704420,208690687.0
2024-04-05 19:00:00,235790515.6800624,219310118.54465738,216507207.59313735,401867081,208780473.0
2024-04-05 20:00:00,235890876.17822477,219405902.6005478,216598070.45022655,402033391,208871949.0
2024-04-05 21:00:00,235989817.66210708,219498530.49205464,216688607.55582312,402199350,208962027.0
2024-04-05 22:00:00,236084322.87379548,219592306.49205464,216778818.95934397,402365277,209049176.0
2024-04-05 23:00:00,236178613.28673726,219679278.57780805,216868704.71276176,402531581,209132846.0
2024-04-06 00:00:00,236272395.28640816,219761925.57780805,216964609.7869884,402686633,209213886.0
2024-04-06 01:00:00,236366177.28607905,219843325.57780805,217060188.5328551,402841939,209293243.0
2024-04-06 02:00:00,236459959.28574994,219923778.3572601,217155440.9712294,402996955,209371629.0
2024-04-06 03:00:00,236553741.28542084,220005154.3572601,217250367.1239552,403151955,209449983.0
2024-04-06 04:00:00,236647523.28509173,220086723.96986285,217344967.01390463,403308427,209529088.0
2024-04-06 05:00:00,236741305.28476262,220169944.96712312,217439240.6650332,403464974,209610131.0
2024-04-06 06:00:00,236835595.6977044,220257553.22273955,217533188.10243782,403621923,209694009.0
2024-04-06 07:00:00,236929842.6580892,220348461.76246557,217626809.3524185,403780758,209779626.0
2024-04-06 08:00:00,237024529.59570366,220438985.03671214,217720104.44254336,403942507,209865138.0
2024-04-06 09:00:00,237119034.80739206,220532633.03671214,217813073.40171754,404104833,209949189.0
2024-04-06 10:00:00,237213281.76777685,220621937.89041078,217905716.26025626,404266917,210031984.0
2024-04-06 11:00:00,237307528.72816163,220709293.78191763,217998033.04996192,404428806,210113334.0
2024-04-06 12:00:00,237401819.14110342,220793625.06246558,218090023.80420595,404590247,210192928.0
2024-04-06 13:00:00,237495601.1407743,220878672.8931505,218181688.5580153,404751235,210271258.0
2024-04-06 14:00:00,237589383.1404452,220962342.00465736,218273027.34816417,404911812,210348185.0
2024-04-06 15:00:00,237683165.1401161,221041374.00465736,218364040.21327123,405071894,210424836.0
2024-04-06 16:00:00,237776947.139787,221121162.3109587,218454727.19390234,405231963,210502049.0
2024-04-06 17:00:00,237870729.13945788,221201117.3109587,218545088.3326797,405391910,210580256.0
2024-04-06 18:00:00,237964674.65163466,221285406.3109587,218635123.67439723,405550598,210659548.0
2024-04-06 19:00:00,238058965.06457645,221372977.5002738,218724833.26614317,405708548,210740945.0
2024-04-06 20:00:00,238153212.02496123,221462702.40493134,218814217.15742975,405869237,210824581.0
2024-04-06 21:00:00,238247502.43790302,221550541.2323286,218903275.40033078,406030616,210907454.0
2024-04-06 22:00:00,238341447.9500798,221634826.78767106,218992008.04962748,406192425,210988156.0
2024-04-06 23:00:00,238435229.9497507,221715731.78767106,219080415.16296324,406354869,211066235.0
2024-04-07 00:00:00,238529011.94942158,221794466.78767106,219174840.0708998,406512333,211142183.0
2024-04-07 01:00:00,238622793.94909248,221872461.7391779,219268938.6937531,406670085,211216838.0
2024-04-07 02:00:00,238716575.94876337,221949158.65068477,219362711.0544323,406827908,211291113.0
2024-04-07 03:00:00,238810357.94843426,222025770.34383547,219456157.17693216,406985630,211365391.0
2024-04-07 04:00:00,238904139.94810516,222103081.34383547,219549277.0863912,407144217,211440471.0
2024-04-07 05:00:00,238997921.94777605,222182262.34383547,219642070.80915362,407302937,211517403.0
2024-04-07 06:00:00,239091703.94744694,222263838.24904096,219734538.3728343,407462048,211596802.0
2024-04-07 07:00:00,239185485.94711784,222347356.24904096,219826679.8063881,407622944,211677648.0
2024-04-07 08:00:00,239279459.7185766,222431352.24904096,219918495.1401829,407786575,211757733.0
2024-04-07 09:00:00,239373241.7182475,222513581.19698617,220009984.40607703,407951450,211835629.0
2024-04-07 10:00:00,239467023.7179184,222595555.16657522,220101147.63750115,408116297,211911665.0
2024-04-07 11:00:00,239560805.7175893,222674587.16657522,220191984.86954516,408281160,211986314.0
2024-04-07 12:00:00,239654587.71726018,222752612.01671222,220282496.13905007,408445853,212059543.0
2024-04-07 13:00:00,239748369.71693107,222832769.01671222,220372681.4847053,408610403,212131441.0
2024-04-07 14:00:00,239842151.71660197,222909117.1597259,220462540.94715193,408774427,212202873.0
2024-04-07 15:00:00,239935933.71627286,222984118.16054782,220552074.56909192,408938295,212274228.0
2024-04-07 16:00:00,240029715.71594375,223062070.91808206,220641282.39540392,409101739,212347011.0
2024-04-07 17:00:00,240123497.71561465,223141091.6076711,220730164.47326604,409264616,212421829.0
2024-04-07 18:00:00,240217279.71528554,223224086.6076711,220818720.8522859,409423975,212498943.0
2024-04-07 19:00:00,240311570.12822732,223306980.08246562,220906951.5846386,409581862,212578445.0
2024-04-07 20:00:00,240405860.5411691,223394807.13835603,220994856.72521293,409741375,212660346.0
2024-04-07 21:00:00,240500150.9541109,223478677.22630122,221082436.33176643,409901479,212740574.0
2024-04-07 22:00:00,240593932.95378178,223561651.8567122,221169690.46508986,410062063,212817674.0
2024-04-07 23:00:00,240687714.95345268,223639680.8567122,221256619.18918157,410222868,212891469.0
2024-04-08 00:00:00,240781496.95312357,223715727.8567122,221359616.4981204,410378004,212962783.0
2024-04-08 01:00:00,240875278.95279446,223790039.8567122,221462287.40516278,410533229,213032871.0
2024-04-08 02:00:00,240969060.95246536,223864339.43424645,221564631.92774683,410688356,213102706.0
2024-04-08 03:00:00,241062842.95213625,223938651.43424645,221666650.08410525,410843959,213173176.0
2024-04-08 04:00:00,241156624.95180714,224015719.2536985,221768341.89330685,411000253,213245994.0
2024-04-08 05:00:00,241250406.95147803,224097234.05315056,221869707.3753005,411157165,213323802.0
2024-04-08 06:00:00,241344653.91186282,224190639.1416437,221970746.5509616,411314796,213408473.0
2024-04-08 07:00:00,241444651.57062075,224283709.81123275,222071459.44214118,411473655,213496476.0
2024-04-08 08:00:00,241543797.85947013,224376415.81123275,222171846.07171774,411634370,213582853.0
2024-04-08 09:00:00,241638484.7970846,224471028.08739713,222271906.4636523,411794402,213666566.0
2024-04-08 10:00:00,241732731.7574694,224558258.08739713,222371640.6430464,411953824,213748303.0
2024-04-08 11:00:00,241826978.71785417,224646030.72410947,222471048.63620353,412113370,213828682.0
2024-04-08 12:00:00,241921269.13079596,224733213.33013687,222570130.47069418,412273008,213908001.0
2024-04-08 13:00:00,242015559.54373774,224816494.33013687,222668886.17542472,412432607,213986705.0
2024-04-08 14:00:00,242109806.50412253,224902096.2317807,222767315.7807101,412589549,214066004.0
2024-04-08 15:00:00,242204053.4645073,224986998.41452044,222865419.31835103,412745859,214146942.0
2024-04-08 16:00:00,242298343.8774491,225071949.46246564,222963196.82171556,412905051,214226560.0
2024-04-08 17:00:00,242392634.29039088,225158905.73205468,223060648.32582554,413063600,214307663.0
2024-04-08 18:00:00,242486881.25077567,225246645.1698629,223157773.86744815,413219520,214390155.0
2024-04-08 19:00:00,242581128.21116045,225335971.75260264,223254573.48519284,413373954,214474412.0
2024-04-08 20:00:00,242675516.89218578,225426836.75260264,223351047.219614,413532584,214560219.0
2024-04-08 21:00:00,242769763.85257056,225515977.75945196,223447195.11331987,413691148,214643618.0
2024-04-08 22:00:00,242863545.85224146,225598216.06356156,223543017.2110878,413849913,214722327.0
2024-04-08 23:00:00,242957327.85191235,225676189.84054786,223638513.5599864,414009389,214796465.0
2024-04-09 00:00:00,243051109.85158324,225749481.15753415,223740030.55043754,414161257,214867238.0
2024-04-09 01:00:00,243144891.85125414,225819569.4002739,223841221.1751063,414313744,214935816.0
2024-04-09 02:00:00,243238673.85092503,225888919.4002739,223942085.45309097,414466191,215003476.0
2024-04-09 03:00:00,243332455.85059592,225958131.93643826,224042623.40437177,414618591,215071109.0
2024-04-09 04:00:00,243426237.8502668,226027941.6380821,224142835.04985723,414772114,215140331.0
2024-04-09 05:00:00,243520019.8499377,226102570.7958903,224242720.41143352,414925641,215213603.0
2024-04-09 06:00:00,243613801.8496086,226183965.3169862,224342279.51201642,415079765,215293418.0
2024-04-09 07:00:00,243708092.26255038,226270990.3169862,224441512.37560645,415234363,215376731.0
2024-04-09 08:00:00,243802339.22293517,226356626.98082182,224540419.02734706,415389169,215459827.0
2024-04-09 09:00:00,243896629.63587695,226443644.60328758,224638999.49358615,415542685,215541383.0
2024-04-09 10:00:00,243990920.04881874,226529325.60328758,224737253.8019414,415696172,215622409.0
2024-04-09 11:00:00,244085210.46176052,226613400.87835607,224835181.98136908,415849441,215702998.0
2024-04-09 12:00:00,244179500.8747023,226696667.6928766,224932784.0622372,416002470,215783478.0
2024-04-09 13:00:00,244273791.2876441,226780343.6928766,225030060.0764027,416154375,215864523.0
2024-04-09 14:00:00,244368081.70058587,226865022.96136975,225127010.05729324,416306955,215945673.0
2024-04-09 15:00:00,244462372.11352766,226950353.93287662,225223634.03999397,416458996,216027016.0
2024-04-09 16:00:00,244556619.07391244,227038071.91616428,225319932.06133923,416610442,216109326.0
2024-04-09 17:00:00,244650866.03429723,227124552.91616428,225415904.16000968,416761671,216193186.0
2024-04-09 18:00:00,244745112.994682,227213441.91616428,225511550.37663534,416912265,216277843.0
2024-04-09 19:00:00,244839501.67570734,227302546.95260262,225606870.75390464,417062419,216363567.0
2024-04-09 20:00:00,244933890.35673267,227396436.62630126,225701865.33668002,417217567,216450112.0
2024-04-09 21:00:00,245028180.76967445,227481429.62630126,225796534.1721205,417373037,216533857.0
2024-04-09 22:00:00,245121962.76934534,227561209.62630126,225890877.30981147,417528541,216612646.0
2024-04-09 23:00:00,245215744.76901624,227640707.2279451,225984894.8019023,417684271,216686636.0
2024-04-10 00:00:00,245309526.76868713,227713564.87397248,226084931.54863566,417832168,216756937.0
2024-04-10 01:00:00,245403308.76835802,227783131.9575341,226184641.96916896,417979563,216824924.0
2024-04-10 02:00:00,245497090.76802891,227851484.9575341,226284026.08444393,418127058,216891538.0
2024-04-10 03:00:00,245590872.7676998,227919803.71999985,226383083.9163819,418274649,216957698.0
2024-04-10 04:00:00,245684654.7673707,227989151.6857533,226481815.48793596,418423827,217024973.0
2024-04-10 05:00:00,245778436.7670416,228061858.0947944,226580220.8231462,418573387,217095705.0
2024-04-10 06:00:00,245872218.7667125,228142250.6038355,226678299.94719794,418723659,217172609.0
2024-04-10 07:00:00,245966509.17965427,228225659.6038355,226776052.88648364,418874333,217253554.0
2024-04-10 08:00:00,246060799.59259605,228312684.6038355,226873479.66866806,419025747,217335925.0
2024-04-10 09:00:00,246155090.00553784,228399658.63917795,226970580.32275754,419177374,217418481.0
2024-04-10 10:00:00,246249336.96592262,228486953.81589028,227067354.87917313,419329823,217500774.0
2024-04-10 11:00:00,246343583.9263074,228572200.61753413,227163803.36982802,419482524,217582757.0
2024-04-10 12:00:00,246437830.8866922,228659376.63369852,227259925.82820964,419635062,217664672.0
2024-04-10 13:00:00,246532077.84707698,228744890.2161643,227355722.28946644,419787632,217746765.0
2024-04-10 14:00:00,246626324.80746177,228830962.2161643,227451192.79049996,419940109,217829132.0
2024-04-10 15:00:00,246720571.76784655,228918005.2161643,227546337.37006217,420093965,217912123.0
2024-04-10 16:00:00,246814818.72823134,229005973.67095882,227641156.06885877,420244171,217995879.0
2024-04-10 17:00:00,246909207.40925667,229099863.34465745,227735648.92965847,420394241,218081032.0
2024-04-10 18:00:00,247003712.62094507,229190728.34465745,227829815.997409,420544139,218166562.0
2024-04-10 19:00:00,247098217.83263347,229283742.34465745,227923657.31935972,420694336,218252867.0
2024-04-10 20:00:00,247192723.04432186,229374607.34465745,228017172.9451921,420850055,218340121.0
2024-04-10 21:00:00,247286970.00470665,229461905.3421917,228110362.92715746,421005843,218424907.0
2024-04-10 22:00:00,247380752.00437754,229542990.3421917,228203227.32022342,421161985,218504752.0
2024-04-10 23:00:00,247474534.00404844,229623147.3421917,228295766.182229,421318575,218579669.0
2024-04-11 00:00:00,247568316.00371933,229696560.098904,228394322.76725844,421468522,218650828.0
2024-04-11 01:00:00,247662098.00339022,229766983.098904,228492553.06952286,421618148,218719544.0
2024-04-11 02:00:00,247755880.00306112,229836580.10767114,228590457.1120127,421768123,218786987.0
2024-04-11 03:00:00,247849662.002732,229904156.5652054,228688034.91880763,421918017,218854014.0
2024-04-11 04:00:00,247943444.0024029,229974284.34493142,228785286.51513493,422068724,218921812.0
2024-04-11 05:00:00,248037226.0020738,230047682.64493144,228882211.92743155,422219832,218993139.0
2024-04-11 06:00:00,248131008.0017447,230128062.10767117,228978811.18340948,422371568,219070907.0
2024-04-11 07:00:00,248225298.41468647,230211785.879452,229075084.31212512,422523586,219153107.0
2024-04-11 08:00:00,248319588.82762825,230297103.6953424,229171031.34405258,422676095,219237107.0
2024-04-11 09:00:00,248413835.78801304,230382491.3863013,229266652.31116143,422828472,219321906.0
2024-04-11 10:00:00,248508082.74839783,230472557.38575336,229361947.24699885,422981044,219407033.0
2024-04-11 11:00:00,248602329.7087826,230561197.38575336,229456916.1867767,423133557,219492443.0
2024-04-11 12:00:00,248696576.6691674,230650075.38575336,229551559.16746375,423286747,219577849.0
2024-04-11 13:00:00,248790823.6295522,230739500.62493145,229645876.22788337,423440237,219663126.0
2024-04-11 14:00:00,248885070.58993697,230828692.62493145,229739867.408817,423593662,219748036.0
2024-04-11 15:00:00,248979317.55032176,230917139.62493145,229833532.75311375,423747210,219833093.0
2024-04-11 16:00:00,249073564.51070654,231005296.62493145,229926872.30580664,423900950,219918657.0
2024-04-11 17:00:00,249167953.19173187,231095353.62712324,230019886.11423564,424055431,220004856.0
2024-04-11 18:00:00,249262458.40342027,231186414.82575336,230112574.22817826,424210528,220091248.0
2024-04-11 19:00:00,249356963.61510867,231277272.85506842,230204936.6999879,424365911,220177953.0
2024-04-11 20:00:00,249451468.82679707,231367326.0599999,230296973.58474046,424521854,220265062.0
2024-04-11 21:00:00,249545715.78718185,231453660.90958896,230388684.94039008,424677696,220349585.0
2024-04-11 22:00:00,249639497.78685275,231534817.3399999,230480070.82793388,424834188,220429609.0
2024-04-11 23:00:00,249733279.78652364,231612360.51643828,230571131.3115871,424991272,220505233.0
2024-04-12 00:00:00,249827061.78619453,231686199.51643828,230668207.82497713,425147010,220577406.0
2024-04-12 01:00:00,249920843.78586543,231756131.9561643,230764958.103321,425302721,220647257.0
2024-04-12 02:00:00,250014625.78553632,231824724.9561643,230861382.17188802,425458828,220715661.0
2024-04-12 03:00:00,250108407.7852072,231893282.92986292,230957480.05715966,425615278,220783598.0
2024-04-12 04:00:00,250202189.7848781,231962635.86356154,231053251.7868952,425772307,220852190.0
2024-04-12 05:00:00,250295971.784549,232035909.0350684,231148697.39020106,425929491,220924224.0
2024-04-12 06:00:00,250389753.7842199,232114937.90164372,231243816.89760458,426087158,221002400.0
2024-04-12 07:00:00,250484044.19716167,232198846.62547934,231338610.3411317,426245112,221084811.0
2024-04-12 08:00:00,250578334.61010346,232285871.62547934,231433077.75438935,426405366,221168985.0
2024-04-12 09:00:00,250672581.57048824,232373183.29315057,231527219.17265287,426567247,221253607.0
2024-04-12 10:00:00,250766828.53087303,232459137.88630125,231621034.6329584,426729720,221338003.0
2024-04-12 11:00:00,250861075.49125782,232546433.06301358,231714524.17420077,426892428,221421861.0
2024-04-12 12:00:00,250955365.9041996,232631471.31643823,231807687.8372372,427055551,221505441.0
2024-04-12 13:00:00,251049656.31714138,232719024.468767,231900525.6649973,427218546,221588092.0
2024-04-12 14:00:00,251143946.73008317,232802774.468767,231993037.70259947,427380468,221669941.0
2024-04-12 15:00:00,251238237.14302495,232886570.19397247,232085223.9974743,427543369,221751247.0
2024-04-12 16:00:00,251332527.55596673,232970320.19397247,232177084.5994956,427705859,221832626.0
2024-04-12 17:00:00,251426817.96890852,233054070.19397247,232268619.5611188,427868473,221914518.0
2024-04-12 18:00:00,251521108.3818503,233138172.37534234,232359828.9375284,428029819,221996821.0
2024-04-12 19:00:00,251615398.7947921,233225743.56465742,232450712.7867936,428189163,222079701.0
2024-04-12 20:00:00,251709689.20773387,233314795.56465742,232541271.17003378,428347485,222163512.0
2024-04-12 21:00:00,251803634.71991065,233397312.02438346,232631504.15159407,428505999,222245361.0
2024-04-12 22:00:00,251897416.71958154,233477003.70821908,232721411.7992313,428664656,222323820.0
2024-04-12 23:00:00,251991198.71925244,233552362.31424648,232810994.18431142,428823341,222398342.0
2024-04-13 00:00:00,252084980.71892333,233625107.3649314,232906590.72508207,428979174,222469645.0
2024-04-13 01:00:00,252178762.71859422,233695386.3649314,233001861.0832926,429134703,222538819.0
2024-04-13 02:00:00,252272544.71826512,233765500.1531506,233096805.2867495,429290287,222606739.0
2024-04-13 03:00:00,252366326.717936,233834031.569315,233191423.36460945,429445523,222674086.0
2024-04-13 04:00:00,252460108.7176069,233903118.1082191,233285715.34745288,429600310,222741900.0
2024-04-13 05:00:00,252553890.7172778,233974071.0783561,233379681.26736218,429754372,222811393.0
2024-04-13 06:00:00,252647672.7169487,234047161.0783561,233473321.1580042,429906434,222883418.0
2024-04-13 07:00:00,252741454.71661958,234122561.7043835,233566635.05471778,430059282,222957778.0
2024-04-13 08:00:00,252835236.71629047,234199038.6772602,233659622.99460644,430213939,223034055.0
2024-04-13 09:00:00,252929018.71596137,234277191.53095883,233752285.01663652,430370036,223110653.0
2024-04-13 10:00:00,253022800.71563226,234355922.81506842,233844621.16174117,430526731,223186527.0
2024-04-13 11:00:00,253116582.71530315,234435221.83863008,233936631.4729305,430683767,223261564.0
2024-04-13 12:00:00,253210364.71497405,234512089.40465748,234028315.9954084,430841928,223335427.0
2024-04-13 13:00:00,253304146.71464494,234586605.72602734,234119674.77669626,431001004,223408137.0
2024-04-13 14:00:00,253397928.71431583,234660813.08082187,234210707.86676416,431160369,223479540.0
2024-04-13 15:00:00,253491710.71398672,234735020.4356164,234301415.3181699,431319819,223550457.0
2024-04-13 16:00:00,253585492.71365762,234810704.95534244,234391797.18620643,431479451,223621934.0
2024-04-13 17:00:00,253679274.7133285,234888687.95534244,234481853.52905828,431640930,223695046.0
2024-04-13 18:00:00,253773056.7129994,234966605.95534244,234571584.4079673,431800504,223769876.0
2024-04-13 19:00:00,253866838.7126703,235048658.3726027,234660989.88740855,431958142,223846223.0
2024-04-13 20:00:00,253960620.7123412,235131077.39287668,234750070.03527692,432116957,223924206.0
2024-04-13 21:00:00,254054402.71201208,235210488.22520545,234838824.92308503,432276389,224001374.0
2024-04-13 22:00:00,254148184.71168298,235286476.22520545,234927254.62617332,432436035,224075794.0
2024-04-13 23:00:00,254241966.71135387,235360495.8715068,235015359.2239329,432595713,224147073.0
2024-04-14 00:00:00,254335748.71102476,235431947.18794516,235109475.90107474,432752977,224215511.0
2024-04-14 01:00:00,254429530.71069565,235500447.4756164,235203266.45345226,432910289,224282067.0
2024-04-14 02:00:00,254523312.71036655,235568783.97616434,235296730.9116992,433067917,224347797.0
2024-04-14 03:00:00,254617094.71003744,235635658.96191776,235389869.30795437,433225594,224413462.0
2024-04-14 04:00:00,254710876.70970833,235702458.06328762,235482681.67594457,433383371,224479528.0
2024-04-14 05:00:00,254804658.70937923,235770226.06328762,235575168.0510722,433540928,224546898.0
2024-04-14 06:00:00,254898440.70905012,235840350.29397255,235667328.47050828,433698332,224616232.0
2024-04-14 07:00:00,254992222.708721,235912853.97780818,235759162.97329068,433857422,224686687.0
2024-04-14 08:00:00,255086004.7083919,235985411.97780818,235850671.60042855,434019051,224757678.0
2024-04-14 09:00:00,255179786.7080628,236059375.97780818,235941854.39501265,434181325,224828016.0
2024-04-14 10:00:00,255273568.7077337,236132081.14986297,236032711.40233243,434343731,224897761.0
2024-04-14 11:00:00,255367350.70740458,236206660.56684926,236123242.67000014,434505415,224967313.0
2024-04-14 12:00:00,255461132.70707548,236281259.56684926,236213448.24808225,434665986,225037509.0
2024-04-14 13:00:00,255554914.70674637,236357671.81342462,236303328.18923897,434825591,225107994.0
2024-04-14 14:00:00,255648696.70641726,236435422.81342462,236392882.54887193,434984251,225178525.0
2024-04-14 15:00:00,255742478.70608816,236511705.59506845,236482111.3852811,435142555,225250631.0
2024-04-14 16:00:00,255836260.70575905,236592736.51205474,236571014.75983083,435301252,225325383.0
2024-04-14 17:00:00,255930042.70542994,236676481.21616432,236659592.73712638,435460062,225403396.0
2024-04-14 18:00:00,256023824.70510083,236758702.21616432,236747845.38520086,435616763,225483923.0
2024-04-14 19:00:00,256117770.21727762,236842587.92712322,236835772.77571368,435770964,225565973.0
2024-04-14 20:00:00,256212060.6302194,236926694.2583561,236923374.98416126,435929363,225649421.0
2024-04-14 21:00:00,256305842.6298903,237008895.81095883,237010652.09010038,436087744,225731013.0
2024-04-14 22:00:00,256399624.6295612,237085555.81095883,237097604.17738542,436246184,225807975.0
2024-04-14 23:00:00,256493406.62923208,237160154.81095883,237184231.3344202,436404719,225880262.0
2024-04-15 00:00:00,256587188.62890297,237231359.81095883,237286919.59640947,436555227,225948869.0
2024-04-15 01:00:00,256680970.62857386,237299548.55917802,237389281.57794723,436706039,226014865.0
2024-04-15 02:00:00,256774752.62824476,237366901.2273972,237491317.3021049,436857473,226079260.0
2024-04-15 03:00:00,256868534.62791565,237434183.2273972,237593026.79304677,437009299,226143316.0
2024-04-15 04:00:00,256962316.62758654,237503278.7843835,237694410.0760887,437162318,226208411.0
2024-04-15 05:00:00,257056098.62725744,237575769.9523287,237795467.17776012,437315708,226277008.0
2024-04-15 06:00:00,257149880.62692833,237654426.36575338,237896198.12586984,437469139,226352008.0
2024-04-15 07:00:00,257243662.62659922,237736291.36575338,237996602.94957548,437623860,226430806.0
2024-04-15 08:00:00,257337953.039541,237819700.36575338,238096681.67945716,437780197,226510915.0
2024-04-15 09:00:00,257432243.4524828,237904169.26027393,238196434.34759533,437936658,226591301.0
2024-04-15 10:00:00,257526490.41286758,237990115.63506845,238295860.98765332,438093249,226672824.0
2024-04-15 11:00:00,257620737.37325236,238079197.10520545,238394961.63496462,438249663,226755518.0
2024-04-15 12:00:00,257714984.33363715,238168185.6027397,238493736.3266254,438405871,226839662.0
2024-04-15 13:00:00,257809489.54532555,238257121.54136983,238592185.1015926,438561322,226925448.0
2024-04-15 14:00:00,257904176.48294002,238351294.54136983,238690308.00078756,438716545,227012769.0
2024-04-15 15:00:00,257998863.4205545,238446111.54136983,238788105.06720614,438871320,227101358.0
2024-04-15 16:00:00,258094306.18384165,238539532.54136983,238885576.3460352,439026159,227192396.0
2024-04-15 17:00:00,258194303.84259957,238634402.0726027,238982721.88477615,439180543,227285022.0
2024-04-15 18:00:00,258294664.34076193,238729324.0726027,239079541.73337585,439332513,227378121.0
2024-04-15 19:00:00,258395024.8389243,238826205.00410953,239176035.9443654,439483277,227470817.0
2024-04-15 20:00:00,258494171.12777367,238921100.00410953,239272204.57300738,439641091,227563523.0
2024-04-15 21:00:00,258588418.08815846,239010357.89726022,239368047.67745173,439799857,227652646.0
2024-04-15 22:00:00,258682363.60033524,239093935.25780818,239463565.3189014,439958525,227735482.0
2024-04-15 23:00:00,258776145.60000613,239170595.25780818,239558757.56178778,440117175,227812214.0
2024-04-16 00:00:00,258869927.59967703,239244880.25780818,239659965.75705183,440271437,227884251.0
2024-04-16 01:00:00,258963709.59934792,239316137.29780817,239760847.71975628,440425682,227953254.0
2024-04-16 02:00:00,259057491.5990188,239385749.48136982,239861403.47525927,440580317,228020301.0
2024-04-16 03:00:00,259151273.5986897,239454348.93890408,239961633.0501352,440734011,228086309.0
2024-04-16 04:00:00,259245055.5983606,239523591.93890408,240061536.47224042,440888361,228153026.0
2024-04-16 05:00:00,259338837.5980315,239597209.02328762,240161113.7707831,441043156,228223169.0
2024-04-16 06:00:00,259432619.59770238,239676521.2117808,240260364.97639692,441198850,228299153.0
2024-04-16 07:00:00,259526910.01064417,239762686.90027395,240359290.12121913,441356085,228378780.0
2024-04-16 08:00:00,259621200.42358595,239849686.03808218,240457889.23897335,441514928,228458740.0
2024-04-16 09:00:00,259715490.83652773,239936667.1389041,240556162.365057,441673888,228538313.0
2024-04-16 10:00:00,259809781.24946952,240023673.1389041,240654109.53663412,441832491,228618069.0
2024-04-16 11:00:00,259904071.6624113,240111099.9950685,240751730.7927336,441991607,228698197.0
2024-04-16 12:00:00,259998318.6227961,240197028.78328767,240849026.17435324,442151055,228779012.0
2024-04-16 13:00:00,260092565.58318087,240285232.20164382,240945995.72456992,442310785,228861284.0
2024-04-16 14:00:00,260186812.54356566,240374336.8819178,241042639.48865652,442471194,228945107.0
2024-04-16 15:00:00,260281201.224591,240463500.8819178,241138957.51420578,442631640,229030464.0
2024-04-16 16:00:00,260375888.16220546,240558188.53369862,241234949.85126153,442791479,229118131.0
2024-04-16 17:00:00,260470654.21313268,240651609.53369862,241330616.55245772,442949804,229207864.0
2024-04-16 18:00:00,260566287.85746264,240745030.53369862,241425957.67316616,443106127,229298254.0
2024-04-16 19:00:00,260662842.07431403,240839925.53369862,241520973.27165282,443261478,229388031.0
2024-04-16 20:00:00,260757608.12524125,240933145.65150684,241615663.4092438,443418372,229478462.0
2024-04-16 21:00:00,260851855.08562604,241021962.34465754,241710028.15050122,443575462,229565719.0
2024-04-16 22:00:00,260945637.08529693,241105552.34465754,241804067.5634101,443733035,229647032.0
2024-04-16 23:00:00,261039419.08496782,241184528.68054795,241897781.7195762,443890597,229722648.0
2024-04-17 00:00:00,261133201.0846387,241258634.67424658,241997509.94750485,444042815,229794111.0
2024-04-17 01:00:00,261226983.0843096,241330947.67424658,242096911.99554977,444195229,229862977.0
2024-04-17 02:00:00,261320765.0839805,241400175.57150686,242195987.89161503,444347888,229930295.0
2024-04-17 03:00:00,261414547.0836514,241468775.38164383,242294737.66495934,444500676,229996881.0
2024-04-17 04:00:00,261508329.0833223,241539198.38164383,242393161.34626994,444653940,230064122.0
2024-04-17 05:00:00,261602111.08299318,241612602.62082192,242491258.96774098,444807626,230134841.0
2024-04-17 06:00:00,261695893.08266407,241693978.62082192,242589030.56315643,444962621,230211616.0
2024-04-17 07:00:00,261790183.49560586,241780201.62082192,242686476.1679777,445118241,230292171.0
2024-04-17 08:00:00,261884473.90854764,241867663.9,242783595.81943673,445274592,230373990.0
2024-04-17 09:00:00,261978720.86893243,241955110.69178084,242880389.55663452,445431487,230456513.0
2024-04-17 10:00:00,262072967.8293172,242039868.6032877,242976857.42064527,445588888,230539723.0
2024-04-17 11:00:00,262167214.789702,242126884.5342466,243072999.45462704,445746806,230623568.0
2024-04-17 12:00:00,262261461.75008678,242215635.5342466,243168815.70393887,445905148,230708099.0
2024-04-17 13:00:00,262355708.71047157,242304728.52438357,243264306.21626487,446063207,230793797.0
2024-04-17 14:00:00,262449955.67085636,242398230.52438357,243359471.04174593,446221055,230879738.0
2024-04-17 15:00:00,262544344.35188168,242491878.52438357,243454310.23311904,446378249,230966160.0
2024-04-17 16:00:00,262638849.56357008,242586580.52438357,243548823.84586534,446534962,231053483.0
2024-04-17 17:00:00,262733536.50118455,242681397.52438357,243643011.9383669,446692146,231141592.0
2024-04-17 18:00:00,262828223.43879902,242776214.52438357,243736874.5720731,446849225,231229648.0
2024-04-17 19:00:00,262922910.3764135,242869973.6493151,243830411.8116771,447005325,231317554.0
2024-04-17 20:00:00,263017597.31402797,242964790.6493151,243923623.72530285,447162574,231405292.0
2024-04-17 21:00:00,263111844.27441275,243053237.6493151,244016510.38470381,447320179,231490263.0
2024-04-17 22:00:00,263205626.27408364,243136552.3331507,244109071.86547363,447478622,231570202.0
2024-04-17 23:00:00,263299408.27375454,243215977.42958906,244201308.24726972,447636937,231644901.0
2024-04-18 00:00:00,263393190.27342543,243289385.5473973,244299556.6172593,447787413,231715725.0
2024-04-18 01:00:00,263486972.27309632,243359752.2641096,244397478.8653695,447937294,231783869.0
2024-04-18 02:00:00,263580754.27276722,243428593.90082195,244495075.02234128,448086889,231850472.0
2024-04-18 03:00:00,263674536.2724381,243496939.4961644,244592345.1204257,448236310,231916439.0
2024-04-18 04:00:00,263768318.272109,243566173.4961644,244689289.19346705,448385552,231983385.0
2024-04-18 05:00:00,263862100.2717799,243639474.4961644,244785907.27699086,448534637,232053849.0
2024-04-18 06:00:00,263955882.2714508,243719868.9852055,244882199.4082971,448684860,232130492.0
2024-04-18 07:00:00,264050172.68439257,243803782.42849317,244978165.62655878,448837186,232211185.0
2024-04-18 08:00:00,264144463.09733436,243890788.42849317,245073805.97292674,448991629,232293594.0
2024-04-18 09:00:00,264238753.51027614,243978203.89287674,245169120.49064025,449146277,232376822.0
2024-04-18 10:00:00,264333000.47066092,244067549.58630142,245264109.22514457,449301136,232460808.0
2024-04-18 11:00:00,264427247.4310457,244155731.80410963,245358772.22421533,449455661,232545173.0
2024-04-18 12:00:00,264521494.3914305,244244360.33095896,245453109.53809056,449610322,232629976.0
2024-04-18 13:00:00,264615741.35181528,244335261.3884932,245547121.21961036,449765469,232715736.0
2024-04-18 14:00:00,264709988.31220007,244425132.45643842,245640807.32436538,449920979,232801581.0
2024-04-18 15:00:00,264804235.27258486,244518776.4964384,245734167.91085395,450077105,232887669.0
2024-04-18 16:00:00,264898740.48427325,244612750.4964384,245827203.0406489,450233021,232975423.0
2024-04-18 17:00:00,264993427.42188773,244706923.4964384,245919912.77857444,450388283,233064310.0
2024-04-18 18:00:00,265088114.3595022,244801740.4964384,246012297.19289374,450541234,233153434.0
2024-04-18 19:00:00,265182801.29711667,244896557.4964384,246104356.35550815,450693694,233242277.0
2024-04-18 20:00:00,265277488.23473114,244991374.4964384,246196090.34216833,450851588,233331333.0
2024-04-18 21:00:00,265371735.19511592,245079816.4964384,246287499.23269853,451009577,233417425.0
2024-04-18 22:00:00,265465517.19478682,245162930.02684936,246378583.11123446,451167927,233497943.0
2024-04-18 23:00:00,265559299.1944577,245240717.47013703,246469342.0664759,451326474,233573066.0
2024-04-19 00:00:00,265653081.1941286,245313174.39808223,246566110.69907293,451479205,233644201.0
2024-04-19 01:00:00,265746863.1937995,245383448.6243836,246662553.2737349,451632161,233712806.0
2024-04-19 02:00:00,265840645.1934704,245454850.33287674,246758669.82436657,451785561,233779831.0
2024-04-19 03:00:00,265934427.19314128,245522959.7912329,246854460.38655758,451939390,233846290.0
2024-04-19 04:00:00,266028209.19281217,245594415.0134247,246949924.9976759,452094107,233913845.0
2024-04-19 05:00:00,266121991.19248307,245667819.2526028,247045063.6969668,452250026,233984703.0
2024-04-19 06:00:00,266215773.19215396,245747675.59534252,247139876.5256577,452406883,234061488.0
2024-04-19 07:00:00,266309919.17915928,245831796.59534252,247234363.52706924,452563465,234142375.0
2024-04-19 08:00:00,266404209.59210107,245917461.32136992,247328524.74673295,452720333,234224691.0
2024-04-19 09:00:00,266498500.00504285,246002098.620548,247422360.2325161,452877199,234307562.0
2024-04-19 10:00:00,266592790.41798463,246086461.8668494,247515870.03475395,453034256,234390301.0
2024-04-19 11:00:00,266686735.93016142,246170825.11315078,247609054.20638984,453191795,234472584.0
2024-04-19 12:00:00,266780517.9298323,246252562.64849323,247701912.80312407,453350383,234554119.0
2024-04-19 13:00:00,266874299.9295032,246335568.9219179,247794445.88357133,453509250,234635385.0
2024-04-19 14:00:00,266968081.9291741,246417691.9219179,247886653.50942802,453669079,234716251.0
2024-04-19 15:00:00,267061863.928845,246499312.9219179,247978535.7456496,453828759,234796614.0
2024-04-19 16:00:00,267155645.92851588,246582325.9219179,248070092.66063863,453988051,234877095.0
2024-04-19 17:00:00,267249427.92818677,246664284.76136994,248161324.32644448,454146743,234958149.0
2024-04-19 18:00:00,267343373.44036356,246748076.1468494,248252230.8189751,454303651,235039084.0
2024-04-19 19:00:00,267437519.42736888,246832191.23397267,248342812.21822175,454459046,235120506.0
2024-04-19 20:00:00,267531809.84031066,246916689.7386302,248433068.60849762,454618241,235202662.0
2024-04-19 21:00:00,267625591.83998156,246999441.82794526,248523000.078691,454777613,235282925.0
2024-04-19 22:00:00,267719373.83965245,247078649.82794526,248612606.7225342,454937316,235359789.0
2024-04-19 23:00:00,267813155.83932334,247155064.00027403,248701888.6388889,455097315,235432564.0
2024-04-20 00:00:00,267906937.83899423,247226817.00027403,248797177.66707495,455250785,235502029.0
2024-04-20 01:00:00,268000719.83866513,247296051.00027403,248892140.70789742,455404647,235569165.0
2024-04-20 02:00:00,268094501.83833602,247364274.26520553,248986777.79879242,455558453,235634899.0
2024-04-20 03:00:00,268188283.8380069,247432597.39397267,249081088.97907752,455712489,235700039.0
2024-04-20 04:00:00,268282065.8376778,247500200.39397267,249175074.29005677,455866413,235765361.0
2024-04-20 05:00:00,268375847.8373487,247571648.0216439,249268733.77513224,456020418,235832043.0
2024-04-20 06:00:00,268469629.8370196,247642404.0216439,249362067.47992185,456175751,235901054.0
2024-04-20 07:00:00,268563411.83669055,247717539.83397266,249455075.45238462,456331104,235972407.0
2024-04-20 08:00:00,268657193.83636147,247793359.91397268,249547757.7429531,456488467,236046275.0
2024-04-20 09:00:00,268750975.8360324,247871450.91397268,249640114.40467405,456647919,236121024.0
2024-04-20 10:00:00,268844757.8357033,247949523.3345206,249732145.49335748,456807395,236195518.0
2024-04-20 11:00:00,268938539.83537424,248025386.20821923,249823851.0677346,456966915,236268791.0
2024-04-20 12:00:00,269032321.83504516,248101321.96054798,249915231.18962556,457126696,236341025.0
2024-04-20 13:00:00,269126103.8347161,248177756.8821918,250006285.92411718,457286532,236412124.0
2024-04-20 14:00:00,269219885.834387,248252951.8821918,250097015.3397516,457446706,236482425.0
2024-04-20 15:00:00,269313667.8340579,248328146.8821918,250187419.5087264,457607305,236553128.0
2024-04-20 16:00:00,269407449.83372885,248404553.86684933,250277498.50710693,457768424,236625172.0
2024-04-20 17:00:00,269501231.8333998,248482506.19041097,250367252.4150518,457929196,236698786.0
2024-04-20 18:00:00,269595013.8330707,248561053.19041097,250456681.3170518,458088396,236773786.0
2024-04-20 19:00:00,269688795.8327416,248643163.19041097,250545785.30218405,458245454,236849909.0
2024-04-20 20:00:00,269782577.83241254,248724047.82082194,250634564.46438143,458405710,236927792.0
2024-04-20 21:00:00,269876359.83208346,248802977.2783562,250723018.9027188,458567270,237004572.0
2024-04-20 22:00:00,269970141.8317544,248883134.2783562,250811148.72171688,458728462,237078511.0
2024-04-20 23:00:00,270063923.8314253,248957176.0572603,250898954.03166494,458890278,237149292.0
2024-04-21 00:00:00,270157705.83109623,249029651.20739728,250992763.60230088,459042195,237217338.0
2024-04-21 01:00:00,270251487.83076715,249101088.25698632,251086247.26354474,459193967,237283725.0
2024-04-21 02:00:00,270345269.8304381,249170697.30849317,251179405.05677736,459345566,237349020.0
2024-04-21 03:00:00,270439051.830109,249239076.95589042,251272237.02548227,459496968,237414109.0
2024-04-21 04:00:00,270532833.8297799,249309191.31369865,251364743.21536392,459647664,237479697.0
2024-04-21 05:00:00,270626615.82945085,249380160.31369865,251456923.6744731,459798734,237546549.0
2024-04-21 06:00:00,270720397.82912177,249452532.44575346,251548778.45333984,459950291,237615412.0
2024-04-21 07:00:00,270814179.8287927,249528455.69287676,251640307.60511437,460102730,237686136.0
2024-04-21 08:00:00,270907961.8284636,249606028.15917814,251731511.18571654,460255805,237759299.0
2024-04-21 09:00:00,271001743.82813454,249684119.15917814,251822389.25399423,460408887,237834296.0
2024-04-21 10:00:00,271095525.82780546,249760648.8745206,251912941.87189147,460561727,237910214.0
2024-04-21 11:00:00,271189307.8274764,249840135.62684935,252003169.1046266,460714757,237985989.0
2024-04-21 12:00:00,271283089.8271473,249914750.78602743,252093071.0208815,460868196,238061222.0
2024-04-21 13:00:00,271376871.8268182,249988600.18219182,252182647.69300216,461022107,238135634.0
2024-04-21 14:00:00,271470653.82648915,250063062.18219182,252271899.1972116,461176201,238209717.0
2024-04-21 15:00:00,271564435.8261601,250137524.18219182,252360825.61383578,461331017,238283931.0
2024-04-21 16:00:00,271658217.825831,250213938.3545206,252449427.0275435,461486169,238359371.0
2024-04-21 17:00:00,271751999.8255019,250293481.84876716,252537703.52760088,461641842,238436375.0
2024-04-21 18:00:00,271845781.82517284,250372096.38767126,252625655.20814168,461797554,238514463.0
2024-04-21 19:00:00,271939563.82484376,250456501.18493155,252713282.1684542,461951743,238594435.0
2024-04-21 20:00:00,272033509.3370205,250540871.18493155,252800584.51328596,462112836,238676991.0
2024-04-21 21:00:00,272127291.33669144,250625255.18493155,252887562.35316736,462273877,238758817.0
2024-04-21 22:00:00,272221073.33636236,250704463.18493155,252974215.80475527,462434877,238837367.0
2024-04-21 23:00:00,272314855.3360333,250780447.1164384,253060544.99119824,462596526,238912422.0
2024-04-22 00:00:00,272408637.3357042,250854300.82383564,253162925.0538689,462747120,238985192.0
2024-04-22 01:00:00,272502419.33537513,250927561.8882192,253264978.99753872,462897904,239056809.0
2024-04-22 02:00:00,272596201.33504605,250998763.0331507,253366706.85305554,463049114,239128228.0
2024-04-22 03:00:00,272689983.334717,251072191.0331507,253468108.65278238,463200777,239200302.0
2024-04-22 04:00:00,272783765.3343879,251147972.0331507,253569184.43068072,463352767,239274715.0
2024-04-22 05:00:00,272877547.3340588,251231139.0331507,253669934.22239882,463505620,239354194.0
2024-04-22 06:00:00,272971794.2944436,251319347.79479453,253770358.0653652,463660197,239440957.0
2024-04-22 07:00:00,273066481.23205805,251413109.79479453,253870455.9988877,463816012,239531019.0
2024-04-22 08:00:00,273161168.1696725,251507926.79479453,253970228.0642583,463973689,239619280.0
2024-04-22 09:00:00,273255415.1300573,251601428.79479453,254069674.30486444,464131334,239704375.0
2024-04-22 10:00:00,273349662.09044206,251688081.79479453,254168794.76630664,464288920,239787024.0
2024-04-22 11:00:00,273443952.5033838,251771675.79479453,254267589.49652353,464446902,239867963.0
2024-04-22 12:00:00,273537898.01556057,251855168.79479453,254366058.545924,464605745,239947728.0
2024-04-22 13:00:00,273631680.0152315,251937033.79479453,254464201.96752766,464765289,240026629.0
2024-04-22 14:00:00,273725462.0149024,252018242.6920548,254562019.8171135,464925223,240104539.0
2024-04-22 15:00:00,273819244.01457334,252099309.5380822,254659512.15337765,465085913,240181886.0
2024-04-22 16:00:00,273913026.01424426,252180299.5380822,254756679.03810072,465247440,240259961.0
2024-04-22 17:00:00,274006808.0139152,252262577.03780824,254853520.53632516,465408112,240339762.0
2024-04-22 18:00:00,274101098.42685694,252346737.62739727,254950036.71654356,465566483,240421075.0
2024-04-22 19:00:00,274195388.8397987,252432264.42191783,255046227.65089834,465722610,240503893.0
2024-04-22 20:00:00,274289635.8001835,252519779.42191783,255142093.41539368,465883598,240588834.0
2024-04-22 21:00:00,274383882.76056826,252606576.4413699,255237634.0901204,466044606,240672072.0
2024-04-22 22:00:00,274477664.7602392,252688791.4413699,255332849.7594946,466205861,240751363.0
2024-04-22 23:00:00,274571446.7599101,252766882.4413699,255427740.5125111,466367126,240826585.0
2024-04-23 00:00:00,274665228.759581,252842635.4413699,255528640.84391114,466521644,240899055.0
2024-04-23 01:00:00,274759010.75925195,252916689.3172603,255629215.12048328,466676406,240970214.0
2024-04-23 02:00:00,274852792.7589229,252990566.3172603,255729463.37624994,466831379,241041037.0
2024-04-23 03:00:00,274946574.7585938,253064413.9432877,255829385.64692402,466987136,241112215.0
2024-04-23 04:00:00,275040356.7582647,253140166.9432877,255928981.97000256,467143382,241185354.0
2024-04-23 05:00:00,275134138.75793564,253221542.9432877,256028252.38486618,467300510,241262975.0
2024-04-23 06:00:00,275228385.7183204,253310278.91698632,256127196.93288407,467458618,241347712.0
2024-04-23 07:00:00,275323072.6559349,253403667.3142466,256225815.65752557,467617986,241434939.0
2024-04-23 08:00:00,275417577.86762327,253494186.92383564,256324108.60447818,467780238,241520380.0
2024-04-23 09:00:00,275511824.82800806,253582479.17095894,256422075.82177278,467942206,241603149.0
2024-04-23 10:00:00,275606115.2409498,253667801.0553425,256519717.35991627,468103944,241684370.0
2024-04-23 11:00:00,275700261.2279551,253751896.5715069,256617033.2720322,468264608,241764521.0
2024-04-23 12:00:00,275794043.227626,253833761.5715069,256714023.61401,468424817,241843989.0
2024-04-23 13:00:00,275887825.22729695,253915626.5715069,256810688.44466305,468584167,241923136.0
2024-04-23 14:00:00,275981607.2269679,253996883.5715069,256907027.82589638,468743057,242001830.0
2024-04-23 15:00:00,276075389.2266388,254078366.23260278,257003041.82288462,468902435,242080600.0
2024-04-23 16:00:00,276169171.2263097,254161379.23260278,257098730.50426075,469062328,242160353.0
2024-04-23 17:00:00,276263317.213315,254245456.73890415,257194093.9423163,469222430,242241759.0
2024-04-23 18:00:00,276357607.62625676,254331639.24383566,257289132.21321377,469380223,242324376.0
2024-04-23 19:00:00,276451854.58664155,254417276.24383566,257383845.39721218,469536594,242408043.0
2024-04-23 20:00:00,276546101.54702634,254505313.7964384,257478233.57890633,469696706,242493309.0
2024-04-23 21:00:00,276640391.9599681,254592265.19726032,257572296.8474809,469856992,242576399.0
2024-04-23 22:00:00,276734173.959639,254673153.65205485,257666035.29697996,470016952,242654593.0
2024-04-23 23:00:00,276827955.95930994,254750715.65205485,257759449.0265935,470177851,242727966.0
2024-04-24 00:00:00,276921737.95898086,254822822.21095896,257858869.76019347,470331780,242798085.0
2024-04-24 01:00:00,277015519.9586518,254893101.21095896,257957964.50978875,470485569,242866235.0
2024-04-24 02:00:00,277109301.9583227,254962167.21095896,258056733.31294504,470639379,242933207.0
2024-04-24 03:00:00,277203083.9579936,255031233.21095896,258155176.20911574,470793444,243000148.0
2024-04-24 04:00:00,277296865.95766455,255101512.21095896,258253293.23974738,470948402,243068228.0
2024-04-24 05:00:00,277390647.9573355,255175149.69561648,258351084.44839126,471103311,243140220.0
2024-04-24 06:00:00,277484429.9570064,255256547.44438362,258448549.88082194,471258719,243218515.0
2024-04-24 07:00:00,277578720.36994815,255342597.4446576,258545689.5851627,471415053,243301015.0
2024-04-24 08:00:00,277672967.33033293,255428544.33479458,258642503.6120185,471573143,243384505.0
2024-04-24 09:00:00,277767257.7432747,255515550.33479458,258738992.01461703,471730721,243467260.0
2024-04-24 10:00:00,277861548.15621644,255601231.33479458,258835154.84895822,471887283,243549478.0
2024-04-24 11:00:00,277955838.5691582,255685894.9016439,258930992.17397285,472043547,243630906.0
2024-04-24 12:00:00,278050128.98209995,255769467.28438362,259026504.05169052,472200028,243712138.0
2024-04-24 13:00:00,278144274.96910524,255853555.62794527,259121690.54741824,472355591,243793323.0
2024-04-24 14:00:00,278238220.481282,255937048.62794527,259216551.7299295,472511365,243874145.0
2024-04-24 15:00:00,278332002.4809529,256020329.1635617,259311087.67166513,472666674,243954617.0
2024-04-24 16:00:00,278425976.25241166,256103057.480548,259405298.44894615,472822335,244035786.0
2024-04-24 17:00:00,278520266.6653534,256187194.72109595,259499184.14220002,472977490,244118189.0
2024-04-24 18:00:00,278614557.0782952,256274146.12191787,259592744.83620048,473131411,244201300.0
2024-04-24 19:00:00,278708804.03867996,256359782.71506855,259685980.62032226,473284318,244285295.0
2024-04-24 20:00:00,278803050.99906474,256448229.71506855,259778891.58881146,473444734,244370841.0
2024-04-24 21:00:00,278897341.4120065,256534544.71506855,259871477.84107268,473605267,244454657.0
2024-04-24 22:00:00,278991123.4116774,256616731.61534253,259963739.48197374,473765490,244533985.0
2024-04-24 23:00:00,279084905.41134834,256694293.61534253,260055676.62216955,473926469,244608989.0
2024-04-25 00:00:00,279178687.41101927,256767931.61534253,260153617.9053688,474076554,244680498.0
2024-04-25 01:00:00,279272469.4106902,256839678.59397265,260251233.28281224,474225939,244749984.0
2024-04-25 02:00:00,279366251.4103611,256912164.3493151,260348522.7960237,474375475,244818750.0
2024-04-25 03:00:00,279460033.41003203,256984457.22301373,260445486.4886366,474525163,244887552.0
2024-04-25 04:00:00,279553815.40970296,257058128.30082196,260542124.40651268,474676184,244957891.0
2024-04-25 05:00:00,279647597.4093739,257136863.30082196,260638436.59786767,474828828,245032740.0
2024-04-25 06:00:00,279741887.82231563,257222544.30082196,260734423.1134047,474982402,245113953.0
2024-04-25 07:00:00,279836393.03400403,257313026.42602745,260830084.0064557,475138138,245199056.0
2024-04-25 08:00:00,279930898.24569243,257406548.79095894,260925419.33313128,475295731,245284151.0
2024-04-25 09:00:00,280025145.2060772,257495296.780274,261020429.15247968,475453136,245367635.0
2024-04-25 10:00:00,280119435.619019,257580933.780274,261115113.52665532,475610939,245449798.0
2024-04-25 11:00:00,280213726.0319607,257666597.50273976,261209472.52109766,475768205,245530166.0
2024-04-25 12:00:00,280307508.03163165,257751490.77780825,261303506.20472094,475925103,245609437.0
2024-04-25 13:00:00,280401290.0313026,257836611.46164387,261397214.6501154,476081279,245688216.0
2024-04-25 14:00:00,280495072.0309735,257918198.9213699,261490597.93376085,476237419,245766470.0
2024-04-25 15:00:00,280588854.0306444,257999327.1783562,261583656.1362534,476393534,245844557.0
2024-04-25 16:00:00,280682636.03031534,258081450.1783562,261676389.34254587,476549492,245923377.0
2024-04-25 17:00:00,280776581.5424921,258165734.62164387,261768797.6422034,476705964,246003229.0
2024-04-25 18:00:00,280870871.95543385,258250776.560274,261860881.12967435,476861184,246084086.0
2024-04-25 19:00:00,280965162.3683756,258337091.560274,261952639.90457818,477015455,246166300.0
2024-04-25 20:00:00,281059409.3287604,258425516.93369865,262044074.07201114,477177663,246250516.0
2024-04-25 21:00:00,281153656.2891452,258512991.93369865,262135183.74287087,477340080,246333719.0
2024-04-25 22:00:00,281247438.2888161,258598117.93369865,262225969.03420112,477502546,246412915.0
2024-04-25 23:00:00,281341220.288487,258676207.2520548,262316430.06955796,477665688,246488051.0
2024-04-26 00:00:00,281435002.28815794,258751404.2520548,262412892.06531498,477820668,246560293.0
2024-04-26 01:00:00,281528784.28782886,258825968.04602742,262509028.24186322,477976010,246630989.0
2024-04-26 02:00:00,281622566.2874998,258899031.20383564,262604838.6451516,478131520,246701150.0
2024-04-26 03:00:00,281716348.2871707,258972545.71205482,262700323.3234884,478287228,246771450.0
2024-04-26 04:00:00,281810130.28684163,259047543.60575345,262795482.32767516,478443815,246843486.0
2024-04-26 05:00:00,281903912.28651255,259129003.60575345,262890315.7111481,478601212,246919761.0
2024-04-26 06:00:00,281998202.6994543,259214812.60575345,262984823.53012863,478760048,247002107.0
2024-04-26 07:00:00,282092449.6598391,259305264.66876715,263079005.84378257,478920749,247087317.0
2024-04-26 08:00:00,282186696.6202239,259394456.66876715,263172862.7143893,479083223,247171534.0
2024-04-26 09:00:00,282280943.58060867,259480539.76164386,263266394.20752093,479246043,247253791.0
2024-04-26 10:00:00,282375233.9935504,259564940.95013702,263359600.39223257,479409036,247334499.0
2024-04-26 11:00:00,282469015.99322134,259648393.26136988,263452481.34126407,479571389,247413768.0
2024-04-26 12:00:00,282562797.99289227,259729785.9923288,263545037.13125426,479733111,247492025.0
2024-04-26 13:00:00,282656579.9925632,259813272.57397264,263637267.84296802,479894551,247570028.0
2024-04-26 14:00:00,282750361.9922341,259895697.60301372,263729173.56153765,480055557,247647573.0
2024-04-26 15:00:00,282844143.99190503,259978603.10273975,263820754.37671882,480215847,247725096.0
2024-04-26 16:00:00,282937925.99157596,260061028.62000003,263912010.3831624,480376048,247803717.0
2024-04-26 17:00:00,283031707.9912469,260144563.18273976,264002941.6807031,480536153,247883521.0
2024-04-26 18:00:00,283125489.9909178,260229816.8186302,264093548.37466586,480695650,247963601.0
2024-04-26 19:00:00,283219271.9905887,260312037.8186302,264183830.57619137,480854215,248044041.0
2024-04-26 20:00:00,283313245.76204747,260396439.00712335,264273788.40258175,481014775,248125847.0
2024-04-26 21:00:00,283407027.7617184,260479814.00712335,264363421.9776677,481175381,248206332.0
2024-04-26 22:00:00,283500809.7613893,260561209.50794527,264452731.4321986,481337079,248283260.0
2024-04-26 23:00:00,283594591.76106024,260636203.8756165,264541716.90425715,481498880,248356271.0
2024-04-27 00:00:00,283688373.76073116,260708516.8756165,264636699.79292434,481656267,248425833.0
2024-04-27 01:00:00,283782155.7604021,260777791.8756165,264731356.9582103,481812913,248493189.0
2024-04-27 02:00:00,283875937.760073,260846920.8756165,264825688.45101485,481970358,248559153.0
2024-04-27 03:00:00,283969719.7597439,260915283.8756165,264919694.32487872,482128419,248624531.0
2024-04-27 04:00:00,284063501.75941485,260984377.75095895,265013374.63613424,482286502,248690186.0
2024-04-27 05:00:00,284157283.7590858,261054643.6575343,265106729.444065,482444927,248757285.0
2024-04-27 06:00:00,284251065.7587567,261126750.2164384,265199758.81107542,482603348,248826407.0
2024-04-27 07:00:00,284344847.7584276,261201942.77534252,265292462.80287045,482762383,248897506.0
2024-04-27 08:00:00,284438629.75809854,261278227.37424663,265384841.48864624,482922264,248970892.0
2024-04-27 09:00:00,284532411.75776947,261356164.4816439,265476894.9412925,483082424,249045930.0
2024-04-27 10:00:00,284626193.7574404,261434103.92164388,265568623.23760712,483243339,249122139.0
2024-04-27 11:00:00,284719975.7571113,261512034.62794524,265660026.4585241,483404356,249198837.0
2024-04-27 12:00:00,284813757.75678223,261588089.62794524,265751104.68935537,483565116,249275915.0
2024-04-27 13:00:00,284907539.75645316,261666822.1534247,265841858.02004743,483725751,249353198.0
2024-04-27 14:00:00,285001321.7561241,261745554.67890418,265932286.54545394,483886070,249430534.0
2024-04-27 15:00:00,285095103.755795,261825141.67890418,266022390.36562505,484046057,249508580.0
2024-04-27 16:00:00,285188885.7554659,261906241.67890418,266112169.58611476,484207223,249587332.0
2024-04-27 17:00:00,285282667.75513685,261988714.770411,266201624.31830716,484368116,249666924.0
2024-04-27 18:00:00,285376449.7548078,262071796.0065754,266290754.67976305,484527892,249747248.0
2024-04-27 19:00:00,285470231.7544787,262153916.0065754,266379560.79458818,484686668,249827948.0
2024-04-27 20:00:00,285564013.7541496,262236028.83534253,266468042.79382432,484849240,249909336.0
2024-04-27 21:00:00,285657795.75382054,262316085.26575348,266556200.81586486,485011682,249989489.0
2024-04-27 22:00:00,285751577.75349146,262393252.52794525,266644035.00689647,485174448,250066169.0
2024-04-27 23:00:00,285845359.7531624,262467851.52794525,266731545.5213683,485338106,250138924.0
2024-04-28 00:00:00,285939141.7528333,262538804.44383568,266825049.5027583,485492211,250208322.0
2024-04-28 01:00:00,286032923.7525042,262606657.90136993,266918227.8669817,485646187,250275359.0
2024-04-28 02:00:00,286126705.75217515,262672746.90136993,267011080.6704818,485800234,250340735.0
2024-04-28 03:00:00,286220487.7518461,262738102.90136993,267103607.97266018,485954599,250405009.0
2024-04-28 04:00:00,286314269.751517,262803269.90136993,267195809.83604646,486109079,250469078.0
2024-04-28 05:00:00,286408051.7511879,262870087.90136993,267287686.3264785,486264155,250533799.0
2024-04-28 06:00:00,286501833.75085884,262937070.9884932,267379237.51329374,486419299,250599578.0
2024-04-28 07:00:00,286595615.75052977,263007344.35397264,267470463.46953183,486577581,250666726.0
2024-04-28 08:00:00,286689397.7502007,263079626.92164388,267561364.27215004,486739378,250735986.0
2024-04-28 09:00:00,286783179.7498716,263153590.92164388,267651940.00225165,486902516,250806890.0
2024-04-28 10:00:00,286876961.74954253,263230046.3484932,267742190.74532843,487067605,250878778.0
2024-04-28 11:00:00,286970743.74921346,263311146.3484932,267832116.59151796,487232921,250951764.0
2024-04-28 12:00:00,287064525.7488844,263392865.5043836,267921717.63587695,487398752,251026311.0
2024-04-28 13:00:00,287158307.7485553,263476439.5043836,268010993.97867134,487564243,251102533.0
2024-04-28 14:00:00,287252089.7482262,263562959.5043836,268099945.72568443,487728665,251180881.0
2024-04-28 15:00:00,287346380.161168,263651568.77287674,268188572.98854405,487892426,251261862.0
2024-04-28 16:00:00,287440627.12155277,263741245.77287674,268276875.88507006,488056461,251346336.0
2024-04-28 17:00:00,287535314.0591672,263834125.77287674,268364854.5396436,488219910,251434211.0
2024-04-28 18:00:00,287630080.1100944,263928208.45260277,268452509.0835992,488380610,251523828.0
2024-04-28 19:00:00,287725522.8733816,264022291.1323288,268539839.65564156,488538791,251614058.0
2024-04-28 20:00:00,287820965.6366688,264116403.1323288,268626846.4022883,488703078,251704712.0
2024-04-28 21:00:00,287915354.3176941,264205577.1323288,268713529.4783405,488867821,251793189.0
2024-04-28 22:00:00,288009644.7306359,264290430.1323288,268799889.04738283,489031933,251876318.0
2024-04-28 23:00:00,288103426.7303068,264373003.1323288,268885925.28231514,489196703,251953781.0
2024-04-29 00:00:00,288197208.7299777,264451755.1323288,268987998.27786607,489353619,252026477.0
2024-04-29 01:00:00,288290990.72964865,264524386.30520552,269089745.3712889,489511031,252096118.0
2024-04-29 02:00:00,288384772.7293196,264594875.30520552,269191166.60424995,489667341,252163535.0
2024-04-29 03:00:00,288478554.7289905,264665152.30520552,269292262.0205322,489823022,252230096.0
2024-04-29 04:00:00,288572336.7286614,264736795.13698635,269393031.6661541,489978369,252297334.0
2024-04-29 05:00:00,288666118.72833234,264810643.33972606,269493475.58949584,490133692,252367745.0
2024-04-29 06:00:00,288759900.72800326,264893727.0441096,269593593.84143317,490290357,252443855.0
2024-04-29 07:00:00,288854191.140945,264977638.67013702,269693386.4754791,490449303,252524298.0
2024-04-29 08:00:00,288948438.1013298,265064949.50383565,269792853.54793453,490609546,252607448.0
2024-04-29 09:00:00,289042943.3130182,265154041.16410962,269891995.11804724,490771245,252693008.0
2024-04-29 10:00:00,289141264.9799833,265248917.9372603,269990811.2481815,490933982,252781514.0
2024-04-29 11:00:00,289242766.84684736,265344593.9372603,270089302.00399727,491096924,252873207.0
2024-04-29 12:00:00,289347228.95438606,265445355.61452058,270187467.45464027,491259954,252968084.0
2024-04-29 13:00:00,289458201.04860246,265549412.61452058,270285307.67294425,491422666,253066095.0
2024-04-29 14:00:00,289573769.07312596,265654441.61452058,270382822.735645,491584701,253166202.0
2024-04-29 15:00:00,289689476.1888676,265766268.61452058,270480012.72360784,491746200,253268590.0
2024-04-29 16:00:00,289805183.3046093,265878587.61452058,270576877.7220689,491907328,253373088.0
2024-04-29 17:00:00,289921179.32155526,265991119.61452058,270673417.8208912,492066798,253479005.0
2024-04-29 18:00:00,290036886.4372969,266103438.61452058,270769633.1148367,492223753,253584683.0
2024-04-29 19:00:00,290152593.5530386,266216466.72958907,270865523.703855,492378625,253688648.0
2024-04-29 20:00:00,290268161.5775621,266324787.40575346,270961089.69338983,492541034,253790774.0
2024-04-29 21:00:00,290376504.7457146,266427819.9991781,271056331.1947049,492704345,253888693.0
2024-04-29 22:00:00,290476502.40447253,266522466.9991781,271151248.32522947,492867086,253979255.0
2024-04-29 23:00:00,290570749.3648573,266610792.9991781,271245841.20892584,493030308,254062365.0
2024-04-30 00:00:00,290664531.36452824,266694291.16246578,271346434.9247593,493183936,254139742.0
2024-04-30 01:00:00,290758313.36419916,266772982.46054798,271446702.82531685,493336750,254213242.0
2024-04-30 02:00:00,290852095.3638701,266848146.8383562,271546644.9567048,493489646,254284183.0
2024-04-30 03:00:00,290945877.363541,266922948.8383562,271646261.3673966,493642548,254353715.0
2024-04-30 04:00:00,291039659.3632119,266997947.3594521,271745552.108367,493795630,254423180.0
2024-04-30 05:00:00,291133441.36288285,267077534.3594521,271844517.2332343,493948506,254495394.0
2024-04-30 06:00:00,291227223.3625538,267160148.2953425,271943156.7984107,494101646,254572989.0
2024-04-30 07:00:00,291321470.32293856,267247574.16301373,272041470.8632627,494255852,254654473.0
2024-04-30 08:00:00,291415859.0039639,267336507.45068496,272139459.4902803,494411815,254737798.0
2024-04-30 09:00:00,291510545.9415783,267430680.45068496,272237122.7452569,494568460,254822381.0
2024-04-30 10:00:00,291606648.392637,267524903.45068496,272334460.6974803,494725764,254908537.0
2024-04-30 11:00:00,291707008.8907994,267622073.44958907,272431473.4199349,494883247,254996296.0
2024-04-30 12:00:00,291810214.66885453,267720824.88657537,272528160.9895166,495041446,255085832.0
2024-04-30 13:00:00,291914676.77639323,267822080.88657537,272624523.4872607,495200023,255177363.0
2024-04-30 14:00:00,292023019.94454575,267925151.88657537,272720560.9985839,495358649,255270596.0
2024-04-30 15:00:00,292133992.03876215,268029208.88657537,272816273.6135412,495517138,255365154.0
2024-04-30 16:00:00,292247388.73437154,268136141.35698634,272911661.42709845,495675624,255461666.0
2024-04-30 17:00:00,292362956.75889504,268241026.74904114,273006724.5394219,495833318,255559482.0
2024-04-30 18:00:00,292477586.27798754,268351952.91095895,273101463.0561856,495989915,255656715.0
2024-04-30 19:00:00,292590982.97359693,268459214.55397266,273195877.08889794,496145350,255752887.0
2024-04-30 20:00:00,292699326.14174944,268562307.90520555,273289966.7552483,496307512,255848146.0
2024-04-30 21:00:00,292802958.4736095,268659763.90520555,273383732.1794755,496470083,255939987.0
2024-04-30 22:00:00,292897463.6852979,268753205.32109594,273477173.49275887,496632522,256025485.0
2024-04-30 23:00:00,292991409.19747466,268837884.9430137,273570290.8336344,496795811,256104675.0
2024-05-01 00:00:00,293085191.1971456,268916609.9616439,273670898.634839,496954908,256178838.0
2024-05-01 01:00:00,293178973.1968165,268994325.86410964,273771180.1050657,497113394,256249778.0
2024-05-01 02:00:00,293272755.1964874,269066976.86410964,273871135.26504683,497272155,256318700.0
2024-05-01 03:00:00,293366537.19615835,269138179.42301375,273970764.1364836,497430746,256386756.0
2024-05-01 04:00:00,293460319.1958293,269210830.42301375,274070066.7420976,497589265,256455305.0
2024-05-01 05:00:00,293554101.1955002,269285631.130411,274169043.10568535,497747557,256526784.0
2024-05-01 06:00:00,293647883.1951711,269367580.130411,274267693.2521758,497906144,256603673.0
2024-05-01 07:00:00,293742173.6081129,269456632.130411,274366017.20769167,498066201,256684760.0
2024-05-01 08:00:00,293836420.56849766,269545399.130411,274464014.99961364,498227451,256767937.0
2024-05-01 09:00:00,293930809.249523,269635303.130411,274561686.65664905,498389160,256852271.0
2024-05-01 10:00:00,294025496.1871374,269728275.76739734,274659032.20890385,498551470,256938239.0
2024-05-01 11:00:00,294121129.8314674,269823850.76739734,274756051.68795943,498713437,257025871.0
2024-05-01 12:00:00,294221490.3296298,269922193.76739734,274852745.1269535,498876300,257115869.0
2024-05-01 13:00:00,294325559.39228714,270022211.12602746,274949112.56066597,499039488,257208221.0
2024-05-01 14:00:00,294430021.49982584,270123284.4865754,275045154.0256099,499202214,257302398.0
2024-05-01 15:00:00,294537703.0508155,270230519.4865754,275140869.56012774,499364714,257399115.0
2024-05-01 16:00:00,294648675.1450319,270335229.4865754,275236259.20449305,499526732,257498699.0
2024-05-01 17:00:00,294760885.55968916,270445291.4865754,275331323.001019,499687474,257600097.0
2024-05-01 18:00:00,294871857.6539056,270548843.9000001,275426060.9941725,499845555,257701398.0
2024-05-01 19:00:00,294981950.9906303,270653927.77753437,275520473.2306957,500000999,257800747.0
2024-05-01 20:00:00,295088883.98097336,270755012.71972615,275614559.75973463,500165243,257898350.0
2024-05-01 21:00:00,295189244.47913575,270854518.71972615,275708320.63297534,500329367,257992382.0
2024-05-01 22:00:00,295283491.43952054,270944790.221096,275801755.9047887,500494327,258079334.0
2024-05-01 23:00:00,295377273.43919146,271027776.0534248,275894865.6323834,500660207,258159354.0
2024-05-02 00:00:00,295471055.4388624,271106072.8750686,275993993.26192284,500813668,258234062.0
2024-05-02 01:00:00,295564837.4385333,271180558.8750686,276092794.60348,500967436,258305064.0
2024-05-02 02:00:00,295658619.4382042,271253878.24136996,276191269.67981327,501121776,258373846.0
2024-05-02 03:00:00,295752401.43787515,271325540.4934248,276289418.5147581,501277069,258441541.0
2024-05-02 04:00:00,295846183.4375461,271396745.4934248,276387241.13328487,501433199,258509698.0
2024-05-02 05:00:00,295939965.437217,271471030.4934248,276484737.5615601,501589951,258581001.0
2024-05-02 06:00:00,296033747.4368879,271554820.4934248,276581907.82701105,501747445,258657524.0
2024-05-02 07:00:00,296128037.8498297,271641431.4934248,276678751.9583943,501906581,258738284.0
2024-05-02 08:00:00,296222284.81021446,271731880.040822,276775269.9858682,502067880,258821546.0
2024-05-02 09:00:00,296316531.77059925,271822193.040822,276871461.94106966,502230395,258906415.0
2024-05-02 10:00:00,296411218.7082137,271916110.040822,276967327.85719526,502392819,258993352.0
2024-05-02 11:00:00,296511579.2063761,272013030.1002741,277062867.76908743,502554819,259082996.0
2024-05-02 12:00:00,296615648.26903343,272113727.1002741,277158081.7133255,502717343,259175837.0
2024-05-02 13:00:00,296723329.8200231,272220962.1002741,277252969.72832215,502881857,259272514.0
2024-05-02 14:00:00,296836726.5156325,272331024.1002741,277347531.8544258,503046189,259372747.0
2024-05-02 15:00:00,296952292.1910593,272439350.47671247,277441768.1340287,503209534,259476300.0
2024-05-02 16:00:00,297067999.30680096,272549370.5238358,277535678.6116818,503372233,259583281.0
2024-05-02 17:00:00,297183995.3237469,272661407.7473974,277629263.33421665,503533559,259692234.0
2024-05-02 18:00:00,297299702.4394886,272774044.6090413,277722522.3508739,503692457,259800842.0
2024-05-02 19:00:00,297415409.55523026,272882928.1808221,277815455.7134402,503849160,259906765.0
2024-05-02 20:00:00,297530977.57975376,272993854.4484933,277908063.4763931,504013627,260009808.0
2024-05-02 21:00:00,297639320.74790627,273095479.94684947,278000345.69705486,504178099,260108589.0
2024-05-02 22:00:00,297739681.24606866,273191361.94684947,278092302.43575513,504342326,260199974.0
2024-05-02 23:00:00,297833928.20645344,273281899.94684947,278183933.7560039,504507012,260283653.0
2024-05-03 00:00:00,297927710.20612437,273363847.0254796,278281581.30302054,504662026,260361486.0
2024-05-03 01:00:00,298021492.2057953,273439761.711507,278378902.6092864,504817028,260435268.0
2024-05-03 02:00:00,298115274.2054662,273514242.2597262,278475897.69981337,504972272,260506331.0
2024-05-03 03:00:00,298209056.20513713,273587580.2597262,278572566.6008117,505127854,260575776.0
2024-05-03 04:00:00,298302838.20480806,273660918.2597262,278668909.33975536,505283439,260645339.0
2024-05-03 05:00:00,298396620.204479,273736138.2597262,278764925.9454502,505438420,260717584.0
2024-05-03 06:00:00,298490402.2041499,273819645.0210961,278860616.44810694,505593279,260794409.0
2024-05-03 07:00:00,298584692.61709166,273906225.772329,278955980.8794181,505749765,260874835.0
2024-05-03 08:00:00,298678939.57747644,273993700.0293153,279051019.27263916,505906744,260957854.0
2024-05-03 09:00:00,298773444.78916484,274087476.0293153,279145731.66267514,506064152,261042628.0
2024-05-03 10:00:00,298868210.84009206,274183051.0293153,279240118.0861717,506222916,261128853.0
2024-05-03 11:00:00,298968208.49885,274279971.08876735,279334178.58161193,506381435,261216389.0
2024-05-03 12:00:00,299068847.4545299,274379273.08876735,279427913.189419,506540777,261305006.0
2024-05-03 13:00:00,299172916.51718724,274479939.602192,279521321.9520644,506700317,261394801.0
2024-05-03 14:00:00,299277378.62472594,274582803.602192,279614404.9141834,506859806,261484871.0
2024-05-03 15:00:00,299381840.73226464,274685667.602192,279707162.12269664,507017802,261574823.0
2024-05-03 16:00:00,299486302.83980334,274788531.602192,279799593.6269398,507175362,261665331.0
2024-05-03 17:00:00,299590764.94734204,274891395.602192,279891699.4788001,507332115,261755479.0
2024-05-03 18:00:00,299692266.81420606,274989274.602192,279983479.7328622,507487935,261844152.0
2024-05-03 19:00:00,299792627.31236845,275085864.602192,280074934.4465615,507643151,261930874.0
2024-05-03 20:00:00,299887393.3632957,275181439.602192,280166063.6803484,507806313,262017156.0
2024-05-03 21:00:00,299981640.32368046,275270625.9057536,280256867.4978608,507970813,262100992.0
2024-05-03 22:00:00,300075614.0951392,275355783.9057536,280347345.96610844,508135657,262180355.0
2024-05-03 23:00:00,300169396.0948101,275435714.9057536,280437499.15566766,508302258,262254860.0
2024-05-04 00:00:00,300263178.09448105,275509553.9057536,280533666.71815836,508456599,262325304.0
2024-05-04 01:00:00,300356960.094152,275579380.9057536,280629508.09184337,508610793,262392900.0
2024-05-04 02:00:00,300450742.0938229,275647137.8879454,280725023.3042431,508765437,262458588.0
2024-05-04 03:00:00,300544524.0934938,275714077.48684955,280820212.3842129,508919647,262523066.0
2024-05-04 04:00:00,300638306.09316474,275780934.0558906,280915075.362016,509073942,262587472.0
2024-05-04 05:00:00,300732088.09283566,275848691.0380824,281009612.2694004,509228525,262652646.0
2024-05-04 06:00:00,300825870.0925066,275918993.0380824,281103823.1396806,509383899,262719464.0
2024-05-04 07:00:00,300919652.0921775,275990260.0380824,281197708.00782424,509539410,262788408.0
2024-05-04 08:00:00,301013434.09184843,276064933.10876733,281291266.9105434,509694854,262860766.0
2024-05-04 09:00:00,301107216.09151936,276142656.10876733,281384499.88639164,509850185,262935646.0
2024-05-04 10:00:00,301200998.0911903,276223902.4380824,281477406.97586685,510006328,263012382.0
2024-05-04 11:00:00,301294780.0908612,276303364.94575363,281569988.22152007,510162393,263090271.0
2024-05-04 12:00:00,301388562.0905321,276383794.60465777,281662243.6680707,510319770,263168737.0
2024-05-04 13:00:00,301482344.09020305,276467491.32767147,281754173.36252886,510478154,263247552.0
2024-05-04 14:00:00,301576126.08987397,276551188.05068517,281845777.3543251,510636875,263326775.0
2024-05-04 15:00:00,301669908.0895449,276634137.2665756,281937055.69544756,510795535,263406630.0
2024-05-04 16:00:00,301763690.0892158,276720777.2665756,282028008.4405877,510954867,263487587.0
2024-05-04 17:00:00,301857663.86067456,276805935.2665756,282118635.6472948,511113896,263569431.0
2024-05-04 18:00:00,301951954.2736163,276891830.80000025,282208937.3761397,511272254,263651328.0
2024-05-04 19:00:00,302046244.68655807,276977758.80000025,282298913.6908885,511430926,263732745.0
2024-05-04 20:00:00,302140535.0994998,277063645.572603,282388564.658687,511593890,263814184.0
2024-05-04 21:00:00,302234317.09917074,277146640.572603,282477890.350256,511756481,263893969.0
2024-05-04 22:00:00,302328099.09884167,277224616.7789044,282566890.8400991,511920025,263970656.0
2024-05-04 23:00:00,302421881.0985126,277298151.7789044,282655566.2067224,512084092,264043001.0
2024-05-05 00:00:00,302515663.0981835,277368435.98602766,282750253.8925414,512241757,264112063.0
2024-05-05 01:00:00,302609445.09785444,277436201.3687674,282844615.4467494,512399412,264178574.0
2024-05-05 02:00:00,302703227.09752536,277501726.1575345,282938650.89966196,512556996,264243344.0
2024-05-05 03:00:00,302797009.0971963,277567866.4454797,283032360.2830828,512714337,264307016.0
2024-05-05 04:00:00,302890791.0968672,277632069.3871235,283125743.6303855,512871502,264370516.0
2024-05-05 05:00:00,302984573.0965381,277697359.6156167,283218800.97660035,513028382,264434356.0
2024-05-05 06:00:00,303078355.09620905,277763648.9419181,283311532.35850585,513185079,264499381.0
2024-05-05 07:00:00,303172137.09588,277832051.9419181,283403937.8147262,513342228,264566448.0
2024-05-05 08:00:00,303265919.0955509,277902803.2767126,283496017.38583404,513499690,264636896.0
2024-05-05 09:00:00,303359701.0952218,277975709.1268496,283587771.11445993,513656786,264710400.0
2024-05-05 10:00:00,303453483.09489274,278053698.37342495,283679199.0454076,513815042,264785869.0
2024-05-05 11:00:00,303547265.09456366,278133222.8271236,283770301.22577673,513973577,264862881.0
2024-05-05 12:00:00,303641047.0942346,278211098.8271236,283861077.70509285,514132853,264941224.0
2024-05-05 13:00:00,303734829.0939055,278293571.9186304,283951528.53544503,514292023,265020480.0
2024-05-05 14:00:00,303828611.09357643,278376488.9186304,284041653.7716319,514451062,265100606.0
2024-05-05 15:00:00,303922393.09324735,278458889.1235619,284131453.4713164,514609486,265181756.0
2024-05-05 16:00:00,304016175.0929183,278545417.9180825,284220927.6951902,514767885,265264681.0
2024-05-05 17:00:00,304110120.605095,278629376.36137015,284310076.50714767,514925405,265349069.0
2024-05-05 18:00:00,304204411.0180368,278714236.36137015,284398899.97447085,515082437,265433921.0
2024-05-05 19:00:00,304298701.43097854,278800837.00027424,284487398.16802526,515238383,265518603.0
2024-05-05 20:00:00,304392991.8439203,278887040.8298633,284575571.1624681,515402322,265603307.0
2024-05-05 21:00:00,304486773.8435912,278973603.6641099,284663419.0364688,515567938,265686054.0
2024-05-05 22:00:00,304580555.84326214,279056025.3298633,284750941.8729435,515733286,265764334.0
2024-05-05 23:00:00,304674337.84293306,279129691.3298633,284838139.7593036,515898975,265837832.0
2024-05-06 00:00:00,304768119.842604,279201074.36630166,284941399.06545854,516054343,265907694.0
2024-05-06 01:00:00,304861901.8422749,279269942.36630166,285044332.08593273,516209727,265975214.0
2024-05-06 02:00:00,304955683.8419458,279336552.2471236,285146938.8435651,516365186,266041435.0
2024-05-06 03:00:00,305049465.84161675,279402730.2471236,285249219.3622752,516520454,266107329.0
2024-05-06 04:00:00,305143247.8412877,279470100.2471236,285351173.6671213,516675790,266174298.0
2024-05-06 05:00:00,305237029.8409586,279540298.7517811,285452801.78436184,516831131,266244863.0
2024-05-06 06:00:00,305330811.8406295,279618017.3849318,285554103.7415203,516986776,266321484.0
2024-05-06 07:00:00,305424593.84030044,279699319.9282195,285655079.56745374,517142385,266402385.0
2024-05-06 08:00:00,305518539.3524772,279781974.4021921,285755729.2924258,517298188,266485471.0
2024-05-06 09:00:00,305612829.76541895,279867042.4021921,285856052.9481835,517454707,266570038.0
2024-05-06 10:00:00,305707120.1783607,279952276.6413702,285956050.56803876,517611521,266655634.0
2024-05-06 11:00:00,305801367.1387455,280038406.9090414,286055722.18695486,517769037,266742253.0
2024-05-06 12:00:00,305895614.0991303,280126788.36383593,286155067.8416376,517927839,266829858.0
2024-05-06 13:00:00,305990119.3108187,280217314.0791784,286254087.57063234,518087468,266918539.0
2024-05-06 14:00:00,306084806.2484331,280310486.6580825,286352781.4144263,518247153,267007689.0
2024-05-06 15:00:00,306179493.18604755,280404124.51260304,286451149.41555756,518406915,267097592.0
2024-05-06 16:00:00,306279052.5155544,280500969.603288,286549191.6187299,518566332,267188616.0
2024-05-06 17:00:00,306379413.0137168,280600271.603288,286646908.07093495,518725202,267280488.0
2024-05-06 18:00:00,306479773.5118792,280699772.0701373,286744298.82158154,518883594,267372404.0
2024-05-06 19:00:00,306580134.0100416,280798712.0701373,286841363.9226329,519041490,267463564.0
2024-05-06 20:00:00,306680494.508204,280894594.0701373,286938103.4287517,519207386,267554955.0
2024-05-06 21:00:00,306775181.4458184,280987608.0701373,287034517.39745474,519373804,267643811.0
2024-05-06 22:00:00,306869471.8587602,281074344.5712332,287130605.8892759,519540025,267727279.0
2024-05-06 23:00:00,306963253.8584311,281156090.66054827,287226368.96793985,519707367,267805169.0
2024-05-07 00:00:00,307057035.858102,281230401.9282195,287328148.19646066,519864619,267878380.0
2024-05-07 01:00:00,307150817.85777295,281301516.9282195,287429601.1867043,520021957,267948627.0
2024-05-07 02:00:00,307244599.85744387,281372130.9282195,287530727.9637707,520179387,268017186.0
2024-05-07 03:00:00,307338381.8571148,281442204.9282195,287631528.5539626,520336848,268085036.0
2024-05-07 04:00:00,307432163.8567857,281512818.9282195,287732002.9848503,520494484,268153693.0
2024-05-07 05:00:00,307525945.85645664,281587791.953425,287832151.2853407,520652449,268225555.0
2024-05-07 06:00:00,307619727.85612756,281667211.953425,287931973.48575026,520811222,268302931.0
2024-05-07 07:00:00,307713673.3683043,281750522.75369895,288031469.6178819,520970669,268384515.0
2024-05-07 08:00:00,307807963.78124607,281836483.88438386,288130639.7151071,521130506,268468190.0
2024-05-07 09:00:00,307902210.74163085,281924698.88438386,288229483.81245196,521289978,268553145.0
2024-05-07 10:00:00,307996457.70201564,282014602.88438386,288328001.9466893,521450730,268639570.0
2024-05-07 11:00:00,308091144.6396301,282106091.88438386,288426194.1564354,521612640,268727784.0
2024-05-07 12:00:00,308186778.28396004,282201666.88438386,288524060.4822527,521775810,268818151.0
2024-05-07 13:00:00,308287138.78212243,282300606.88438386,288621600.96675926,521939226,268910969.0
2024-05-07 14:00:00,308389450.8618254,282399899.5268496,288718815.65474355,522103745,269005721.0
2024-05-07 15:00:00,308493912.9693641,282502687.9071236,288815704.5932873,522269098,269101734.0
2024-05-07 16:00:00,308600845.95970714,282603734.9071236,288912267.8318949,522434039,269199601.0
2024-05-07 17:00:00,308709189.12785965,282705513.28493184,289008505.42263085,522597427,269299008.0
2024-05-07 18:00:00,308817532.29601216,282812748.28493184,289104417.42026573,522758759,269398467.0
2024-05-07 19:00:00,308924465.2863552,282913794.4983565,289200003.88243043,522917714,269496850.0
2024-05-07 20:00:00,309028927.3938939,283013754.4983565,289295264.8697803,523083748,269594528.0
2024-05-07 21:00:00,309129287.8920563,283113260.4983565,289390200.44616884,523249745,269689197.0
2024-05-07 22:00:00,309223534.8524411,283203573.4983565,289484810.67883223,523415678,269777492.0
2024-05-07 23:00:00,309317316.852112,283286863.52712363,289579095.6385848,523581903,269859364.0
2024-05-08 00:00:00,309411098.8517829,283368540.5063017,289679394.88783574,523738635,269936138.0
2024-05-08 01:00:00,309504880.85145384,283444949.19972634,289779367.9509432,523895198,270009637.0
2024-05-08 02:00:00,309598662.85112476,283518774.61095923,289879014.8555243,524051564,270081098.0
2024-05-08 03:00:00,309692444.8507957,283590031.65095925,289978335.6305359,524208272,270151276.0
2024-05-08 04:00:00,309786226.8504666,283661740.65095925,290077330.30634713,524364757,270221973.0
2024-05-08 05:00:00,309880008.85013753,283737521.65095925,290175998.91481715,524521365,270295895.0
2024-05-08 06:00:00,309973790.84980845,283818601.5704113,290274341.4893767,524678532,270375356.0
2024-05-08 07:00:00,310068081.2627502,283904408.4276716,290372358.06511515,524837380,270459279.0
2024-05-08 08:00:00,310162328.223135,283994710.33424693,290470048.6788721,524998032,270546118.0
2024-05-08 09:00:00,310257015.16074944,284090240.363836,290567413.3693349,525159312,270635002.0
2024-05-08 10:00:00,310357375.6589118,284189542.363836,290664452.1771414,525321881,270726692.0
2024-05-08 11:00:00,310461837.7664505,284289355.363836,290761165.1449896,525484634,270821523.0
2024-05-08 12:00:00,310570180.93460304,284392457.7331511,290857552.3177529,525647396,270919341.0
2024-05-08 13:00:00,310684376.6522192,284501486.4827401,290953613.74260306,525811372,271020078.0
2024-05-08 14:00:00,310800083.76796085,284614026.4827401,291049349.4691401,525975955,271123359.0
2024-05-08 15:00:00,310915790.8837025,284725233.4827401,291144759.54953015,526140798,271229025.0
2024-05-08 16:00:00,311031786.9006485,284841993.17506886,291239844.03865147,526305236,271336980.0
2024-05-08 17:00:00,311149117.2159017,284956242.28438395,291334602.9942494,526468261,271445729.0
2024-05-08 18:00:00,311265113.23284763,285073001.9767127,291429036.4771009,526629397,271552943.0
2024-05-08 19:00:00,311380820.3485893,285184199.21232915,291523144.55118847,526789244,271657288.0
2024-05-08 20:00:00,311496386.0240161,285291880.21232915,291616927.2838853,526955868,271759722.0
2024-05-08 21:00:00,311607358.1182325,285396204.21232915,291710384.74615127,527123577,271858252.0
2024-05-08 22:00:00,311707718.6163949,285495710.21232915,291803517.0127412,527291133,271949520.0
2024-05-08 23:00:00,311801965.57677966,285583864.50000036,291896324.1624256,527459011,272033513.0
2024-05-09 00:00:00,311895747.5764506,285665171.14739764,291995143.540664,527616314,272111700.0
2024-05-09 01:00:00,311989529.5761215,285743549.69068533,292093636.79016066,527773658,272185726.0
2024-05-09 02:00:00,312083311.57579243,285818718.9369867,292191803.9413376,527930785,272257090.0
2024-05-09 03:00:00,312177093.57546335,285893309.4202744,292289645.02611,528087569,272326823.0
2024-05-09 04:00:00,312270875.5751343,285967620.6879456,292387160.0779682,528244384,272396746.0
2024-05-09 05:00:00,312364657.5748052,286048642.5728771,292484349.13206464,528401103,272469522.0
2024-05-09 06:00:00,312458439.5744761,286131637.5728771,292581212.225306,528558399,272547487.0
2024-05-09 07:00:00,312552686.5348609,286218344.86137027,292677749.3964505,528717605,272629533.0
2024-05-09 08:00:00,312646933.4952457,286308248.86137027,292773960.6862117,528877731,272714202.0
2024-05-09 09:00:00,312741620.43286014,286401262.86137027,292869846.1373675,529038935,272799881.0
2024-05-09 10:00:00,312836307.3704746,286496792.8909593,292965405.79487634,529201883,272886619.0
2024-05-09 11:00:00,312931750.13376176,286592367.8909593,293060639.70600015,529365055,272974148.0
2024-05-09 12:00:00,313031309.46326864,286689283.6378086,293155547.9204347,529528421,273062531.0
2024-05-09 13:00:00,313131307.12202656,286786199.3846579,293250130.49044776,529691725,273152210.0
2024-05-09 14:00:00,313231667.62018895,286883115.1315072,293344387.47102547,529855395,273242247.0
2024-05-09 15:00:00,313332028.11835134,286980064.1315072,293438318.92002785,530018907,273332222.0
2024-05-09 16:00:00,313432388.6165137,287078407.1315072,293531924.8983534,530182802,273423110.0
2024-05-09 17:00:00,313532749.1146761,287177347.1315072,293625205.4701139,530346687,273514536.0
2024-05-09 18:00:00,313633109.6128385,287275690.1315072,293718160.70281965,530510356,273605150.0
2024-05-09 19:00:00,313733107.27159643,287371413.1315072,293810790.6675764,530672391,273694947.0
2024-05-09 20:00:00,313832048.75547874,287467136.1315072,293903095.4392936,530838771,273784194.0
2024-05-09 21:00:00,313926735.6930932,287560150.1315072,293995075.09690636,531005391,273871144.0
2024-05-09 22:00:00,314021026.10603493,287646761.1315072,294086729.72360986,531172197,273952600.0
2024-05-09 23:00:00,314114808.10570586,287726692.1315072,294178059.4071092,531339139,274028666.0
2024-05-10 00:00:00,314208590.1053768,287800531.1315072,294275399.0336155,531495906,274100459.0
2024-05-10 01:00:00,314302372.1050477,287870333.1315072,294372412.59465414,531652396,274169532.0
2024-05-10 02:00:00,314396154.1047186,287937890.1315072,294469100.1237749,531808915,274236876.0
2024-05-10 03:00:00,314489936.10438955,288005493.1315072,294565461.65619344,531965229,274303283.0
2024-05-10 04:00:00,314583718.1040605,288074060.4627401,294661497.2288835,532121803,274370540.0
2024-05-10 05:00:00,314677500.1037314,288146499.4627401,294757206.8806746,532278874,274440651.0
2024-05-10 06:00:00,314771282.1034023,288224216.8210963,294852590.6523556,532436075,274515877.0
2024-05-10 07:00:00,314865064.10307324,288309112.06164426,294947648.58678466,532594746,274595386.0
2024-05-10 08:00:00,314959037.874532,288394247.1153429,295042380.7290052,532754264,274677157.0
2024-05-10 09:00:00,315053328.28747374,288480874.65424705,295136787.12636954,532914350,274760150.0
2024-05-10 10:00:00,315147618.7004155,288567460.3419183,295230867.82866925,533075766,274843721.0
2024-05-10 11:00:00,315241909.11335725,288652346.3419183,295324622.88827384,533237223,274927882.0
2024-05-10 12:00:00,315336199.526299,288737232.3419183,295418052.36027753,533398445,275012252.0
2024-05-10 13:00:00,315430489.93924075,288822295.4054799,295511156.302655,533559054,275096606.0
2024-05-10 14:00:00,315524780.3521825,288908906.4054799,295603934.77642655,533721082,275180459.0
2024-05-10 15:00:00,315619070.76512426,288995475.554247,295696387.8458333,533882773,275263728.0
2024-05-10 16:00:00,315713361.178066,289082663.45260316,295788515.57852304,534045029,275346816.0
2024-05-10 17:00:00,315807651.59100777,289171600.7753429,295880318.0457473,534206824,275429669.0
2024-05-10 18:00:00,315901942.0039495,289256424.7753429,295971795.3225706,534368154,275511861.0
2024-05-10 19:00:00,315996232.4168913,289341486.1572607,296062947.4880926,534527574,275593741.0
2024-05-10 20:00:00,316090522.82983303,289426547.53917855,296153774.6256834,534692819,275675604.0
2024-05-10 21:00:00,316184468.3420098,289511705.53917855,296244276.823234,534859209,275756413.0
2024-05-10 22:00:00,316278250.3416807,289590615.53917855,296334454.1734216,535026303,275833536.0
2024-05-10 23:00:00,316372032.3413516,289665279.00821966,296424306.7739916,535193343,275906397.0
2024-05-11 00:00:00,316465814.34102255,289736952.00821966,296520166.78033847,535351709,275975844.0
2024-05-11 01:00:00,316559596.3406935,289806549.0169868,296615700.7910429,535510831,276042727.0
2024-05-11 02:00:00,316653378.3403644,289873930.32465804,296710908.8431458,535669907,276107980.0
2024-05-11 03:00:00,316747160.3400353,289940805.31041145,296805790.97554773,535828228,276172404.0
2024-05-11 04:00:00,316840942.33970624,290008015.4895895,296900347.22911334,535987123,276237161.0
2024-05-11 05:00:00,316934724.33937716,290076622.29698676,296994577.64678085,536146652,276303058.0
2024-05-11 06:00:00,317028506.3390481,290148211.2786306,297088482.27367896,536306925,276370382.0
2024-05-11 07:00:00,317122288.338719,290220956.4378087,297182061.1572503,536468582,276439491.0
2024-05-11 08:00:00,317216070.33838993,290297352.60027444,297275314.34738237,536631570,276510032.0
2024-05-11 09:00:00,317309852.33806086,290373508.2435621,297368241.8965466,536795730,276581359.0
2024-05-11 10:00:00,317403634.3377318,290449799.2435621,297460843.8599453,536960357,276653227.0
2024-05-11 11:00:00,317497416.3374027,290526155.74054843,297553120.29566807,537125751,276725200.0
2024-05-11 12:00:00,317591198.3370736,290604189.74054843,297645071.2648571,537291518,276797157.0
2024-05-11 13:00:00,317684980.33674455,290678866.74054843,297736696.8318831,537457425,276869000.0
2024-05-11 14:00:00,317778762.33641547,290753062.3238361,297827997.0645312,537623547,276940853.0
2024-05-11 15:00:00,317872544.3360864,290829461.4698635,297918972.0341992,537789750,277013118.0
2024-05-11 16:00:00,317966326.3357573,290908936.884658,298009621.8161067,537956164,277086417.0
2024-05-11 17:00:00,318060108.33542824,290990036.884658,298099946.48951817,538122664,277161022.0
2024-05-11 18:00:00,318153890.33509916,291069656.4052059,298189946.137979,538286723,277236379.0
2024-05-11 19:00:00,318247672.3347701,291151766.4052059,298279620.8495661,538447955,277312181.0
2024-05-11 20:00:00,318341454.334441,291233720.6019182,298368970.71715444,538613359,277388978.0
2024-05-11 21:00:00,318435236.3341119,291312829.6019182,298457995.83869946,538778867,277465027.0
2024-05-11 22:00:00,318529018.33378285,291388191.2479456,298546696.3175373,538944342,277538502.0
2024-05-11 23:00:00,318622800.3334538,291460296.4457538,298635072.26270354,539110043,277608514.0
2024-05-12 00:00:00,318716582.3331247,291528698.3879456,298729452.7941829,539266376,277675560.0
2024-05-12 01:00:00,318810364.3327956,291594775.2095894,298823507.40715975,539422694,277740378.0
2024-05-12 02:00:00,318904146.33246654,291660077.2095894,298917236.1425743,539579007,277803830.0
2024-05-12 03:00:00,318997928.33213747,291724636.2095894,299010639.04344517,539735522,277866668.0
2024-05-12 04:00:00,319091710.3318084,291789218.5586305,299103716.15498626,539892092,277929470.0
2024-05-12 05:00:00,319185492.3314793,291854543.8769867,299196467.5247306,540048817,277993209.0
2024-05-12 06:00:00,319279274.33115023,291921422.8769867,299288893.20266193,540206357,278058055.0
2024-05-12 07:00:00,319373056.33082116,291990039.9098634,299380993.24135345,540366681,278124880.0
2024-05-12 08:00:00,319466838.3304921,292061790.1898634,299472767.69611585,540529453,278194034.0
2024-05-12 09:00:00,319560620.330163,292134347.81013733,299564216.62515366,540691621,278265101.0
2024-05-12 10:00:00,319654402.3298339,292207290.81013733,299655340.08973116,540854929,278337124.0
2024-05-12 11:00:00,319748184.32950485,292281934.52410996,299746138.1543486,541017505,278409477.0
2024-05-12 12:00:00,319841966.3291758,292356333.133699,299836610.8869291,541180756,278481976.0
2024-05-12 13:00:00,319935748.3288467,292430939.93890446,299926758.3590164,541344944,278554403.0
2024-05-12 14:00:00,320029530.3285176,292508973.93890446,300016580.6459857,541509528,278626956.0
2024-05-12 15:00:00,320123312.32818854,292588560.93890446,300106077.82726645,541674175,278700435.0
2024-05-12 16:00:00,320217094.32785946,292666429.5613702,300195249.9865793,541838347,278775179.0
2024-05-12 17:00:00,320310876.3275304,292748400.87287706,300284097.2121875,542002406,278852184.0
2024-05-12 18:00:00,320404658.3272013,292830848.3454798,300372619.5971641,542165011,278930915.0
2024-05-12 19:00:00,320498440.3268722,292912073.8501373,300460817.2396748,542326143,279010763.0
2024-05-12 20:00:00,320592385.839049,292997170.93123317,300548690.24327934,542492817,279091870.0
2024-05-12 21:00:00,320686167.8387199,293078504.9876715,300636238.7172508,542659814,279172434.0
2024-05-12 22:00:00,320779949.8383908,293157940.9876715,300723462.7769153,542827013,279249031.0
2024-05-12 23:00:00,320873731.83806175,293231888.9876715,300810362.5440121,542994232,279321221.0
2024-05-13 00:00:00,320967513.8377327,293301690.87917835,300913313.6145044,543154599,279390095.0
2024-05-13 01:00:00,321061295.8374036,293369260.2846578,301015938.55911773,543315305,279456927.0
2024-05-13 02:00:00,321155077.8370745,293435349.2846578,301118237.4083804,543475973,279522532.0
2024-05-13 03:00:00,321248859.83674544,293501075.01917833,301220210.1943187,543636584,279587920.0
2024-05-13 04:00:00,321342641.83641636,293568367.08273995,301321856.9505394,543796925,279654797.0
2024-05-13 05:00:00,321436423.8360873,293640647.5890413,301423177.7123169,543956324,279725175.0
2024-05-13 06:00:00,321530205.8357582,293718424.0972605,301524172.51668537,544116749,279801178.0
2024-05-13 07:00:00,321623987.83542913,293799267.0972605,301624841.40253705,544278632,279880842.0
2024-05-13 08:00:00,321717769.83510005,293881132.0972605,301725184.41072565,544439813,279962031.0
2024-05-13 09:00:00,321811551.834771,293965627.8479454,301825201.58417606,544601228,280043946.0
2024-05-13 10:00:00,321905497.3469477,294047879.6038358,301924892.968001,544761564,280126849.0
2024-05-13 11:00:00,321999787.7598895,294134435.51643854,302024258.6096242,544922157,280210617.0
2024-05-13 12:00:00,322094078.17283124,294219015.4079454,302123298.55891114,545082774,280295227.0
2024-05-13 13:00:00,322188325.133216,294306483.4079454,302222012.86830765,545244564,280380768.0
2024-05-13 14:00:00,322282572.0936008,294394369.4043838,302320401.59298694,545406891,280467799.0
2024-05-13 15:00:00,322376819.0539856,294485472.7580824,302418464.7910054,545569375,280556294.0
2024-05-13 16:00:00,322471505.99160004,294578450.331507,302516202.5234677,545730921,280646581.0
2024-05-13 17:00:00,322566272.04252726,294671871.331507,302613614.8547024,545890909,280738017.0
2024-05-13 18:00:00,322661714.80581445,294766072.5786303,302710701.85244745,546048554,280829597.0
2024-05-13 19:00:00,322756480.85674167,294859493.5786303,302807463.58804786,546204334,280920438.0
2024-05-13 20:00:00,322851167.7943561,294953403.49945223,302903900.1366648,546367630,281011115.0
2024-05-13 21:00:00,322945414.7547409,295044253.52739745,303000011.5774978,546531702,281099674.0
2024-05-13 22:00:00,323039196.7544118,295129411.52739745,303095797.9940204,546696156,281182543.0
2024-05-13 23:00:00,323132978.75408274,295210485.9501372,303191259.4742305,546860902,281259437.0
2024-05-14 00:00:00,323226760.75375366,295285458.9753427,303292730.79907906,547016331,281331749.0
2024-05-14 01:00:00,323320542.7534246,295354760.3443838,303393876.0615498,547171655,281401130.0
2024-05-14 02:00:00,323414324.7530955,295423161.63561666,303494695.2953095,547326746,281468725.0
2024-05-14 03:00:00,323508106.75276643,295489944.3101372,303595188.53569615,547481818,281535541.0
2024-05-14 04:00:00,323601888.75243735,295558307.6591783,303695355.8198117,547636641,281603224.0
2024-05-14 05:00:00,323695670.7521083,295629786.0175345,303795197.18662,547791041,281673983.0
2024-05-14 06:00:00,323789452.7517792,295707614.4873975,303894712.67705077,547945563,281749896.0
2024-05-14 07:00:00,323883234.7514501,295788775.70301396,303993902.3341097,548100546,281829897.0
2024-05-14 08:00:00,323977525.1643919,295872704.9706852,304092766.2029953,548255191,281911961.0
2024-05-14 09:00:00,324071815.5773336,295957924.1936989,304191304.3312221,548408235,281995333.0
2024-05-14 10:00:00,324166105.9902754,296043424.1936989,304289516.7687522,548561928,282079917.0
2024-05-14 11:00:00,324260352.95066017,296129775.2358907,304387403.568134,548715823,282165663.0
2024-05-14 12:00:00,324354599.91104496,296215282.2358907,304484964.7846495,548871984,282252355.0
2024-05-14 13:00:00,324448846.87142974,296304516.5093154,304582200.47647053,549028656,282339790.0
2024-05-14 14:00:00,324543093.8318145,296394418.0717811,304679110.70482457,549185248,282427344.0
2024-05-14 15:00:00,324637340.7921993,296487815.403014,304775695.53417027,549341680,282514919.0
2024-05-14 16:00:00,324731846.0038877,296578730.5539729,304871955.03238416,549499211,282602880.0
2024-05-14 17:00:00,324826532.94150215,296671744.5539729,304967889.27095807,549657605,282691406.0
2024-05-14 18:00:00,324921219.8791166,296764758.5539729,305063498.32520926,549815951,282779672.0
2024-05-14 19:00:00,325015906.81673104,296857772.5539729,305158782.27450305,549974615,282867362.0
2024-05-14 20:00:00,325110593.7543455,296950786.5539729,305253741.20248914,550136773,282955072.0
2024-05-14 21:00:00,325204840.71473026,297039988.6298633,305348375.1973526,550298557,283040852.0
2024-05-14 22:00:00,325298622.7144012,297123308.6298633,305442684.35208005,550460588,283121749.0
2024-05-14 23:00:00,325392404.7140721,297203395.2449318,305536668.7647426,550622924,283197438.0
2024-05-15 00:00:00,325486186.71374303,297275131.6410962,305636660.47600573,550776296,283269374.0
2024-05-15 01:00:00,325579968.71341395,297346547.6435619,305736326.1949663,550929569,283338585.0
2024-05-15 02:00:00,325673750.7130849,297414880.23890436,305835665.95879394,551082853,283406178.0
2024-05-15 03:00:00,325767532.7127558,297483718.91863036,305934679.80652416,551236138,283473094.0
2024-05-15 04:00:00,325861314.7124267,297552120.86082214,306033367.77916294,551389623,283540902.0
2024-05-15 05:00:00,325955096.71209764,297624751.412055,306131729.9197968,551543022,283612074.0
2024-05-15 06:00:00,326048878.71176857,297705469.8282194,306229766.27370995,551697231,283688917.0
2024-05-15 07:00:00,326142660.7114395,297787331.65479475,306327476.8885081,551851825,283770308.0
2024-05-15 08:00:00,326236951.12438124,297871217.70273995,306424861.8142499,552006295,283854174.0
2024-05-15 09:00:00,326331241.537323,297956448.73287696,306521921.1035864,552160692,283938773.0
2024-05-15 10:00:00,326425488.4977078,298042064.4673975,306618654.8119085,552314995,284024124.0
2024-05-15 11:00:00,326519735.4580926,298128489.6216441,306715062.99750376,552469491,284109753.0
2024-05-15 12:00:00,326613982.41847736,298216591.18493176,306811145.7217225,552624591,284195583.0
2024-05-15 13:00:00,326708229.37886214,298306492.7473975,306906903.0491538,552778923,284281896.0
2024-05-15 14:00:00,326802476.3392469,298396381.4534249,307002335.04781264,552932891,284368626.0
2024-05-15 15:00:00,326896865.02027225,298485669.4534249,307097441.78933805,553087279,284455807.0
2024-05-15 16:00:00,326991370.23196065,298577272.45534265,307192223.3492036,553241276,284543720.0
2024-05-15 17:00:00,327086057.1695751,298670286.45534265,307286679.8069405,553395490,284632547.0
2024-05-15 18:00:00,327180744.10718954,298763300.45534265,307380811.24637485,553549470,284721165.0
2024-05-15 19:00:00,327275431.044804,298856314.45534265,307474617.75587904,553702838,284809323.0
2024-05-15 20:00:00,327369936.2564924,298949292.0287673,307568099.4286389,553863816,284897552.0
2024-05-15 21:00:00,327464183.21687716,299037349.0287673,307661256.362937,554025117,284984074.0
2024-05-15 22:00:00,327557965.2165481,299120724.0287673,307754088.662454,554186207,285065510.0
2024-05-15 23:00:00,327651747.216219,299200810.6438358,307846596.4365883,554347543,285141463.0
2024-05-16 00:00:00,327745529.21588993,299275586.5241098,307945108.68009263,554498634,285213202.0
2024-05-16 01:00:00,327839311.21556085,299345868.7783564,308043295.00870985,554649286,285282213.0
2024-05-16 02:00:00,327933093.2152318,299413424.72054815,308141155.46352214,554799957,285349759.0
2024-05-16 03:00:00,328026875.2149027,299480193.55068517,308238690.0876969,554950646,285416350.0
2024-05-16 04:00:00,328120657.2145736,299547743.74274,308335898.9266042,555101517,285483709.0
2024-05-16 05:00:00,328214439.21424454,299618562.0068496,308432782.0279409,555252884,285554281.0
2024-05-16 06:00:00,328308221.21391547,299696634.42739755,308529339.4418625,555405930,285630014.0
2024-05-16 07:00:00,328402003.2135864,299777951.42739755,308625571.22112274,555561518,285709745.0
2024-05-16 08:00:00,328495976.98504514,299863109.42739755,308721477.42122155,555718088,285791479.0
2024-05-16 09:00:00,328590267.3979869,299949720.42739755,308817058.10056233,555874664,285874599.0
2024-05-16 10:00:00,328684557.81092864,300034860.2975345,308912313.32061833,556031578,285959541.0
2024-05-16 11:00:00,328778804.7713134,300122621.75945234,309007243.1461093,556189071,286046093.0
2024-05-16 12:00:00,328873051.7316982,300213582.75945234,309101847.6451888,556346737,286134481.0
2024-05-16 13:00:00,328967440.41272354,300305805.38054824,309196126.88964325,556503483,286224797.0
2024-05-16 14:00:00,329062127.350338,300397476.38054824,309290080.95510256,556659980,286316377.0
2024-05-16 15:00:00,329156814.2879524,300491393.38054824,309383709.9212643,556818428,286408838.0
2024-05-16 16:00:00,329256373.6174593,300588305.9268496,309477013.8721311,556975858,286502842.0
2024-05-16 17:00:00,329356734.1156217,300687598.10821944,309569992.896263,557132336,286597688.0
2024-05-16 18:00:00,329457094.6137841,300786538.10821944,309662647.0870451,557286914,286692211.0
2024-05-16 19:00:00,329557092.272542,300879147.7284934,309754976.5429718,557439663,286785575.0
2024-05-16 20:00:00,329656651.6020489,300974800.072329,309846981.36794895,557600165,286878322.0
2024-05-16 21:00:00,329751338.5396633,301067814.072329,309938661.67161405,557761719,286969134.0
2024-05-16 22:00:00,329845628.95260507,301154425.072329,310030017.56967694,557923354,287054170.0
2024-05-16 23:00:00,329939410.952276,301234415.4178084,310121049.18428147,558084602,287133102.0
2024-05-17 00:00:00,330033192.9519469,301309608.6476714,310218082.12123233,558235180,287207313.0
2024-05-17 01:00:00,330126974.95161784,301382243.91835636,310314789.2289136,558385556,287278192.0
2024-05-17 02:00:00,330220756.95128876,301452054.101918,310411170.5527813,558536240,287347253.0
2024-05-17 03:00:00,330314538.9509597,301520418.101918,310507226.1406235,558686671,287415281.0
2024-05-17 04:00:00,330408320.9506306,301591032.101918,310602956.0426926,558837204,287484036.0
2024-05-17 05:00:00,330502102.9503015,301663564.30328786,310698360.3118451,558988154,287555442.0
2024-05-17 06:00:00,330595884.94997245,301741287.30328786,310793439.00369024,559140223,287631839.0
2024-05-17 07:00:00,330689666.9496434,301822601.2112331,310888192.1767473,559294112,287712692.0
2024-05-17 08:00:00,330783957.3625851,301907130.8136988,310982619.89261264,559448850,287795987.0
2024-05-17 09:00:00,330878204.3229699,301994739.55753446,311076722.21613675,559603587,287880975.0
2024-05-17 10:00:00,330972451.2833547,302084146.7868495,311170499.21561205,559758923,287967333.0
2024-05-17 11:00:00,331066839.96438,302178014.5449317,311263950.96297246,559913528,288054375.0
2024-05-17 12:00:00,331161526.90199447,302269685.5449317,311357077.53400457,560067394,288141752.0
2024-05-17 13:00:00,331256213.8396089,302363306.6564385,311449879.0085723,560221364,288229873.0
2024-05-17 14:00:00,331351656.6028961,302458881.6564385,311542355.4708551,560374728,288318396.0
2024-05-17 15:00:00,331450802.89174545,302555795.9386303,311634507.0096009,560528766,288407023.0
2024-05-17 16:00:00,331550800.5505034,302651391.94986314,311726333.71839434,560682869,288496471.0
2024-05-17 17:00:00,331651161.04866576,302747114.94986314,311817835.69594204,560837143,288586011.0
2024-05-17 18:00:00,331750915.979163,302841594.85369873,311909013.04637516,560990553,288674785.0
2024-05-17 19:00:00,331845602.91677743,302934819.85369873,311999865.87957084,561143563,288762297.0
2024-05-17 20:00:00,331940289.8543919,303027833.85369873,312090394.3114935,561304478,288849588.0
2024-05-17 21:00:00,332034536.81477666,303117005.6468494,312180598.4645577,561465989,288935305.0
2024-05-17 22:00:00,332128482.3269534,303202163.6468494,312270478.4680131,561627951,289016985.0
2024-05-17 23:00:00,332222264.32662433,303281197.6468494,312360034.45835394,561790219,289093727.0
2024-05-18 00:00:00,332316046.32629526,303353659.6468494,312455588.2671478,561941020,289166221.0
2024-05-18 01:00:00,332409828.3259662,303423810.9095891,312550816.34146196,562092052,289235585.0
2024-05-18 02:00:00,332503610.3256371,303492678.9095891,312645718.73164576,562243350,289302958.0
2024-05-18 03:00:00,332597392.325308,303558416.9095891,312740295.4906587,562394306,289369160.0
2024-05-18 04:00:00,332691174.32497895,303624594.9095891,312834546.6742193,562545031,289434901.0
2024-05-18 05:00:00,332784956.3246499,303691459.6084932,312928472.34096295,562695820,289501433.0
2024-05-18 06:00:00,332878738.3243208,303760046.6084932,313022072.5526092,562846870,289569022.0
2024-05-18 07:00:00,332972520.3239917,303832351.3087672,313115347.3741394,562998714,289639455.0
2024-05-18 08:00:00,333066302.32366264,303908744.10794526,313208296.8739852,563150453,289713569.0
2024-05-18 09:00:00,333160084.32333356,303986241.10794526,313300921.1242279,563302879,289790604.0
2024-05-18 10:00:00,333253866.3230045,304066217.0416439,313393220.2008111,563456392,289870059.0
2024-05-18 11:00:00,333347648.3226754,304147524.0416439,313485194.18376535,563610766,289951834.0
2024-05-18 12:00:00,333441430.3223463,304230444.0416439,313576843.1574471,563765125,290035407.0
2024-05-18 13:00:00,333535212.32201725,304314843.0416439,313668167.21079236,563919725,290119956.0
2024-05-18 14:00:00,333629502.734959,304398801.4849316,313759166.43758565,564074399,290205534.0
2024-05-18 15:00:00,333723793.14790076,304484482.4849316,313849840.936746,564229325,290292443.0
2024-05-18 16:00:00,333818040.10828555,304572410.4849316,313940190.81263024,564384517,290380789.0
2024-05-18 17:00:00,333912287.06867033,304660198.4849316,314030216.17535543,564539730,290470149.0
2024-05-18 18:00:00,334006534.0290551,304748640.4849316,314119917.141141,564694548,290559787.0
2024-05-18 19:00:00,334100780.9894399,304837990.9249316,314209293.83267254,564848695,290648658.0
2024-05-18 20:00:00,334195027.9498247,304925900.6438357,314298346.3794879,565009282,290736438.0
2024-05-18 21:00:00,334289318.36276644,305012447.17178094,314387074.91838753,565170237,290822506.0
2024-05-18 22:00:00,334383100.36243737,305094567.17178094,314475479.59387094,565331460,290904592.0
2024-05-18 23:00:00,334476882.3621083,305170493.1761645,314563560.5585996,565493054,290981821.0
2024-05-19 00:00:00,334570664.3617792,305243938.03780836,314657635.436865,565646336,291054715.0
2024-05-19 01:00:00,334664446.36145014,305313759.6673974,314751384.6857061,565799524,291124158.0
2024-05-19 02:00:00,334758228.36112106,305381546.6673974,314844808.3609509,565952852,291191339.0
2024-05-19 03:00:00,334852010.360792,305447558.6673974,314937906.5213509,566106008,291257108.0
2024-05-19 04:00:00,334945792.3604629,305513234.9301371,315030679.22874916,566259300,291322176.0
2024-05-19 05:00:00,335039574.3601338,305578561.9301371,315123126.54825807,566412543,291387548.0
2024-05-19 06:00:00,335133356.35980475,305644880.59041107,315215248.5484483,566565771,291453292.0
2024-05-19 07:00:00,335227138.3594757,305712820.0172604,315307045.3015492,566720180,291521102.0
2024-05-19 08:00:00,335320920.3591466,305784640.0172604,315398516.88366127,566875656,291592570.0
2024-05-19 09:00:00,335414702.3588175,305861097.0172604,315489663.37498194,567032086,291667684.0
2024-05-19 10:00:00,335508484.35848844,305942109.0293152,315580484.86004496,567189079,291745711.0
2024-05-19 11:00:00,335602266.35815936,306023496.8460275,315670981.42797464,567346103,291826411.0
2024-05-19 12:00:00,335696048.3578303,306106451.4720549,315761153.17275566,567503264,291909539.0
2024-05-19 13:00:00,335790338.77077204,306195076.4720549,315851000.1935196,567660249,291994835.0
2024-05-19 14:00:00,335884585.7311568,306284986.0241097,315940522.5948494,567816765,292082381.0
2024-05-19 15:00:00,335978832.6915416,306374643.9520549,316029720.48710227,567973400,292172092.0
2024-05-19 16:00:00,336073519.62915605,306467523.9520549,316118593.98675305,568130365,292264665.0
2024-05-19 17:00:00,336172665.9180054,306561098.9520549,316207143.2167587,568287570,292360151.0
2024-05-19 18:00:00,336272663.57676333,306656647.07452065,316295368.3069456,568444611,292456733.0
2024-05-19 19:00:00,336371809.8656127,306750222.07452065,316383269.39442116,568599610,292552672.0
2024-05-19 20:00:00,336467252.6288999,306845797.07452065,316470846.62401086,568762295,292646972.0
2024-05-19 21:00:00,336561641.3099252,306937997.8342467,316558100.1487231,568925719,292738710.0
2024-05-19 22:00:00,336655931.72286695,307024608.8342467,316645030.13024306,569088886,292824325.0
2024-05-19 23:00:00,336749713.7225379,307105891.8342467,316731636.73945737,569252346,292903566.0
2024-05-20 00:00:00,336843495.7222088,307184563.25095904,316834280.6947765,569404848,292977575.0
2024-05-20 01:00:00,336937277.7218797,307256383.25095904,316936598.7388153,569557394,293048151.0
2024-05-20 02:00:00,337031059.72155064,307326193.8142467,317038590.9127976,569710129,293116404.0
2024-05-20 03:00:00,337124841.72122157,307394767.3046577,317140257.26003915,569862908,293183715.0
2024-05-20 04:00:00,337218623.7208925,307464115.27041113,317241597.8260657,570015800,293251719.0
2024-05-20 05:00:00,337312405.7205634,307539052.5471235,317342612.6587375,570168797,293322938.0
2024-05-20 06:00:00,337406187.72023433,307616762.9641098,317443301.8083812,570322820,293399288.0
2024-05-20 07:00:00,337499969.71990526,307698627.9641098,317543665.32793045,570478697,293480719.0
2024-05-20 08:00:00,337594260.132847,307785495.66246593,317643703.27307403,570635557,293565537.0
2024-05-20 09:00:00,337688507.0932318,307878997.66246593,317743415.70241356,570793947,293653255.0
2024-05-20 10:00:00,337783273.144159,307972222.66246593,317842802.6776305,570954661,293743811.0
2024-05-20 11:00:00,337883721.9411424,308071461.05835634,317941864.26366335,571116411,293837476.0
2024-05-20 12:00:00,337988184.0486811,308171745.28712344,318040600.5288957,571278282,293933873.0
2024-05-20 13:00:00,338099156.1428975,308276438.11808234,318139011.5453555,571440262,294033496.0
2024-05-20 14:00:00,338214724.167421,308385493.0235618,318237097.38892686,571602328,294135887.0
2024-05-20 15:00:00,338330431.28316265,308494858.80383575,318334858.13957447,571764606,294241225.0
2024-05-20 16:00:00,338446138.3989043,308605685.6783563,318432293.881582,571926419,294349739.0
2024-05-20 17:00:00,338561845.514646,308717720.59643847,318529404.7038053,572087554,294460069.0
2024-05-20 18:00:00,338677552.63038766,308828927.59643847,318626190.6999406,572246861,294570109.0
2024-05-20 19:00:00,338793259.74612933,308939740.5295892,318722651.96881,572403764,294677960.0
2024-05-20 20:00:00,338908827.77065283,309050655.6224659,318818788.6146641,572567004,294782918.0
2024-05-20 21:00:00,339017170.93880534,309152460.1742467,318914600.74750364,572730364,294884098.0
2024-05-20 22:00:00,339117531.43696773,309247382.1742467,319010088.4834211,572893685,294977853.0
2024-05-20 23:00:00,339211778.3973525,309334305.1742467,319105251.9449633,573057305,295063869.0
2024-05-21 00:00:00,339305560.39702344,309417879.1742467,319206416.601409,573209871,295143876.0
2024-05-21 01:00:00,339399342.39669436,309497960.4460276,319307255.432495,573362791,295219689.0
2024-05-21 02:00:00,339493124.3963653,309572722.4460276,319407768.48383355,573516471,295292758.0
2024-05-21 03:00:00,339586906.3960362,309645934.4104111,319507955.80337673,573670575,295364300.0
2024-05-21 04:00:00,339680688.39570713,309720880.4208221,319607817.44154894,573824715,295435977.0
2024-05-21 05:00:00,339774470.39537805,309796924.5186303,319707353.45138735,573978608,295510402.0
2024-05-21 06:00:00,339868252.395049,309878319.0397262,319806563.8886907,574133277,295589588.0
2024-05-21 07:00:00,339962542.80799073,309965925.6136988,319905448.8121775,574289897,295673723.0
2024-05-21 08:00:00,340056931.48901606,310054902.7786303,320004008.2836531,574448580,295761318.0
2024-05-21 09:00:00,340152374.25230324,310148318.46246594,320102242.3681877,574608517,295851789.0
2024-05-21 10:00:00,340254451.3690587,310248132.43726045,320200151.13430476,574770630,295946584.0
2024-05-21 11:00:00,340361521.63693756,310348868.03205496,320297734.65418077,574933395,296046172.0
2024-05-21 12:00:00,340474918.33254695,310455158.74410975,320394993.00385755,575096701,296150372.0
2024-05-21 13:00:00,340590625.4482886,310564909.74410975,320491926.2634674,575259926,296258750.0
2024-05-21 14:00:00,340706621.4652346,310677428.8876714,320588534.5174721,575423253,296370752.0
2024-05-21 15:00:00,340825935.4638252,310797078.8876714,320684817.8549165,575587429,296486140.0
2024-05-21 16:00:00,340952232.51542896,310916098.9005481,320780776.3696979,575751520,296604740.0
2024-05-21 17:00:00,341083490.9473745,311036198.20684946,320876410.160852,575915639,296725654.0
2024-05-21 18:00:00,341212027.7367405,311155222.20684946,320971719.33285636,576078343,296846165.0
2024-05-21 19:00:00,341333061.14271474,311270280.7531508,321066703.9959529,576238699,296963724.0
2024-05-21 20:00:00,341449980.9663208,311382538.3934248,321161364.26649046,576404082,297077526.0
2024-05-21 21:00:00,341565688.0820625,311492358.75397277,321255700.2672884,576569908,297187632.0
2024-05-21 22:00:00,341670150.1896012,311596317.75397277,321349712.1280231,576735704,297289596.0
2024-05-21 23:00:00,341764837.1272156,311691134.75397277,321443399.98563844,576902093,297383326.0
2024-05-22 00:00:00,341859127.5401574,311775683.061644,321543085.5222559,577061392,297470215.0
2024-05-22 01:00:00,341952909.5398283,311856375.2172605,321642445.32863826,577220660,297552269.0
2024-05-22 02:00:00,342046691.5394992,311934372.3928769,321741479.45530754,577379829,297630952.0
2024-05-22 03:00:00,342140473.53917015,312013124.3928769,321840187.95540464,577539003,297707338.0
2024-05-22 04:00:00,342234255.53884107,312091876.3928769,321938570.8848384,577698346,297783349.0
2024-05-22 05:00:00,342328037.538512,312173561.5361646,322036628.3024442,577857185,297861502.0
2024-05-22 06:00:00,342422327.95145375,312258096.9060276,322134360.2701516,578016669,297944386.0
2024-05-22 07:00:00,342516574.91183853,312347384.9060276,322231766.85316265,578177483,298032374.0
2024-05-22 08:00:00,342612017.6751257,312442959.9060276,322328848.12014073,578339161,298123701.0
2024-05-22 09:00:00,342713128.88472784,312540592.94958925,322425604.1434111,578501482,298218042.0
2024-05-22 10:00:00,342820061.87507087,312639458.94958925,322522034.9991736,578663765,298315953.0
2024-05-22 11:00:00,342931389.7000161,312745807.94958925,322618140.76772827,578827030,298417817.0
2024-05-22 12:00:00,343047096.81575775,312855628.71698654,322713921.5337152,578991724,298523467.0
2024-05-22 13:00:00,343162949.246567,312968281.71698654,322809377.3863686,579156486,298633379.0
2024-05-22 14:00:00,343282263.24515766,313081593.71698654,322904508.41978705,579321642,298746716.0
2024-05-22 15:00:00,343408560.2967614,313200052.0931509,322999314.73322004,579486500,298863346.0
2024-05-22 16:00:00,343539818.72870696,313324635.0931509,323093796.4313724,579651045,298982475.0
2024-05-22 17:00:00,343677045.44392437,313446641.0895893,323187953.62472767,579814913,299102506.0
2024-05-22 18:00:00,343808303.8758699,313566726.3460277,323281786.42989135,579975966,299221128.0
2024-05-22 19:00:00,343930467.3634822,313680739.3460277,323375294.96995574,580133870,299336668.0
2024-05-22 20:00:00,344047387.18708825,313792912.3460277,323468479.3748873,580300021,299448845.0
2024-05-22 21:00:00,344163094.3028299,313902263.533151,323561339.7819384,580466271,299556988.0
2024-05-22 22:00:00,344270027.29317296,314003278.1698633,323653876.3360846,580632839,299657249.0
2024-05-22 23:00:00,344364714.2307874,314097188.0906852,323746089.1904898,580799254,299749417.0
2024-05-23 00:00:00,344458961.1911722,314185851.3876715,323844295.8056243,580953863,299834997.0
2024-05-23 01:00:00,344552743.1908431,314271156.042466,323942176.7959491,581107989,299915987.0
2024-05-23 02:00:00,344646525.190514,314350695.042466,324039732.2174834,581262433,299993785.0
2024-05-23 03:00:00,344740307.19018495,314429077.41013724,324136962.12917954,581416771,300069621.0
2024-05-23 04:00:00,344834089.1898559,314507459.7778085,324233866.5930914,581571022,300145313.0
2024-05-23 05:00:00,344927871.1895268,314590969.4684934,324330445.6745531,581724877,300223366.0
2024-05-23 06:00:00,345022118.1499116,314676306.1158907,324426699.4423681,581878519,300306040.0
2024-05-23 07:00:00,345116805.087526,314767290.23808247,324522627.96901053,582034449,300394046.0
2024-05-23 08:00:00,345217165.5856884,314865556.6690414,324618231.33083844,582191480,300485845.0
2024-05-23 09:00:00,345321627.6932271,314961791.6690414,324713509.6083199,582349060,300580517.0
2024-05-23 10:00:00,345429970.8613796,315063389.373151,324808462.88627344,582508051,300677085.0
2024-05-23 11:00:00,345543367.556989,315168817.88356197,324903091.25412303,582668307,300775795.0
2024-05-23 12:00:00,345659069.63279784,315277141.16356194,324997394.8061687,582829654,300877377.0
2024-05-23 13:00:00,345774776.7485395,315386679.16356194,325091373.641874,582991313,300982088.0
2024-05-23 14:00:00,345890772.76548547,315499188.54274005,325185027.86617154,583153099,301089391.0
2024-05-23 15:00:00,346009090.1244464,315613301.6021921,325278357.5897865,583314908,301199242.0
2024-05-23 16:00:00,346128404.12303704,315732386.6021921,325371362.92958164,583476598,301311711.0
2024-05-23 17:00:00,346247718.1216277,315847462.10054827,325464044.0089224,583637437,301425294.0
2024-05-23 18:00:00,346366035.4805886,315961604.10054827,325556400.95806575,583796177,301537689.0
2024-05-23 19:00:00,346481742.5963303,316070651.10054827,325648433.91457295,583953866,301647240.0
2024-05-23 20:00:00,346597449.71207196,316177825.10054827,325740143.02374804,584120151,301753765.0
2024-05-23 21:00:00,346708777.53701717,316285131.46000034,325831528.439104,584287468,301856750.0
2024-05-23 22:00:00,346810854.65377265,316384056.61726063,325922590.3228582,584454808,301952736.0
2024-05-23 23:00:00,346905101.61415744,316473599.51095927,326013328.8464588,584622337,302041254.0
2024-05-24 00:00:00,346999392.0270992,316557499.01205516,326110056.7600633,584777659,302123621.0
2024-05-24 01:00:00,347093174.0267701,316638109.6802743,326206459.16582066,584932627,302201755.0
2024-05-24 02:00:00,347186956.02644104,316719209.6802743,326302536.1259092,585087923,302277003.0
2024-05-24 03:00:00,347280738.02611196,316797243.6802743,326398287.7057951,585242813,302350540.0
2024-05-24 04:00:00,347374520.0257829,316875208.2175346,326493713.9744223,585397577,302423899.0
2024-05-24 05:00:00,347468302.0254538,316954052.2175346,326588815.00441396,585552380,302499595.0
2024-05-24 06:00:00,347562247.53763056,317038403.0956168,326683590.87228644,585707940,302579610.0
2024-05-24 07:00:00,347656494.49801534,317125914.2276716,326778041.6586761,585864231,302664540.0
2024-05-24 08:00:00,347751181.4356298,317218388.2276716,326872167.44858015,586021829,302753854.0
2024-05-24 09:00:00,347851630.23261315,317315797.1600004,326965968.3316124,586180726,302846786.0
2024-05-24 10:00:00,347956092.34015185,317415216.1600004,327059444.4022748,586340163,302943473.0
2024-05-24 11:00:00,348067420.16509706,317520393.44712365,327152595.76024526,586500959,303043438.0
2024-05-24 12:00:00,348182974.8702408,317628758.0673976,327245422.5106842,586665006,303146185.0
2024-05-24 13:00:00,348298681.9859825,317738626.0673976,327337924.7645591,586829535,303251607.0
2024-05-24 14:00:00,348416999.3449434,317854154.2805483,327430102.63899004,586993858,303359548.0
2024-05-24 15:00:00,348539162.83255565,317971979.24164414,327521956.2576162,587158744,303469821.0
2024-05-24 16:00:00,348666584.519636,318092754.6610962,327613485.7509855,587323200,303582583.0
2024-05-24 17:00:00,348794006.2067163,318214192.0073976,327704691.25696844,587487474,303696152.0
2024-05-24 18:00:00,348913320.20530695,318332165.0073976,327795572.9211979,587650763,303808146.0
2024-05-24 19:00:00,349029316.2222529,318444697.0073976,327886130.8975366,587812577,303916258.0
2024-05-24 20:00:00,349145023.3379946,318552111.09808254,327976365.3485737,587977881,304019836.0
2024-05-24 21:00:00,349256896.80215216,318659476.09808254,328066276.44615287,588143516,304119642.0
2024-05-24 22:00:00,349360529.1340122,318756356.2572606,328155864.3719335,588308868,304212859.0
2024-05-24 23:00:00,349454917.81503755,318849086.47342503,328245129.3179875,588474274,304299079.0
2024-05-25 00:00:00,349548699.8147085,318935574.49506885,328340378.7742244,588632134,304379322.0
2024-05-25 01:00:00,349642481.8143794,319014285.96274006,328435302.85250765,588790605,304455128.0
2024-05-25 02:00:00,349736263.8140503,319092236.5043839,328529901.6219218,588948681,304527927.0
2024-05-25 03:00:00,349830045.81372124,319168832.5043839,328624175.1552392,589106917,304598790.0
2024-05-25 04:00:00,349923827.81339216,319240648.19178116,328718123.52913487,589264940,304668484.0
2024-05-25 05:00:00,350017609.8130631,319313944.123562,328811746.8244135,589423030,304738072.0
2024-05-25 06:00:00,350111391.812734,319388268.05506885,328905045.1262512,589582348,304808012.0
2024-05-25 07:00:00,350205173.81240493,319468409.59479487,328998018.52445215,589742813,304880876.0
2024-05-25 08:00:00,350298955.81207585,319551983.59479487,329090667.11372006,589904419,304958379.0
2024-05-25 09:00:00,350393246.2250176,319640592.86328804,329182990.99394774,590066016,305040965.0
2024-05-25 10:00:00,350487634.90604293,319730042.86328804,329274990.27052367,590228302,305128143.0
2024-05-25 11:00:00,350586991.28541934,319824183.86328804,329366665.05465794,590390862,305219680.0
2024-05-25 12:00:00,350689068.40217483,319922956.86328804,329458015.46372837,590553492,305314821.0
2024-05-25 13:00:00,350793530.50971353,320022375.86328804,329549041.6216482,590716808,305413162.0
2024-05-25 14:00:00,350903623.8464383,320126432.86328804,329639743.65925664,590879874,305514058.0
2024-05-25 15:00:00,351017020.5420477,320234320.6986305,329730121.71473396,591042675,305617327.0
2024-05-25 16:00:00,351132588.5665712,320344082.14739764,329820175.93404233,591205227,305722799.0
2024-05-25 17:00:00,351248295.68231285,320453915.14739764,329909906.47139466,591366825,305829277.0
2024-05-25 18:00:00,351363863.70683634,320561110.14739764,329999313.48975253,591527068,305934591.0
2024-05-25 19:00:00,351475317.49798965,320668475.14739764,330088397.16135573,591685916,306036969.0
2024-05-25 20:00:00,351583660.66614217,320770539.1695894,330177157.66828483,591853643,306135689.0
2024-05-25 21:00:00,351687729.7287995,320868297.7043839,330265595.2030598,592021069,306231052.0
2024-05-25 22:00:00,351782416.66641396,320961177.7043839,330353709.96927595,592188738,306321124.0
2024-05-25 23:00:00,351876707.0793557,321047914.2054798,330441502.1822805,592356639,306405148.0
2024-05-26 00:00:00,351970489.07902664,321131413.07397294,330535273.45245576,592514503,306483934.0
2024-05-26 01:00:00,352064271.07869756,321210939.8060277,330628719.489075,592673028,306558312.0
2024-05-26 02:00:00,352158053.0783685,321285538.8060277,330721840.36897177,592832098,306629908.0
2024-05-26 03:00:00,352251835.0780394,321356967.14082223,330814636.1731195,592991784,306699470.0
2024-05-26 04:00:00,352345617.07771033,321429127.133151,330907106.98687357,593151930,306767888.0
2024-05-26 05:00:00,352439399.07738125,321501296.7271236,330999252.9002283,593312572,306836036.0
2024-05-26 06:00:00,352533181.0770522,321574078.10054827,331091074.00808996,593473742,306904135.0
2024-05-26 07:00:00,352626963.0767231,321648880.10054827,331182570.4105662,593636057,306974763.0
2024-05-26 08:00:00,352720745.076394,321729980.10054827,331273742.213274,593799622,307050212.0
2024-05-26 09:00:00,352814527.07606494,321815273.60767156,331364589.52766633,593964424,307131131.0
2024-05-26 10:00:00,352908774.03644973,321902925.60767156,331455112.4713791,594130532,307217223.0
2024-05-26 11:00:00,353003460.9740642,321995941.5000003,331545311.1686,594296317,307308305.0
2024-05-26 12:00:00,353104962.8409282,322094714.5000003,331635185.75045997,594461836,307403851.0
2024-05-26 13:00:00,353211895.83127123,322203375.5000003,331724736.3554494,594627235,307502511.0
2024-05-26 14:00:00,353322867.92548764,322308137.29452085,331813963.1298603,594791770,307603056.0
2024-05-26 15:00:00,353438435.95001113,322415332.29452085,331902866.2282563,594955963,307704945.0
2024-05-26 16:00:00,353554143.0657528,322528842.95643866,331991445.8139719,595120558,307807545.0
2024-05-26 17:00:00,353669850.1814945,322641161.95643866,332079702.05964345,595283759,307910264.0
2024-05-26 18:00:00,353785557.29723614,322753440.95643866,332167635.1477735,595446305,308011276.0
2024-05-26 19:00:00,353901264.4129778,322865213.87260306,332255245.2713307,595607379,308109319.0
2024-05-26 20:00:00,354016832.4375013,322973523.15178114,332342532.6343878,595776403,308204834.0
2024-05-26 21:00:00,354125175.6056538,323077129.15178114,332429497.4527998,595945515,308297978.0
2024-05-26 22:00:00,354225536.1038162,323175967.4123291,332516139.9549256,596115221,308386378.0
2024-05-26 23:00:00,354319783.064201,323265644.4123291,332602460.382395,596285004,308468958.0
2024-05-27 00:00:00,354413565.0638719,323352132.4339729,332704798.73412824,596446841,308546441.0
2024-05-27 01:00:00,354507347.06354284,323433866.01945233,332806811.46565485,596609246,308620277.0
2024-05-27 02:00:00,354601129.06321377,323510234.4243838,332908498.6331847,596771502,308691526.0
2024-05-27 03:00:00,354694911.0628847,323585207.4495893,333009860.2958701,596934190,308761327.0
2024-05-27 04:00:00,354788693.0625556,323657026.55452085,333110896.5159754,597096842,308830792.0
2024-05-27 05:00:00,354882475.06222653,323728805.66164416,333211607.35905546,597259761,308900515.0
2024-05-27 06:00:00,354976257.06189746,323803804.18274003,333311992.894146,597423580,308970905.0
2024-05-27 07:00:00,355070039.0615684,323880209.94684964,333412053.19396526,597588676,309043098.0
2024-05-27 08:00:00,355163821.0612393,323961968.94684964,333511788.3351277,597755072,309119221.0
2024-05-27 09:00:00,355257603.0609102,324048456.96849346,333611198.39837134,597922050,309199633.0
2024-05-27 10:00:00,355351893.473852,324138457.30547976,333710283.4687986,598089430,309284322.0
2024-05-27 11:00:00,355446140.43423676,324228752.13287705,333809043.636132,598256880,309372180.0
2024-05-27 12:00:00,355540827.3718512,324321123.10164416,333907478.99498606,598425685,309462164.0
2024-05-27 13:00:00,355641187.8700136,324415020.7641099,334005589.6451552,598595571,309553420.0
2024-05-27 14:00:00,355742299.0796157,324512607.5082195,334103375.6919203,598766351,309645495.0
2024-05-27 15:00:00,355846761.1871544,324613880.243014,334200837.2463736,598937961,309738798.0
2024-05-27 16:00:00,355953831.45503324,324714646.243014,334297974.4257642,599108663,309834369.0
2024-05-27 17:00:00,356063924.791758,324818884.6701373,334394787.3538648,599278427,309931789.0
2024-05-27 18:00:00,356172267.9599105,324923123.0972606,334491276.1613616,599446696,310028653.0
2024-05-27 19:00:00,356279485.5392345,325024072.97095925,334587440.98626804,599612898,310124140.0
2024-05-27 20:00:00,356383947.6467732,325122984.97095925,334683281.9743651,599782707,310217594.0
2024-05-27 21:00:00,356485449.51363724,325220861.3671236,334778799.2796687,599952349,310308591.0
2024-05-27 22:00:00,356579954.72532564,325312718.93972635,334873993.0649265,600122171,310394046.0
2024-05-27 23:00:00,356674100.71233094,325399416.03068525,334968863.50214624,600292068,310473436.0
2024-05-28 00:00:00,356767882.71200186,325481175.03068525,335069723.1621631,600452364,310548006.0
2024-05-28 01:00:00,356861664.7116728,325556895.21780854,335170257.3193442,600612305,310619041.0
2024-05-28 02:00:00,356955446.7113437,325630117.21780854,335270466.03607917,600771899,310688095.0
2024-05-28 03:00:00,357049228.7110146,325701545.55260307,335370349.37805593,600931783,310756136.0
2024-05-28 04:00:00,357143010.71068555,325772911.55260307,335469907.41445166,601091836,310824806.0
2024-05-28 05:00:00,357236792.7103565,325847170.7312332,335569140.2181346,601252022,310896359.0
2024-05-28 06:00:00,357330574.7100274,325926219.2701373,335668047.86587876,601413730,310972825.0
2024-05-28 07:00:00,357424865.12296915,326010772.2701373,335766630.4385916,601577259,311054578.0
2024-05-28 08:00:00,357519112.08335394,326098084.2701373,335864888.0215554,601742079,311139768.0
2024-05-28 09:00:00,357613617.29504234,326189739.4843839,335962820.7046841,601907533,311227439.0
2024-05-28 10:00:00,357710171.5118937,326283930.153425,336060428.58279514,602073701,311317853.0
2024-05-28 11:00:00,357810532.0100561,326382764.58958936,336157711.755899,602239671,311410899.0
2024-05-28 12:00:00,357914933.7557723,326480079.58958936,336254670.3295059,602406974,311506695.0
2024-05-28 13:00:00,358021866.7461153,326580455.58958936,336351304.41495204,602575339,311605248.0
2024-05-28 14:00:00,358130209.91426784,326683555.7758907,336447614.1297456,602745027,311705459.0
2024-05-28 15:00:00,358241182.00848424,326787612.7758907,336543599.5979349,602915084,311807219.0
2024-05-28 16:00:00,358354578.70409364,326894367.58684963,336639260.9504989,603085526,311910482.0
2024-05-28 17:00:00,358468084.0935977,327002286.58684963,336734598.32576245,603255999,312014266.0
2024-05-28 18:00:00,358581480.7892071,327109633.58684963,336829611.8698376,603424785,312116853.0
2024-05-28 19:00:00,358691574.12593186,327212694.49863046,336924301.7370922,603591887,312217160.0
2024-05-28 20:00:00,358798507.1162749,327313824.35452086,337018668.0906483,603763470,312314188.0
2024-05-28 21:00:00,358900584.2330304,327411607.35452086,337112711.1029117,603934741,312408194.0
2024-05-28 22:00:00,358995089.4447188,327503262.5687674,337206430.95613503,604105815,312495897.0
2024-05-28 23:00:00,359089034.95689553,327588420.5687674,337299827.8430161,604277156,312577002.0
2024-05-29 00:00:00,359182816.95656645,327669432.6893154,337399209.056354,604437637,312652820.0
2024-05-29 01:00:00,359276598.9562374,327745957.3008222,337498264.8972023,604598068,312725028.0
2024-05-29 02:00:00,359370380.9559083,327816205.7676715,337596995.4348797,604757798,312794771.0
2024-05-29 03:00:00,359464162.9555792,327886357.7084935,337695400.7424048,604917634,312863365.0
2024-05-29 04:00:00,359557944.95525014,327956553.1419181,337793480.8967113,605077575,312932313.0
2024-05-29 05:00:00,359651726.95492107,328033094.97671264,337891235.9788761,605237291,313003818.0
2024-05-29 06:00:00,359745508.954592,328113025.97671264,337988666.0743619,605397105,313079896.0
2024-05-29 07:00:00,359839290.9542629,328197399.0468496,338085771.27327394,605557042,313160405.0
2024-05-29 08:00:00,359933581.36720467,328282683.0468496,338182551.67063326,605719015,313243536.0
2024-05-29 09:00:00,360027828.32758945,328369993.88054824,338279007.36666644,605879366,313328452.0
2024-05-29 10:00:00,360122217.0086148,328459078.73068523,338375138.46711344,606044068,313415453.0
2024-05-29 11:00:00,360216903.9462292,328550024.91068524,338470945.0835546,606208736,313504710.0
2024-05-29 12:00:00,360311590.88384366,328643266.91068524,338566427.3337578,606374534,313596058.0
2024-05-29 13:00:00,360411345.8143409,328736876.98657566,338661585.3420471,606540498,313688795.0
2024-05-29 14:00:00,360511706.3125033,328831540.7364387,338756419.2396948,606703753,313782042.0
2024-05-29 15:00:00,360612066.81066567,328927264.7364387,338850929.16533756,606871005,313875588.0
2024-05-29 16:00:00,360715003.75932103,329026016.173425,338945115.265419,607037768,313970050.0
2024-05-29 17:00:00,360819465.86685973,329123916.2569867,339038977.6946595,607205092,314064784.0
2024-05-29 18:00:00,360923534.9295171,329221864.5027401,339132516.61655587,607371019,314158354.0
2024-05-29 19:00:00,361023983.72650045,329318525.3830141,339225732.20391273,607535323,314250245.0
2024-05-29 20:00:00,361124344.22466284,329410986.6030141,339318624.6394066,607705754,314340608.0
2024-05-29 21:00:00,361219031.1622773,329504903.6030141,339411194.11618644,607876430,314428777.0
2024-05-29 22:00:00,361313321.57521904,329591890.2693155,339503440.83851147,608047090,314511921.0
2024-05-29 23:00:00,361407103.57488996,329674785.3808223,339595365.0224299,608218402,314589422.0
2024-05-30 00:00:00,361500885.5745609,329750392.71369904,339693268.06136495,608379157,314662462.0
2024-05-30 01:00:00,361594667.5742318,329821743.21835655,339790845.87271005,608538748,314732544.0
2024-05-30 02:00:00,361688449.5739027,329891549.5775346,339888098.5335587,608698569,314800810.0
2024-05-30 03:00:00,361782231.57357365,329959055.1550689,339985026.12515783,608858447,314868291.0
2024-05-30 04:00:00,361876013.5732446,330028092.1550689,340081628.73315036,609018775,314936185.0
2024-05-30 05:00:00,361969795.5729155,330101041.22520584,340177906.4478333,609179892,315006748.0
2024-05-30 06:00:00,362063577.5725864,330178555.73698664,340273859.3644314,609343933,315081493.0
2024-05-30 07:00:00,362157359.57225734,330260678.73698664,340369487.58338773,609508605,315160105.0
2024-05-30 08:00:00,362251649.9851991,330345231.73698664,340464791.2106724,609673217,315240704.0
2024-05-30 09:00:00,362345940.39814085,330430482.5400003,340559770.35811013,609839460,315322470.0
2024-05-30 10:00:00,362440187.35852563,330516859.5400003,340654425.14372873,610005507,315405173.0
2024-05-30 11:00:00,362534434.3189104,330604038.1660277,340748755.69212854,610171717,315488581.0
2024-05-30 12:00:00,362628681.2792952,330692436.1660277,340842762.1348756,610338933,315573044.0
2024-05-30 13:00:00,362723069.96032053,330781552.1660277,340936444.6109189,610505800,315658685.0
2024-05-30 14:00:00,362817575.17200893,330871859.1660277,341029803.2670339,610673820,315745570.0
2024-05-30 15:00:00,362912262.1096234,330964718.6608223,341122838.25829405,610842306,315834134.0
2024-05-30 16:00:00,363007704.87291056,331060435.9994524,341215549.74857175,611011450,315925000.0
2024-05-30 17:00:00,363107702.5316685,331155082.9994524,341307937.91107076,611180859,316017024.0
2024-05-30 18:00:00,363207700.1904264,331249688.06684965,341400002.9288923,611348829,316108978.0
2024-05-30 19:00:00,363303802.6414851,331345405.4054798,341491744.995637,611514143,316200033.0
2024-05-30 20:00:00,363398489.57909954,331438736.4054798,341583164.31604457,611687141,316289345.0
2024-05-30 21:00:00,363492994.79078794,331527924.3805483,341674261.10667443,611860219,316376938.0
2024-05-30 22:00:00,363587285.2037297,331611510.3805483,341765035.59662926,612033483,316459222.0
2024-05-30 23:00:00,363681067.2034006,331691417.0509592,341855488.02832454,612207083,316535721.0
2024-05-31 00:00:00,363774849.20307153,331767933.7424661,341951913.1956948,612370202,316607444.0
2024-05-31 01:00:00,363868631.20274246,331837681.8873976,342048013.2967098,612533462,316676100.0
2024-05-31 02:00:00,363962413.2024134,331905229.74684966,342143788.4171931,612696843,316743019.0
2024-05-31 03:00:00,364056195.2020843,331972385.74684966,342239238.64763385,612859951,316809122.0
2024-05-31 04:00:00,364149977.2017552,332039903.74684966,342334364.0834606,613023805,316875812.0
2024-05-31 05:00:00,364243759.20142615,332112231.74684966,342429164.8253333,613187636,316945052.0
2024-05-31 06:00:00,364337541.2010971,332187918.2465757,342523640.9794523,613353094,317018366.0
2024-05-31 07:00:00,364431323.200768,332271085.2465757,342617792.65788734,613521430,317095334.0
2024-05-31 08:00:00,364525105.2004389,332355425.333973,342711619.97892636,613690494,317174482.0
2024-05-31 09:00:00,364619078.97189766,332440227.333973,342805123.0674464,613860023,317254885.0
2024-05-31 10:00:00,364713369.3848394,332525194.73726064,342898302.0553076,614029912,317336479.0
2024-05-31 11:00:00,364807659.79778117,332611352.73726064,342991157.0817717,614199594,317419023.0
2024-05-31 12:00:00,364901906.75816596,332698838.73726064,343083688.29394656,614370537,317502532.0
2024-05-31 13:00:00,364996153.71855074,332788717.3183565,343175895.8472593,614541428,317587171.0
2024-05-31 14:00:00,365090542.39957607,332878427.373425,343267779.90595824,614712490,317673348.0
2024-05-31 15:00:00,365185229.3371905,332969676.2693154,343359340.64364696,614884626,317761635.0
2024-05-31 16:00:00,365279995.38811773,333063788.2693154,343450578.2438521,615057039,317852921.0
2024-05-31 17:00:00,365379993.04687566,333157692.6312332,343541492.9006265,615229139,317946323.0
2024-05-31 18:00:00,365478934.53075796,333251784.2073976,343632084.8191912,615399789,318040028.0
2024-05-31 19:00:00,365573621.4683724,333345835.64109623,343722354.21661764,615568419,318131956.0
2024-05-31 20:00:00,365668126.6800608,333435821.1408223,343812301.3225531,615743761,318221047.0
2024-05-31 21:00:00,365762373.6404456,333525492.49917847,343901926.3799926,615919906,318307745.0
2024-05-31 22:00:00,365856155.6401165,333608812.49917847,343991229.64609987,616095848,318389482.0
2024-05-31 23:00:00,365949937.63978744,333686532.813973,344080211.3930803,616271837,318465752.0
2024-06-01 00:00:00,366043719.63945836,333759476.813973,344176686.24903804,616436477,318537203.0
2024-06-01 01:00:00,366137501.6391293,333830039.813973,344272835.0702459,616600763,318605329.0
2024-06-01 02:00:00,366231283.6388002,333897406.7490415,344368657.89181054,616765707,318671188.0
2024-06-01 03:00:00,366325065.6384711,333963335.7490415,344464154.7505913,616930641,318735838.0
2024-06-01 04:00:00,366418847.63814205,334028860.5378086,344559325.6852978,617095972,318800034.0
2024-06-01 05:00:00,366512629.637813,334095343.1046579,344654170.73659337,617261773,318864519.0
2024-06-01 06:00:00,366606411.6374839,334164319.1046579,344748689.94720435,617429322,318929948.0
2024-06-01 07:00:00,366700193.6371548,334234882.1046579,344842883.36203605,617599610,318997598.0
2024-06-01 08:00:00,366793975.63682574,334308502.25397295,344936751.0282957,617771726,319068055.0
2024-06-01 09:00:00,366887757.63649666,334388089.25397295,345030292.99562263,617943980,319141168.0
2024-06-01 10:00:00,366981539.6361676,334469796.82821953,345123509.31622654,618116602,319216646.0
2024-06-01 11:00:00,367075321.6358385,334553586.82821953,345216400.0450338,618290134,319294504.0
2024-06-01 12:00:00,367169103.63550943,334640226.82821953,345308965.2398429,618464985,319374629.0
2024-06-01 13:00:00,367263394.0484512,334726854.82821953,345401204.96148884,618639623,319457030.0
2024-06-01 14:00:00,367357641.008836,334815241.82821953,345493119.27401817,618813777,319542080.0
2024-06-01 15:00:00,367452029.6898613,334906397.82821953,345584708.24487406,618986871,319630290.0
2024-06-01 16:00:00,367546795.7407885,334999447.2679456,345675971.945093,619159151,319721598.0
2024-06-01 17:00:00,367646793.39954644,335093403.2679456,345766910.44951326,619330652,319814846.0
2024-06-01 18:00:00,367746791.05830437,335189085.15123326,345857523.83699656,619499904,319908149.0
2024-06-01 19:00:00,367841557.1092316,335282702.15123326,345947812.1906627,619667819,319999328.0
2024-06-01 20:00:00,367936244.04684603,335374172.27342504,346037775.5981391,619844659,320088084.0
2024-06-01 21:00:00,368030491.0072308,335463803.6646579,346127414.1518257,620021222,320174952.0
2024-06-01 22:00:00,368124636.9942361,335548584.6646579,346216727.94917595,620198385,320257512.0
2024-06-01 23:00:00,368218418.99390703,335626826.6646579,346305717.09299505,620375715,320334812.0
2024-06-02 00:00:00,368312200.99357796,335701312.6646579,346400712.39259595,620542041,320407554.0
2024-06-02 01:00:00,368405982.9932489,335772697.27424693,346495381.73053,620708017,320476873.0
2024-06-02 02:00:00,368499764.9929198,335842738.563562,346589725.14557767,620873863,320543718.0
2024-06-02 03:00:00,368593546.9925907,335909236.563562,346683742.6784773,621039929,320609197.0
2024-06-02 04:00:00,368687328.99226165,335974922.563562,346777434.3720349,621206050,320674010.0
2024-06-02 05:00:00,368781110.9919326,336040608.563562,346870800.2712404,621372156,320738669.0
2024-06-02 06:00:00,368874892.9916035,336107106.563562,346963840.4233908,621538752,320803673.0
2024-06-02 07:00:00,368968674.9912744,336177705.91698664,347056554.8782208,621706082,320870695.0
2024-06-02 08:00:00,369062456.99094534,336251025.283288,347148943.6880412,621874008,320940882.0
2024-06-02 09:00:00,369156238.99061626,336328776.283288,347241006.90788597,622042622,321014286.0
2024-06-02 10:00:00,369250020.9902872,336408639.283288,347332744.5956676,622211833,321090734.0
2024-06-02 11:00:00,369343802.9899581,336492240.283288,347424156.81234235,622382330,321170238.0
2024-06-02 12:00:00,369438093.40289986,336578851.00575376,347515243.62208533,622553156,321252760.0
2024-06-02 13:00:00,369532340.36328465,336667622.29205513,347606005.0924765,622724175,321337876.0
2024-06-02 14:00:00,369626587.32366943,336757091.21287704,347696441.2946974,622894947,321425714.0
2024-06-02 15:00:00,369721274.2612839,336850268.21287704,347786552.3037407,623064843,321515632.0
2024-06-02 16:00:00,369821634.75944626,336946802.4202743,347876338.1986317,623234757,321607794.0
2024-06-02 17:00:00,369923711.87620175,337046068.7424661,347965799.0626644,623404012,321702209.0
2024-06-02 18:00:00,370026917.6542569,337146765.7424661,348054934.98365116,623572493,321797093.0
2024-06-02 19:00:00,370127366.45124024,337246271.7424661,348143746.05418843,623740019,321891323.0
2024-06-02 20:00:00,370227364.10999817,337342153.7424661,348232232.37193835,623916549,321985080.0
2024-06-02 21:00:00,370322051.0476126,337435808.6846579,348320394.03992814,624093261,322077100.0
2024-06-02 22:00:00,370416298.0079974,337526346.6846579,348408231.16686803,624270178,322164678.0
2024-06-02 23:00:00,370510080.0076683,337610136.6846579,348495743.8674887,624447256,322246539.0
2024-06-03 00:00:00,370603862.00733924,337688519.0523291,348599309.9256383,624611196,322323635.0
2024-06-03 01:00:00,370697644.00701016,337766270.0523291,348702549.82559144,624775215,322397358.0
2024-06-03 02:00:00,370791426.0066811,337839608.0523291,348805463.5963161,624939214,322469067.0
2024-06-03 03:00:00,370885208.006352,337910991.08876747,348908051.26819336,625103356,322539851.0
2024-06-03 04:00:00,370978990.00602293,337983745.8813702,349010312.8730946,625268239,322611346.0
2024-06-03 05:00:00,371072772.00569385,338058293.783014,349112248.44446355,625433499,322685871.0
2024-06-03 06:00:00,371166554.0053648,338142050.7739729,349213858.01740295,625600114,322765126.0
2024-06-03 07:00:00,371260844.4183065,338226458.7739729,349315141.6287666,625767716,322849815.0
2024-06-03 08:00:00,371355091.3786913,338314628.7739729,349416099.3172564,625937042,322938795.0
2024-06-03 09:00:00,371450027.9997019,338408049.7739729,349516731.1235258,626107569,323031514.0
2024-06-03 10:00:00,371552105.1164574,338505915.07671267,349617037.0902887,626279145,323128105.0
2024-06-03 11:00:00,371659175.38433623,338607850.313151,349717017.2624355,626450901,323228544.0
2024-06-03 12:00:00,371772572.0799456,338717912.313151,349816671.68715554,626624118,323333061.0
2024-06-03 13:00:00,371888279.1956873,338830961.313151,349916000.4140673,626796759,323442060.0
2024-06-03 14:00:00,372003986.31142896,338942168.313151,350015003.49535626,626969479,323554757.0
2024-06-03 15:00:00,372123030.3252431,339055883.313151,350113680.9859209,627142507,323670445.0
2024-06-03 16:00:00,372247087.7416489,339175974.1443839,350212032.9435278,627315555,323789095.0
2024-06-03 17:00:00,372374509.42872924,339298410.1443839,350310059.4289761,627487891,323909560.0
2024-06-03 18:00:00,372500806.480333,339416561.0594524,350407760.5062717,627658711,324028997.0
2024-06-03 19:00:00,372619880.7757327,339531116.6249319,350505136.24281216,627826186,324146171.0
2024-06-03 20:00:00,372735587.89147437,339642323.6249319,350602186.70958304,627999479,324259326.0
2024-06-03 21:00:00,372851155.91599786,339753337.55506885,350698911.981366,628173471,324368436.0
2024-06-03 22:00:00,372955618.02353656,339856153.32986337,350795312.1369597,628347922,324469837.0
2024-06-03 23:00:00,373050304.961151,339949161.90520585,350891387.2594144,628522620,324563338.0
2024-06-04 00:00:00,373144551.9215358,340037549.8695894,350993473.50465757,628687410,324649928.0
2024-06-04 01:00:00,373238333.9212067,340124189.8695894,351095233.65193516,628851984,324731624.0
2024-06-04 02:00:00,373332115.92087764,340206762.8695894,351196667.73317474,629016127,324809850.0
2024-06-04 03:00:00,373425897.92054856,340287547.33095926,351297775.78187954,629179688,324885964.0
2024-06-04 04:00:00,373519679.9202195,340366573.2210962,351398557.8332156,629342695,324961958.0
2024-06-04 05:00:00,373613461.9198904,340449556.41342497,351499013.9241037,629505293,325040167.0
2024-06-04 06:00:00,373707752.33283216,340536064.41342497,351599144.0933169,629668893,325122928.0
2024-06-04 07:00:00,373802439.2704466,340629174.9071236,351698948.38158417,629833997,325211691.0
2024-06-04 08:00:00,373903078.2261265,340727028.953699,351798426.83169955,630000083,325305769.0
2024-06-04 09:00:00,374010148.4940053,340834112.33452094,351897579.48863846,630166980,325404774.0
2024-06-04 10:00:00,374125716.5185288,340944653.49041134,351996406.39968055,630335442,325509458.0
2024-06-04 11:00:00,374241423.6342705,341055860.49041134,352094907.61454016,630504707,325619776.0
2024-06-04 12:00:00,374363048.16763145,341172382.49041134,352193083.18550444,630674307,325735059.0
2024-06-04 13:00:00,374500274.88284886,341297918.1471237,352290933.1675799,630843803,325854878.0
2024-06-04 14:00:00,374638303.61654794,341419991.1471237,352388457.6186479,631012646,325977784.0
2024-06-04 15:00:00,374779806.52842444,341548504.1471237,352485656.59962916,631182044,326102925.0
2024-06-04 16:00:00,374924914.56110084,341679942.1471237,352582530.174659,631351584,326229647.0
2024-06-04 17:00:00,375070022.59377724,341811269.9180826,352679078.41127235,631521779,326356263.0
2024-06-04 18:00:00,375211834.26520103,341939782.9180826,352775301.3806006,631689500,326480420.0
2024-06-04 19:00:00,375349862.9989001,342065066.73150724,352871199.15758026,631855819,326600304.0
2024-06-04 20:00:00,375477284.68598044,342187502.73150724,352966771.8211747,632027795,326715674.0
2024-06-04 21:00:00,375593787.02316964,342299662.8479456,353062019.45460886,632199577,326826950.0
2024-06-04 22:00:00,375707183.718779,342405836.2043839,353156942.1456192,632372240,326930730.0
2024-06-04 23:00:00,375808493.88875985,342504793.2043839,353251539.98671824,632546391,327026536.0
2024-06-05 00:00:00,375903180.8263743,342596650.2043839,353352146.5442601,632713081,327115578.0
2024-06-05 01:00:00,375997471.23931605,342683124.43589073,353452427.0702649,632880021,327199678.0
2024-06-05 02:00:00,376091253.23898697,342766230.2553428,353552381.5999618,633046707,327280539.0
2024-06-05 03:00:00,376185035.2386579,342847606.2553428,353652010.17033887,633213037,327359600.0
2024-06-05 04:00:00,376278817.2383288,342929332.16493183,353751312.8202403,633379248,327438539.0
2024-06-05 05:00:00,376372599.23799974,343013556.1358907,353850289.59047073,633545040,327520054.0
2024-06-05 06:00:00,376466846.1983845,343102549.1358907,353948940.5239044,633711278,327606407.0
2024-06-05 07:00:00,376563708.09740376,343198105.6920551,354047265.6656018,633877460,327698037.0
2024-06-05 08:00:00,376666913.8754589,343297648.2868496,354145265.06293297,634043770,327793660.0
2024-06-05 09:00:00,376773984.1433377,343398887.2868496,354242938.7657082,634210145,327892308.0
2024-06-05 10:00:00,376886434.51396483,343505139.7279455,354340286.82631654,634378008,327994307.0
2024-06-05 11:00:00,377002141.6297065,343614737.77863044,354437309.2998726,634545381,328099654.0
2024-06-05 12:00:00,377117848.7454482,343725944.77863044,354534006.2443725,634714157,328208909.0
2024-06-05 13:00:00,377236923.0408479,343845029.77863044,354630377.720859,634882888,328321553.0
2024-06-05 14:00:00,377363220.09245163,343967465.77863044,354726423.79359674,635051512,328436646.0
2024-06-05 15:00:00,377491756.88181764,344089901.77863044,354822144.5302582,635219657,328553403.0
2024-06-05 16:00:00,377628983.59703505,344215442.77863044,354917540.00212073,635389460,328670741.0
2024-06-05 17:00:00,377766210.31225246,344341904.1200003,355012610.2842761,635558878,328788100.0
2024-06-05 18:00:00,377896171.03853285,344464340.1200003,355107355.4558524,635727052,328903564.0
2024-06-05 19:00:00,378017204.44450706,344580209.4857537,355201775.60024965,635893813,329016729.0
2024-06-05 20:00:00,378133200.461453,344692382.4857537,355295870.80539024,636067317,329127466.0
2024-06-05 21:00:00,378248907.5771947,344799863.43232906,355389641.16398436,636240771,329234583.0
2024-06-05 22:00:00,378355977.8450735,344906935.8010962,355483086.773812,636414203,329335522.0
2024-06-05 23:00:00,378451420.6083607,345000552.8010962,355576207.7380224,636588124,329429347.0
2024-06-06 00:00:00,378545667.5687455,345088571.66054827,355675334.74604416,636753370,329517434.0
2024-06-06 01:00:00,378639449.5684164,345172769.30794555,355774135.79587436,636919290,329601401.0
2024-06-06 02:00:00,378733231.56808734,345254701.98410994,355872610.9264286,637085811,329682660.0
2024-06-06 03:00:00,378827013.56775826,345334564.98410994,355970760.1785871,637252461,329762217.0
2024-06-06 04:00:00,378920795.5674292,345414583.6443839,356068583.59530437,637418871,329841836.0
2024-06-06 05:00:00,379014577.5671001,345498225.6073976,356166081.22172624,637585183,329923891.0
2024-06-06 06:00:00,379108824.5274849,345588706.51287705,356263253.1053132,637752580,330010485.0
2024-06-06 07:00:00,379203590.5784121,345684281.51287705,356360099.2959715,637921036,330102672.0
2024-06-06 08:00:00,379306662.543848,345782700.51287705,356456619.8461922,638089788,330199325.0
2024-06-06 09:00:00,379413732.8117268,345883939.51287705,356552814.8111981,638260472,330299862.0
2024-06-06 10:00:00,379527129.5073362,345990129.2246579,356648684.2491003,638432280,330404058.0
2024-06-06 11:00:00,379642836.62307787,346098809.9756168,356744228.2210637,638605301,330511929.0
2024-06-06 12:00:00,379758832.6400238,346210101.9756168,356839446.79148245,638779815,330622866.0
2024-06-06 13:00:00,379878146.6386145,346329186.9756168,356934340.0281667,638955025,330736592.0
2024-06-06 14:00:00,380004443.6902182,346451622.9756168,357028908.0025401,639131045,330852603.0
2024-06-06 15:00:00,380134404.4164986,346576147.7419182,357123150.78984964,639307067,330970004.0
2024-06-06 16:00:00,380271631.131716,346701688.7419182,357217068.46938837,639483463,331088643.0
2024-06-06 17:00:00,380408857.8469334,346827229.7419182,357310661.12473166,639659548,331207717.0
2024-06-06 18:00:00,380537709.67759484,346949665.7419182,357403928.8439881,639836131,331325852.0
2024-06-06 19:00:00,380657023.6761855,347068750.7419182,357496871.72006583,640010660,331441230.0
2024-06-06 20:00:00,380773019.69313145,347181263.3487675,357589489.850955,640185863,331552199.0
2024-06-06 21:00:00,380888726.8088731,347293717.28657573,357681783.34002835,640361070,331659075.0
2024-06-06 22:00:00,380995797.07675195,347394950.29232913,357773752.29635984,640536156,331759060.0
2024-06-06 23:00:00,381090563.12767917,347488163.29232913,357865396.8350633,640711344,331851339.0
2024-06-07 00:00:00,381184810.08806396,347576794.5295894,357963044.44623446,640879817,331936812.0
2024-06-07 01:00:00,381278592.0877349,347659714.5295894,358060366.1802855,641048019,332017424.0
2024-06-07 02:00:00,381372374.0874058,347739577.5295894,358157362.08025146,641216004,332094898.0
2024-06-07 03:00:00,381466156.0870767,347817437.5295894,358254032.19136333,641384085,332170356.0
2024-06-07 04:00:00,381559938.08674765,347895297.5295894,358350376.56117225,641552889,332245313.0
2024-06-07 05:00:00,381653720.08641857,347974069.5295894,358446395.23968065,641722557,332322138.0
2024-06-07 06:00:00,381747866.07342386,348058477.5295894,358542088.27948153,641894731,332402871.0
2024-06-07 07:00:00,381842113.03380865,348146925.01232916,358637455.7359062,642069005,332488712.0
2024-06-07 08:00:00,381936879.0847359,348239674.01232916,358732497.6671807,642244741,332578935.0
2024-06-07 09:00:00,382037239.58289826,348338614.01232916,358827214.1345922,642421987,332673077.0
2024-06-07 10:00:00,382141701.69043696,348441395.25917846,358921605.20266455,642601983,332770568.0
2024-06-07 11:00:00,382250044.8585895,348542716.38493186,359015670.9393458,642782732,332870931.0
2024-06-07 12:00:00,382361372.6835347,348650009.3726031,359109411.4162059,642964026,332973667.0
2024-06-07 13:00:00,382476940.7080582,348761035.3726031,359202826.70864743,643145293,333078176.0
2024-06-07 14:00:00,382592647.82379985,348873489.31041133,359295916.8961286,643325991,333184567.0
2024-06-07 15:00:00,382708354.9395415,348982984.85232913,359388682.0624003,643506569,333292282.0
2024-06-07 16:00:00,382824062.0552832,349093006.85232913,359481122.2957576,643687073,333401471.0
2024-06-07 17:00:00,382939769.17102486,349203109.6010963,359573237.6893066,643867161,333510997.0
2024-06-07 18:00:00,383055476.2867665,349311474.6010963,359665028.3412483,644044648,333618424.0
2024-06-07 19:00:00,383168872.9823759,349421536.6010963,359756494.35517895,644217415,333721672.0
2024-06-07 20:00:00,383276554.5333656,349522475.923836,359847635.8404104,644393635,333820509.0
2024-06-07 21:00:00,383380783.0301065,349622466.1049319,359938452.9123093,644569563,333915942.0
2024-06-07 22:00:00,383475469.9677209,349715984.1049319,360028945.69265765,644745581,334005828.0
2024-06-07 23:00:00,383569760.3806627,349800320.1049319,360119114.3100362,644922105,334089361.0
2024-06-08 00:00:00,383663542.3803336,349881165.1049319,360215282.6932154,645087088,334166869.0
2024-06-08 01:00:00,383757324.3800045,349957212.1049319,360311125.28898257,645252562,334239984.0
2024-06-08 02:00:00,383851106.37967545,350029745.18356204,360406642.1449793,645417302,334310215.0
2024-06-08 03:00:00,383944888.3793464,350100245.9002744,360501833.31130433,645582291,334378680.0
2024-06-08 04:00:00,384038670.3790173,350170412.9002744,360596698.8406528,645747473,334446396.0
2024-06-08 05:00:00,384132452.3786882,350240832.6183566,360691238.78846455,645913892,334513855.0
2024-06-08 06:00:00,384226234.37835914,350312479.68137026,360785453.2130808,646081508,334582224.0
2024-06-08 07:00:00,384320016.37803006,350386118.68137026,360879342.17591107,646251478,334653351.0
2024-06-08 08:00:00,384413798.377701,350463841.68137026,360972905.74160916,646422858,334728316.0
2024-06-08 09:00:00,384507580.3773719,350546816.6372607,361066143.978261,646594550,334806900.0
2024-06-08 10:00:00,384601870.79031366,350633444.6372607,361159056.9575832,646767469,334888411.0
2024-06-08 11:00:00,384696117.75069845,350722991.4909593,361251644.755134,646940830,334972578.0
2024-06-08 12:00:00,384790804.6883129,350816139.6589045,361343907.450537,647116036,335059193.0
2024-06-08 13:00:00,384890802.3470708,350909814.6589045,361435845.12771887,647291979,335148260.0
2024-06-08 14:00:00,384991441.3027507,351008716.59863055,361527457.87516123,647468382,335239865.0
2024-06-08 15:00:00,385095903.4102894,351109201.59863055,361618745.78616875,647645604,335334160.0
2024-06-08 16:00:00,385204246.5784419,351211344.59863055,361709708.95915306,647822162,335431406.0
2024-06-08 17:00:00,385315218.6726583,351317600.59863055,361800347.49793464,647997656,335530263.0
2024-06-08 18:00:00,385425312.0093831,351423856.59863055,361890661.51206344,648171268,335629064.0
2024-06-08 19:00:00,385532244.9997261,351530923.75972646,361980651.1171592,648342377,335725829.0
2024-06-08 20:00:00,385635450.77778125,351631376.754247,362070316.435273,648519158,335819432.0
2024-06-08 21:00:00,385735811.27594364,351727217.03863055,362159657.5952716,648696011,335910704.0
2024-06-08 22:00:00,385830058.2363284,351817128.03863055,362248674.7332454,648872552,335997603.0
2024-06-08 23:00:00,385923840.23599935,351903768.03863055,362337367.9929422,649049128,336079160.0
2024-06-09 00:00:00,386017622.23567027,351982169.794521,362432057.3350922,649216230,336155546.0
2024-06-09 01:00:00,386111404.2353412,352056655.794521,362526420.9892,649383191,336228089.0
2024-06-09 02:00:00,386205186.2350121,352128592.794521,362620459.0080631,649550091,336298039.0
2024-06-09 03:00:00,386298968.23468304,352198666.794521,362714171.44722986,649717134,336366274.0
2024-06-09 04:00:00,386392750.23435396,352267069.794521,362807558.36515695,649885178,336433801.0
2024-06-09 05:00:00,386486532.2340249,352335686.8273977,362900619.8233762,650053299,336501312.0
2024-06-09 06:00:00,386580314.2336958,352407536.8273977,362993355.88667154,650222792,336569035.0
2024-06-09 07:00:00,386674096.2333667,352480334.8273977,363085766.6232671,650393486,336638983.0
2024-06-09 08:00:00,386767878.23303765,352555605.8273977,363177852.10502625,650566312,336712815.0
2024-06-09 09:00:00,386861660.2327086,352635895.8273977,363269612.40766305,650740145,336790927.0
2024-06-09 10:00:00,386955442.2323795,352720101.8273977,363361047.6109667,650915016,336872323.0
2024-06-09 11:00:00,387049689.1927643,352808857.05671275,363452157.7990397,651091393,336956569.0
2024-06-09 12:00:00,387144376.1303787,352899809.05671275,363542943.06055087,651269385,337043367.0
2024-06-09 13:00:00,387244373.78913665,352994316.05671275,363633403.4890033,651448214,337132381.0
2024-06-09 14:00:00,387345484.99873877,353093611.61780864,363723539.1830198,651628380,337223595.0
2024-06-09 15:00:00,387449947.10627747,353194064.20547986,363813350.2466452,651807944,337317178.0
2024-06-09 16:00:00,387558290.27443,353296194.8101374,363902836.7896679,651988104,337413204.0
2024-06-09 17:00:00,387669262.3686464,353402450.8101374,363991998.92796105,652168150,337511770.0
2024-06-09 18:00:00,387780234.4628628,353508706.8101374,364080836.78384525,652346798,337610801.0
2024-06-09 19:00:00,387888577.6310153,353609386.8101374,364169350.4864736,652522733,337707991.0
2024-06-09 20:00:00,387993039.738554,353709857.5704114,364257540.1722412,652701995,337802022.0
2024-06-09 21:00:00,388094541.605418,353809348.6797265,364345405.9852196,652881660,337893377.0
2024-06-09 22:00:00,388189228.54303247,353904004.8956169,364432948.07761914,653061200,337979582.0
2024-06-09 23:00:00,388283518.9559742,353988765.634521,364520166.61028016,653240645,338059509.0
2024-06-10 00:00:00,388377300.95564514,354066625.634521,364623425.326521,653412283,338134356.0
2024-06-10 01:00:00,388471082.95531607,354140262.654521,364726358.0880374,653583165,338205532.0
2024-06-10 02:00:00,388564864.954987,354211454.6895895,364828964.93387985,653754122,338274656.0
2024-06-10 03:00:00,388658646.9546579,354281611.8380827,364931245.90506977,653924904,338342605.0
2024-06-10 04:00:00,388752428.95432884,354352123.8380827,365033201.04471,654095820,338410861.0
2024-06-10 05:00:00,388846210.95399976,354426229.8317813,365134830.3981017,654267129,338481590.0
2024-06-10 06:00:00,388939992.9536707,354506129.4230142,365236134.01286834,654439371,338556484.0
2024-06-10 07:00:00,389034138.940676,354590851.6621923,365337111.93908733,654613445,338636250.0
2024-06-10 08:00:00,389128385.90106076,354678296.36328816,365437764.2294291,654789432,338719350.0
2024-06-10 09:00:00,389222632.86144555,354768200.36328816,365538090.9393051,654966325,338804901.0
2024-06-10 10:00:00,389317319.79906,354860052.31835663,365638092.1270243,655143309,338892806.0
2024-06-10 11:00:00,389413874.01591134,354955575.2687676,365737767.8539593,655320464,338982699.0
2024-06-10 12:00:00,389514234.5140737,355050514.7805484,365837118.1847229,655497574,339074489.0
2024-06-10 13:00:00,389614873.4697536,355147473.7805484,365936143.1873547,655674620,339168246.0
2024-06-10 14:00:00,389718942.532411,355245879.2098635,366034842.9335195,655850801,339263368.0
2024-06-10 15:00:00,389823404.6399497,355344917.2098635,366133217.498718,656026971,339358923.0
2024-06-10 16:00:00,389928550.1288573,355446496.2098635,366231266.9625101,656203024,339455368.0
2024-06-10 17:00:00,390036231.679847,355553568.5786306,366328991.40875167,656378443,339552693.0
2024-06-10 18:00:00,390143301.94772583,355654586.5786306,366426390.92584646,656552913,339649675.0
2024-06-10 19:00:00,390247764.05526453,355754647.5786306,366523465.6070132,656725599,339744942.0
2024-06-10 20:00:00,390349841.17202,355853604.5786306,366620215.55056924,656905758,339838237.0
2024-06-10 21:00:00,390449838.83077794,355949482.26602787,366716640.8602315,657086679,339929349.0
2024-06-10 22:00:00,390544085.7911627,356038230.98137033,366812741.6454365,657268309,340014997.0
2024-06-10 23:00:00,390637867.79083365,356121984.8802744,366908518.02168,657449696,340094739.0
2024-06-11 00:00:00,390731649.7905046,356197924.8802744,367010297.3484514,657619276,340169604.0
2024-06-11 01:00:00,390825431.7901755,356270482.63616484,367111750.8018583,657788218,340241062.0
2024-06-11 02:00:00,390919213.7898464,356340994.63616484,367212878.4250846,657957109,340310413.0
2024-06-11 03:00:00,391012995.78951734,356410207.76904154,367313680.2635174,658125955,340378816.0
2024-06-11 04:00:00,391106777.78918827,356480627.4871237,367414156.36487144,658294760,340447513.0
2024-06-11 05:00:00,391200559.7888592,356554045.8312333,367514306.7793209,658462790,340518790.0
2024-06-11 06:00:00,391294341.7885301,356633079.8312333,367614131.55963916,658632340,340594111.0
2024-06-11 07:00:00,391388123.78820103,356716062.27315116,367713630.7613467,658803592,340673560.0
2024-06-11 08:00:00,391482414.2011428,356802529.3441101,367812804.4428685,658976162,340755655.0
2024-06-11 09:00:00,391576661.1615276,356891197.2657539,367911652.6657002,659150393,340839710.0
2024-06-11 10:00:00,391671049.8425529,356981101.2657539,368010175.4945853,659325167,340925644.0
2024-06-11 11:00:00,391765736.78016734,357074083.8841101,368108372.9977021,659500064,341013205.0
2024-06-11 12:00:00,391862290.9970187,357169658.8841101,368206245.24686307,659675428,341102665.0
2024-06-11 13:00:00,391962651.4951811,357267971.3161649,368303792.3177254,659850633,341194447.0
2024-06-11 14:00:00,392064728.61193657,357366928.3161649,368401014.2900153,660025757,341287766.0
2024-06-11 15:00:00,392169190.71947527,357466741.3161649,368497911.24776536,660200731,341382693.0
2024-06-11 16:00:00,392276260.9873541,357570355.1082197,368594483.2795672,660376323,341479310.0
2024-06-11 17:00:00,392384604.1555066,357673097.65232927,368690730.47883904,660551577,341577052.0
2024-06-11 18:00:00,392492947.3236591,357774773.72520596,368786652.94411016,660726100,341674498.0
2024-06-11 19:00:00,392599880.31400216,357878378.1597265,368882250.7793228,660898566,341770550.0
2024-06-11 20:00:00,392704282.0597184,357981183.3835621,368977524.094153,661079219,341864388.0
2024-06-11 21:00:00,392804642.55788076,358080627.2712333,369072473.00435096,661260068,341956322.0
2024-06-11 22:00:00,392898889.51826555,358170901.6476717,369167097.6321029,661440834,342042935.0
2024-06-11 23:00:00,392992671.51793647,358253116.6476717,369261398.10641545,661621584,342123358.0
2024-06-12 00:00:00,393086453.5176074,358329822.9882196,369361698.2131936,661793312,342198837.0
2024-06-12 01:00:00,393180235.5172783,358402684.8383566,369461672.53663385,661965518,342270846.0
2024-06-12 02:00:00,393274017.51694924,358473871.0419183,369561321.12454236,662138206,342340532.0
2024-06-12 03:00:00,393367799.51662016,358544023.4495895,369660644.0271902,662310888,342409019.0
2024-06-12 04:00:00,393461581.5162911,358614446.4495895,369759641.29745364,662483537,342478005.0
2024-06-12 05:00:00,393555363.515962,358688061.31479496,369858312.99096256,662656155,342549441.0
2024-06-12 06:00:00,393649145.5156329,358765449.31479496,369956659.16625786,662829477,342624945.0
2024-06-12 07:00:00,393742927.51530385,358847585.814521,370054679.88495857,663003719,342705114.0
2024-06-12 08:00:00,393837217.9282456,358935161.0610964,370152375.21193886,663178954,342788576.0
2024-06-12 09:00:00,393931464.8886304,359024796.8191786,370249745.2155162,663355204,342875104.0
2024-06-12 10:00:00,394026230.9395576,359116778.8191786,370346789.96765053,663531781,342964916.0
2024-06-12 11:00:00,394126591.43772,359216269.46739775,370443509.5441559,663707777,343057910.0
2024-06-12 12:00:00,394231053.5452587,359315954.46739775,370539904.024925,663882542,343154280.0
2024-06-12 13:00:00,394341146.88198346,359422210.46739775,370635973.49416745,664057660,343254324.0
2024-06-12 14:00:00,394456714.90650696,359531953.86438406,370731718.0406629,664233580,343358033.0
2024-06-12 15:00:00,394572422.0222486,359644969.7739731,370827137.7580293,664409094,343465161.0
2024-06-12 16:00:00,394688418.0391946,359757027.7739731,370922232.74500823,664585048,343575817.0
2024-06-12 17:00:00,394806735.3981555,359876677.7739731,371017003.1057676,664760278,343689127.0
2024-06-12 18:00:00,394923674.24657387,359993531.7739731,371111448.95022315,664935000,343802497.0
2024-06-12 19:00:00,395039381.36231554,360108108.26548,371205570.3943799,665107844,343913891.0
2024-06-12 20:00:00,395155083.43812436,360220568.2789046,371299367.56069505,665288733,344021224.0
2024-06-12 21:00:00,395268480.13373375,360327905.72164434,371392840.57846314,665470095,344125053.0
2024-06-12 22:00:00,395372549.1963911,360427145.40876764,371485989.5842256,665651117,344222188.0
2024-06-12 23:00:00,395466937.87741643,360521114.03835666,371578814.72220576,665832200,344311713.0
2024-06-13 00:00:00,395561184.8378012,360608723.73150736,371677635.7966353,666004086,344394864.0
2024-06-13 01:00:00,395654966.83747214,360692222.94383615,371776131.187449,666175843,344473580.0
2024-06-13 02:00:00,395748748.83714306,360771624.3643841,371874300.947626,666348508,344549366.0
2024-06-13 03:00:00,395842530.836814,360847715.3643841,371972145.13290566,666521422,344623302.0
2024-06-13 04:00:00,395936312.8364849,360923806.3643841,372069663.80194503,666694201,344697277.0
2024-06-13 05:00:00,396030094.83615583,361003247.3643841,372166857.01648647,666866962,344773235.0
2024-06-13 06:00:00,396124040.3483326,361086232.7249321,372263724.8415353,667041189,344853138.0
2024-06-13 07:00:00,396218429.0293579,361177354.76657593,372360267.345548,667216550,344938664.0
2024-06-13 08:00:00,396318789.5275203,361272622.82520604,372456484.60063225,667393004,345028788.0
2024-06-13 09:00:00,396425859.7953991,361373861.82520604,372552376.6827592,667570675,345123306.0
2024-06-13 10:00:00,396541427.8199226,361484887.82520604,372647943.67198837,667749255,345223418.0
2024-06-13 11:00:00,396657423.8368686,361596945.82520604,372743185.6527065,667928206,345329596.0
2024-06-13 12:00:00,396784845.5239489,361719381.82520604,372838102.71388143,668108308,345441345.0
2024-06-13 13:00:00,396922874.257648,361844917.4819184,372932694.9493312,668287946,345558330.0
2024-06-13 14:00:00,397067982.2903244,361978906.8690417,373026962.45800996,668467470,345679886.0
2024-06-13 15:00:00,397211362.541767,362114213.8690417,373120905.3443115,668647586,345804869.0
2024-06-13 16:00:00,397355005.89895564,362251081.3632883,373214523.71839166,668827496,345932732.0
2024-06-13 17:00:00,397499846.793786,362384952.3632883,373307817.69651073,669006626,346062197.0
2024-06-13 18:00:00,397643490.15097463,362520256.94931567,373400787.4013971,669183117,346190328.0
2024-06-13 19:00:00,397788295.993778,362654281.94931567,373493432.9626338,669356593,346315226.0
2024-06-13 20:00:00,397929176.8006772,362783036.94931567,373585754.5170688,669537261,346435072.0
2024-06-13 21:00:00,398060435.23262274,362908373.95150745,373677752.2092514,669718413,346550274.0
2024-06-13 22:00:00,398176142.3483644,363023009.95150745,373769426.19189566,669899311,346657953.0
2024-06-13 23:00:00,398284485.5165169,363124916.95150745,373860776.6263731,670080092,346757226.0
2024-06-14 00:00:00,398379172.45413136,363218093.95150745,373958118.8764316,670250733,346849004.0
2024-06-14 01:00:00,398473462.8670731,363305713.95150745,374055135.5534509,670421277,346935034.0
2024-06-14 02:00:00,398567244.86674404,363388824.95150745,374151826.71620435,670592217,347017422.0
2024-06-14 03:00:00,398661026.86641496,363470766.6868499,374248192.4265579,670763178,347097252.0
2024-06-14 04:00:00,398754808.8660859,363551543.8175348,374344232.7496479,670934004,347176331.0
2024-06-14 05:00:00,398848590.8657568,363634436.8175348,374439947.7540703,671104405,347256909.0
2024-06-14 06:00:00,398942881.27869856,363722056.8175348,374535337.51208067,671275914,347341121.0
2024-06-14 07:00:00,399037568.216313,363815924.91424716,374630402.0998073,671449565,347431219.0
2024-06-14 08:00:00,399140299.64340353,363912254.015617,374725141.5974767,671623754,347527324.0
2024-06-14 09:00:00,399250392.9801283,364018450.91397315,374819556.08965313,671797896,347628955.0
2024-06-14 10:00:00,399366100.09586996,364127117.5608225,374913645.66549283,671972618,347736230.0
2024-06-14 11:00:00,399483430.41112316,364246017.44438416,375007410.41901416,672147762,347848957.0
2024-06-14 12:00:00,399611967.20048916,364368453.44438416,375100850.4493841,672324001,347966743.0
2024-06-14 13:00:00,399749995.93418825,364493989.1010965,375193965.8612226,672500353,348088205.0
2024-06-14 14:00:00,399894785.8584934,364625427.1010965,375286756.764926,672676770,348212345.0
2024-06-14 15:00:00,400039893.8911698,364756865.1010965,375379223.2770101,672852242,348337696.0
2024-06-14 16:00:00,400184699.73397315,364890854.4882198,375471365.520475,673027943,348463394.0
2024-06-14 17:00:00,400329717.5468705,365024809.3202746,375563183.6251924,673203131,348587295.0
2024-06-14 18:00:00,400471220.458747,365153557.756439,375654677.72831744,673377574,348706818.0
2024-06-14 19:00:00,400608447.17396444,365279093.4131513,375745847.9747258,673549947,348821343.0
2024-06-14 20:00:00,400727761.1725551,365398178.4131513,375836694.5174787,673729079,348930638.0
2024-06-14 21:00:00,400843468.28829676,365508661.4131513,375927217.51831686,673908514,349035069.0
2024-06-14 22:00:00,400954440.38251317,365616026.4131513,376017417.14818555,674087995,349133060.0
2024-06-14 23:00:00,401054800.88067555,365715425.7915075,376107293.58779275,674267449,349223764.0
2024-06-15 00:00:00,401149047.84106034,365804821.656165,376203157.2442299,674437622,349307971.0
2024-06-15 01:00:00,401242829.84073126,365887814.62191844,376298695.4503663,674607667,349386989.0
2024-06-15 02:00:00,401336611.8404022,365969059.10684997,376393908.2714698,674777807,349462455.0
2024-06-15 03:00:00,401430393.8400731,366048646.10684997,376488795.7762756,674948069,349535432.0
2024-06-15 04:00:00,401524175.83974403,366123819.1504116,376583358.0371876,675117405,349607113.0
2024-06-15 05:00:00,401617957.83941495,366197577.1504116,376677595.1304914,675287502,349678440.0
2024-06-15 06:00:00,401711739.8390859,366272782.4224664,376771507.13658065,675459358,349750037.0
2024-06-15 07:00:00,401805521.8387568,366352010.97232944,376865094.1401973,675633216,349824847.0
2024-06-15 08:00:00,401899303.8384277,366434930.97232944,376958356.2306863,675809214,349904168.0
2024-06-15 09:00:00,401993550.7988125,366523988.8326034,377051293.5022666,675985841,349987942.0
2024-06-15 10:00:00,402088316.84973973,366617409.8326034,377143906.05431825,676163106,350075604.0
2024-06-15 11:00:00,402191253.7983951,366716930.15917873,377236193.9916878,676341014,350166718.0
2024-06-15 12:00:00,402298935.3493848,366824003.6671239,377328157.4250122,676519772,350261410.0
2024-06-15 13:00:00,402412332.0449942,366929613.0841102,377419796.4710632,676699159,350359020.0
2024-06-15 14:00:00,402528034.120803,367043388.0841102,377511111.2531129,676878602,350459481.0
2024-06-15 15:00:00,402643741.23654467,367153834.0841102,377602101.9013223,677057940,350563066.0
2024-06-15 16:00:00,402760680.084963,367270688.0841102,377692768.55315393,677237473,350670291.0
2024-06-15 17:00:00,402879754.38036275,367390338.0841102,377783111.3538104,677416460,350779601.0
2024-06-15 18:00:00,402996674.2039688,367507121.8347951,377873130.4567006,677594370,350888861.0
2024-06-15 19:00:00,403112381.3197105,367618950.7805485,377962826.02393496,677768453,350995491.0
2024-06-15 20:00:00,403227160.4561264,367729960.7805485,378052198.2268519,677948591,351096910.0
2024-06-15 21:00:00,403335503.6242789,367832072.58191836,378141247.2465775,678129254,351194220.0
2024-06-15 22:00:00,403435952.42126226,367927259.0594526,378229973.27462083,678309905,351285748.0
2024-06-15 23:00:00,403530199.38164705,368016890.45068544,378318376.5135061,678490421,351370635.0
2024-06-16 00:00:00,403623981.381318,368098403.7583567,378412761.8325947,678664896,351449559.0
2024-06-16 01:00:00,403717763.3809889,368176159.9241101,378506821.8377572,678839628,351524006.0
2024-06-16 02:00:00,403811545.3806598,368250269.4980827,378600556.60154575,679014499,351595272.0
2024-06-16 03:00:00,403905327.38033074,368322255.1419183,378693966.20040363,679189563,351664238.0
2024-06-16 04:00:00,403999109.38000166,368393862.54027444,378787050.71489185,679364797,351732129.0
2024-06-16 05:00:00,404092891.3796726,368465443.8731512,378879810.2299301,679540234,351799086.0
2024-06-16 06:00:00,404186673.3793435,368537077.8084937,378972244.8350524,679716725,351866264.0
2024-06-16 07:00:00,404280455.37901443,368610415.8084937,379064354.6246784,679895169,351936273.0
2024-06-16 08:00:00,404374237.37868536,368688358.2032882,379156139.69840163,680075139,352010286.0
2024-06-16 09:00:00,404468019.3783563,368771737.7172608,379247600.1612955,680255249,352088999.0
2024-06-16 10:00:00,404562266.33874106,368861171.7172608,379338736.12423795,680435592,352172729.0
2024-06-16 11:00:00,404662626.83690345,368959514.7172608,379429547.704257,680615949,352261912.0
2024-06-16 12:00:00,404769697.1047823,369060753.7172608,379520035.02489716,680797169,352356768.0
2024-06-16 13:00:00,404885265.1293058,369169075.7172608,379610198.216609,680978797,352456947.0
2024-06-16 14:00:00,405000972.24504745,369281493.0893156,379700037.4171629,681160629,352562418.0
2024-06-16 15:00:00,405122596.7784084,369401143.0893156,379789552.7720889,681341945,352673007.0
2024-06-16 16:00:00,405259823.4936258,369526193.584932,379878744.435144,681523620,352787699.0
2024-06-16 17:00:00,405397852.2273249,369648580.584932,379967612.5688089,681704452,352905371.0
2024-06-16 18:00:00,405535880.961024,369770967.584932,380056157.3448158,681883602,353022401.0
2024-06-16 19:00:00,405673107.6762414,369894744.584932,380144378.94470954,682059855,353136637.0
2024-06-16 20:00:00,405797165.0926472,370014890.584932,380232277.56044465,682241796,353246980.0
2024-06-16 21:00:00,405913161.10959315,370126942.0482197,380319853.3950193,682424198,353354110.0
2024-06-16 22:00:00,406026557.80520254,370232460.0619183,380407106.6631502,682606946,353455237.0
2024-06-16 23:00:00,406128869.8849055,370331755.6230142,380494037.5919897,682789724,353549059.0
2024-06-17 00:00:00,406223375.0965939,370423602.044932,380596990.39844,682964720,353636518.0
2024-06-17 01:00:00,406317665.5095357,370513657.00821966,380699617.52568966,683138893,353719667.0
2024-06-17 02:00:00,406411447.5092066,370598553.93041146,380801919.0268993,683312882,353800004.0
2024-06-17 03:00:00,406505229.5088775,370678984.4693156,380903894.95799834,683487001,353878795.0
2024-06-17 04:00:00,406599011.50854844,370759415.4693156,381005545.3778438,683660762,353957896.0
2024-06-17 05:00:00,406692793.50821936,370843386.4167128,381106870.3483879,683834865,354039206.0
2024-06-17 06:00:00,406787040.46860415,370931773.4167128,381207869.9348565,684009563,354125056.0
2024-06-17 07:00:00,406883594.6854555,371025974.6638361,381308544.20593774,684186047,354217561.0
2024-06-17 08:00:00,406988056.7929942,371126964.18958956,381408893.2339831,684363636,354316992.0
2024-06-17 09:00:00,407103624.8175177,371236768.6673978,381508917.0952198,684541988,354423047.0
2024-06-17 10:00:00,407222699.1129174,371355853.6673978,381608615.86997664,684720963,354536408.0
2024-06-17 11:00:00,407360727.8466165,371481190.6695896,381707989.6429239,684900482,354656667.0
2024-06-17 12:00:00,407505650.4827528,371615215.6695896,381807038.5033275,685081205,354783550.0
2024-06-17 13:00:00,407649293.83994144,371748517.6695896,381905762.54531926,685261717,354915793.0
2024-06-17 14:00:00,407797537.1465207,371886570.6695896,382004161.8681837,685441796,355051768.0
2024-06-17 15:00:00,407948521.85538226,372028859.6695896,382102236.57666224,685621842,355189714.0
2024-06-17 16:00:00,408100141.1030221,372172145.86821973,382199986.7812771,685802869,355328783.0
2024-06-17 17:00:00,408251760.35066193,372314087.7347951,382297412.5986744,685983220,355468291.0
2024-06-17 18:00:00,408403379.59830177,372457401.7347951,382394514.151989,686162059,355607030.0
2024-06-17 19:00:00,408551622.904881,372595661.0068499,382491291.5712322,686338392,355743351.0
2024-06-17 20:00:00,408695266.26206964,372731943.0068499,382587744.99370354,686518594,355874962.0
2024-06-17 21:00:00,408840284.074967,372865968.0068499,382683874.5644284,686699686,356001581.0
2024-06-17 22:00:00,408971542.5069126,372991054.0068499,382779680.43662274,686880530,356120481.0
2024-06-17 23:00:00,409087249.62265426,373104103.0068499,382875162.7721876,687061451,356230231.0
2024-06-18 00:00:00,409197342.959379,373210258.2709595,382976636.7636781,687235281,356332189.0
2024-06-18 01:00:00,409298844.82624304,373307632.2709595,383077785.186933,687408621,356428175.0
2024-06-18 02:00:00,409393531.7638575,373401281.8969869,383178608.10092634,687581353,356519777.0
2024-06-18 03:00:00,409487778.72424227,373491342.23534304,383279105.56773484,687753954,356608696.0
2024-06-18 04:00:00,409582025.68462706,373580776.23534304,383379277.65271634,687926894,356696792.0
2024-06-18 05:00:00,409676712.6222415,373675428.5997266,383479124.4246995,688099840,356786545.0
2024-06-18 06:00:00,409777073.1204039,373770710.5997266,383578645.9561846,688273424,356880171.0
2024-06-18 07:00:00,409885416.2885564,373872915.0038362,383677842.32355726,688448900,356980005.0
2024-06-18 08:00:00,410001123.40429807,373984354.0038362,383776713.60731447,688626194,357086023.0
2024-06-18 09:00:00,410122747.937659,374103851.10986364,383875259.8923051,688804879,357198360.0
2024-06-18 10:00:00,410260776.6713581,374232449.8254801,383973481.26798487,688984127,357317289.0
2024-06-18 11:00:00,410404156.9228007,374367756.8254801,384071377.82868737,689163791,357442926.0
2024-06-18 12:00:00,410551487.39148796,374505809.8254801,384168949.67391133,689344880,357575136.0
2024-06-18 13:00:00,410703106.6391278,374648098.8254801,384266196.90862614,689526378,357712401.0
2024-06-18 14:00:00,410855052.16832036,374792650.8254801,384363119.64359593,689707886,357852867.0
2024-06-18 15:00:00,411008065.10794467,374939670.8254801,384459717.9957241,689888687,357995352.0
2024-06-18 16:00:00,411160722.2849129,375088420.8254801,384555992.08841896,690069130,358138410.0
2024-06-18 17:00:00,411313379.4618811,375237170.8254801,384651942.0519827,690249098,358281798.0
2024-06-18 18:00:00,411466036.6388493,375384190.8254801,384747568.02402395,690427528,358424006.0
2024-06-18 19:00:00,411617655.88648915,375527477.02411026,384842870.1498966,690603425,358562611.0
2024-06-18 20:00:00,411765899.1930684,375665208.02411026,384937848.58316624,690784397,358695863.0
2024-06-18 21:00:00,411908801.0392933,375800353.22520614,385032503.48610544,690965524,358823977.0
2024-06-18 22:00:00,412048342.03591347,375929177.2994527,385126835.03022057,691146768,358943760.0
2024-06-18 23:00:00,412167416.3313132,376044109.4536993,385220843.3968117,691328047,359054109.0
2024-06-19 00:00:00,412283123.44705486,376155826.696439,385320838.804924,691500670,359156308.0
2024-06-19 01:00:00,412391466.6152074,376258046.696439,385420508.76796925,691672907,359252468.0
2024-06-19 02:00:00,412494538.58064324,376356430.3547952,385519853.35143757,691844881,359344216.0
2024-06-19 03:00:00,412594536.23940116,376453379.3547952,385618872.6242981,692016596,359433386.0
2024-06-19 04:00:00,412689979.00268835,376547711.316987,385717566.6592004,692187929,359521664.0
2024-06-19 05:00:00,412790339.50085074,376643298.4454801,385815935.53268844,692358711,359611015.0
2024-06-19 06:00:00,412894801.60838944,376743258.4454801,385913979.32542765,692530672,359703587.0
2024-06-19 07:00:00,413008306.9978935,376850275.7057541,386011698.1224458,692704037,359801942.0
2024-06-19 08:00:00,413124159.4287028,376962698.93643904,386109092.01338875,692879365,359906636.0
2024-06-19 09:00:00,413255417.86064833,377081154.7630144,386206161.09279186,693055397,360017698.0
2024-06-19 10:00:00,413400525.89332473,377212592.7630144,386302905.4603686,693232502,360135533.0
2024-06-19 11:00:00,413544169.2505134,377346619.7630144,386399325.2213163,693410533,360259949.0
2024-06-19 12:00:00,413693452.5539744,377484948.2441103,386495420.4866415,693589305,360389947.0
2024-06-19 13:00:00,413845398.08316696,377628284.0558911,386591191.37350535,693768403,360524491.0
2024-06-19 14:00:00,413998055.2601352,377775304.0558911,386686638.0055901,693947131,360662324.0
2024-06-19 15:00:00,414150712.4371034,377924021.69205546,386781760.51348895,694125179,360802109.0
2024-06-19 16:00:00,414303369.6140716,378072739.32821983,386876559.0351201,694302585,360943690.0
2024-06-19 17:00:00,414456026.7910398,378220511.32821983,386971033.7161667,694479097,361086061.0
2024-06-19 18:00:00,414608683.96800804,378369228.9643842,387065184.7105441,694653715,361227524.0
2024-06-19 19:00:00,414761242.8100695,378512594.9643842,387159012.1808972,694826197,361365066.0
2024-06-19 20:00:00,414911554.4103397,378650860.0136993,387252516.29912806,695007169,361496834.0
2024-06-19 21:00:00,415055197.76752836,378783988.0701376,387345697.2469577,695188294,361623528.0
2024-06-19 22:00:00,415200305.80020475,378912501.0701376,387438555.21652293,695370101,361742026.0
2024-06-19 23:00:00,415326602.8518085,379030653.0701376,387531090.4110108,695552042,361851185.0
2024-06-20 00:00:00,415442170.876332,379139730.92191845,387629607.49293935,695721056,361952453.0
2024-06-20 01:00:00,415546632.9838707,379241234.5734253,387727799.2666523,695890227,362047451.0
2024-06-20 02:00:00,415646993.4820331,379336783.4309595,387825665.80494857,696059389,362137905.0
2024-06-20 03:00:00,415741680.4196475,379429662.2375349,387923207.18453085,696228841,362225199.0
2024-06-20 04:00:00,415836367.35726196,379522534.2375349,388020423.4862332,696398327,362311563.0
2024-06-20 05:00:00,415931133.4081892,379615918.29561704,388117314.7952624,696567983,362399434.0
2024-06-20 06:00:00,416034205.37362504,379714328.1189047,388213881.20145464,696738175,362491194.0
2024-06-20 07:00:00,416144298.7103498,379818405.1189047,388310122.79954755,696910421,362589402.0
2024-06-20 08:00:00,416260005.82609147,379927071.386028,388406039.6894694,697084054,362694291.0
2024-06-20 09:00:00,416386302.8776952,380049366.42630196,388501631.97664595,697259735,362805359.0
2024-06-20 10:00:00,416527805.7895717,380175691.42630196,388596899.7723265,697436061,362923670.0
2024-06-20 11:00:00,416670707.6357966,380307436.41561705,388691843.19393015,697612732,363048801.0
2024-06-20 12:00:00,416818950.94237584,380448944.1008225,388786462.36541337,697790061,363179336.0
2024-06-20 13:00:00,416970570.1900157,380592288.67342526,388880757.417661,697967514,363314240.0
2024-06-20 14:00:00,417123227.3669839,380739308.67342526,388974728.48890126,698144701,363452512.0
2024-06-20 15:00:00,417275884.5439521,380888058.5106855,389068375.7251468,698321910,363593080.0
2024-06-20 16:00:00,417428541.7209203,381036788.02684987,389161699.2806635,698499728,363734749.0
2024-06-20 17:00:00,417581198.89788854,381185523.38027453,389254699.31846887,698677076,363876759.0
2024-06-20 18:00:00,417733856.07485676,381334267.38027453,389347376.0108615,698852891,364017250.0
2024-06-20 19:00:00,417886414.9169182,381479169.615891,389439729.539984,699026615,364154637.0
2024-06-20 20:00:00,418036984.9971833,381617113.615891,389531760.09842145,699207960,364286301.0
2024-06-20 21:00:00,418180628.35437196,381751116.4219184,389623467.88983804,699389294,364412985.0
2024-06-20 22:00:00,418324883.9808438,381879933.93232936,389714853.1296534,699570722,364531421.0
2024-06-20 23:00:00,418447699.63597035,382002263.63616496,389805916.0457624,699752472,364640685.0
2024-06-21 00:00:00,418562257.5110897,382113214.42602795,389902955.0874289,699921519,364742107.0
2024-06-21 01:00:00,418666719.6186284,382213150.91013753,389999668.97308373,700089663,364837406.0
2024-06-21 02:00:00,418767080.1167908,382308755.91013753,390096057.7837296,700257890,364928149.0
2024-06-21 03:00:00,418861767.0544052,382401932.91013753,390192121.6047528,700426123,365015914.0
2024-06-21 04:00:00,418956453.99201965,382494754.2167129,390287860.52617985,700594573,365102425.0
2024-06-21 05:00:00,419051140.9296341,382588159.3495896,390383274.642951,700763636,365190163.0
2024-06-21 06:00:00,419152642.7964981,382685533.3495896,390478364.0552097,700934341,365281329.0
2024-06-21 07:00:00,419262736.1332229,382787839.93287724,390573128.8686104,701108049,365378885.0
2024-06-21 08:00:00,419378443.24896455,382896524.0123293,390667569.19464535,701283121,365483847.0
2024-06-21 09:00:00,419506980.03833055,383014866.0123293,390761685.15099204,701458763,365596361.0
2024-06-21 10:00:00,419652088.07100695,383146165.33095944,390855476.8618816,701635714,365717130.0
2024-06-21 11:00:00,419795731.4281956,383283076.33095944,390948944.45849085,701812568,365845929.0
2024-06-21 12:00:00,419946386.22426873,383425635.3246581,391042088.0793584,701989934,365980631.0
2024-06-21 13:00:00,420098945.0663302,383571942.06137043,391134907.87082696,702168128,366119891.0
2024-06-21 14:00:00,420251602.2432984,383720686.06137043,391227403.9875135,702346110,366262424.0
2024-06-21 15:00:00,420404259.4202666,383869403.6975348,391319576.59280866,702524525,366407077.0
2024-06-21 16:00:00,420556916.59723485,384018121.33369917,391411425.859408,702702638,366553771.0
2024-06-21 17:00:00,420709573.77420306,384165893.33369917,391502951.9698764,702880140,366701291.0
2024-06-21 18:00:00,420862230.9511713,384313665.33369917,391594155.11724806,703055924,366847947.0
2024-06-21 19:00:00,421015243.8907956,384459985.33369917,391685035.5056648,703229321,366991271.0
2024-06-21 20:00:00,421165898.6868687,384600787.2180827,391775593.35105467,703410157,367128653.0
2024-06-21 21:00:00,421311121.8153023,384738018.2180827,391865828.8818532,703591689,367260401.0
2024-06-21 22:00:00,421456229.8479787,384865807.6364389,391955742.3397713,703773497,367384332.0
2024-06-21 23:00:00,421582526.89958245,384984831.6364389,392045333.9806111,703955533,367499188.0
2024-06-22 00:00:00,421698234.0153241,385096556.6364389,392140895.3001804,704127533,367605703.0
2024-06-22 01:00:00,421806577.1834766,385200162.6364389,392236131.6331797,704297818,367705482.0
2024-06-22 02:00:00,421908654.3002321,385298914.07342523,392331043.06982654,704468332,367800196.0
2024-06-22 03:00:00,422006006.772115,385392427.07342523,392425629.7052638,704639355,367891446.0
2024-06-22 04:00:00,422100693.70972943,385482843.1641102,392519891.6398503,704810498,367980347.0
2024-06-22 05:00:00,422195198.92141783,385576491.1641102,392613828.97946954,704982572,368068137.0
2024-06-22 06:00:00,422289704.13310623,385667071.09150743,392707441.8358572,705155711,368156283.0
2024-06-22 07:00:00,422389701.79186416,385762630.09041154,392800730.3269494,705331402,368249017.0
2024-06-22 08:00:00,422499795.1285889,385866236.09041154,392893694.5772523,705509504,368349791.0
2024-06-22 09:00:00,422615791.1455349,385980334.2128773,392986334.71823514,705689052,368459559.0
2024-06-22 10:00:00,422753819.87923396,386101780.2128773,393078650.8887473,705869712,368578795.0
2024-06-22 11:00:00,422897553.6400009,386233058.79397315,393170643.235462,706051083,368705944.0
2024-06-22 12:00:00,423045199.62030834,386371059.63589096,393262311.91334784,706232437,368839463.0
2024-06-22 13:00:00,423196818.8679482,386514353.61890465,393353657.0861692,706413484,368977543.0
2024-06-22 14:00:00,423349377.71000963,386659485.45342517,393444678.9270192,706594718,369117926.0
2024-06-22 15:00:00,423502034.88697785,386806505.45342517,393535377.61888546,706775742,369260005.0
2024-06-22 16:00:00,423654692.06394607,386955255.45342517,393625753.355252,706956372,369403389.0
2024-06-22 17:00:00,423807349.2409143,387104005.45342517,393715806.34073925,707136034,369547085.0
2024-06-22 18:00:00,423960006.4178825,387251006.4671238,393805536.79178405,707313745,369689437.0
2024-06-22 19:00:00,424111625.66552234,387391810.4671238,393894944.9373636,707489264,369828638.0
2024-06-22 20:00:00,424259705.7029071,387529541.4671238,393984031.0197651,707669332,369962997.0
2024-06-22 21:00:00,424402950.94288886,387661975.4671238,394072795.29540396,707849933,370092780.0
2024-06-22 22:00:00,424544453.85476536,387790801.4671238,394161238.03569496,708030676,370215786.0
2024-06-22 23:00:00,424670750.9063691,387910947.4671238,394249359.5279785,708211640,370330850.0
2024-06-23 00:00:00,424786746.92331505,388032031.6191786,394343443.4798293,708384591,370438356.0
2024-06-23 01:00:00,424901376.44240755,388143041.6191786,394437202.6339197,708556863,370539958.0
2024-06-23 02:00:00,425008446.7102864,388251501.3101375,394530637.0908243,708728298,370637115.0
2024-06-23 03:00:00,425110523.82704186,388350811.33808273,394623746.9566558,708899173,370731039.0
2024-06-23 04:00:00,425210521.4857998,388446376.62958956,394716532.3433936,709069875,370822943.0
2024-06-23 05:00:00,425305208.42341423,388539769.8010964,394808993.3692329,709240448,370913550.0
2024-06-23 06:00:00,425399895.3610287,388632938.74547994,394901130.1589553,709412176,371003686.0
2024-06-23 07:00:00,425500255.85919106,388728498.0726032,394992942.8443226,709586597,371096793.0
2024-06-23 08:00:00,425608599.0273436,388832104.0726032,395084431.56449574,709762582,371195461.0
2024-06-23 09:00:00,425724306.14308524,388942125.61369914,395175596.4664789,709941145,371300474.0
2024-06-23 10:00:00,425854266.86936563,389062710.43178135,395266437.7055925,710120040,371411889.0
2024-06-23 11:00:00,425999374.90204203,389191165.8761649,395356955.4459754,710298863,371529391.0
2024-06-23 12:00:00,426142276.74826694,389321991.3432882,395447149.8611188,710477782,371651549.0
2024-06-23 13:00:00,426288064.3656205,389456587.2783567,395537021.13443375,710656859,371777106.0
2024-06-23 14:00:00,426436307.6721997,389591508.2783567,395626569.4598548,710835680,371905046.0
2024-06-23 15:00:00,426585590.97566074,389729782.2783567,395715795.0424814,711015003,372034924.0
2024-06-23 16:00:00,426735844.7806118,389870008.8419183,395804698.0992604,711193997,372166222.0
2024-06-23 17:00:00,426886829.4894734,390010289.8419183,395893278.8597113,711372426,372297889.0
2024-06-23 18:00:00,427036112.7929344,390151829.64109635,395981537.5666983,711549158,372427624.0
2024-06-23 19:00:00,427183443.26162165,390289560.64109635,396069474.4772512,711723191,372554212.0
2024-06-23 20:00:00,427326345.10784656,390421994.64109635,396157089.8634382,711902495,372677215.0
2024-06-23 21:00:00,427471362.92074394,390552096.64109635,396244384.01329535,712081614,372796058.0
2024-06-23 22:00:00,427608589.63596135,390677540.78383607,396331357.2318148,712261282,372908655.0
2024-06-23 23:00:00,427725091.97315055,390791695.78383607,396418009.8419965,712441905,373013649.0
2024-06-24 00:00:00,427835185.3098753,390893449.8852059,396520658.68642855,712612469,373112411.0
2024-06-24 01:00:00,427936687.17673934,390990823.8852059,396622982.22834045,712781721,373206215.0
2024-06-24 02:00:00,428031453.22766656,391084219.1994525,396724980.5407772,712951031,373296450.0
2024-06-24 03:00:00,428125958.43935496,391175677.76411,396826653.7007002,713120223,373384369.0
2024-06-24 04:00:00,428220347.1203803,391264849.45863056,396928001.7892155,713289359,373472003.0
2024-06-24 05:00:00,428315034.0579947,391357863.2082196,397029024.8918161,713458681,373561491.0
2024-06-24 06:00:00,428416535.92485875,391453174.2082196,397129723.09863925,713628899,373654559.0
2024-06-24 07:00:00,428526629.2615835,391554925.73287714,397230096.50473964,713801257,373753080.0
2024-06-24 08:00:00,428642336.3773252,391664307.73287714,397330145.2103792,713975468,373856326.0
2024-06-24 09:00:00,428759666.6925784,391776998.7172607,397429869.32133496,714150977,373963916.0
2024-06-24 10:00:00,428889627.41885877,391896103.45260316,397529268.9492262,714327679,374075378.0
2024-06-24 11:00:00,429029168.41547894,392024749.79671276,397628344.2118618,714504644,374190298.0
2024-06-24 12:00:00,429174091.05161524,392154722.58904153,397727095.2336089,714681882,374308614.0
2024-06-24 13:00:00,429316992.89784014,392286908.58904153,397825522.1457851,714859382,374429523.0
2024-06-24 14:00:00,429460636.2550288,392420210.58904153,397923625.08707476,715037575,374552460.0
2024-06-24 15:00:00,429607966.723716,392554617.7682196,398021404.20397156,715215547,374677372.0
2024-06-24 16:00:00,429755297.19240326,392692348.7682196,398118859.6512487,715393500,374803923.0
2024-06-24 17:00:00,429902627.6610905,392830079.7682196,398215991.5924586,715571684,374931528.0
2024-06-24 18:00:00,430047850.7895241,392963675.57698673,398312800.20046425,715748387,375058300.0
2024-06-24 19:00:00,430191231.0409667,393095974.43068534,398409285.65800387,715922668,375181850.0
2024-06-24 20:00:00,430336339.0736431,393227412.43068534,398505448.1582911,716102988,375300044.0
2024-06-24 21:00:00,430474367.8073422,393350405.43068534,398601287.9056536,716283558,375413219.0
2024-06-24 22:00:00,430592685.1663031,393463343.5956169,398696805.1162116,716464366,375518888.0
2024-06-24 23:00:00,430706081.8619125,393570690.5956169,398792000.0185998,716645377,375616147.0
2024-06-25 00:00:00,430807583.7287765,393668064.5956169,398893170.8349248,716818195,375706194.0
2024-06-25 01:00:00,430902270.66639096,393759327.5956169,398994016.50146115,716991552,375790951.0
2024-06-25 02:00:00,430996517.62677574,393847689.6693155,399094537.0994848,717165879,375871925.0
2024-06-25 03:00:00,431090808.0397175,393932410.97698677,399194732.71466947,717340691,375950657.0
2024-06-25 04:00:00,431184954.0267228,394016461.23616487,399294603.43734425,717515725,376029157.0
2024-06-25 05:00:00,431279244.43966454,394104081.23616487,399394149.3627677,717690958,376109839.0
2024-06-25 06:00:00,431373931.377279,394195538.0408224,399493370.5914184,717867062,376194641.0
2024-06-25 07:00:00,431477137.1553341,394294311.0408224,399592267.22930366,718045450,376285184.0
2024-06-25 08:00:00,431588464.9802793,394399072.83534294,399690839.3882875,718225616,376380803.0
2024-06-25 09:00:00,431704172.096021,394508389.83534294,399789087.1864388,718405894,376481135.0
2024-06-25 10:00:00,431830469.14762473,394625391.67698675,399887010.7484013,718587043,376586323.0
2024-06-25 11:00:00,431969166.3234119,394754146.67698675,399984610.2057865,718767766,376696091.0
2024-06-25 12:00:00,432112900.0841788,394886742.15534294,400081885.6975914,718948244,376810417.0
2024-06-25 13:00:00,432258687.70153236,395024701.4715073,400178837.3706419,719128763,376928862.0
2024-06-25 14:00:00,432407971.0049934,395165660.6452059,400275465.3800644,719309251,377050913.0
2024-06-25 15:00:00,432559590.2526332,395307609.6452059,400371769.8897872,719489391,377175884.0
2024-06-25 16:00:00,432712149.0946947,395454572.4693155,400467751.0730728,719669207,377303889.0
2024-06-25 17:00:00,432865162.034319,395600892.4693155,400563409.1130844,719847707,377434633.0
2024-06-25 18:00:00,433017720.87638044,395745804.4693155,400658744.20348775,720024191,377564672.0
2024-06-25 19:00:00,433169340.1240203,395886793.31589085,400753756.5490914,720197732,377691203.0
2024-06-25 20:00:00,433316986.10432774,396024524.31589085,400848446.36652714,720379068,377813110.0
2024-06-25 21:00:00,433459797.927426,396156686.0134251,400942813.88497394,720560858,377931126.0
2024-06-25 22:00:00,433597826.66112506,396279679.0134251,401036859.34692776,720742626,378042151.0
2024-06-25 23:00:00,433715156.97637826,396392439.0134251,401130583.0090204,720924506,378145286.0
2024-06-26 00:00:00,433826484.8013235,396497642.0134251,401230276.1165344,721098062,378241600.0
2024-06-26 01:00:00,433930553.8639808,396596415.0134251,401329644.2442876,721270985,378332894.0
2024-06-26 02:00:00,434025996.627268,396690638.0134251,401428687.48280126,721443452,378420589.0
2024-06-26 03:00:00,434120501.8389564,396781039.3824662,401527405.92753804,721615432,378506159.0
2024-06-26 04:00:00,434214890.51998174,396870211.07698673,401625799.67919344,721786819,378591256.0
2024-06-26 05:00:00,434309577.4575962,396963047.07698673,401723868.84400535,721958766,378678260.0
2024-06-26 06:00:00,434411654.57435167,397062861.05178124,401821613.53408283,722131197,378769190.0
2024-06-26 07:00:00,434522626.6685681,397167185.05178124,401919033.8677553,722304979,378866559.0
2024-06-26 08:00:00,434638333.78430974,397276502.05178124,402016129.96994334,722479790,378969900.0
2024-06-26 09:00:00,434760497.271922,397390005.1783566,402112901.9725529,722656052,379079325.0
2024-06-26 10:00:00,434898526.0056211,397512946.2372607,402209350.0148938,722832520,379195014.0
2024-06-26 11:00:00,435043331.84842443,397642695.07835656,402305474.2441247,723009594,379316393.0
2024-06-26 12:00:00,435186975.2056131,397775997.07835656,402401274.815726,723186510,379442760.0
2024-06-26 13:00:00,435335218.5121923,397914041.34465796,402496751.89400214,723362887,379573504.0
2024-06-26 14:00:00,435485873.30826545,398054815.67178124,402591905.6526159,723539383,379707231.0
2024-06-26 15:00:00,435637492.5559053,398198256.55780864,402686736.2751561,723715636,379842313.0
2024-06-26 16:00:00,435789111.8035451,398339057.03178126,402781243.9557412,723891817,379978226.0
2024-06-26 17:00:00,435940731.05118495,398479856.17671275,402875428.8996614,724067423,380113705.0
2024-06-26 18:00:00,436088974.3577642,398618184.65780866,402969291.3240608,724242199,380246905.0
2024-06-26 19:00:00,436234197.48619777,398755902.0961648,403062831.45866346,724414993,380375988.0
2024-06-26 20:00:00,436377931.2469647,398885475.52684975,403156049.5465454,724595331,380499572.0
2024-06-26 21:00:00,436519434.1588412,399008166.98958945,403248945.8449555,724775822,380617431.0
2024-06-26 22:00:00,436645731.2104449,399126318.98958945,403341520.62618923,724956369,380727073.0
2024-06-26 23:00:00,436761438.3261866,399236059.574247,403433774.17851776,725137455,380827912.0
2024-06-27 00:00:00,436865900.4337253,399334142.574247,403531989.93285674,725307515,380921572.0
2024-06-27 01:00:00,436960587.37133974,399426537.574247,403629880.8968963,725477616,381009763.0
2024-06-27 02:00:00,437054834.3317245,399514930.5564388,403727447.1715492,725648176,381094215.0
2024-06-27 03:00:00,437149124.7446663,399601690.664658,403824688.8632842,725819145,381176264.0
2024-06-27 04:00:00,437243415.15760803,399685896.74328816,403921606.08445567,725990137,381257902.0
2024-06-27 05:00:00,437337662.1179928,399773147.27945256,404018198.95365393,726161972,381341360.0
2024-06-27 06:00:00,437432349.05560726,399866027.27945256,404114467.59607685,726334119,381428128.0
2024-06-27 07:00:00,437535080.4826978,399963777.8671238,404210412.1439251,726506495,381519361.0
2024-06-27 08:00:00,437643423.6508503,400066568.33342516,404306032.7368219,726679462,381614534.0
2024-06-27 09:00:00,437758991.6753738,400171877.33342516,404401329.5222592,726852773,381713289.0
2024-06-27 10:00:00,437874698.79111546,400281194.11643887,404496302.65607166,727027667,381815657.0
2024-06-27 11:00:00,437994012.7897061,400399084.87863064,404590952.30294067,727202219,381921710.0
2024-06-27 12:00:00,438125271.2216517,400518693.5641101,404685278.63692975,727377392,382031586.0
2024-06-27 13:00:00,438263299.95535076,400641662.1802745,404779281.84205395,727552569,382145066.0
2024-06-27 14:00:00,438407555.5818226,400773020.8446581,404872962.11288524,727728031,382261448.0
2024-06-27 15:00:00,438552573.39471996,400904458.8446581,404966319.655196,727903630,382380325.0
2024-06-27 16:00:00,438697379.2375233,401035319.9517814,405059354.68664366,728079220,382501956.0
2024-06-27 17:00:00,438840759.4889659,401170626.9517814,405152067.43749815,728254257,382625268.0
2024-06-27 18:00:00,438985565.3317693,401299036.1438362,405244458.15141636,728428381,382747663.0
2024-06-27 19:00:00,439127621.32388204,401427549.1438362,405336527.0862654,728600570,382866540.0
2024-06-27 20:00:00,439265650.0575811,401552893.1438362,405428274.5149985,728779670,382979813.0
2024-06-27 21:00:00,439391947.10918486,401671030.93123347,405519700.7265869,728959546,383087875.0
2024-06-27 22:00:00,439507654.22492653,401780755.7030143,405610806.0270113,729139540,383188870.0
2024-06-27 23:00:00,439614724.49280536,401881885.5589047,405701590.74031687,729320068,383282444.0
2024-06-28 00:00:00,439709229.70449376,401972034.7375348,405798329.53795934,729490961,383368971.0
2024-06-28 01:00:00,439803520.1174355,402057251.9904115,405894743.756613,729660974,383450349.0
2024-06-28 02:00:00,439897302.11710644,402139181.705754,405990833.5088781,729830726,383528073.0
2024-06-28 03:00:00,439991084.11677736,402220880.3835622,406086598.913606,730000333,383603887.0
2024-06-28 04:00:00,440084866.1164483,402302084.59041154,406182040.0962722,730170047,383679315.0
2024-06-28 05:00:00,440178648.1161192,402385790.5082198,406277157.18937254,730339986,383756242.0
2024-06-28 06:00:00,440272938.52906096,402469169.07506907,406371950.3328442,730510625,383836264.0
2024-06-28 07:00:00,440367327.2100863,402558577.9989047,406466419.6745128,730683563,383920767.0
2024-06-28 08:00:00,440467687.7082487,402651335.88328826,406560565.3705679,730857746,384009427.0
2024-06-28 09:00:00,440572149.8157874,402750048.76356226,406654387.5860682,731034105,384101238.0
2024-06-28 10:00:00,440683121.9100038,402854808.68657595,406747886.49547863,731211725,384196592.0
2024-06-28 11:00:00,440798829.02574545,402963725.88465816,406841062.28324115,731389159,384295605.0
2024-06-28 12:00:00,440914825.0426914,403077102.88465816,406933915.1443818,731567332,384398771.0
2024-06-28 13:00:00,441036988.53030366,403195075.88465816,407026445.28515613,731745632,384505827.0
2024-06-28 14:00:00,441168246.9622492,403320155.10383624,407118652.9237353,731924934,384616704.0
2024-06-28 15:00:00,441306275.6959483,403443148.10383624,407210538.29093623,732104199,384731029.0
2024-06-28 16:00:00,441447156.5028475,403566127.98986363,407302101.63099754,732283296,384848045.0
2024-06-28 17:00:00,441591946.42715263,403695203.31260335,407393343.20240545,732462112,384966354.0
2024-06-28 18:00:00,441732827.2340518,403822140.4712335,407484263.27877206,732639238,385083203.0
2024-06-28 19:00:00,441870855.9677509,403945597.5334253,407574862.1497698,732812913,385196543.0
2024-06-28 20:00:00,441993019.45536315,404063570.5334253,407665140.1221256,732992889,385305656.0
2024-06-28 21:00:00,442109015.4723091,404176102.5334253,407755097.52067924,733173090,385411807.0
2024-06-28 22:00:00,442222520.8618132,404279498.5334253,407844734.68950856,733353618,385512729.0
2024-06-28 23:00:00,442325457.81046855,404378803.5334253,407934051.9931281,733534294,385607402.0
2024-06-29 00:00:00,,,,733706402,
2024-06-29 01:00:00,,,,733878696,
2024-06-29 02:00:00,,,,734051261,
2024-06-29 03:00:00,,,,734223732,
2024-06-29 04:00:00,442419239.8101395,404465323.5334253,408028017.68719274,734396337,385687237.0
2024-06-29 05:00:00,442513021.8098104,404549261.5334253,408121659.5851166,734568895,385767785.0
2024-06-29 06:00:00,442606803.8094813,404634194.52958965,408214977.84344476,734741504,385849416.0
2024-06-29 07:00:00,442701094.2224231,404720785.0180828,408307972.6276137,734915123,385934318.0
2024-06-29 08:00:00,442795781.1600375,404813621.1597266,408400644.1124904,735088889,386024670.0
2024-06-29 09:00:00,442899850.2226949,404913172.46109647,408492992.48294437,735262995,386121378.0
2024-06-29 10:00:00,443011178.0476401,405019459.2945211,408585017.93445635,735437727,386223658.0
2024-06-29 11:00:00,443126885.16338176,405131778.2945211,408676720.6737657,735612431,386331463.0
2024-06-29 12:00:00,443246199.1619724,405251428.2945211,408768100.91955847,735788134,386444028.0
2024-06-29 13:00:00,443377457.59391797,405376441.6041101,408859158.903199,735964614,386560796.0
2024-06-29 14:00:00,443515486.32761705,405499434.6041101,408949894.86950874,736140885,386680458.0
2024-06-29 15:00:00,443659741.95408887,405630793.2684937,409040309.0775939,736317212,386802901.0
2024-06-29 16:00:00,443804664.59022516,405758943.49698687,409130401.8017265,736492648,386928305.0
2024-06-29 17:00:00,443949470.4330285,405889804.6041102,409220173.33228135,736666874,387055425.0
2024-06-29 18:00:00,444094276.2758319,406018220.6041102,409309623.9767329,736838735,387181996.0
2024-06-29 19:00:00,444239066.200137,406146695.6586307,409398754.06071645,737008879,387306005.0
2024-06-29 20:00:00,444377094.9338361,406271979.4720554,409487563.929157,737186813,387426276.0
2024-06-29 21:00:00,444503391.98543984,406392095.0397266,409576053.9474708,737366419,387542744.0
2024-06-29 22:00:00,444619099.1011815,406504414.0397266,409664224.5028442,737546374,387653635.0
2024-06-29 23:00:00,444730071.1953979,406609188.0397266,409752076.0055952,737726404,387758272.0
2024-06-30 00:00:00,444834140.25805527,406707961.0397266,409845862.26876986,737895861,387856471.0
2024-06-30 01:00:00,444928827.1956697,406803025.9136992,409939324.4524114,738065767,387949511.0
2024-06-30 02:00:00,445023074.1560545,406890602.39123344,410032462.69708604,738235328,388038820.0
2024-06-30 03:00:00,445117364.56899625,406979227.39123344,410125277.15128815,738403930,388125367.0
2024-06-30 04:00:00,445211146.5686672,407065667.92000055,410217767.97191864,738573155,388210404.0
2024-06-30 05:00:00,445304928.5683381,407148364.0093156,410309935.32479256,738742471,388294815.0
2024-06-30 06:00:00,445398710.568009,407231938.0093156,410401779.38517934,738912408,388378864.0
2024-06-30 07:00:00,445492856.5550143,407320563.0093156,410493300.3383767,739083800,388465215.0
2024-06-30 08:00:00,445587361.7667027,407410589.19561696,410584498.38032085,739256866,388556365.0
2024-06-30 09:00:00,445689438.8834582,407509362.19561696,410675373.7182357,739430148,388652894.0
2024-06-30 10:00:00,445800410.9776746,407613617.19561696,410765926.5713226,739604646,388754886.0
2024-06-30 11:00:00,445916118.0934163,407725874.0832882,410856157.1714946,739779026,388861742.0
2024-06-30 12:00:00,446034435.4523772,407845524.0832882,410946065.76415664,739953524,388972130.0
2024-06-30 13:00:00,446160732.50398093,407962943.0832882,411035652.609036,740127962,389085667.0
2024-06-30 14:00:00,446291990.9359265,408085349.0832882,411124917.9810657,740302907,389201966.0
2024-06-30 15:00:00,446430019.6696256,408206669.4821923,411213862.1713238,740477926,389320671.0
2024-06-30 16:00:00,446568048.40332466,408329331.4104115,411302485.48803353,740653122,389441017.0
2024-06-30 17:00:00,446706077.13702375,408452324.4104115,411390788.2576272,740828189,389561075.0
2024-06-30 18:00:00,446844105.87072283,408577668.4104115,411478770.82587814,741002329,389678560.0
2024-06-30 19:00:00,446971788.1647722,408700077.775343,411566433.5591058,741175395,389792207.0
2024-06-30 20:00:00,447090862.46017194,408813309.97616494,411653776.84545827,741353487,389900842.0
2024-06-30 21:00:00,447206569.5759136,408923334.60931563,411740801.0962773,741531675,390005278.0
2024-06-30 22:00:00,447318779.99057084,409030699.60931563,411827506.7475517,741710279,390103463.0
2024-06-30 23:00:00,447421092.0702738,409128482.60931563,411913894.2614645,741889086,390194298.0
2024-07-01 00:00:00,447515339.0306586,409217629.60931563,412017723.94880843,742057682,390278481.0
2024-07-01 01:00:00,447609121.0303295,409301175.60931563,412121227.6728154,742226359,390357717.0
2024-07-01 02:00:00,447702903.03000045,409380681.0805485,412224405.47212243,742395196,390433252.0
2024-07-01 03:00:00,447796685.0296714,409458977.90219235,412327257.3873151,742563903,390506590.0
2024-07-01 04:00:00,447890467.0293423,409537274.7238362,412429783.4610363,742732576,390579673.0
2024-07-01 05:00:00,447984249.0290132,409617732.5032882,412531983.738102,742900900,390654363.0
2024-07-01 06:00:00,448078395.0160185,409702386.6410964,412633858.26562375,743070200,390732102.0
2024-07-01 07:00:00,448172641.9764033,409792661.0175348,412735407.09313846,743240886,390814067.0
2024-07-01 08:00:00,448267578.5974139,409885681.0175348,412836630.272746,743412220,390899379.0
2024-07-01 09:00:00,448367939.0955763,409981945.0175348,412937527.8592555,743584836,390986841.0
2024-07-01 10:00:00,448472401.203115,410082006.0175348,413038099.9103396,743758895,391076242.0
2024-07-01 11:00:00,448579334.193458,410183053.0175348,413138346.486699,743933345,391167931.0
2024-07-01 12:00:00,448689427.5301828,410285781.5117814,413238267.6522363,744107907,391261997.0
2024-07-01 13:00:00,448802824.22579217,410391976.45835674,413337863.47424084,744282650,391358667.0
2024-07-01 14:00:00,448918392.25031567,410502557.45835674,413437134.0235846,744459323,391458157.0
2024-07-01 15:00:00,449034099.36605734,410611624.74602795,413536079.3749299,744636409,391560375.0
2024-07-01 16:00:00,449149806.481799,410722769.93205535,413634699.6069503,744813645,391665520.0
2024-07-01 17:00:00,449266308.8189882,410834942.93205535,413732994.8025645,744990331,391773396.0
2024-07-01 18:00:00,449382304.83593416,410947115.93205535,413830965.0491851,745165313,391881310.0
2024-07-01 19:00:00,449498011.95167583,411058313.1676718,413928610.4389822,745337329,391987210.0
2024-07-01 20:00:00,449613579.9761993,411164503.81452113,414025931.0691636,745516137,392088362.0
2024-07-01 21:00:00,449724552.07041574,411269554.0320554,414122927.0422724,745695847,392186003.0
2024-07-01 22:00:00,449825191.0260956,411369060.0320554,414219598.4665025,745875321,392277698.0
2024-07-01 23:00:00,449919437.9864804,411459562.66328824,414315945.45603436,746054775,392362494.0
2024-07-02 00:00:00,450013219.98615134,411541478.84411013,414418295.73588896,746224167,392441566.0
2024-07-02 01:00:00,450107001.98582226,411620057.80000055,414520320.13289684,746394158,392516385.0
2024-07-02 02:00:00,450200783.9854932,411697722.4665759,414622018.6897808,746564209,392588658.0
2024-07-02 03:00:00,450294565.9851641,411770664.3509595,414723391.45144147,746734099,392659443.0
2024-07-02 04:00:00,450388347.984835,411844179.3838362,414824438.4650803,746904119,392730251.0
2024-07-02 05:00:00,450482129.98450595,411920226.3838362,414925159.78032976,747074190,392802997.0
2024-07-02 06:00:00,450575911.9841769,412004016.3838362,415025555.44939107,747245373,392879428.0
2024-07-02 07:00:00,450670202.3971186,412089986.3838362,415125625.5271808,747419382,392960525.0
2024-07-02 08:00:00,450764889.33473307,412181475.3838362,415225370.07148594,747593630,393045690.0
2024-07-02 09:00:00,450865249.83289546,412275648.83013755,415324789.14312845,747768719,393134343.0
2024-07-02 10:00:00,450969711.94043416,412375558.1367129,415423882.80613977,747944049,393227051.0
2024-07-02 11:00:00,451080684.03465056,412480250.9676718,415522651.1279461,748119265,393323775.0
2024-07-02 12:00:00,451196361.624444,412589198.7208225,415621094.17956454,748295231,393424213.0
2024-07-02 13:00:00,451312357.64138997,412700978.4534252,415719212.03581196,748471289,393529342.0
2024-07-02 14:00:00,451434521.1290022,412815393.49917865,415817004.7755258,748647730,393638640.0
2024-07-02 15:00:00,451565779.5609478,412933899.9597266,415914472.481799,748825069,393751999.0
2024-07-02 16:00:00,451703808.29464686,413055885.66602796,416011615.24222916,749002689,393869568.0
2024-07-02 17:00:00,451845311.20652336,413178529.3391786,416108433.14918303,749180183,393989778.0
2024-07-02 18:00:00,451986192.01342255,413300779.7682197,416204926.30007744,749355934,394109833.0
2024-07-02 19:00:00,452124220.74712163,413424229.0189046,416301094.7976774,749529495,394227496.0
2024-07-02 20:00:00,452250517.79872537,413542341.0189046,416396938.75041294,749708209,394340308.0
2024-07-02 21:00:00,452366723.5840558,413653870.0189046,416492458.27271533,749887183,394449141.0
2024-07-02 22:00:00,452480120.2796652,413758382.2810964,416587653.4853744,750066153,394551580.0
2024-07-02 23:00:00,452581622.1465292,413857339.2810964,416682524.5159181,750245721,394646294.0
2024-07-03 00:00:00,452676309.08414364,413949196.2810964,416783395.5559299,750417288,394734553.0
2024-07-03 01:00:00,452770599.4970854,414036017.2810964,416883940.80215126,750588837,394817669.0
2024-07-03 02:00:00,452864381.4967563,414118887.9167128,416984160.3018736,750760695,394897699.0
2024-07-03 03:00:00,452958163.49642724,414200611.6564388,417084054.1048249,750932270,394975663.0
2024-07-03 04:00:00,453051945.49609816,414282335.39616483,417183622.2633078,751103773,395053453.0
2024-07-03 05:00:00,453145727.4957691,414363533.39616483,417282864.8323467,751274832,395133148.0
2024-07-03 06:00:00,453240017.90871084,414450738.9495895,417381781.8698428,751446499,395216706.0
2024-07-03 07:00:00,453334783.95963806,414543751.59917855,417480373.4367397,751619477,395306215.0
2024-07-03 08:00:00,453439246.06717676,414646539.5726032,417578639.59719765,751793345,395401378.0
2024-07-03 09:00:00,453550573.892122,414752888.5726032,417676580.41877985,751967469,395502260.0
2024-07-03 10:00:00,453666281.00786364,414861989.60630184,417774195.97264904,752141642,395608580.0
2024-07-03 11:00:00,453787314.41383785,414981639.60630184,417871486.3337764,752315495,395720395.0
2024-07-03 12:00:00,453925343.14753693,415101033.72137034,417968451.5811637,752490052,395837697.0
2024-07-03 13:00:00,454070451.18021333,415227483.72137034,418065091.7980782,752664294,395959443.0
2024-07-03 14:00:00,454215257.0230167,415358061.72137034,418161407.07230276,752838407,396084993.0
2024-07-03 15:00:00,454358502.26299846,415490494.7178087,418257397.49640113,753012800,396213208.0
2024-07-03 16:00:00,454504289.880352,415624780.8627402,418353063.1679993,753187188,396343311.0
2024-07-03 17:00:00,454651620.34903926,415761842.68684983,418448404.19008476,753361317,396474081.0
2024-07-03 18:00:00,454797407.9663928,415896791.1145211,418543420.6713237,753533613,396602598.0
2024-07-03 19:00:00,454940309.8126177,416025150.5443841,418638112.7263987,753703625,396726729.0
2024-07-03 20:00:00,455085417.8452941,416153133.5443841,418732480.4763666,753882487,396845551.0
2024-07-03 21:00:00,455223446.5789932,416275809.1698636,418826524.04903907,754061526,396959451.0
2024-07-03 22:00:00,455342520.8743929,416391803.1698636,418920243.5793871,754240935,397066558.0
2024-07-03 23:00:00,455455917.5700023,416498013.1698636,419013639.2099706,754420505,397166540.0
2024-07-04 00:00:00,455560146.0667432,416598692.9194526,419113031.1957423,754588261,397260000.0
2024-07-04 01:00:00,455654833.00435764,416691675.82383615,419212097.48636204,754755858,397348081.0
2024-07-04 02:00:00,455749079.9647424,416780757.82383615,419310838.1342341,754923400,397432224.0
2024-07-04 03:00:00,455843370.3776842,416865366.82383615,419409253.19449055,755090934,397513612.0
2024-07-04 04:00:00,455937152.3773551,416948134.5463019,419507342.7251473,755258160,397593742.0
2024-07-04 05:00:00,456030934.377026,417029192.73260325,419605106.7872693,755425532,397673608.0
2024-07-04 06:00:00,456124716.37669694,417110250.9189046,419702545.4451461,755593515,397753513.0
2024-07-04 07:00:00,456219006.7896387,417195671.524932,419799658.76647794,755763414,397836306.0
2024-07-04 08:00:00,456313693.72725314,417288802.74082243,419896446.8225732,755935481,397924700.0
2024-07-04 09:00:00,456418155.83479184,417388615.74082243,419992909.68855786,756108652,398019731.0
2024-07-04 10:00:00,456531661.2242959,417499600.0279457,420089047.443598,756282522,398121631.0
2024-07-04 11:00:00,456647657.2412419,417610892.0279457,420184860.1711355,756456195,398230062.0
2024-07-04 12:00:00,456773954.2928456,417729158.71534294,420280347.9591388,756630240,398344163.0
2024-07-04 13:00:00,456911983.0265447,417851155.77917856,420375510.9003688,756804266,398462552.0
2024-07-04 14:00:00,457053485.9384212,417977621.84630185,420470349.092661,756978342,398583471.0
2024-07-04 15:00:00,457198593.9710976,418105563.2663019,420564862.6392255,757152014,398705907.0
2024-07-04 16:00:00,457343399.81390095,418236141.2663019,420659051.6489651,757324841,398829339.0
2024-07-04 17:00:00,457486780.06534356,418371369.3375347,420752916.23681396,757497287,398952251.0
2024-07-04 18:00:00,457630513.8261105,418506593.9369868,420846456.52409625,757668335,399072639.0
2024-07-04 19:00:00,457775621.8587869,418635752.1720553,420939672.63890797,757838488,399189311.0
2024-07-04 20:00:00,457913650.59248596,418758745.1720553,421032564.7165223,758017335,399302015.0
2024-07-04 21:00:00,458042187.381852,418877748.74821967,421125132.89982027,758196441,399410543.0
2024-07-04 22:00:00,458158039.81266123,418989040.74821967,421217377.33974874,758375438,399514826.0
2024-07-04 23:00:00,458269367.63760644,419096405.74821967,421309298.1958066,758555123,399614286.0
2024-07-05 00:00:00,458373829.74514514,419197025.74821967,421407211.3330349,758723111,399707913.0
2024-07-05 01:00:00,458473827.40390307,419292630.74821967,421504798.88447696,758891066,399796687.0
2024-07-05 02:00:00,458568216.0849284,419385357.8180827,421602060.9082633,759059491,399881795.0
2024-07-05 03:00:00,458662463.0453132,419473744.8180827,421698997.4655807,759227985,399964853.0
2024-07-05 04:00:00,458756710.00569797,419562131.8180827,421795608.62084794,759396636,400047236.0
2024-07-05 05:00:00,458850956.96608275,419651503.4512334,421891894.4419025,759565532,400130977.0
2024-07-05 06:00:00,458945723.01701,419744924.4512334,421987855.00019866,759735563,400216901.0
2024-07-05 07:00:00,459050185.1245487,419847723.924932,422083490.3710173,759907156,400307097.0
2024-07-05 08:00:00,459163690.51405275,419957785.924932,422178800.633689,760080704,400403217.0
2024-07-05 09:00:00,459279542.944862,420069535.735069,422273785.8718306,760255019,400506114.0
2024-07-05 10:00:00,459407225.2389114,420190133.735069,422368446.17359626,760429687,400616141.0
2024-07-05 11:00:00,459548106.0458106,420319097.23698676,422462781.63194424,760604216,400732704.0
2024-07-05 12:00:00,459692911.88861394,420449047.84246624,422556792.34491986,760779391,400854680.0
2024-07-05 13:00:00,459836555.2458026,420585958.84246624,422650478.41595614,760954859,400981568.0
2024-07-05 14:00:00,459983885.7144898,420721480.3279457,422743839.95419294,761130146,401111895.0
2024-07-05 15:00:00,460131965.75187457,420857601.8383567,422836877.07481617,761305754,401244566.0
2024-07-05 16:00:00,460280209.0584538,420994921.8383567,422929589.8994177,761481810,401378697.0
2024-07-05 17:00:00,460428452.36503303,421131911.15479505,423021978.55637825,761657655,401513199.0
2024-07-05 18:00:00,460575782.83372027,421268769.37287724,423114043.1812735,761832095,401645754.0
2024-07-05 19:00:00,460719163.0851629,421401432.37287724,423205783.9173064,762004272,401774696.0
2024-07-05 20:00:00,460863953.009468,421527037.37287724,423297200.9157659,762183352,401898687.0
2024-07-05 21:00:00,461001981.7431671,421648647.1131512,423388294.33651465,762362189,402018413.0
2024-07-05 22:00:00,461121295.74175775,421763142.194795,423479064.3485078,762541204,402132274.0
2024-07-05 23:00:00,461236863.76628125,421874168.194795,423569511.130344,762720222,402239281.0
2024-07-06 00:00:00,461347835.86049765,421980424.194795,423665945.6472286,762887917,402339695.0
2024-07-06 01:00:00,461451904.923155,422081090.70821965,423762054.69971114,763055515,402434613.0
2024-07-06 02:00:00,461546670.97408223,422174500.83178127,423857838.3523399,763223698,402525425.0
2024-07-06 03:00:00,461641059.65510756,422265656.83178127,423953296.67308986,763391887,402613260.0
2024-07-06 04:00:00,461735306.61549234,422354719.9810963,424048429.7335612,763560029,402699183.0
2024-07-06 05:00:00,461829553.57587713,422443106.9810963,424143237.60919,763727896,402784406.0
2024-07-06 06:00:00,461923800.5362619,422531493.9810963,424237720.3794715,763896301,402869470.0
2024-07-06 07:00:00,462018487.47387636,422624365.9810963,424331878.1281976,764066587,402958079.0
2024-07-06 08:00:00,462122556.5365337,422725062.9810963,424425710.9437086,764237995,403053005.0
2024-07-06 09:00:00,462235953.2321431,422836047.2682196,424519218.9191603,764410453,403155394.0
2024-07-06 10:00:00,462351949.24908906,422947791.273973,424612402.1528081,764584326,403264778.0
2024-07-06 11:00:00,462479370.9361694,423070227.273973,424705260.7483083,764757728,403380262.0
2024-07-06 12:00:00,462617399.66986847,423192614.273973,424797794.81503797,764931911,403500543.0
2024-07-06 13:00:00,462762507.70254487,423320415.273973,424890004.46843517,765105962,403624056.0
2024-07-06 14:00:00,462907313.5453482,423449606.273973,424981889.83036,765279802,403750525.0
2024-07-06 15:00:00,463050693.79679084,423584834.34520584,425073451.0294781,765453259,403879155.0
2024-07-06 16:00:00,463193595.64301574,423717268.34520584,425164688.2016682,765626357,404010305.0
2024-07-06 17:00:00,463336840.8829975,423852486.34520584,425255601.4904555,765799448,404142774.0
2024-07-06 18:00:00,463480221.1344401,423987793.34520584,425346191.04747146,765970362,404274596.0
2024-07-06 19:00:00,463625329.1671165,424115594.34520584,425436457.03294325,766139470,404403935.0
2024-07-06 20:00:00,463763357.9008156,424237981.34520584,425526399.61621344,766317457,404528036.0
2024-07-06 21:00:00,463891894.6901816,424358516.22931546,425616018.9762928,766495817,404647177.0
2024-07-06 22:00:00,464007890.7071276,424470045.22931546,425705315.3024477,766673897,404760035.0
2024-07-06 23:00:00,464121287.40273696,424580034.0778086,425794288.79482484,766851926,404865924.0
2024-07-07 00:00:00,464228357.6706158,424681273.0778086,425889244.9447857,767016347,404964881.0
2024-07-07 01:00:00,464328718.1687782,424776555.0778086,425983875.76520306,767180257,405057910.0
2024-07-07 02:00:00,464423405.1063926,424868080.75452095,426078181.3278233,767344675,405146467.0
2024-07-07 03:00:00,464517652.0667774,424958618.75452095,426172161.70823765,767508955,405231743.0
2024-07-07 04:00:00,464611942.47971916,425044847.75452095,426265816.9861065,767673466,405314507.0
2024-07-07 05:00:00,464706232.8926609,425130820.03945243,426359147.24539703,767837879,405396103.0
2024-07-07 06:00:00,464800206.66411966,425215978.03945243,426452152.5746356,768003334,405477132.0
2024-07-07 07:00:00,464894453.62450445,425304749.3257538,426544833.0671761,768170774,405560781.0
2024-07-07 08:00:00,464991806.0963873,425398324.3257538,426637188.82148415,768339570,405650258.0
2024-07-07 09:00:00,465098876.36426616,425499563.3257538,426729219.9414395,768509915,405746714.0
2024-07-07 10:00:00,465214583.4800078,425610486.3257538,426820926.5366569,768681170,405850308.0
2024-07-07 11:00:00,465333897.4785985,425730136.3257538,426912308.72282696,768852247,405960207.0
2024-07-07 12:00:00,465471926.21229756,425852172.14876753,427003366.6220782,769023838,406076028.0
2024-07-07 13:00:00,465617034.24497396,425979797.81369907,427094100.3633616,769195354,406196597.0
2024-07-07 14:00:00,465760768.0057409,426112066.81369907,427184510.0828595,769366714,406321121.0
2024-07-07 15:00:00,465904411.3629295,426248960.7531511,427274595.92441964,769538263,406448948.0
2024-07-07 16:00:00,466051741.83161676,426384167.7531511,427364358.04001665,769709758,406579656.0
2024-07-07 17:00:00,466199985.138196,426525771.7531511,427453796.5902425,769881012,406711995.0
2024-07-07 18:00:00,466348228.4447752,426667375.7531511,427542911.7448279,770050859,406843483.0
2024-07-07 19:00:00,466493451.5732088,426804606.7531511,427631703.68319637,770218651,406971861.0
2024-07-07 20:00:00,466636831.8246514,426935892.87452096,427720172.59505326,770394035,407095407.0
2024-07-07 21:00:00,466781087.45112324,427064348.2252059,427808318.6810124,770570222,407214435.0
2024-07-07 22:00:00,466909624.24048924,427184879.4205484,427896142.153262,770747386,407325968.0
2024-07-07 23:00:00,467025331.3562309,427296148.47424704,427983643.236273,770924612,407429572.0
2024-07-08 00:00:00,467135424.6929557,427402292.9161649,428087166.9534133,771090037,407526142.0
2024-07-08 01:00:00,467237501.80971116,427499666.9161649,428190364.9797905,771254829,407617424.0
2024-07-08 02:00:00,467332267.8606384,427593087.9161649,428293237.3679888,771419901,407704941.0
2024-07-08 03:00:00,467426773.0723268,427684554.9161649,428395784.17332923,771584833,407790142.0
2024-07-08 04:00:00,467521278.2840152,427776021.9161649,428498005.454026,771749956,407875077.0
2024-07-08 05:00:00,467616044.3349424,427869442.9161649,428599901.2713524,771914697,407961994.0
2024-07-08 06:00:00,467718121.4516979,427967222.3901375,428701471.68981695,772079779,408052892.0
2024-07-08 07:00:00,467829093.5459143,428070085.3901375,428802716.77734995,772246418,408150326.0
2024-07-08 08:00:00,467944800.66165596,428183084.4290416,428903636.60550153,772414888,408254942.0
2024-07-08 09:00:00,468072222.3487363,428300753.2884937,429004231.24965197,772584575,408367085.0
2024-07-08 10:00:00,468213725.2606128,428427714.2884937,429104500.78923464,772754959,408487310.0
2024-07-08 11:00:00,468356627.1068377,428559719.2884937,429204445.3079727,772925277,408614796.0
2024-07-08 12:00:00,468504707.14422244,428697763.5547951,429304064.8941306,773096739,408748372.0
2024-07-08 13:00:00,468656326.3918623,428841195.2189047,429403359.64078045,773267469,408887708.0
2024-07-08 14:00:00,468808885.23392373,428987477.02931565,429502329.6460856,773437644,409030141.0
2024-07-08 15:00:00,468961542.41089195,429134497.02931565,429600975.0136013,773607849,409174300.0
2024-07-08 16:00:00,469114199.58786017,429283241.02931565,429699295.8525939,773778288,409319601.0
2024-07-08 17:00:00,469266856.7648284,429431991.02931565,429797292.2783802,773947851,409465815.0
2024-07-08 18:00:00,469419513.9417966,429578311.02931565,429894964.4126878,774116676,409611309.0
2024-07-08 19:00:00,469571133.18943644,429721784.02931565,429992312.3840376,774283847,409754059.0
2024-07-08 20:00:00,469719794.39961064,429863388.02931565,430089336.32815087,774460418,409891490.0
2024-07-08 21:00:00,469863437.7567993,430000505.87095946,430186036.38838094,774637442,410023664.0
2024-07-08 22:00:00,470004940.6686758,430129323.3813704,430282412.71617264,774814807,410147227.0
2024-07-08 23:00:00,470124254.6672664,430247296.3813704,430378465.47155017,774992197,410261699.0
2024-07-09 00:00:00,470239961.7830081,430359836.3813704,430480510.34950155,775156990,410368282.0
2024-07-09 01:00:00,470348304.9511606,430461470.3693156,430582229.6464411,775321739,410468828.0
2024-07-09 02:00:00,470451510.72921574,430559123.3693156,430683623.4206985,775486515,410564608.0
2024-07-09 03:00:00,470551508.38797367,430656072.3693156,430784691.73366976,775651380,410657630.0
2024-07-09 04:00:00,470650449.871856,430753021.3693156,430885434.6499935,775815987,410749839.0
2024-07-09 05:00:00,470750810.37001836,430848588.42219234,430985852.2377382,775980487,410843825.0
2024-07-09 06:00:00,470855272.47755706,430947193.5800006,431085944.568601,776145926,410941773.0
2024-07-09 07:00:00,470970840.50208056,431053637.5800006,431185711.7181182,776312726,411045652.0
2024-07-09 08:00:00,471087760.32568663,431166326.2046581,431285153.7658888,776480707,411156028.0
2024-07-09 09:00:00,471224987.04090405,431291398.5616444,431384270.79581225,776649259,411272888.0
2024-07-09 10:00:00,471370095.07358044,431418707.6383567,431483062.89633983,776818526,411397354.0
2024-07-09 11:00:00,471513738.4307691,431552734.6383567,431581530.16074264,776987767,411528777.0
2024-07-09 12:00:00,471661981.7373483,431690787.6383567,431679672.68739516,777158218,411665900.0
2024-07-09 13:00:00,471813600.98498815,431834228.5243841,431777490.5800771,777327992,411807166.0
2024-07-09 14:00:00,471965546.5141807,431978780.5243841,431874983.94829345,777497831,411950628.0
2024-07-09 15:00:00,472118559.453805,432125800.5243841,431972152.9076146,777667439,412094688.0
2024-07-09 16:00:00,472271216.63077325,432272762.344932,432068997.58003765,777836901,412238472.0
2024-07-09 17:00:00,472423873.80774146,432417673.3413704,432165518.0943702,778006612,412381937.0
2024-07-09 18:00:00,472576848.329362,432563993.3413704,432261714.58663803,778175225,412524838.0
2024-07-09 19:00:00,472728467.5770018,432707466.3413704,432357587.20051855,778342662,412665310.0
2024-07-09 20:00:00,472876547.61438656,432848965.29287726,432453136.0878009,778519797,412801705.0
2024-07-09 21:00:00,473019449.46061146,432981351.6605485,432548361.40887564,778697177,412934185.0
2024-07-09 22:00:00,473160330.26751065,433110127.075617,432643263.33325446,778874593,413059028.0
2024-07-09 23:00:00,473279644.2661013,433225310.3490417,432737842.0401233,779052394,413175760.0
2024-07-10 00:00:00,473395351.381843,433338855.3490417,432838408.30791146,779219225,413285536.0
2024-07-10 01:00:00,473506323.4760594,433441905.07369924,432938649.1164988,779385525,413389654.0
2024-07-10 02:00:00,473610785.5835981,433541574.01671296,433038564.53065443,779552755,413489323.0
2024-07-10 03:00:00,473711424.539278,433639101.01671296,433138154.6185852,779719445,413586157.0
2024-07-10 04:00:00,473811785.03744036,433733745.9846582,433237419.4521354,779886557,413682082.0
2024-07-10 05:00:00,473915854.1000977,433831398.38794583,433336359.1069974,780055311,413780175.0
2024-07-10 06:00:00,474024197.2682502,433934623.38794583,433434973.6629362,780224607,413882439.0
2024-07-10 07:00:00,474139874.8580437,434043103.38794583,433533263.20402753,780393546,413990618.0
2024-07-10 08:00:00,474258192.2170046,434157245.38794583,433631227.81891006,780562370,414104268.0
2024-07-10 09:00:00,474394458.0789127,434282760.40383625,433728867.60105383,780732273,414223156.0
2024-07-10 10:00:00,474535960.9907892,434409721.40383625,433826182.64904493,780903546,414347062.0
2024-07-10 11:00:00,474679694.7515561,434540577.646576,433923173.06688786,781075615,414475156.0
2024-07-10 12:00:00,474823338.10874474,434674604.646576,434019838.96432644,781249579,414606855.0
2024-07-10 13:00:00,474970984.0890522,434811260.646576,434116180.45718503,781423377,414741747.0
2024-07-10 14:00:00,475120267.3925132,434952864.646576,434212197.6677306,781597199,414878581.0
2024-07-10 15:00:00,475270250.51662487,435092338.4032883,434307890.72505784,781770668,415016788.0
2024-07-10 16:00:00,475420905.312698,435235807.09068555,434403259.7654976,781944112,415155923.0
2024-07-10 17:00:00,475571560.10877115,435379275.7780828,434498304.93305165,782116863,415295183.0
2024-07-10 18:00:00,475719803.4153504,435520879.7780828,434593026.379854,782287882,415432739.0
2024-07-10 19:00:00,475865591.03270394,435658110.7780828,434687424.26666206,782457197,415564849.0
2024-07-10 20:00:00,476008971.28414655,435789400.7780828,434781498.7633776,782633102,415692070.0
2024-07-10 21:00:00,476154079.31682295,435917868.19863075,434875250.04960155,782809870,415815140.0
2024-07-10 22:00:00,476282616.10618895,436038304.19863075,434968678.31522304,782986722,415931044.0
2024-07-10 23:00:00,476398323.2219306,436149141.32575405,435061783.76104623,783163731,416038987.0
2024-07-11 00:00:00,476508416.5586554,436253218.32575405,435160871.673006,783329103,416139814.0
2024-07-11 01:00:00,476610728.63835835,436350871.32575405,435259634.2610967,783493896,416234990.0
2024-07-11 02:00:00,476706171.40164554,436446352.5876719,435358071.59730977,783658899,416326055.0
2024-07-11 03:00:00,476800676.61333394,436537508.5876719,435456183.75749403,783823916,416414458.0
2024-07-11 04:00:00,476895065.29435927,436628664.5876719,435553970.8215807,783989046,416501927.0
2024-07-11 05:00:00,476989752.2319737,436720905.82465816,435651432.8738219,784154702,416590737.0
2024-07-11 06:00:00,477090112.7301361,436818399.62575406,435748570.00304395,784319967,416682640.0
2024-07-11 07:00:00,477197794.2811258,436918776.62575406,435845382.30291617,784487611,416779493.0
2024-07-11 08:00:00,477313362.3056493,437025165.62575406,435941869.87223643,784656763,416881165.0
2024-07-11 09:00:00,477429214.73645854,437135893.62575406,436038032.81523424,784826595,416986986.0
2024-07-11 10:00:00,477555511.7880623,437252977.18904173,436133871.24189276,784997357,417097161.0
2024-07-11 11:00:00,477693540.52176136,437378419.0534253,436229385.2682906,785167893,417211568.0
2024-07-11 12:00:00,477838648.55443776,437503890.036439,436324575.01696503,785339589,417330032.0
2024-07-11 13:00:00,477983454.3972411,437635037.036439,436419440.61729807,785511236,417452681.0
2024-07-11 14:00:00,478126699.6372229,437770255.036439,436513982.2059261,785682888,417578933.0
2024-07-11 15:00:00,478272487.25457644,437907399.1334253,436608199.92717576,785853678,417707861.0
2024-07-11 16:00:00,478420133.2348839,438044051.66164446,436702093.9335265,786025159,417839381.0
2024-07-11 17:00:00,478568376.54146314,438185655.66164446,436795664.38610303,786196179,417972152.0
2024-07-11 18:00:00,478716022.5217706,438322297.3947951,436888911.4551979,786365996,418103458.0
2024-07-11 19:00:00,478859665.87895924,438459441.4917814,436981835.32082736,786533858,418231273.0
2024-07-11 20:00:00,479004471.7217626,438590588.4917814,437074436.1733226,786711806,418353815.0
2024-07-11 21:00:00,479143168.89754975,438717536.17424715,437166714.21395797,786890097,418471618.0
2024-07-11 22:00:00,479265332.385162,438832438.11315125,437258669.65561897,787069104,418582060.0
2024-07-11 23:00:00,479380898.0605888,438941805.11315125,437350302.723513,787248163,418684041.0
2024-07-12 00:00:00,479485360.1681275,439042353.5367129,437447912.562364,787412995,418778934.0
2024-07-12 01:00:00,479584919.49763435,439136643.5367129,437545197.22784746,787577902,418868503.0
2024-07-12 02:00:00,479679308.1786597,439227751.25726086,437642156.800061,787742872,418954506.0
2024-07-12 03:00:00,479773555.13904446,439315546.25726086,437738791.3634334,787907682,419038277.0
2024-07-12 04:00:00,479867802.09942925,439403166.25726086,437835101.00697887,788072648,419121772.0
2024-07-12 05:00:00,479962049.05981404,439492600.25726086,437931085.82456625,788237387,419207116.0
2024-07-12 06:00:00,480057491.8231012,439585592.10328823,438026745.9152054,788401507,419296213.0
2024-07-12 07:00:00,480161953.9306399,439682935.63726085,438122081.3833514,788566863,419389926.0
2024-07-12 08:00:00,480273281.75558513,439787179.14931566,438217092.3392267,788732061,419488603.0
2024-07-12 09:00:00,480388988.8713268,439894007.14931566,438311778.89916474,788898852,419592259.0
2024-07-12 10:00:00,480505927.71974516,440005510.9246581,438406141.1859734,789066420,419701311.0
2024-07-12 11:00:00,480632224.7713489,440123757.21534306,438500179.32932246,789234862,419815508.0
2024-07-12 12:00:00,480770253.505048,440247206.466028,438593893.4661543,789404875,419933449.0
2024-07-12 13:00:00,480911134.31194717,440373519.23342526,438687283.7411207,789574621,420054593.0
2024-07-12 14:00:00,481056242.34462357,440504893.57506907,438780350.30704725,789744337,420177691.0
2024-07-12 15:00:00,481201164.98075986,440633861.57506907,438873093.32542634,789913439,420302304.0
2024-07-12 16:00:00,481345970.8235632,440769055.7421923,438965512.9669418,790082672,420428638.0
2024-07-12 17:00:00,481489442.9782286,440901357.7421923,439057609.41202605,790252139,420555788.0
2024-07-12 18:00:00,481634365.6143649,441030542.6936992,439149382.85145295,790421200,420681408.0
2024-07-12 19:00:00,481775868.5262414,441157012.6936992,439240833.4869676,790588939,420803861.0
2024-07-12 20:00:00,481913095.24145883,441280781.36684984,439331961.53195655,790763378,420922276.0
2024-07-12 21:00:00,482035681.5670994,441397528.3734252,439422767.21216,790938829,421036935.0
2024-07-12 22:00:00,482151388.68284106,441510465.30000055,439513250.76642984,791114968,421145318.0
2024-07-12 23:00:00,482259731.8509936,441612372.30000055,439603412.4475356,791291524,421246752.0
2024-07-13 00:00:00,482360370.80667347,441709299.30000055,439699544.5278543,791455590,421341767.0
2024-07-13 01:00:00,482454876.01836187,441800296.6041101,439795351.60233873,791620272,421431582.0
2024-07-13 02:00:00,482549122.97874665,441887208.464932,439890833.76019084,791784346,421517436.0
2024-07-13 03:00:00,482643068.4909234,441972787.464932,439985991.09547937,791948843,421600920.0
2024-07-13 04:00:00,482736850.4905943,442055707.464932,440080823.7074266,792114031,421682982.0
2024-07-13 05:00:00,482830632.49026525,442139708.464932,440175331.70071316,792279480,421765094.0
2024-07-13 06:00:00,482924414.4899362,442222594.3857539,440269515.1858015,792445170,421847771.0
2024-07-13 07:00:00,483018704.9028779,442310436.3857539,440363374.2792799,792612460,421933637.0
2024-07-13 08:00:00,483114807.3539366,442402667.04465806,440456909.10422736,792781210,422025814.0
2024-07-13 09:00:00,483221877.62181544,442503946.90547997,440550119.7906018,792950419,422125165.0
2024-07-13 10:00:00,483337584.7375571,442616486.90547997,440643006.4756519,793120770,422231896.0
2024-07-13 11:00:00,483456898.73614776,442736136.90547997,440735569.3043553,793291622,422345235.0
2024-07-13 12:00:00,483594125.4513652,442858127.60438406,440827808.42988396,793463343,422464619.0
2024-07-13 13:00:00,483735006.25826436,442984384.6334252,440919724.0140987,793636925,422589028.0
2024-07-13 14:00:00,483879928.89440066,443115472.5317813,441011316.2280751,793810970,422717860.0
2024-07-13 15:00:00,484022740.7174989,443250690.5317813,441102585.25266236,793984783,422850488.0
2024-07-13 16:00:00,484166384.07468754,443387601.5317813,441193531.2790776,794158166,422986329.0
2024-07-13 17:00:00,484313714.5433748,443525623.5569868,441284154.50953746,794330644,423123716.0
2024-07-13 18:00:00,484457357.9005634,443662534.5569868,441374455.15793014,794501484,423259329.0
2024-07-13 19:00:00,484600738.15200603,443797769.8430142,441464433.4505297,794670200,423391365.0
2024-07-13 20:00:00,484744993.77847785,443926282.8430142,441554089.6267559,794847488,423518217.0
2024-07-13 21:00:00,484883022.51217693,444051555.26465803,441643423.93998253,795026057,423640368.0
2024-07-13 22:00:00,485002336.5107676,444165576.555343,441732436.6583971,795205777,423755614.0
2024-07-13 23:00:00,485117904.5352911,444274538.555343,441821128.0659154,795385599,423863422.0
2024-07-14 00:00:00,485226247.7034436,444376439.5610964,441915782.7380568,795555437,423963865.0
2024-07-14 01:00:00,485326696.50042695,444473966.5610964,442010112.59103185,795725380,424058173.0
2024-07-14 02:00:00,485421383.4380414,444566846.5610964,442104117.7242755,795895152,424147808.0
2024-07-14 03:00:00,485515630.3984262,444654531.48547995,442197798.2426944,796064628,424234085.0
2024-07-14 04:00:00,485609920.8113679,444740859.69178134,442291154.2569911,796234750,424318428.0
2024-07-14 05:00:00,485704211.2243097,444826599.2235622,442384185.8840092,796404958,424401611.0
2024-07-14 06:00:00,485798501.63725144,444911563.1243841,442476893.24709916,796574839,424484472.0
2024-07-14 07:00:00,485892748.5976362,445000610.2167129,442569276.4765074,796747121,424571022.0
2024-07-14 08:00:00,485993109.0957986,445095321.6164389,442661335.70978945,796921372,424664696.0
2024-07-14 09:00:00,486104436.9207438,445202659.05917865,442753071.09224916,797096747,424766765.0
2024-07-14 10:00:00,486221375.7691622,445316786.6646581,442844482.7774053,797273317,424876854.0
2024-07-14 11:00:00,486359404.50286126,445439473.62767184,442935570.9274877,797449599,424994332.0
2024-07-14 12:00:00,486504210.3456646,445569437.5506855,443026335.7139642,797625824,425117866.0
2024-07-14 13:00:00,486647853.70285326,445706348.5506855,443116777.3181015,797803110,425246327.0
2024-07-14 14:00:00,486796097.0094325,445844349.39260334,443206895.9315606,797979666,425378165.0
2024-07-14 15:00:00,486947081.7182941,445986638.39260334,443296691.7570303,798155620,425511306.0
2024-07-14 16:00:00,487098700.9659339,446127721.79315126,443386165.0089013,798330867,425644135.0
2024-07-14 17:00:00,487250646.4951265,446269159.3813704,443475315.91398215,798505563,425777631.0
2024-07-14 18:00:00,487402265.7427663,446411695.3473978,443564144.71226156,798678939,425911089.0
2024-07-14 19:00:00,487552920.53883946,446555093.83972657,443652651.6577185,798850550,426042055.0
2024-07-14 20:00:00,487700251.0075267,446692294.9769868,443740837.0191845,799030641,426168762.0
2024-07-14 21:00:00,487843631.2589693,446824957.9769868,443828701.08126116,799211229,426291540.0
2024-07-14 22:00:00,487982328.43475646,446953712.9769868,443916244.14529526,799392038,426407655.0
2024-07-14 23:00:00,488101642.4333471,447067948.55178136,444003466.53041786,799572986,426515722.0
2024-07-15 00:00:00,488217349.5490888,447180997.55178136,444106686.2040423,799743401,426616672.0
2024-07-15 01:00:00,488327442.88581353,447283789.15726084,444209580.5594574,799913626,426712439.0
2024-07-15 02:00:00,488431671.3825544,447383839.9589047,444312149.6688987,800084106,426804460.0
2024-07-15 03:00:00,488532031.8807168,447479587.5378088,444414393.6084718,800253781,426894198.0
2024-07-15 04:00:00,488632392.3788792,447577892.72794574,444516312.45837796,800424645,426983833.0
2024-07-15 05:00:00,488734469.4956347,447675247.19917864,444617906.3031533,800594587,427075762.0
2024-07-15 06:00:00,488842151.04662436,447776528.19917864,444719175.231923,800764621,427171721.0
2024-07-15 07:00:00,488957858.16236603,447889477.33123344,444820119.3386709,800936925,427273295.0
2024-07-15 08:00:00,489080021.6499783,448005983.03013754,444920738.722526,801110111,427381710.0
2024-07-15 09:00:00,489218718.82576543,448135064.03013754,445021033.48806643,801283842,427497393.0
2024-07-15 10:00:00,489361620.67199033,448266799.4720554,445121003.7456425,801458057,427620438.0
2024-07-15 11:00:00,489510903.97545135,448406288.4720554,445220649.6117195,801633173,427750828.0
2024-07-15 12:00:00,489663462.8175128,448550840.4720554,445319971.2092423,801809230,427888266.0
2024-07-15 13:00:00,489816119.994481,448698612.4720554,445418968.6680222,801984892,428031624.0
2024-07-15 14:00:00,489968777.17144924,448846822.4720554,445517642.12514836,802160938,428179009.0
2024-07-15 15:00:00,490121434.34841746,448995566.4720554,445615991.72542447,802336818,428329048.0
2024-07-15 16:00:00,490274091.5253857,449144310.4720554,445714017.6218333,802512773,428480555.0
2024-07-15 17:00:00,490426748.7023539,449293060.3093156,445811719.9760303,802688137,428632142.0
2024-07-15 18:00:00,490579405.8793221,449441270.3093156,445909098.95886785,802862645,428782473.0
2024-07-15 19:00:00,490732063.0562903,449589042.3093156,446006154.75095314,803035366,428929953.0
2024-07-15 20:00:00,490884720.23325855,449736062.3093156,446102887.5432409,803214838,429072290.0
2024-07-15 21:00:00,491035704.94212013,449876687.3093156,446199297.5376636,803394632,429209594.0
2024-07-15 22:00:00,491178606.78834504,450008435.3093156,446295384.94780165,803574526,429337207.0
2024-07-15 23:00:00,491316635.5220441,450134223.3093156,446391149.99959636,803754680,429454674.0
2024-07-16 00:00:00,491437668.92801833,450257359.3093156,446492891.6121902,803924603,429564639.0
2024-07-16 01:00:00,491553376.04376,450370372.39808273,446594308.0575998,804094296,429668376.0
2024-07-16 02:00:00,491664703.8687052,450477651.55287725,446695399.4161939,804263934,429767425.0
2024-07-16 03:00:00,491771636.85904825,450579230.55287725,446796165.77268666,804434234,429863522.0
2024-07-16 04:00:00,491876098.96658695,450678915.55287725,446896607.2163924,804604870,429958216.0
2024-07-16 05:00:00,491983169.2344658,450780494.55287725,446996723.8414959,804775394,430054158.0
2024-07-16 06:00:00,492096565.93007517,450887555.6986307,447096515.74733967,804946069,430153488.0
2024-07-16 07:00:00,492212273.04581684,451002076.91287726,447195983.03872883,805118996,430258799.0
2024-07-16 08:00:00,492341124.87647825,451123467.76986355,447295125.8262548,805293757,430371066.0
2024-07-16 09:00:00,492486232.90915465,451252438.215343,447393944.22663933,805468833,430490377.0
2024-07-16 10:00:00,492629876.2663433,451386465.215343,447492438.3630998,805645326,430617414.0
2024-07-16 11:00:00,492780531.06241643,451524573.86575395,447590608.36573726,805823122,430751720.0
2024-07-16 12:00:00,492933089.9044779,451669125.86575395,447688454.3719487,806002100,430892228.0
2024-07-16 13:00:00,493085747.0814461,451817813.5906854,447785976.52686554,806181911,431037695.0
2024-07-16 14:00:00,493238404.2584143,451965585.5906854,447883174.9838187,806360283,431186683.0
2024-07-16 15:00:00,493391061.43538254,452114303.2268498,447980049.9048339,806538032,431337542.0
2024-07-16 16:00:00,493543718.61235076,452263032.74301416,448076601.4611575,806714960,431489832.0
2024-07-16 17:00:00,493696375.789319,452411762.2591785,448172829.8338155,806890292,431642382.0
2024-07-16 18:00:00,493849032.9662872,452559534.2591785,448268735.2142082,807063382,431793387.0
2024-07-16 19:00:00,494001690.1432554,452708284.2591785,448364317.804742,807233941,431939918.0
2024-07-16 20:00:00,494153309.39089525,452850202.20301414,448459577.8195015,807412402,432080476.0
2024-07-16 21:00:00,494301552.6974745,452987509.4821922,448554515.4849645,807591300,432214255.0
2024-07-16 22:00:00,494444932.9489171,453116811.4821922,448649131.04076153,807770490,432338967.0
2024-07-16 23:00:00,494582961.6826162,453242599.4821922,448743424.7404848,807950105,432454867.0
2024-07-17 00:00:00,494699881.50622225,453363686.4821922,448843688.6077473,808118421,432563324.0
2024-07-17 01:00:00,494815449.53074574,453473437.74411005,448943627.4759404,808286728,432665588.0
2024-07-17 02:00:00,494923792.69889826,453575615.97424704,449043241.4345677,808454913,432763298.0
2024-07-17 03:00:00,495028254.80643696,453675284.91726077,449142530.5780152,808623642,432858173.0
2024-07-17 04:00:00,495132323.8690943,453772571.32931554,449241495.0058393,808792652,432952303.0
2024-07-17 05:00:00,495236785.976633,453874887.4698635,449340134.82307225,808961168,433048202.0
2024-07-17 06:00:00,495347758.0708494,453977304.39643884,449438450.1405471,809130415,433147687.0
2024-07-17 07:00:00,495463465.1865911,454085653.39643884,449536441.0752423,809301397,433251979.0
2024-07-17 08:00:00,495584498.5925653,454199992.39643884,449634107.7506481,809474384,433360981.0
2024-07-17 09:00:00,495722527.3262644,454321236.98328817,449731450.2971556,809648570,433475200.0
2024-07-17 10:00:00,495867449.9624007,454449490.95315117,449828468.85247046,809823651,433595192.0
2024-07-17 11:00:00,496011093.3195893,454583517.95315117,449925163.56205183,809999492,433721239.0
2024-07-17 12:00:00,496159336.62616855,454720173.95315117,450021534.5795796,810175786,433853483.0
2024-07-17 13:00:00,496310955.8738084,454861157.94465804,450117582.0674502,810352682,433990961.0
2024-07-17 14:00:00,496462575.1214482,455001705.22246623,450213306.1973044,810529759,434131569.0
2024-07-17 15:00:00,496614194.36908805,455143616.765206,450308707.15058786,810707030,434273989.0
2024-07-17 16:00:00,496765813.6167279,455284184.765206,450403785.11914694,810883330,434416054.0
2024-07-17 17:00:00,496917432.8643677,455424750.595343,450498540.3058628,811059122,434556249.0
2024-07-17 18:00:00,497068087.66044086,455562881.595343,450592972.92532504,811234545,434692634.0
2024-07-17 19:00:00,497215418.1291281,455698129.0043841,450687083.2045486,811408260,434824321.0
2024-07-17 20:00:00,497358319.975353,455829877.0043841,450780871.3837357,811587290,434950009.0
2024-07-17 21:00:00,497503428.0080294,455953602.0043841,450874337.71708685,811766740,435069370.0
2024-07-17 22:00:00,497634686.43997496,456071754.0043841,450967482.473663,811946668,435181404.0
2024-07-17 23:00:00,497750393.55571663,456184196.0043841,451060305.93830305,812126626,435285844.0
2024-07-18 00:00:00,497857463.82359546,456286416.0043841,451159092.41183674,812294405,435383186.0
2024-07-18 01:00:00,497957824.32175785,456380730.7117814,451257554.073616,812461992,435475250.0
2024-07-18 02:00:00,498052511.2593723,456473591.86246634,451355691.02341133,812629463,435563322.0
2024-07-18 03:00:00,498146758.2197571,456563025.86246634,451453503.36648256,812797447,435649142.0
2024-07-18 04:00:00,498241005.18014187,456652453.5969869,451550991.21390444,812966142,435734583.0
2024-07-18 05:00:00,498335692.1177563,456745456.935343,451648154.6829126,813134691,435821902.0
2024-07-18 06:00:00,498436052.6159187,456839423.206028,451744993.89727056,813303212,435912509.0
2024-07-18 07:00:00,498543122.8837975,456941643.206028,451841508.98766,813472856,436007603.0
2024-07-18 08:00:00,498656628.2733016,457045918.206028,451937700.0920953,813644353,436106857.0
2024-07-18 09:00:00,498772335.3890433,457154381.5838362,452033567.35636425,813815764,436208828.0
2024-07-18 10:00:00,498891379.4028574,457267456.5838362,452129110.9344958,813988428,436313956.0
2024-07-18 11:00:00,499018801.08993775,457384556.5838362,452224330.98925793,814161586,436422761.0
2024-07-18 12:00:00,499156829.82363683,457506563.5838362,452319227.6926863,814335869,436535253.0
2024-07-18 13:00:00,499297710.630536,457630654.436165,452413801.2266467,814510558,436651342.0
2024-07-18 14:00:00,499442818.6632124,457756125.41917866,452508051.7834325,814685582,436769797.0
2024-07-18 15:00:00,499587624.5060158,457887102.41917866,452601979.5664001,814859035,436889888.0
2024-07-18 16:00:00,499731358.2667827,458019367.9473978,452695584.79064494,815032380,437011454.0
2024-07-18 17:00:00,499874738.5182253,458154593.4419184,452788867.68372005,815205319,437133681.0
2024-07-18 18:00:00,500019544.3610287,458282741.13726085,452881828.4864002,815377321,437254135.0
2024-07-18 19:00:00,500164652.39370507,458407494.13726085,452974467.45349497,815547729,437371228.0
2024-07-18 20:00:00,500302681.12740415,458530838.31726086,453066784.85471374,815726443,437483964.0
2024-07-18 21:00:00,500430102.8144845,458648990.31726086,453158780.9755854,815905643,437592663.0
2024-07-18 22:00:00,500545809.93022615,458759436.31726086,453250456.11843747,816084880,437694344.0
2024-07-18 23:00:00,500655641.5967114,458861343.31726086,453341810.6034374,816264142,437788792.0
2024-07-19 00:00:00,500750328.53432584,458954568.31726086,453439120.0751942,816430431,437876886.0
2024-07-19 01:00:00,500844575.4947106,459041494.31726086,453536104.9440972,816596399,437959888.0
2024-07-19 02:00:00,500938357.49438155,459124277.7169869,453632765.3214636,816762705,438039522.0
2024-07-19 03:00:00,501032139.49405247,459205649.0139732,453729101.32478625,816929093,438117061.0
2024-07-19 04:00:00,501125921.4937234,459286733.1375348,453825113.07810235,817096135,438194118.0
2024-07-19 05:00:00,501219703.4933943,459369621.60794574,453920800.7123845,817263002,438272906.0
2024-07-19 06:00:00,501313993.90633607,459457241.60794574,454016164.36595654,817430597,438354692.0
2024-07-19 07:00:00,501408680.8439505,459549713.60794574,454111204.1849349,817598892,438440789.0
2024-07-19 08:00:00,501509319.7996304,459646975.60794574,454205920.32369846,817768804,438531310.0
2024-07-19 09:00:00,501616390.06750923,459749145.9180827,454300312.94538707,817939835,438625962.0
2024-07-19 10:00:00,501730875.69236493,459856168.7115074,454394382.2224321,818112139,438724845.0
2024-07-19 11:00:00,501846582.8081066,459966273.7115074,454488128.3371199,818284133,438827816.0
2024-07-19 12:00:00,501965626.82192075,460079926.77369916,454581551.48219144,818457360,438934967.0
2024-07-19 13:00:00,502093309.11597013,460202319.48493207,454674651.8614793,818630888,439046415.0
2024-07-19 14:00:00,502231337.8496692,460324470.4706855,454767429.6905854,818804350,439161443.0
2024-07-19 15:00:00,502372218.6565684,460450552.4706855,454859885.1976016,818977084,439279550.0
2024-07-19 16:00:00,502517326.6892448,460579633.2180827,454952018.62387615,819149650,439400748.0
2024-07-19 17:00:00,502662434.7219212,460709707.7964389,455043830.22482884,819321168,439523380.0
2024-07-19 18:00:00,502804490.71403396,460838220.7964389,455135320.27081835,819491299,439645148.0
2024-07-19 19:00:00,502942519.44773304,460960925.7964389,455226489.04806465,819660388,439762865.0
2024-07-19 20:00:00,503067699.4153063,461079440.59945256,455317336.8596307,819837875,439874986.0
2024-07-19 21:00:00,503183695.4322523,461191972.59945256,455407864.026467,820016611,439982504.0
2024-07-19 22:00:00,503297891.1498684,461296456.59945256,455498070.88852304,820195348,440083547.0
2024-07-19 23:00:00,503401960.2125258,461394084.59945256,455587957.80593,820374401,440177636.0
2024-07-20 00:00:00,503496348.8935511,461483649.92356217,455683790.71323746,820538799,440265314.0
2024-07-20 01:00:00,503590639.30649287,461568949.4046581,455779299.2508753,820704020,440348042.0
2024-07-20 02:00:00,503684421.3061638,461649638.0213704,455874483.54315466,820869240,440427177.0
2024-07-20 03:00:00,503778203.3058347,461728681.76520604,455969343.7213396,821034669,440503897.0
2024-07-20 04:00:00,503871985.30550563,461806042.7167129,456063879.9240635,821200915,440579526.0
2024-07-20 05:00:00,503965767.30517656,461883672.90301424,456158092.29777235,821367144,440655257.0
2024-07-20 06:00:00,504059549.3048475,461962065.90301424,456251980.9971952,821533063,440731430.0
2024-07-20 07:00:00,504153331.3045184,462042691.90301424,456345546.1858443,821700090,440810245.0
2024-07-20 08:00:00,504247621.71746016,462128906.395617,456438788.03654724,821868188,440894082.0
2024-07-20 09:00:00,504342308.6550746,462220240.5276718,456531706.7320118,822036719,440983573.0
2024-07-20 10:00:00,504446710.4007908,462319800.5084937,456624302.46542704,822206132,441078527.0
2024-07-20 11:00:00,504557682.4950072,462424492.7969869,456716575.4411024,822376837,441178667.0
2024-07-20 12:00:00,504673237.20015097,462533460.7969869,456808525.87514704,822548146,441283167.0
2024-07-20 13:00:00,504788944.31589264,462645902.7969869,456900153.99619263,822719396,441391049.0
2024-07-20 14:00:00,504908009.2664877,462761424.58191836,456991460.04616165,822890762,441501102.0
2024-07-20 15:00:00,505034306.31809145,462879852.4178088,457082444.281085,823061496,441612370.0
2024-07-20 16:00:00,505165564.750037,462999964.4178088,457173106.97197175,823231771,441724788.0
2024-07-20 17:00:00,505302791.4652544,463123697.4238362,457263448.40573394,823401759,441837357.0
2024-07-20 18:00:00,505434049.8972,463244639.38301426,457353468.88617134,823570823,441948710.0
2024-07-20 19:00:00,505560346.9488037,463364741.19917864,457443168.7350186,823738526,442057615.0
2024-07-20 20:00:00,505676342.9657497,463478852.17808276,457532548.29305995,823914038,442163108.0
2024-07-20 21:00:00,505792050.08149135,463586649.79205537,457621607.9213153,824090884,442265900.0
2024-07-20 22:00:00,505902143.4182161,463692905.79205537,457710348.00230294,824268069,442363422.0
2024-07-20 23:00:00,506002503.9163785,463792324.91616493,457798768.94138336,824445975,442455036.0
2024-07-21 00:00:00,506096750.8767633,463881959.5621923,457893125.7726303,824610031,442540960.0
2024-07-21 01:00:00,506190896.8637686,463966644.13698685,457987158.49472696,824773887,442622326.0
2024-07-21 02:00:00,506284678.8634395,464048530.61534303,458080867.2466171,824938189,442700390.0
2024-07-21 03:00:00,506378460.8631104,464127950.93808275,458174252.17507637,825102104,442776089.0
2024-07-21 04:00:00,506472242.86278135,464204712.93808275,458267313.4351846,825265279,442850409.0
2024-07-21 05:00:00,506566024.86245227,464281467.23506904,458360051.1908272,825428612,442924230.0
2024-07-21 06:00:00,506659806.8621232,464357945.23506904,458452465.61522824,825591643,442998042.0
2024-07-21 07:00:00,506753588.8617941,464436994.8917814,458544556.8915176,825756145,443074490.0
2024-07-21 08:00:00,506847879.27473587,464521171.62493205,458636325.2133332,825922358,443156610.0
2024-07-21 09:00:00,506942566.2123503,464614000.7145211,458727770.785462,826089154,443244877.0
2024-07-21 10:00:00,507046794.7090912,464712773.7145211,458818893.8245213,826258136,443339443.0
2024-07-21 11:00:00,507160191.4047006,464818310.7145211,458909694.5596831,826427519,443440584.0
2024-07-21 12:00:00,507275898.52044225,464930531.5621923,459000173.2334451,826597502,443547580.0
2024-07-21 13:00:00,507398714.1755688,465048232.6887677,459090330.1024504,826767601,443659392.0
2024-07-21 14:00:00,507535940.89078623,465168786.59972656,459180165.4383592,826937214,443774860.0
2024-07-21 15:00:00,507676821.6976854,465293644.59972656,459269679.52877706,827106714,443893611.0
2024-07-21 16:00:00,507821839.5105828,465423746.59972656,459358872.6782415,827275779,444015620.0
2024-07-21 17:00:00,507965573.2713497,465559053.59972656,459447745.20927256,827443961,444139780.0
2024-07-21 18:00:00,508110379.1141531,465690134.58164436,459536297.46349055,827610948,444263159.0
2024-07-21 19:00:00,508255487.1468295,465817935.58164436,459624529.8028056,827775869,444383759.0
2024-07-21 20:00:00,508393515.88052857,465940640.58164436,459712442.6106837,827949546,444499699.0
2024-07-21 21:00:00,508519812.9321323,466059076.58164436,459800036.2934943,828124773,444611556.0
2024-07-21 22:00:00,508635520.047874,466169511.2712334,459887311.28194517,828300400,444716848.0
2024-07-21 23:00:00,508745613.38459873,466273077.58986354,459974268.0326097,828476242,444815062.0
2024-07-22 00:00:00,508845611.04335666,466367213.51780874,460077186.3070962,828639416,444907234.0
2024-07-22 01:00:00,508939858.00374144,466457989.3482197,460179779.77721965,828802267,444994613.0
2024-07-22 02:00:00,509034148.4166832,466543957.0142471,460282048.543085,828965627,445078872.0
2024-07-22 03:00:00,509128122.18814194,466629498.2043841,460383992.7103042,829128916,445161416.0
2024-07-22 04:00:00,509222268.17514724,466713878.2043841,460485612.39032304,829292271,445244200.0
2024-07-22 05:00:00,509316515.135532,466801720.2043841,460586907.70076776,829454761,445329731.0
2024-07-22 06:00:00,509411202.07314646,466896479.2419183,460687878.7658135,829617495,445419278.0
2024-07-22 07:00:00,509515271.1358038,466993068.2419183,460788525.7165759,829780859,445513181.0
2024-07-22 08:00:00,509625364.4725286,467094536.0693156,460888848.69152665,829944385,445612015.0
2024-07-22 09:00:00,509741066.5483374,467202872.9109594,460988847.8369356,830108878,445715119.0
2024-07-22 10:00:00,509857568.8855266,467314634.9109594,461088523.30734026,830274620,445822423.0
2024-07-22 11:00:00,509983865.93713033,467429123.215069,461187875.266045,830440532,445933886.0
2024-07-22 12:00:00,510121894.6708294,467552248.215069,461286903.88565123,830607383,446049177.0
2024-07-22 13:00:00,510263397.5827059,467678560.9824663,461385609.34862185,830775939,446167950.0
2024-07-22 14:00:00,510408505.6153823,467807530.9824663,461483991.8478803,830944536,446288288.0
2024-07-22 15:00:00,510553311.4581857,467938484.24958956,461582051.5874483,831112987,446409110.0
2024-07-22 16:00:00,510698117.30098903,468072458.1493156,461679788.7831236,831280760,446530738.0
2024-07-22 17:00:00,510841851.06175596,468204727.1493156,461777203.6632009,831448038,446652687.0
2024-07-22 18:00:00,510986656.9045593,468334794.70274025,461874296.4692385,831614644,446772890.0
2024-07-22 19:00:00,511128159.8164358,468463307.70274025,461971067.45687366,831779969,446890121.0
2024-07-22 20:00:00,511266188.5501349,468586777.70274025,462067516.89669013,831953844,447004192.0
2024-07-22 21:00:00,511390245.9665407,468704405.70274025,462163645.0751412,832128798,447114880.0
2024-07-22 22:00:00,511505953.08228236,468814150.3830142,462259452.2955312,832304041,447218934.0
2024-07-22 23:00:00,511613023.3501612,468915967.114795,462354938.87906057,832479525,447316097.0
2024-07-23 00:00:00,511713383.8483236,469011541.4410964,462456380.1675629,832641434,447407237.0
2024-07-23 01:00:00,511807772.5293489,469102648.0495896,462557496.86132073,832804019,447493862.0
2024-07-23 02:00:00,511902062.94229066,469189551.664932,462658289.07202363,832966951,447577311.0
2024-07-23 03:00:00,511996208.92929596,469273923.0126032,462758756.917557,833130106,447658993.0
2024-07-23 04:00:00,512090354.91630125,469358297.7235621,462858900.5223716,833293264,447740802.0
2024-07-23 05:00:00,512184601.87668604,469444864.7235621,462958720.01787585,833455670,447825362.0
2024-07-23 06:00:00,512279288.8143005,469536743.7235621,463058215.54285294,833618665,447914195.0
2024-07-23 07:00:00,512383357.87695783,469633358.8978087,463157387.2439038,833782395,448007993.0
2024-07-23 08:00:00,512494329.97117424,469734947.04986346,463256235.27591807,833946296,448106395.0
2024-07-23 09:00:00,512610037.0869159,469843237.04986346,463354759.80257446,834112092,448209781.0
2024-07-23 10:00:00,512728354.44587684,469957379.04986346,463452960.9968727,834278452,448318505.0
2024-07-23 11:00:00,512859612.8778224,470077479.2783566,463550839.0416992,834445946,448432587.0
2024-07-23 12:00:00,513000493.6847216,470203804.2783566,463648394.13042784,834614874,448551721.0
2024-07-23 13:00:00,513145299.52752495,470332636.2783566,463745626.46755964,834783709,448675442.0
2024-07-23 14:00:00,513288544.7675067,470464237.77397305,463842536.2694022,834952466,448802406.0
2024-07-23 15:00:00,513435875.23619395,470599248.77397305,463939123.7647926,835121190,448931705.0
2024-07-23 16:00:00,513583955.2735787,470736979.77397305,464035389.19586635,835290217,449063322.0
2024-07-23 17:00:00,513732198.58015794,470875253.77397305,464131332.8188747,835458340,449195892.0
2024-07-23 18:00:00,513880278.6175427,471013515.61315113,464226954.90505517,835626240,449326283.0
2024-07-23 19:00:00,514023921.9747313,471147119.61315113,464322255.74155635,835793170,449452219.0
2024-07-23 20:00:00,514168727.8175347,471274082.61315113,464417235.6324229,835969510,449573639.0
2024-07-23 21:00:00,514309608.6244339,471400613.61315113,464511894.8996433,836145843,449690570.0
2024-07-23 22:00:00,514431772.1120461,471516641.34356207,464606233.8842643,836322417,449800190.0
2024-07-23 23:00:00,514547449.70183957,471626008.34356207,464700252.9475779,836499085,449901962.0
2024-07-24 00:00:00,514651911.80937827,471724807.6619182,464800217.6889643,836661780,449997365.0
2024-07-24 01:00:00,514751909.4681362,471817542.6619182,464899858.06959003,836824750,450087948.0
2024-07-24 02:00:00,514846298.1491615,471908698.6619182,464999174.2141817,836987916,450175201.0
2024-07-24 03:00:00,514940545.1095463,471999236.6619182,465098166.25444114,837151384,450260465.0
2024-07-24 04:00:00,515034792.0699311,472086503.6619182,465196834.3294633,837314743,450345619.0
2024-07-24 05:00:00,515129180.7509564,472175589.813973,465295178.58618075,837477778,450433339.0
2024-07-24 06:00:00,515229541.2491188,472268194.3430141,465393199.17983574,837640196,450525225.0
2024-07-24 07:00:00,515334003.3566575,472367574.4210963,465490896.2744819,837802925,450621828.0
2024-07-24 08:00:00,515447400.0522669,472472884.79315114,465588270.0435178,837966440,450723089.0
2024-07-24 09:00:00,515563107.16800857,472581773.8561648,465685320.670254,838130796,450828261.0
2024-07-24 10:00:00,515682181.4634083,472694796.74411005,465782048.3485156,838296876,450937866.0
2024-07-24 11:00:00,515813439.89535385,472814440.74411005,465878453.28328365,838463156,451051968.0
2024-07-24 12:00:00,515951468.62905294,472936533.22520596,465974535.6913762,838632023,451170420.0
2024-07-24 13:00:00,516096576.66172934,473065503.22520596,466070295.80217373,838801037,451292152.0
2024-07-24 14:00:00,516241382.5045327,473196422.0457539,466165733.8583896,838970205,451416261.0
2024-07-24 15:00:00,516384194.32763094,473327984.5109594,466260850.11689043,839138823,451542393.0
2024-07-24 16:00:00,516527837.6848196,473459507.6397265,466355644.84956807,839307289,451669017.0
2024-07-24 17:00:00,516671481.0420082,473589600.6397265,466450118.3442679,839475425,451795266.0
2024-07-24 18:00:00,516814382.8882331,473718851.9189046,466544270.905776,839642635,451919518.0
2024-07-24 19:00:00,516959188.7310365,473846630.18958956,466638102.85687,839808769,452040332.0
2024-07-24 20:00:00,517100069.5379357,473973125.875069,466731614.5394368,839983565,452157539.0
2024-07-24 21:00:00,517237296.2531531,474095275.8572608,466824806.3156628,840159263,452271174.0
2024-07-24 22:00:00,517353292.27009904,474206537.9673978,466917678.5693,840335523,452378316.0
2024-07-24 23:00:00,517464620.09504426,474310794.0197266,467010231.7070142,840512145,452478285.0
2024-07-25 00:00:00,517565731.3046464,474408168.0197266,467108720.39139044,840676467,452572038.0
2024-07-25 01:00:00,517660418.2422608,474499408.1819184,467206884.9764175,840840541,452661206.0
2024-07-25 02:00:00,517754665.2026456,474589853.9898636,467304725.6015026,841004885,452747028.0
2024-07-25 03:00:00,517848955.61558735,474676669.2397266,467402242.4139104,841169601,452830898.0
2024-07-25 04:00:00,517943246.0285291,474763898.9350691,467499435.56923616,841334294,452914851.0
2024-07-25 05:00:00,518037492.9889139,474852272.9038362,467596305.23190916,841498894,453001157.0
2024-07-25 06:00:00,518132935.7522011,474945303.9038362,467692851.57572734,841664321,453091574.0
2024-07-25 07:00:00,518237397.8597398,475042618.9038362,467789074.784426,841830371,453186626.0
2024-07-25 08:00:00,518347491.19646454,475148803.02712387,467884975.05228215,841997157,453286117.0
2024-07-25 09:00:00,518463059.22098804,475255954.76548004,467980552.58475745,842164630,453389704.0
2024-07-25 10:00:00,518578766.3367297,475365490.7041102,468075807.5991815,842333050,453497436.0
2024-07-25 11:00:00,518698080.33532035,475484491.866028,468170740.3254787,842500529,453608879.0
2024-07-25 12:00:00,518826617.12468636,475605945.866028,468265351.00694144,842668334,453723918.0
2024-07-25 13:00:00,518964645.85838544,475728650.866028,468359639.90105236,842836643,453842612.0
2024-07-25 14:00:00,519105526.66528463,475855528.0279458,468453607.2803589,843004975,453963932.0
2024-07-25 15:00:00,519250316.5895898,475982877.4641102,468547253.4334042,843173285,454086837.0
2024-07-25 16:00:00,519395424.6222662,476111840.49342525,468640578.66571707,843341417,454210857.0
2024-07-25 17:00:00,519540532.6549426,476240553.49342525,468733583.3008655,843510411,454334696.0
2024-07-25 18:00:00,519685640.687619,476367667.49342525,468826267.6815779,843678759,454456410.0
2024-07-25 19:00:00,519823669.42131805,476490660.49342525,468918632.1709365,843845693,454574416.0
2024-07-25 20:00:00,519954927.8532636,476612065.4002746,469010677.1536471,844021705,454688017.0
2024-07-25 21:00:00,520074241.85185426,476726564.0621924,469102403.037391,844197749,454797521.0
2024-07-25 22:00:00,520189796.556998,476834221.0580828,469193810.25426394,844374114,454900144.0
2024-07-25 23:00:00,520294258.6645367,476933805.14246637,469284899.26230836,844550764,454995188.0
2024-07-26 00:00:00,520389024.71546394,477026641.14246637,469381912.4374733,844717144,455083704.0
2024-07-26 01:00:00,520483271.6758487,477115243.49342525,469478601.80559415,844883614,455167239.0
2024-07-26 02:00:00,520577053.67551965,477198028.49342525,469574967.52261984,845050012,455247358.0
2024-07-26 03:00:00,520670835.67519057,477279115.60054857,469671009.7533557,845216110,455325316.0
2024-07-26 04:00:00,520764617.6748615,477360478.51643896,469766728.67199963,845382071,455402818.0
2024-07-26 05:00:00,520858399.6745324,477443119.7191787,469862124.46271235,845547908,455482100.0
2024-07-26 06:00:00,520952690.08747417,477531024.7191787,469957197.3202234,845714383,455564155.0
2024-07-26 07:00:00,521047377.0250886,477622385.845754,470051947.4504758,845881819,455650094.0
2024-07-26 08:00:00,521148015.9807685,477719897.43972665,470146375.07131135,846050705,455740567.0
2024-07-26 09:00:00,521254948.97111154,477820242.84465814,470240480.4131994,846220453,455834857.0
2024-07-26 10:00:00,521368345.6667209,477927518.8901376,470334263.72001225,846391828,455933139.0
2024-07-26 11:00:00,521484052.7824626,478036478.13150746,470427725.2498494,846563429,456035284.0
2024-07-26 12:00:00,521603096.79627675,478155388.8372609,470520865.275915,846736199,456141365.0
2024-07-26 13:00:00,521730779.09032613,478276793.7441102,470613684.0874511,846909263,456251550.0
2024-07-26 14:00:00,521868807.8240252,478398754.3323294,470706181.99073017,847082588,456365334.0
2024-07-26 15:00:00,522009688.6309244,478522443.2438362,470798359.31011206,847256607,456482423.0
2024-07-26 16:00:00,522154796.6636008,478651131.5073979,470890216.3891681,847429529,456602092.0
2024-07-26 17:00:00,522299904.6962772,478780222.5073979,470981753.5918777,847601732,456722514.0
2024-07-26 18:00:00,522441407.6081537,478907285.38000065,471072971.303902,847772390,456840618.0
2024-07-26 19:00:00,522579436.3418528,479030714.69506913,471163869.93393934,847941676,456954843.0
2024-07-26 20:00:00,522701599.82946503,479148687.69506913,471254449.91516876,848119332,457064043.0
2024-07-26 21:00:00,522817452.2602743,479262064.69506913,471344711.70678604,848297268,457168802.0
2024-07-26 22:00:00,522930848.9558837,479369411.69506913,471434655.79563975,848475152,457267158.0
2024-07-26 23:00:00,523033580.3829742,479468342.1413705,471524282.6979729,848653147,457358565.0
2024-07-27 00:00:00,523127827.343359,479557041.9210965,471619820.9767266,848820427,457443752.0
2024-07-27 01:00:00,523221609.3430299,479640098.35369927,471715035.77556026,848987892,457524177.0
2024-07-27 02:00:00,523315391.34270084,479720388.35369927,471809927.2690723,849154564,457601004.0
2024-07-27 03:00:00,523409173.34237176,479797753.2652061,471904495.64184946,849321262,457675409.0
2024-07-27 04:00:00,523502955.3420427,479875733.3712335,471998741.08907455,849488854,457748422.0
2024-07-27 05:00:00,523596737.3417136,479950599.5232883,472092663.8171727,849656095,457821611.0
2024-07-27 06:00:00,523690519.34138453,480028633.5232883,472186264.0444986,849823631,457894966.0
2024-07-27 07:00:00,523784301.34105545,480107965.0153431,472279542.00206745,849992409,457970711.0
2024-07-27 08:00:00,523878591.7539972,480193195.9383568,472372497.93433213,850163584,458051052.0
2024-07-27 09:00:00,523973278.69161165,480286009.24219245,472465132.1000102,850335764,458137048.0
2024-07-27 10:00:00,524077347.754269,480384782.24219245,472557444.7729635,850508706,458228993.0
2024-07-27 11:00:00,524188675.5792142,480489536.7947952,472649436.2431339,850680973,458327074.0
2024-07-27 12:00:00,524304382.6949559,480601747.30849385,472741106.817539,850855380,458430081.0
2024-07-27 13:00:00,524423696.69354653,480721351.82274044,472832456.8213316,851029821,458537538.0
2024-07-27 14:00:00,524554955.1254921,480841463.82274044,472923486.59892726,851204749,458649034.0
2024-07-27 15:00:00,524692983.8591912,480963921.18685,473014196.51520413,851379712,458764310.0
2024-07-27 16:00:00,524838091.8918676,481097456.9860281,473104586.9567802,851554569,458883243.0
2024-07-27 17:00:00,524983199.924544,481226537.7334253,473194658.3333728,851728489,459004276.0
2024-07-27 18:00:00,525128307.9572204,481360058.126576,473284411.0792457,851900866,459124675.0
2024-07-27 19:00:00,525266336.69091946,481483013.9676719,473373845.6547501,852070434,459240845.0
2024-07-27 20:00:00,525392633.7425232,481603113.5868499,473462962.54796493,852248709,459351274.0
2024-07-27 21:00:00,525508839.5278536,481715614.9917814,473551762.27644366,852427573,459456905.0
2024-07-27 22:00:00,525624407.5523771,481822939.44520605,473640245.3890745,852606209,459555768.0
2024-07-27 23:00:00,525728869.6599158,481922524.50602794,473728412.4680614,852785179,459647422.0
2024-07-28 00:00:00,525823374.8716042,482013167.50602794,473822476.53648275,852953033,459732577.0
2024-07-28 01:00:00,525917665.28454596,482098103.50602794,473916217.4913736,853120570,459812682.0
2024-07-28 02:00:00,526011447.2842169,482179098.50602794,474009635.5283706,853289135,459889326.0
2024-07-28 03:00:00,526105229.2838878,482258536.50602794,474102730.85438174,853457668,459963346.0
2024-07-28 04:00:00,526199011.2835587,482335887.0964389,474195503.68827546,853625848,460036050.0
2024-07-28 05:00:00,526292793.28322965,482413921.0964389,474287954.2616134,853793937,460108211.0
2024-07-28 06:00:00,526386575.2829006,482491955.0964389,474380082.81943023,853962146,460180049.0
2024-07-28 07:00:00,526480357.2825715,482572777.0964389,474471889.62106234,854131624,460254011.0
2024-07-28 08:00:00,526574331.05403024,482657502.0964389,474563374.94103026,854303690,460333128.0
2024-07-28 09:00:00,526669017.9916447,482750382.0964389,474654539.0699769,854476504,460418635.0
2024-07-28 10:00:00,526773480.0991834,482849213.5197266,474745382.3156661,854649895,460511324.0
2024-07-28 11:00:00,526889048.1237069,482956408.5197266,474835905.00404483,854823906,460611558.0
2024-07-28 12:00:00,527007365.4826678,483071962.55424714,474926107.4803743,854998837,460718548.0
2024-07-28 13:00:00,527138623.91461337,483191639.63205534,475015990.1104328,855173677,460830916.0
2024-07-28 14:00:00,527279504.72151256,483318170.63205534,475105553.2817968,855348403,460947485.0
2024-07-28 15:00:00,527424522.53440994,483446647.84411013,475194797.4052041,855522913,461067878.0
2024-07-28 16:00:00,527567902.78585255,483581845.88986355,475283722.91600525,855696884,461190984.0
2024-07-28 17:00:00,527710804.63207746,483714279.88986355,475372330.2757086,855870129,461315840.0
2024-07-28 18:00:00,527854184.88352007,483849586.88986355,475460619.9736256,856041259,461440340.0
2024-07-28 19:00:00,527999292.91619647,483978293.73287725,475548592.5286223,856209957,461561687.0
2024-07-28 20:00:00,528137321.64989555,484100680.73287725,475636248.4909853,856387604,461678695.0
2024-07-28 21:00:00,528265858.43926156,484222134.73287725,475723588.44440764,856565601,461791351.0
2024-07-28 22:00:00,528381565.5550032,484334453.73287725,475810613.0081055,856743610,461897278.0
2024-07-28 23:00:00,528492537.64921963,484438095.90082246,475897322.8390716,856921839,461995854.0
2024-07-29 00:00:00,528592898.147382,484534753.1194526,475999943.3759917,857089220,462088237.0
2024-07-29 01:00:00,528687403.3590704,484624457.9504115,476102239.8233352,857256944,462175912.0
2024-07-29 02:00:00,528781650.3194552,484710834.9504115,476204212.3209714,857424646,462260435.0
2024-07-29 03:00:00,528875940.73239696,484795790.05178136,476305861.0166522,857591327,462343143.0
2024-07-29 04:00:00,528970231.1453387,484880745.1531512,476407186.0664867,857757690,462425928.0
2024-07-29 05:00:00,529064478.1057235,484968644.1531512,476508187.6354461,857924016,462511348.0
2024-07-29 06:00:00,529159165.04333794,485062867.1531512,476608865.89790004,858089981,462601012.0
2024-07-29 07:00:00,529263627.15087664,485162552.1531512,476709221.0381873,858257655,462695423.0
2024-07-29 08:00:00,529374954.97582185,485265448.1610964,476809253.2512218,858426562,462794714.0
2024-07-29 09:00:00,529490662.0915635,485374909.1610964,476908962.74313736,858596916,462898740.0
2024-07-29 10:00:00,529609976.0901542,485488078.8684937,477008349.7319735,858768244,463008065.0
2024-07-29 11:00:00,529748004.82385325,485610219.43890464,477107414.44840443,858940162,463123246.0
2024-07-29 12:00:00,529893112.85652965,485741558.79150736,477206157.1365143,859112960,463244308.0
2024-07-29 13:00:00,530036493.10797226,485873744.79150736,477304578.0546224,859286501,463370421.0
2024-07-29 14:00:00,530180593.9571633,486007046.79150736,477402677.4761602,859459985,463500375.0
2024-07-29 15:00:00,530328239.93747073,486144777.79150736,477500455.69060516,859632964,463633243.0
2024-07-29 16:00:00,530476483.24404997,486283051.79150736,477597913.0044736,859804353,463767717.0
2024-07-29 17:00:00,530624726.5506292,486421380.2726033,477695049.7423778,859974683,463902607.0
2024-07-29 18:00:00,530772372.53093666,486559111.2726033,477791866.24815035,860144204,464035667.0
2024-07-29 19:00:00,530916015.8881253,486691297.2726033,477888362.8860412,860311738,464164803.0
2024-07-29 20:00:00,531060821.73092866,486818869.2726033,477984540.0419915,860488363,464289636.0
2024-07-29 21:00:00,531199518.9067158,486942025.2726033,478080398.12498933,860664715,464410064.0
2024-07-29 22:00:00,531320552.31269,487054391.58383614,478175937.5685136,860842224,464523193.0
2024-07-29 23:00:00,531436120.3372135,487163337.0115074,478271158.83207023,861019776,464628383.0
2024-07-30 00:00:00,531540582.4447522,487264593.0115074,478372303.88068414,861185990,464726944.0
2024-07-30 01:00:00,531640580.10351014,487359025.8139731,478473125.13301903,861352108,464820090.0
2024-07-30 02:00:00,531735085.31519854,487448110.2030142,478573622.7455401,861517860,464909548.0
2024-07-30 03:00:00,531829332.2755833,487537545.1361649,478673796.883597,861683469,464996877.0
2024-07-30 04:00:00,531923579.2359681,487625758.1361649,478773647.7219623,861848990,465083987.0
2024-07-30 05:00:00,532018084.4476565,487714939.1361649,478873175.4454027,862014396,465173807.0
2024-07-30 06:00:00,532118444.9458189,487811577.2600005,478972380.2492877,862180225,465267808.0
2024-07-30 07:00:00,532225515.21369773,487912116.2600005,479071262.3402359,862346438,465366523.0
2024-07-30 08:00:00,532340144.73279023,488016561.2600005,479169821.9368022,862514251,465469933.0
2024-07-30 09:00:00,532455851.8485319,488127178.0232882,479268059.27020925,862683136,465577412.0
2024-07-30 10:00:00,532575165.84712255,488245151.0232882,479365974.58512497,862853381,465690020.0
2024-07-30 11:00:00,532712392.56233996,488367157.0197266,479463568.1404895,863024728,465807926.0
2024-07-30 12:00:00,532853895.47421646,488492094.3200005,479560840.21039534,863196913,465931138.0
2024-07-30 13:00:00,532998701.3170198,488619631.2224663,479657791.08502316,863369643,466059078.0
2024-07-30 14:00:00,533141603.1632447,488749358.9947951,479754421.071638,863542480,466190837.0
2024-07-30 15:00:00,533285246.52043337,488882493.9947951,479850730.49564886,863716180,466325364.0
2024-07-30 16:00:00,533432576.9891206,489017480.6109595,479946719.7017366,863889316,466461882.0
2024-07-30 17:00:00,533579907.45780784,489153017.6109595,480042389.05505425,864061090,466599077.0
2024-07-30 18:00:00,533725695.0751614,489287892.1879458,480137738.94250417,864231305,466734179.0
2024-07-30 19:00:00,533868596.9213863,489417504.1879458,480232769.77409816,864399034,466865032.0
2024-07-30 20:00:00,534013614.7342837,489547471.5479458,480327481.984405,864576245,466991547.0
2024-07-30 21:00:00,534151643.46798277,489669849.2041102,480421876.03409135,864753982,467113410.0
2024-07-30 22:00:00,534272676.873957,489787822.2041102,480515952.41156274,864932122,467227510.0
2024-07-30 23:00:00,534388244.8984805,489897119.4701376,480609711.63471067,865110475,467333973.0
2024-07-31 00:00:00,534498338.23520523,489999893.4726033,480709381.8099503,865276788,467433481.0
2024-07-31 01:00:00,534600415.3519607,490096632.03506905,480808728.5171439,865443695,467527766.0
2024-07-31 02:00:00,534695181.40288794,490190852.02438414,480907751.9314671,865611221,467618433.0
2024-07-31 03:00:00,534789686.61457634,490284376.3693156,481006452.2381157,865778437,467706832.0
2024-07-31 04:00:00,534884075.29560167,490373465.3693156,481104829.6329154,865945343,467794949.0
2024-07-31 05:00:00,534978762.2332161,490467577.3693156,481202884.3229699,866111926,467885438.0
2024-07-31 06:00:00,535080839.3499716,490562855.9841101,481300616.5273506,866279035,467979792.0
2024-07-31 07:00:00,535190932.68669635,490665623.01589096,481398026.47782946,866448011,468079182.0
2024-07-31 08:00:00,535306639.802438,490772451.8846581,481495114.41965884,866619955,468183899.0
2024-07-31 09:00:00,535425953.80102867,490890294.7742471,481591880.61240095,866793961,468294260.0
2024-07-31 10:00:00,535563982.53472775,491010757.7742471,481688325.3308102,866968669,468410785.0
2024-07-31 11:00:00,535708905.17086405,491138329.7742471,481784448.8657717,867143590,468533935.0
2024-07-31 12:00:00,535852548.5280527,491271631.7742471,481880251.5253003,867318404,468663701.0
2024-07-31 13:00:00,536001831.8315137,491409934.3797266,481975733.6356032,867493205,468799253.0
2024-07-31 14:00:00,536153451.07915354,491550712.72109646,482070895.5422108,867667381,468938950.0
2024-07-31 15:00:00,536306009.921215,491692069.2493156,482165737.61118054,867841485,469081362.0
2024-07-31 16:00:00,536458667.0981832,491836900.01123345,482260260.23037785,868013593,469225659.0
2024-07-31 17:00:00,536611324.27515143,491985650.01123345,482354463.81083983,868185217,469370285.0
2024-07-31 18:00:00,536763981.45211965,492130983.01123345,482448348.78822696,868354792,469513410.0
2024-07-31 19:00:00,536915600.6997595,492272038.19835675,482541915.6243686,868522775,469652968.0
2024-07-31 20:00:00,537063844.0063387,492410084.6345211,482635164.8089084,868700170,469787384.0
2024-07-31 21:00:00,537207487.3635273,492539815.6345211,482728096.86105645,868877717,469916080.0
2024-07-31 22:00:00,537348990.2754037,492668484.7805485,482820712.3314551,869055949,470036173.0
2024-07-31 23:00:00,537471153.763016,492786457.7805485,482913011.80416614,869234538,470147325.0
2024-08-01 00:00:00,537586860.8787576,492899424.6783567,483012713.85957265,869401176,470250857.0
2024-08-01 01:00:00,537697832.9729741,493004076.0920553,483112090.5157501,869568025,470348450.0
2024-08-01 02:00:00,537802295.0805128,493104137.0920553,483211141.8406986,869735299,470441724.0
2024-08-01 03:00:00,537902655.5786752,493201096.0920553,483309867.90604466,869902155,470532111.0
2024-08-01 04:00:00,538003016.0768375,493295588.1471238,483408268.78725195,870069191,470621603.0
2024-08-01 05:00:00,538104517.9437015,493393441.3257539,483506344.56384486,870237137,470712877.0
2024-08-01 06:00:00,538211588.2115804,493493078.10739774,483604095.3196457,870404919,470807786.0
2024-08-01 07:00:00,538327156.2361039,493598529.334521,483701521.14302665,870574381,470908170.0
2024-08-01 08:00:00,538444076.0597099,493709663.41890454,483798622.1271771,870744870,471015108.0
2024-08-01 09:00:00,538581302.7749274,493827512.9271237,483895398.3703878,870916103,471129092.0
2024-08-01 10:00:00,538726410.8076037,493956225.9271237,483991849.9763519,871088379,471250848.0
2024-08-01 11:00:00,538871633.9360373,494090252.9271237,484087977.0544856,871261321,471379941.0
2024-08-01 12:00:00,539022618.6448989,494232499.5334251,484183779.72026795,871435693,471515520.0
2024-08-01 13:00:00,539175177.4869603,494374752.5334251,484279258.0956019,871609914,471655796.0
2024-08-01 14:00:00,539327834.6639285,494523496.5334251,484374412.3091985,871783356,471799328.0
2024-08-01 15:00:00,539480491.8408967,494669529.84465796,484469242.4969841,871956487,471945430.0
2024-08-01 16:00:00,539633149.017865,494817739.84465796,484563748.8025339,872129009,472093251.0
2024-08-01 17:00:00,539785806.1948332,494965937.96465796,484657931.3775322,872301157,472241902.0
2024-08-01 18:00:00,539938463.3718014,495113135.46794564,484751790.3822615,872471498,472389419.0
2024-08-01 19:00:00,540091022.2138628,495259375.34575385,484845325.98612297,872639824,472533226.0
2024-08-01 20:00:00,540241677.0099359,495402848.34575385,484938538.36818886,872817418,472671958.0
2024-08-01 21:00:00,540387464.6272894,495540017.884384,485031427.7177903,872995153,472804771.0
2024-08-01 22:00:00,540532572.6599658,495664492.884384,485123994.2351424,873174800,472928847.0
2024-08-01 23:00:00,540659994.347046,495780981.8665758,485216238.13200843,873354538,473043962.0
2024-08-02 00:00:00,540775701.4627876,495893958.8000004,485314461.9566896,873521576,473151335.0
2024-08-02 01:00:00,540887155.2539409,496003947.6484936,485412360.52425253,873688411,473252847.0
2024-08-02 02:00:00,540991617.3614796,496102998.444658,485509933.9103164,873855320,473350080.0
2024-08-02 03:00:00,541092728.5710818,496200608.2706854,485607182.1945706,874022781,473444547.0
2024-08-02 04:00:00,541193089.0692441,496297543.75479496,485704105.4610129,874190799,473538255.0
2024-08-02 05:00:00,541296294.8472992,496395995.75479496,485800703.7982019,874358799,473633647.0
2024-08-02 06:00:00,541403512.4266232,496496155.2323292,485896977.29952514,874527378,473732315.0
2024-08-02 07:00:00,541519080.4511467,496602555.5095895,485992926.0634837,874697064,473835753.0
2024-08-02 08:00:00,541635286.2364771,496714161.5095895,486088550.19399464,874867936,473945331.0
2024-08-02 09:00:00,541765246.9627575,496831055.2084936,486183849.8007118,875040002,474061476.0
2024-08-02 10:00:00,541906749.8746339,496959536.03205526,486278824.99936694,875212795,474184115.0
2024-08-02 11:00:00,542049651.7208588,497090189.03205526,486373475.91213185,875386513,474312518.0
2024-08-02 12:00:00,542197297.7011663,497225717.08137035,486467802.6680031,875561343,474446059.0
2024-08-02 13:00:00,542348915.6804154,497368242.4693156,486561805.4032108,875736745,474583830.0
2024-08-02 14:00:00,542500534.9280553,497510810.68493205,486655484.2616531,875912203,474724905.0
2024-08-02 15:00:00,542652480.4572479,497653386.68493205,486748839.39535767,876087316,474867298.0
2024-08-02 16:00:00,542805039.2993093,497796731.2575348,486841870.9649722,876261735,475009805.0
2024-08-02 17:00:00,542956984.8285018,497939289.11205536,486934579.1402862,876434560,475150876.0
2024-08-02 18:00:00,543108604.0761417,498082687.1704115,487026964.100785,876606165,475287200.0
2024-08-02 19:00:00,543256250.0564492,498219779.34548,487119026.03623927,876777035,475417713.0
2024-08-02 20:00:00,543399151.9026741,498349438.7709595,487210765.1473314,876955189,475542940.0
2024-08-02 21:00:00,543544259.9353504,498475043.7709595,487302181.646322,877133850,475662848.0
2024-08-02 22:00:00,543675518.367296,498593145.7827403,487393275.7577582,877312758,475775799.0
2024-08-02 23:00:00,543791225.4830376,498703056.75589097,487484047.7192274,877492235,475881398.0
2024-08-03 00:00:00,543904622.1786469,498813014.27698684,487580793.610123,877660603,475980598.0
2024-08-03 01:00:00,544009084.2861856,498913630.615343,487677214.40201575,877828752,476074531.0
2024-08-03 02:00:00,544109444.784348,499008129.04438406,487773310.179079,877996396,476164839.0
2024-08-03 03:00:00,544204131.7219625,499100601.04438406,487869081.030058,878164715,476252444.0
2024-08-03 04:00:00,544298378.6823472,499190914.04438406,487964527.0485386,878332119,476338681.0
2024-08-03 05:00:00,544392625.6427319,499279942.04438406,488059648.3332327,878499515,476424949.0
2024-08-03 06:00:00,544486872.6031166,499369573.4356169,488154444.9882813,878667190,476511775.0
2024-08-03 07:00:00,544581559.5407311,499461733.29013747,488248917.1235764,878835608,476601236.0
2024-08-03 08:00:00,544686021.6482698,499564597.29013747,488343064.85510284,879005508,476696193.0
2024-08-03 09:00:00,544801589.6727933,499675555.81013745,488436888.3053014,879176420,476797753.0
2024-08-03 10:00:00,544918509.4963993,499792336.604384,488530387.60345477,879348193,476906648.0
2024-08-03 11:00:00,545055736.2116168,499911451.2484936,488623562.88609713,879520659,477022181.0
2024-08-03 12:00:00,545197547.8830405,500034263.72246623,488716414.29744995,879693460,477143902.0
2024-08-03 13:00:00,545342353.7258439,500164849.2397265,488808941.9898848,879866683,477270277.0
2024-08-03 14:00:00,545485255.5720688,500297283.2397265,488901146.12441516,880039866,477399773.0
2024-08-03 15:00:00,545628898.9292574,500431270.72109634,488993026.8712194,880212677,477530976.0
2024-08-03 16:00:00,545774686.546611,500565617.5334251,489084584.4101966,880384182,477662858.0
2024-08-03 17:00:00,545919909.6750445,500702848.5334251,489175818.9315574,880554752,477793394.0
2024-08-03 18:00:00,546062811.5212694,500839713.6136991,489266730.63645244,880724027,477919397.0
2024-08-03 19:00:00,546207829.3341668,500967696.6136991,489357319.7376402,880892388,478039959.0
2024-08-03 20:00:00,546345858.0678658,501089181.4276717,489447586.46019775,881068206,478155923.0
2024-08-03 21:00:00,546474709.8985273,501206231.14575386,489537531.0422763,881245013,478267520.0
2024-08-03 22:00:00,546590705.9154732,501318904.39150727,489627153.7359049,881423247,478373088.0
2024-08-03 23:00:00,546704102.6110826,501428966.39150727,489716454.8078453,881601985,478472122.0
2024-08-04 00:00:00,546808564.7186213,501531751.6254799,489811723.0955084,881769468,478565171.0
2024-08-04 01:00:00,546903330.7695485,501625327.99479496,489906666.4602587,881936485,478653555.0
2024-08-04 02:00:00,546997577.7299333,501713651.99479496,490001284.9958807,882104194,478738267.0
2024-08-04 03:00:00,547091868.1428751,501800858.174247,490095578.8012973,882271906,478820641.0
2024-08-04 04:00:00,547185813.6550518,501885038.6175347,490189547.98087376,882439775,478901482.0
2024-08-04 05:00:00,547279595.6547227,501969258.52000046,490283192.6447405,882607997,478981957.0
2024-08-04 06:00:00,547373377.6543936,502051798.52000046,490376512.9091358,882776757,479062323.0
2024-08-04 07:00:00,547467668.0673354,502137787.81123334,490469508.89676994,882946721,479144604.0
2024-08-04 08:00:00,547562173.2790238,502228778.3887676,490562180.7372118,883119774,479232223.0
2024-08-04 09:00:00,547666242.3416811,502328351.3887676,490654528.5673003,883293636,479326090.0
2024-08-04 10:00:00,547779639.0372905,502439335.67589086,490746552.53158075,883468511,479426340.0
2024-08-04 11:00:00,547895346.1530321,502551944.67589086,490838252.78276896,883643857,479533098.0
2024-08-04 12:00:00,548022767.8401123,502670780.014521,490929629.4822447,883819571,479645850.0
2024-08-04 13:00:00,548160796.5738114,502791845.6854799,491020682.8005758,883995339,479763567.0
2024-08-04 14:00:00,548305904.6064878,502915911.6854799,491111412.9180756,884171161,479885652.0
2024-08-04 15:00:00,548450710.4492911,503044231.2394525,491201820.0253955,884346260,480011204.0
2024-08-04 16:00:00,548593612.295516,503176664.23589087,491291904.32415485,884521000,480139117.0
2024-08-04 17:00:00,548737255.6527046,503310535.23589087,491381666.027611,884695011,480268165.0
2024-08-04 18:00:00,548880500.8926864,503446788.3767128,491471105.3613717,884867158,480396916.0
2024-08-04 19:00:00,549025306.7354897,503575260.7336991,491560222.5641527,885036871,480522402.0
2024-08-04 20:00:00,549167271.0784864,503700106.3383566,491649017.888584,885216460,480643865.0
2024-08-04 21:00:00,549305299.8121855,503823518.5115073,491737491.60206693,885396668,480760988.0
2024-08-04 22:00:00,549424343.8259997,503937782.5115073,491825643.98768616,885576951,480870817.0
2024-08-04 23:00:00,549539911.8505232,504048756.59753466,491913475.34518045,885757439,480973295.0
2024-08-05 00:00:00,549644373.9580619,504149236.113699,492017309.1566333,885926004,481069460.0
2024-08-05 01:00:00,549743933.2875688,504243179.833973,492120817.57427657,886095136,481160779.0
2024-08-05 02:00:00,549838321.9685941,504334326.6120552,492224000.6663422,886265069,481248796.0
2024-08-05 03:00:00,549932568.9289788,504423397.97972643,492326858.50470054,886435249,481334824.0
2024-08-05 04:00:00,550026815.8893635,504512544.97972643,492429391.16507155,886605554,481420879.0
2024-08-05 05:00:00,550121502.826978,504603080.73068535,492531598.72724915,886776154,481509506.0
2024-08-05 06:00:00,550221863.3251404,504698362.73068535,492633481.2753392,886946715,481602409.0
2024-08-05 07:00:00,550330206.4932929,504800007.73068535,492735038.8980122,887118825,481700556.0
2024-08-05 08:00:00,550445913.6090345,504910431.0600004,492836271.68877167,887292370,481804760.0
2024-08-05 09:00:00,550565227.6076251,505029516.0600004,492937179.74623865,887466073,481915360.0
2024-08-05 10:00:00,550703256.3413242,505151394.89945245,493037763.1744545,887640438,482033468.0
2024-08-05 11:00:00,550846990.1020911,505283663.89945245,493138022.0832018,887815183,482158916.0
2024-08-05 12:00:00,550994636.0823985,505420319.89945245,493237956.58834565,887991134,482290980.0
2024-08-05 13:00:00,551146255.3300384,505561313.89945245,493337566.81219584,888167894,482428833.0
2024-08-05 14:00:00,551298814.1720998,505708283.1246579,493436852.88389194,888344844,482570719.0
2024-08-05 15:00:00,551451471.349068,505857033.1246579,493535814.9398122,888520975,482714911.0
2024-08-05 16:00:00,551604128.5260363,506005782.9619182,493634453.1240081,888696723,482860481.0
2024-08-05 17:00:00,551756785.7030045,506154532.9619182,493732767.5886663,888871186,483006477.0
2024-08-05 18:00:00,551909442.8799727,506303211.2150689,493830758.4945992,889043736,483150945.0
2024-08-05 19:00:00,552061062.1276126,506443880.17013735,493928426.0117668,889214425,483291077.0
2024-08-05 20:00:00,552209305.4341918,506580536.17013735,494025770.319831,889394169,483426247.0
2024-08-05 21:00:00,552352207.2804167,506712271.6120552,494122791.6087455,889573930,483555595.0
2024-08-05 22:00:00,552490904.4562038,506835937.40164423,494219490.0793823,889753898,483676484.0
2024-08-05 23:00:00,552609978.7516036,506950474.2249319,494315865.94419825,889934008,483789139.0
2024-08-06 00:00:00,552725685.8673452,507063014.2249319,494418221.53648883,890103084,483894304.0
2024-08-06 01:00:00,552834029.0354978,507164659.2249319,494520251.87757784,890272276,483993980.0
2024-08-06 02:00:00,552937101.0009336,507265325.73835653,494621957.04334176,890442193,484089519.0
2024-08-06 03:00:00,553037098.6596916,507362193.5583565,494723337.1137408,890612567,484182616.0
2024-08-06 04:00:00,553136040.1435739,507459142.5583565,494824392.17305756,890783419,484275275.0
2024-08-06 05:00:00,553236400.6417363,507555445.5583565,494925122.31015027,890954113,484370222.0
2024-08-06 06:00:00,553340862.749275,507653600.5583565,495025527.6187218,891125336,484469158.0
2024-08-06 07:00:00,553454259.4448843,507758058.6904113,495125608.19760525,891298056,484572851.0
2024-08-06 08:00:00,553569966.5606259,507867261.003836,495225364.15106726,891471949,484682460.0
2024-08-06 09:00:00,553696263.6122297,507984920.85835654,495324795.5891298,891646474,484798175.0
2024-08-06 10:00:00,553834292.3459288,508107100.85835654,495423902.62791246,891822592,484920407.0
2024-08-06 11:00:00,553979098.1887321,508237066.3545209,495522685.3899956,891999094,485048636.0
2024-08-06 12:00:00,554122741.5459207,508371093.3545209,495621144.00480634,892176422,485182427.0
2024-08-06 13:00:00,554270984.8525,508507749.3545209,495719278.6090288,892353629,485320397.0
2024-08-06 14:00:00,554421554.9327651,508647729.65726066,495817089.3470396,892530358,485460476.0
2024-08-06 15:00:00,554572539.6416267,508788455.3317812,495914576.3713709,892706721,485599868.0
2024-08-06 16:00:00,554724158.8892666,508929169.22328806,496011739.84320295,892883064,485737025.0
2024-08-06 17:00:00,554874813.6853397,509069879.22328806,496108579.93288654,893058482,485871351.0
2024-08-06 18:00:00,555023056.9919189,509211349.0172607,496205096.8204996,893233239,486001639.0
2024-08-06 19:00:00,555166700.3491075,509343128.52767164,496301290.6964381,893405922,486127448.0
2024-08-06 20:00:00,555311506.1919109,509475367.0953429,496397161.7620444,893585147,486249101.0
2024-08-06 21:00:00,555452386.99881,509602328.0953429,496492710.2302762,893764519,486365483.0
2024-08-06 22:00:00,555575202.6539366,509721131.0953429,496587936.32641655,893944149,486474528.0
2024-08-06 23:00:00,555690909.7696782,509833641.23260313,496682840.2888301,894124149,486576118.0
2024-08-07 00:00:00,555799252.9378308,509935257.59041137,496783717.95996416,894294066,486671252.0
2024-08-07 01:00:00,555899613.4359932,510034640.5591785,496884270.538564,894463684,486761672.0
2024-08-07 02:00:00,555994300.3736076,510127456.97616476,496984498.10908914,894633491,486848936.0
2024-08-07 03:00:00,556088547.3339924,510217041.703562,497084400.7605857,894803102,486934379.0
2024-08-07 04:00:00,556182794.2943771,510307850.69835657,497183978.5869564,894972609,487019543.0
2024-08-07 05:00:00,556277481.2319915,510400515.34657574,497283231.6872465,895142399,487107291.0
2024-08-07 06:00:00,556378120.1876714,510498026.0726031,497382160.1659482,895312219,487199368.0
2024-08-07 07:00:00,556485337.7669954,510600246.0726031,497480764.1333233,895482267,487295217.0
2024-08-07 08:00:00,556598734.4626048,510706980.5953428,497579043.7057462,895653012,487395026.0
2024-08-07 09:00:00,556714441.5783464,510814219.1493154,497676999.0060681,895823846,487498274.0
2024-08-07 10:00:00,556830437.5952923,510925815.0052058,497774630.16400427,895995358,487605281.0
2024-08-07 11:00:00,556949751.5938829,511040896.0095894,497871937.31654483,896168173,487716323.0
2024-08-07 12:00:00,557077173.2809632,511158608.0095894,497968920.60839206,896342611,487831104.0
2024-08-07 13:00:00,557214399.9961807,511285069.35095924,498065580.1924245,896516931,487948475.0
2024-08-07 14:00:00,557352428.7298797,511408401.623836,498161916.2301902,896691042,488067863.0
2024-08-07 15:00:00,557490457.4635788,511530667.623836,498257928.89243186,896864128,488187963.0
2024-08-07 16:00:00,557628486.1972779,511652933.623836,498353618.3596437,897037307,488308439.0
2024-08-07 17:00:00,557767183.373065,511775826.79808253,498448984.8226646,897210107,488428412.0
2024-08-07 18:00:00,557905212.1067641,511899159.07095927,498544028.48330843,897382100,488546217.0
2024-08-07 19:00:00,558034063.9374255,512022441.7082195,498638749.5550339,897552679,488660947.0
2024-08-07 20:00:00,558153377.9360161,512136938.98684967,498733148.26365757,897730748,488773037.0
2024-08-07 21:00:00,558269085.0517577,512246887.98684967,498827224.8481116,897909230,488881494.0
2024-08-07 22:00:00,558380412.8767029,512354225.4295894,498920979.5612502,898087441,488983910.0
2024-08-07 23:00:00,558481914.7435669,512453182.4295894,499014412.67070705,898266038,489079820.0
2024-08-08 00:00:00,558576601.6811813,512546018.4295894,499113812.75242156,898435426,489170223.0
2024-08-08 01:00:00,558670848.641566,512634665.6695894,499212887.91830564,898604694,489256401.0
2024-08-08 02:00:00,558764994.6285714,512720221.5063017,499311638.26246184,898773992,489339690.0
2024-08-08 03:00:00,558858776.6282423,512804222.5063017,499410063.8841481,898942822,489421156.0
2024-08-08 04:00:00,558952558.6279131,512888194.1860277,499508164.88808244,899111561,489502701.0
2024-08-08 05:00:00,559046849.0408549,512975441.1860277,499605941.38476664,899280358,489586710.0
2024-08-08 06:00:00,559141354.2525433,513066043.65287703,499703393.49083036,899448793,489675361.0
2024-08-08 07:00:00,559241714.7507057,513163570.65287703,499800521.32939607,899617829,489768535.0
2024-08-08 08:00:00,559346176.8582444,513263786.74164414,499897325.0304674,899787683,489865889.0
2024-08-08 09:00:00,559457504.6831896,513367971.7739729,499993804.7313412,899957643,489966976.0
2024-08-08 10:00:00,559573211.7989312,513476882.61698663,500089960.5770457,900128431,490071713.0
2024-08-08 11:00:00,559689714.1361204,513591037.61698663,500185792.720806,900299931,490180266.0
2024-08-08 12:00:00,559816011.1877242,513708472.14958936,500281301.3245392,900472657,490292334.0
2024-08-08 13:00:00,559953237.9029417,513834013.14958936,500376486.55937976,900645539,490407369.0
2024-08-08 14:00:00,560091266.6366408,513956279.14958936,500471348.60623914,900818278,490524370.0
2024-08-08 15:00:00,560232769.5485172,514082749.14958936,500565887.6563999,900991126,490642415.0
2024-08-08 16:00:00,560377877.5811936,514211157.5769866,500660103.91214776,901163776,490761315.0
2024-08-08 17:00:00,560522985.6138699,514340114.44931537,500753997.58744353,901336020,490880550.0
2024-08-08 18:00:00,560668093.6465462,514463839.44931537,500847568.908638,901507740,490998285.0
2024-08-08 19:00:00,560806122.3802453,514586105.44931537,500940818.1152317,901677973,491113772.0
2024-08-08 20:00:00,560937380.8121909,514703766.4972606,501033745.4606836,901855203,491227499.0
2024-08-08 21:00:00,561056694.8107815,514822453.6808222,501126351.213271,902033193,491338353.0
2024-08-08 22:00:00,561172396.8865902,514929482.6808222,501218635.6570046,902211148,491443848.0
2024-08-08 23:00:00,561276858.994129,515033441.6808222,501310599.09260166,902389498,491543555.0
2024-08-09 00:00:00,561377219.4922913,515131692.8956167,501408521.9545291,902558744,491638064.0
2024-08-09 01:00:00,561471724.7039797,515222087.4838359,501506120.0976002,902728102,491728692.0
2024-08-09 02:00:00,561565971.6643645,515310758.4838359,501603393.6267592,902898398,491816659.0
2024-08-09 03:00:00,561660262.0773063,515397239.4838359,501700342.6527482,903069085,491903122.0
2024-08-09 04:00:00,561754552.4902481,515484486.4838359,501796967.2924525,903239356,491989857.0
2024-08-09 05:00:00,561848799.4506328,515573567.01917833,501893267.66926616,903409968,492079141.0
2024-08-09 06:00:00,561943565.5015601,515666302.2947948,501989243.9134816,903580254,492172565.0
2024-08-09 07:00:00,562047634.5642174,515763333.65397286,502084896.1627027,903751015,492270244.0
2024-08-09 08:00:00,562157727.9009422,515867410.65397286,502180224.5622841,903922695,492372407.0
2024-08-09 09:00:00,562273295.9254657,515973831.76191807,502275229.26579833,904094956,492478318.0
2024-08-09 10:00:00,562389003.0412073,516088467.76191807,502369910.43553144,904267982,492587952.0
2024-08-09 11:00:00,562508317.0397979,516207552.76191807,502464268.24301076,904441562,492701037.0
2024-08-09 12:00:00,562639575.4717435,516328537.38602763,502558302.86956537,904616690,492816932.0
2024-08-09 13:00:00,562777604.2054425,516449855.91150707,502652014.5069221,904793172,492935270.0
2024-08-09 14:00:00,562916301.3812296,516572749.0857536,502745403.35783935,904970169,493054820.0
2024-08-09 15:00:00,563057182.1881288,516699710.0857536,502838469.63678074,905147446,493174974.0
2024-08-09 16:00:00,563198062.995028,516826657.76821935,502931213.57063204,905325133,493295710.0
2024-08-09 17:00:00,563338943.8019272,516953618.76821935,503023635.39946306,905502209,493416445.0
2024-08-09 18:00:00,563476972.5356263,517077366.692055,503115735.3773385,905677653,493534994.0
2024-08-09 19:00:00,563604394.2227066,517199802.692055,503207513.77318037,905850588,493649915.0
2024-08-09 20:00:00,563723438.2365208,517314369.83917826,503298970.8716853,906030352,493761365.0
2024-08-09 21:00:00,563839145.3522624,517424318.83917826,503390106.974301,906209842,493869125.0
2024-08-09 22:00:00,563950473.1772076,517531656.281918,503480922.4002643,906389532,493970961.0
2024-08-09 23:00:00,564052550.2939631,517630613.281918,503571417.4877073,906569308,494066440.0
2024-08-10 00:00:00,564147237.2315775,517722446.06082207,503667863.5420823,906735701,494156046.0
2024-08-10 01:00:00,564241527.6445193,517808954.06082207,503763985.0973712,906902258,494241030.0
2024-08-10 02:00:00,564335309.6441902,517892593.9895892,503859782.270715,907068954,494322527.0
2024-08-10 03:00:00,564429091.643861,517973438.9895892,503955255.18577987,907235668,494401402.0
2024-08-10 04:00:00,564522873.6435319,518052282.9895892,504050403.9731474,907402302,494478637.0
2024-08-10 05:00:00,564616655.6432028,518131126.9895892,504145228.7707289,907569105,494555682.0
2024-08-10 06:00:00,564710437.6428736,518211405.4079454,504239729.7242061,907736683,494633239.0
2024-08-10 07:00:00,564804219.6425445,518293632.711507,504333906.987499,907905645,494713070.0
2024-08-10 08:00:00,564898466.6029292,518380019.711507,504427760.72326356,908077134,494797724.0
2024-08-10 09:00:00,564993153.5405437,518473537.711507,504521291.1034203,908249112,494887543.0
2024-08-10 10:00:00,565094655.4074076,518570465.711507,504614498.30971664,908422225,494982429.0
2024-08-10 11:00:00,565201872.9867316,518672660.2427399,504707382.5343243,908596854,495081672.0
2024-08-10 12:00:00,565315269.682341,518778846.61835635,504799943.980475,908772599,495184646.0
2024-08-10 13:00:00,565430976.7980826,518888656.15671253,504892182.86313605,908948667,495290347.0
2024-08-10 14:00:00,565546683.9138242,518999139.15671253,504984099.4097289,909124902,495398396.0
2024-08-10 15:00:00,565663186.2510134,519115919.9509591,505075693.8608935,909300591,495508705.0
2024-08-10 16:00:00,565782260.5464132,519231902.9931509,505166966.47130126,909476321,495621525.0
2024-08-10 17:00:00,565901574.5450038,519351537.66849333,505257917.5105198,909650821,495735709.0
2024-08-10 18:00:00,566018513.3934221,519464914.66849333,505348547.263933,909823182,495848671.0
2024-08-10 19:00:00,566134220.5091637,519577155.58739746,505438856.0337198,909992630,495957383.0
2024-08-10 20:00:00,566249788.5336872,519687736.58739746,505528844.1398957,910170170,496061995.0
2024-08-10 21:00:00,566360760.6279037,519794977.8238358,505618511.92142135,910347605,496162362.0
2024-08-10 22:00:00,566464829.690561,519895570.64328784,505707859.73738205,910524877,496257095.0
2024-08-10 23:00:00,566559516.6281755,519988584.64328784,505796887.9682433,910702192,496345627.0
2024-08-11 00:00:00,566653807.0411173,520073885.64328784,505891857.6752247,910869196,496428308.0
2024-08-11 01:00:00,566747589.0407882,520155277.74547964,505986503.12854326,911036099,496506555.0
2024-08-11 02:00:00,566841371.040459,520232761.65424675,506080824.45906997,911203415,496581508.0
2024-08-11 03:00:00,566935153.0401299,520310444.1679454,506174821.80502415,911371011,496654573.0
2024-08-11 04:00:00,567028935.0398008,520384918.0709591,506268495.3124149,911538571,496726250.0
2024-08-11 05:00:00,567122717.0394716,520459512.02602756,506361845.1355104,911705830,496797624.0
2024-08-11 06:00:00,567216499.0391425,520533460.02602756,506454871.43733686,911873454,496868844.0
2024-08-11 07:00:00,567310281.0388134,520608409.431507,506547574.39020866,912042360,496941256.0
2024-08-11 08:00:00,567404063.0384842,520690104.6104111,506639954.176292,912213287,497017460.0
2024-08-11 09:00:00,567498209.0254896,520775381.3893152,506732010.9882043,912384626,497098099.0
2024-08-11 10:00:00,567592455.9858743,520864787.5693152,506823745.0296513,912557211,497183135.0
2024-08-11 11:00:00,567687222.0368016,520957530.3580823,506915156.5161046,912730537,497272106.0
2024-08-11 12:00:00,567787860.9924815,521052945.3580823,507006245.67552227,912905223,497364595.0
2024-08-11 13:00:00,567892323.1000202,521151057.74356174,507097012.7491153,913079932,497459483.0
2024-08-11 14:00:00,568000666.2681727,521253380.4380823,507187457.99216264,913255170,497557402.0
2024-08-11 15:00:00,568114062.9637821,521360490.94493157,507277581.6748786,913430135,497659001.0
2024-08-11 16:00:00,568229628.6392089,521467167.94493157,507367384.08333516,913604382,497764428.0
2024-08-11 17:00:00,568345335.7549505,521575820.94493157,507456865.52044386,913777753,497872420.0
2024-08-11 18:00:00,568461042.8706921,521683621.94493157,507546026.307,913948750,497980197.0
2024-08-11 19:00:00,568576610.8952156,521791917.55397266,507634866.78279424,914117249,498085098.0
2024-08-11 20:00:00,568687938.7201608,521899254.9967124,507723387.3077956,914293653,498186496.0
2024-08-11 21:00:00,568795008.9880397,522000137.87616444,507811588.2634103,914470979,498284172.0
2024-08-11 22:00:00,568895369.4862021,522095860.87616444,507899470.0538221,914648088,498375670.0
2024-08-11 23:00:00,568989616.4465868,522185377.62301373,507987033.1074189,914825238,498460761.0
2024-08-12 00:00:00,569083398.4462577,522269366.28191787,508090564.98276544,914991962,498540323.0
2024-08-12 01:00:00,569177180.4459286,522348098.28191787,508193771.9493445,915158521,498616294.0
2024-08-12 02:00:00,569270962.4455994,522424145.28191787,508296654.10157585,915325324,498689908.0
2024-08-12 03:00:00,569364744.4452703,522497972.28191787,508399211.5390512,915492051,498762345.0
2024-08-12 04:00:00,569458526.4449412,522574012.06712335,508501444.36684006,915658911,498835216.0
2024-08-12 05:00:00,569552308.444612,522653437.1635617,508603352.6958146,915825873,498910721.0
2024-08-12 06:00:00,569646090.4442829,522736082.1635617,508704936.64299434,915993369,498990297.0
2024-08-12 07:00:00,569740337.4046676,522825164.1635617,508806196.3319128,916162607,499073871.0
2024-08-12 08:00:00,569835024.342282,522919081.1635617,508907131.8930066,916333966,499161774.0
2024-08-12 09:00:00,569935384.8404444,523013847.53616446,509007743.46402913,916506509,499253663.0
2024-08-12 10:00:00,570039846.9479831,523113495.7298631,509108031.1904899,916679692,499349584.0
2024-08-12 11:00:00,570151174.7729284,523219113.9994522,509207995.22612166,916853042,499449410.0
2024-08-12 12:00:00,570266876.8487371,523328473.9745207,509307635.73337674,917027070,499553217.0
2024-08-12 13:00:00,570382729.2795464,523441053.25342476,509406952.8839545,917200600,499661104.0
2024-08-12 14:00:00,570502043.278137,523560687.9287672,509505946.8593624,917373836,499772285.0
2024-08-12 15:00:00,570628340.3297408,523678924.69917816,509604617.85151196,917547358,499885735.0
2024-08-12 16:00:00,570759598.7616863,523801309.8684932,509702966.0633528,917720519,500000871.0
2024-08-12 17:00:00,570896825.4769038,523927765.8665754,509800991.709547,917892328,500117511.0
2024-08-12 18:00:00,571028083.9088494,524047199.8665754,509898695.0171855,918062400,500233908.0
2024-08-12 19:00:00,571150247.3964616,524166002.8665754,509996076.22655094,918230519,500346513.0
2024-08-12 20:00:00,571266243.4134076,524277819.8665754,510093135.59192836,918406723,500454644.0
2024-08-12 21:00:00,571381945.4892163,524387141.13671243,510189873.38246804,918584114,500558136.0
2024-08-12 22:00:00,571488878.4795594,524491020.36712337,510286289.8831031,918761928,500654207.0
2024-08-12 23:00:00,571583644.5304867,524586536.94356173,510382385.39552593,918940118,500743032.0
2024-08-13 00:00:00,571677934.9434285,524673763.89945215,510484440.06617343,919106336,500825927.0
2024-08-13 01:00:00,571771716.9430994,524754858.89945215,510586170.0257081,919272263,500904677.0
2024-08-13 02:00:00,571865498.9427702,524832409.1265754,510687575.3794272,919438569,500980611.0
2024-08-13 03:00:00,571959280.9424411,524907933.1265754,510788656.2384449,919604805,501054933.0
2024-08-13 04:00:00,572053062.942112,524985212.06027406,510889412.7200381,919771419,501129269.0
2024-08-13 05:00:00,572146844.9417828,525065218.7049316,510989844.9480138,919938830,501206058.0
2024-08-13 06:00:00,572240626.9414537,525149786.01260287,511089953.05309933,920106414,501286942.0
2024-08-13 07:00:00,572334873.9018384,525238772.9098631,511189737.17335725,920275113,501371882.0
2024-08-13 08:00:00,572429639.9527657,525334526.9191782,511289197.4546258,920445625,501460535.0
2024-08-13 09:00:00,572531717.0695212,525431145.2520549,511388334.05098724,920617271,501553137.0
2024-08-13 10:00:00,572640060.2376738,525532484.2520549,511487147.1252656,920789864,501649975.0
2024-08-13 11:00:00,572754689.7567663,525639776.2520549,511585636.8495556,920962550,501751453.0
2024-08-13 12:00:00,572870396.8725079,525752164.1139727,511683803.40578514,921135723,501857822.0
2024-08-13 13:00:00,572989461.823103,525871703.9934248,511781646.9863129,921308213,501968549.0
2024-08-13 14:00:00,573115758.8747067,525989974.9934248,511879167.7945645,921480099,502082873.0
2024-08-13 15:00:00,573252985.5899242,526115298.35260284,511976366.0457079,921652068,502199901.0
2024-08-13 16:00:00,573391014.3236233,526238203.35260284,512073241.9673727,921823005,502319452.0
2024-08-13 17:00:00,573529043.0573224,526361890.35260284,512169795.8004145,921993808,502440590.0
2024-08-13 18:00:00,573667071.7910215,526485339.60328776,512266027.79972804,922163187,502560759.0
2024-08-13 19:00:00,573795608.5803875,526605740.0717809,512361938.23511237,922330663,502676894.0
2024-08-13 20:00:00,573914673.5309825,526722425.2643837,512457527.3921912,922506740,502788958.0
2024-08-13 21:00:00,574030380.6467241,526831491.11452067,512552795.57339185,922684041,502896030.0
2024-08-13 22:00:00,574138723.8148767,526933203.18383574,512647743.0989874,922861578,502995309.0
2024-08-13 23:00:00,574238721.4736346,527029043.4682193,512742370.3082051,923039709,503087073.0
2024-08-14 00:00:00,574332968.4340193,527117714.4682193,512842948.1878485,923206327,503172580.0
2024-08-14 01:00:00,574426750.4336902,527200634.4682193,512943201.5769072,923372796,503253526.0
2024-08-14 02:00:00,574520532.433361,527280924.4682193,513043130.5929158,923539412,503331356.0
2024-08-14 03:00:00,574614314.4330319,527359201.4682193,513142735.3599551,923706269,503407230.0
2024-08-14 04:00:00,574708096.4327028,527437647.4682193,513242016.0090437,923873073,503483067.0
2024-08-14 05:00:00,574801878.4323736,527516672.3832878,513340972.6785537,924040209,503561108.0
2024-08-14 06:00:00,574896168.8453155,527601316.0972604,513439605.5146525,924207439,503643259.0
2024-08-14 07:00:00,574990557.5263407,527689435.68191797,513537914.6717724,924376937,503729360.0
2024-08-14 08:00:00,575090918.0245031,527783772.4400002,513635900.3131097,924549492,503819309.0
2024-08-14 09:00:00,575195380.1320418,527882271.4400002,513733562.611155,924723047,503913848.0
2024-08-14 10:00:00,575308776.8276511,527986860.10027415,513830901.74825716,924897293,504013230.0
2024-08-14 11:00:00,575424483.9433928,528099909.10027415,513927917.917223,925071486,504118223.0
2024-08-14 12:00:00,575543797.9419833,528213396.10027415,514024611.3219544,925246751,504228437.0
2024-08-14 13:00:00,575681024.6572008,528338889.2547947,514120982.17812645,925421879,504344085.0
2024-08-14 14:00:00,575821905.4641,528464965.6131509,514217030.71390796,925597063,504463650.0
2024-08-14 15:00:00,575966923.2769973,528596403.6131509,514312757.1707284,925772748,504586522.0
2024-08-14 16:00:00,576110657.0377642,528730380.98465776,514408161.8040932,925947780,504712186.0
2024-08-14 17:00:00,576254037.2892069,528864359.2512331,514503244.8844512,926121367,504838950.0
2024-08-14 18:00:00,576398843.1320102,528997059.2356167,514598006.6981178,926293112,504963974.0
2024-08-14 19:00:00,576540346.0438867,529124008.572603,514692447.5482564,926462410,505084529.0
2024-08-14 20:00:00,576677572.7591041,529247370.572603,514786567.75592357,926639812,505200352.0
2024-08-14 21:00:00,576796886.7576947,529366118.37671256,514880367.6611807,926818342,505310403.0
2024-08-14 22:00:00,576912454.7822182,529477557.37671256,514973847.6242772,926997224,505412540.0
2024-08-14 23:00:00,577016916.8897569,529578029.43397284,515067008.02690995,927176710,505506549.0
2024-08-15 00:00:00,577111603.8273714,529670901.43397284,515166109.577335,927345742,505594090.0
2024-08-15 01:00:00,577205894.2403132,529757409.43397284,515264886.88344353,927515158,505676855.0
2024-08-15 02:00:00,577299676.239984,529841401.18493176,515363340.07654566,927684370,505756399.0
2024-08-15 03:00:00,577393458.2396549,529922246.18493176,515461469.29532343,927853658,505833799.0
2024-08-15 04:00:00,577487240.2393258,530001742.2756167,515559274.686274,928023752,505911041.0
2024-08-15 05:00:00,577581022.2389966,530086786.82438385,515656756.4041801,928193829,505990732.0
2024-08-15 06:00:00,577675269.1993814,530174014.1849318,515753914.6126108,928363858,506074592.0
2024-08-15 07:00:00,577769956.1369958,530269055.62438387,515850749.48445326,928535914,506162508.0
2024-08-15 08:00:00,577873028.1024317,530365952.62438387,515947261.20247805,928709568,506254214.0
2024-08-15 09:00:00,577983121.4391564,530468230.7282195,516043449.9599405,928884574,506349878.0
2024-08-15 10:00:00,578098828.554898,530577765.3265757,516139315.9612198,929060810,506450613.0
2024-08-15 11:00:00,578216158.8701513,530690536.2273976,516234859.4224985,929236886,506556344.0
2024-08-15 12:00:00,578347417.3020968,530808598.9005483,516330080.5724858,929414294,506666892.0
2024-08-15 13:00:00,578487947.4052486,530934472.9005483,516424979.6531858,929590663,506782153.0
2024-08-15 14:00:00,578632965.218146,531063442.9005483,516519556.92071545,929766709,506900934.0
2024-08-15 15:00:00,578776345.4695886,531195583.9005483,516613812.64617467,929942001,507022286.0
2024-08-15 16:00:00,578919988.8267772,531330801.3394524,516707747.11657137,930116489,507145597.0
2024-08-15 17:00:00,579063632.1839658,531467712.3394524,516801360.6358063,930290006,507269414.0
2024-08-15 18:00:00,579206534.0301907,531602854.82821953,516894653.5257209,930461772,507391112.0
2024-08-15 19:00:00,579351456.666327,531733948.7750688,516987626.1272118,930631563,507508624.0
2024-08-15 20:00:00,579490153.8421141,531860479.7750688,517080278.80141795,930809841,507622694.0
2024-08-15 21:00:00,579619005.6727755,531979001.7772606,517172611.930983,930988556,507731623.0
2024-08-15 22:00:00,579734712.7885171,532091390.6427401,517264625.9214,931167878,507833508.0
2024-08-15 23:00:00,579843055.9566697,532193297.6427401,517356321.2024422,931347038,507928396.0
2024-08-16 00:00:00,579943053.6154276,532288902.6427401,517453946.9395674,931517195,508017215.0
2024-08-16 01:00:00,580037300.5758123,532378336.6427401,517551248.70762783,931688011,508101532.0
2024-08-16 02:00:00,580131590.9887542,532464901.16054827,517648226.65345067,931858172,508182695.0
2024-08-16 03:00:00,580225372.988425,532547815.89863044,517744880.93216974,932028223,508261801.0
2024-08-16 04:00:00,580319154.9880959,532631816.89863044,517841211.70772743,932198501,508340656.0
2024-08-16 05:00:00,580413445.4010377,532716396.89863044,517937219.15340793,932368551,508421750.0
2024-08-16 06:00:00,580507692.3614224,532805824.633151,518032903.45240414,932538266,508507026.0
2024-08-16 07:00:00,580607251.6909293,532900114.633151,518128264.7984206,932709080,508596305.0
2024-08-16 08:00:00,580711713.798468,532999191.5219181,518223303.3963144,932881307,508689779.0
2024-08-16 09:00:00,580825110.4940773,533106208.7821921,518318019.4627766,933054919,508787851.0
2024-08-16 10:00:00,580940817.6098189,533220785.273699,518412413.2270573,933229324,508891106.0
2024-08-16 11:00:00,581067114.6614227,533337885.273699,518506484.9317362,933404218,508999487.0
2024-08-16 12:00:00,581205143.3951218,533460151.273699,518600234.8335429,933580801,509113272.0
2024-08-16 13:00:00,581350161.2080191,533589115.58493185,518693663.2042291,933757444,509232057.0
2024-08-16 14:00:00,581493063.054244,533720860.57424694,518786770.3314966,933934776,509355063.0
2024-08-16 15:00:00,581636706.4114326,533857771.57424694,518879556.51998454,934111666,509481116.0
2024-08-16 16:00:00,581782494.0287862,533994682.57424694,518972022.0923204,934288734,509609133.0
2024-08-16 17:00:00,581928281.6461397,534131904.8947949,519064167.3902376,934465014,509737435.0
2024-08-16 18:00:00,582071183.4923646,534268769.97506887,519155992.7757659,934638906,509862969.0
2024-08-16 19:00:00,582216291.525041,534397860.97506887,519247498.6324974,934811406,509984033.0
2024-08-16 20:00:00,582354320.2587401,534520565.97506887,519338685.3669349,934987989,510100980.0
2024-08-16 21:00:00,582480617.3103439,534638836.97506887,519429553.40992707,935165931,510212819.0
2024-08-16 22:00:00,582596324.4260855,534750249.0416442,519520103.21819603,935343622,510318188.0
2024-08-16 23:00:00,582704667.594238,534852562.70410997,519610335.2759641,935521935,510416815.0
2024-08-17 00:00:00,582805028.0924004,534947312.70410997,519706485.77667874,935691926,510509468.0
2024-08-17 01:00:00,582899416.7734257,535036921.70410997,519802312.6162365,935861413,510597243.0
2024-08-17 02:00:00,582993707.1863675,535124195.9446579,519897815.9589536,936031338,510681487.0
2024-08-17 03:00:00,583087489.1860384,535209408.9446579,519992995.9785118,936201716,510763421.0
2024-08-17 04:00:00,583181271.1857092,535291664.3208223,520087852.858527,936371946,510844085.0
2024-08-17 05:00:00,583275053.1853801,535374360.41013736,520182386.7931536,936542210,510924657.0
2024-08-17 06:00:00,583368835.185051,535456616.41013736,520276597.9877273,936712610,511006361.0
2024-08-17 07:00:00,583462981.1720563,535541853.02904147,520370486.6594484,936883687,511090100.0
2024-08-17 08:00:00,583557369.8530816,535631796.9920552,520464053.0381087,937056051,511178339.0
2024-08-17 09:00:00,583657818.650065,535729323.9920552,520557297.3668645,937229616,511271703.0
2024-08-17 10:00:00,583766161.8182175,535831648.9920552,520650219.9030589,937403254,511370320.0
2024-08-17 11:00:00,583881729.842741,535938395.9920552,520742820.9190964,937577872,511474196.0
2024-08-17 12:00:00,583997436.9584826,536049157.56821954,520835100.70337373,937754191,511582485.0
2024-08-17 13:00:00,584116511.2538824,536164747.56821954,520927059.56126964,937930280,511693617.0
2024-08-17 14:00:00,584242808.3054862,536284805.3216442,521018697.8161988,938107190,511807053.0
2024-08-17 15:00:00,584371660.1361476,536406169.2994524,521110015.8107329,938284288,511921783.0
2024-08-17 16:00:00,584508886.8513651,536528548.6915072,521201013.9077938,938461510,512036690.0
2024-08-17 17:00:00,584646113.5665826,536651873.9394524,521291692.4919237,938637288,512150758.0
2024-08-17 18:00:00,584774650.3559486,536770008.9394524,521382051.9706369,938810469,512262411.0
2024-08-17 19:00:00,584893964.3545392,536889643.6147949,521472092.77585906,938981989,512370768.0
2024-08-17 20:00:00,585009671.4702808,537004279.6147949,521561815.3654593,939159602,512476230.0
2024-08-17 21:00:00,585125349.0600742,537117889.3254797,521651220.2248816,939337729,512578146.0
2024-08-17 22:00:00,585233692.2282268,537218485.3254797,521740307.86888146,939515255,512674789.0
2024-08-17 23:00:00,585334052.7263892,537313488.8167126,521829078.84337604,939692895,512766129.0
2024-08-18 00:00:00,585428441.4074144,537404605.9219182,521923754.75328386,939861247,512852487.0
2024-08-18 01:00:00,585522731.8203562,537491421.1717812,522018107.3467583,940029569,512934694.0
2024-08-18 02:00:00,585616513.8200271,537575081.1717812,522112136.80783886,940197999,513013871.0
2024-08-18 03:00:00,585710295.819698,537655619.4282196,522205843.3311305,940366524,513091215.0
2024-08-18 04:00:00,585804077.8193688,537735057.4282196,522299227.1224482,940535043,513167514.0
2024-08-18 05:00:00,585897859.8190397,537813450.4282196,522392288.3995023,940703629,513244003.0
2024-08-18 06:00:00,585991641.8187106,537892091.7295895,522485027.39262706,940872260,513321334.0
2024-08-18 07:00:00,586085423.8183814,537972550.7295895,522577444.3455563,941041500,513400199.0
2024-08-18 08:00:00,586179569.8053868,538058129.7295895,522669539.51624745,941212764,513483423.0
2024-08-18 09:00:00,586273816.7657715,538148182.3106854,522761313.177759,941385092,513571537.0
2024-08-18 10:00:00,586373814.4245294,538242382.0665758,522852765.6191835,941558939,513664084.0
2024-08-18 11:00:00,586478276.5320681,538343190.0665758,522943897.14664054,941733535,513761389.0
2024-08-18 12:00:00,586589248.6262846,538446861.0665758,523034708.08433336,941909762,513863285.0
2024-08-18 13:00:00,586704816.6508081,538554035.6969867,523125198.77567303,942086591,513969435.0
2024-08-18 14:00:00,586820523.7665497,538664039.7364388,523215369.5844751,942263305,514079369.0
2024-08-18 15:00:00,586936230.8822913,538777386.955069,523305220.89623326,942440066,514192371.0
2024-08-18 16:00:00,587053169.7307097,538891541.955069,523394753.119475,942615518,514308255.0
2024-08-18 17:00:00,587172244.0261095,539007131.955069,523483966.68720484,942790459,514425415.0
2024-08-18 18:00:00,587289574.3413627,539121238.1572608,523572862.0584408,942963095,514540734.0
2024-08-18 19:00:00,587405281.4571043,539233680.1572608,523661439.71985036,943134266,514652447.0
2024-08-18 20:00:00,587520988.5728459,539344123.1509594,523749700.1874924,943311372,514760977.0
2024-08-18 21:00:00,587634385.2684553,539451411.6632881,523837644.00867206,943489098,514864977.0
2024-08-18 22:00:00,587738847.375994,539554275.6632881,523925271.76391643,943666564,514962872.0
2024-08-18 23:00:00,587833534.3136084,539647793.6632881,524012584.0690785,943844084,515054471.0
2024-08-19 00:00:00,587927781.2739931,539736464.6632881,524115817.4623898,944012563,515140373.0
2024-08-19 01:00:00,588021563.273664,539819248.0630141,524218726.6207041,944180640,515222318.0
2024-08-19 02:00:00,588115345.2733349,539900024.9238361,524321311.6757691,944348885,515301558.0
2024-08-19 03:00:00,588209127.2730057,539979887.9238361,524423572.76672804,944516627,515379372.0
2024-08-19 04:00:00,588302909.2726766,540060380.8232882,524525510.04056436,944684320,515457861.0
2024-08-19 05:00:00,588396691.2723475,540143898.8232882,524627123.6525738,944851793,515539216.0
2024-08-19 06:00:00,588490938.2327322,540233090.0246581,524728413.7668664,945019809,515625556.0
2024-08-19 07:00:00,588587040.6837909,540327392.5038362,524829380.5568999,945188903,515716014.0
2024-08-19 08:00:00,588689772.1108814,540423714.5038362,524930024.20604736,945360751,515810471.0
2024-08-19 09:00:00,588796842.3787603,540524303.4684937,525030344.90819967,945534043,515908417.0
2024-08-19 10:00:00,588909052.7934176,540630555.9095896,525130342.8684071,945708336,516010633.0
2024-08-19 11:00:00,589024759.9091592,540741951.3495897,525230018.30356085,945883749,516116218.0
2024-08-19 12:00:00,589140467.0249008,540854983.8857541,525329371.44311833,946059876,516225074.0
2024-08-19 13:00:00,589259541.3203006,540968466.1391788,525428402.5298741,946236321,516337087.0
2024-08-19 14:00:00,589382356.9754272,541087240.1443843,525527111.8207802,946411902,516451415.0
2024-08-19 15:00:00,589508654.027031,541204947.2893158,525625499.5878189,946587382,516566821.0
2024-08-19 16:00:00,589636075.7141112,541322642.6898638,525723566.1189307,946764487,516682436.0
2024-08-19 17:00:00,589763497.4011915,541439742.6898638,525821311.7190021,946940261,516797214.0
2024-08-19 18:00:00,589885121.9345524,541558545.6898638,525918736.71091676,947113621,516909273.0
2024-08-19 19:00:00,590001327.7198828,541671678.4301378,526015841.4366734,947284941,517017386.0
2024-08-19 20:00:00,590117034.8356245,541780443.8235624,526112626.2585765,947462173,517122674.0
2024-08-19 21:00:00,590230431.5312338,541887178.3463022,526209091.5605028,947639469,517223375.0
2024-08-19 22:00:00,590334660.0279747,541985976.3463022,526305237.74924976,947816753,517317261.0
2024-08-19 23:00:00,590429165.2396631,542080678.3463022,526401065.25597095,947993964,517404420.0
2024-08-20 00:00:00,590522947.239334,542163461.7460282,526502822.85591435,948161040,517486123.0
2024-08-20 01:00:00,590616729.2390049,542243115.3909597,526604256.4970522,948328545,517563576.0
2024-08-20 02:00:00,590710511.2386757,542319009.3909597,526705366.3267002,948496128,517638393.0
2024-08-20 03:00:00,590804293.2383466,542392863.3424666,526806152.5005075,948663758,517711407.0
2024-08-20 04:00:00,590898075.2380174,542467925.2161652,526906615.18295985,948831427,517784504.0
2024-08-20 05:00:00,590991857.2376883,542545685.8843844,527006754.547915,948998898,517860109.0
2024-08-20 06:00:00,591085639.2373592,542628330.8843844,527106570.7791709,949166838,517939835.0
2024-08-20 07:00:00,591179886.1977439,542716944.8169872,527206064.07107073,949336462,518022644.0
2024-08-20 08:00:00,591274274.8787692,542807751.9630146,527305234.62914586,949507894,518107550.0
2024-08-20 09:00:00,591368961.8163836,542898836.9630146,527404082.67079926,949680232,518193860.0
2024-08-20 10:00:00,591468959.4751415,542992801.5520557,527502608.42603284,949853436,518281787.0
2024-08-20 11:00:00,591569319.9733039,543090328.5520557,527600812.1382206,950027259,518370975.0
2024-08-20 12:00:00,591673548.4700449,543189055.8416448,527698694.06493115,950201688,518461825.0
2024-08-20 13:00:00,591778010.5775836,543289303.4279461,527796254.4788028,950376719,518554223.0
2024-08-20 14:00:00,591885228.1569076,543391523.4279461,527893493.6684743,950551969,518647739.0
2024-08-20 15:00:00,591995321.4936323,543494598.4438365,527990411.93957555,950726773,518742083.0
2024-08-20 16:00:00,592106649.3185775,543597548.3046584,528087009.6157811,950901369,518838058.0
2024-08-20 17:00:00,592220046.0141869,543704879.6545215,528183287.039932,951075040,518934854.0
2024-08-20 18:00:00,592331373.8391321,543807826.938631,528279244.5752291,951246863,519030868.0
2024-08-20 19:00:00,592439717.0072846,543908484.938631,528374882.6065036,951417146,519124639.0
2024-08-20 20:00:00,592544179.1148233,544008061.240001,528470201.5415693,951594655,519217354.0
2024-08-20 21:00:00,592644539.6129857,544104362.240001,528565201.8126618,951772364,519306878.0
2024-08-20 22:00:00,592738786.5733705,544192998.240001,528659883.8779715,951949773,519390735.0
2024-08-20 23:00:00,592832568.5730413,544275616.7134256,528754248.2232746,952127082,519468832.0
2024-08-21 00:00:00,592926350.5727122,544352125.560001,528854530.6087575,952295562,519542567.0
2024-08-21 01:00:00,593020132.572383,544425566.530138,528954489.3443923,952463687,519613290.0
2024-08-21 02:00:00,593113914.5720539,544497830.6810969,529054124.59504116,952631507,519682209.0
2024-08-21 03:00:00,593207696.5717248,544567981.9438367,529153436.53496194,952798990,519749998.0
2024-08-21 04:00:00,593301478.5713956,544638231.8482202,529252425.3483785,952966272,519818240.0
2024-08-21 05:00:00,593395260.5710665,544710941.2336997,529351091.23008686,953133270,519889106.0
2024-08-21 06:00:00,593489042.5707374,544788895.0260284,529449434.38610023,953299270,519964544.0
2024-08-21 07:00:00,593582824.5704082,544871534.7641106,529547455.0343342,953467877,520043153.0
2024-08-21 08:00:00,593677114.98335,544956750.7506859,529645153.4053359,953639399,520123557.0
2024-08-21 09:00:00,593771361.9437348,545043317.7506859,529742529.7430597,953812469,520205384.0
2024-08-21 10:00:00,593865608.9041195,545131503.7087681,529839584.3056917,953985613,520288868.0
2024-08-21 11:00:00,593960114.1158079,545221810.7087681,529936317.3665274,954159957,520373927.0
2024-08-21 12:00:00,594054801.0534223,545315009.5619189,530032729.2149049,954334990,520460654.0
2024-08-21 13:00:00,594154798.7121803,545412903.2016449,530128820.1571985,954510574,520549195.0
2024-08-21 14:00:00,594255437.6678602,545510859.240275,530224590.51787513,954686249,520639188.0
2024-08-21 15:00:00,594359666.1646011,545610870.5232887,530320040.6406193,954862099,520730915.0
2024-08-21 16:00:00,594464128.2721398,545712109.2728778,530415170.8895299,955037737,520825009.0
2024-08-21 17:00:00,594571809.8231294,545813196.3115079,530509981.65039414,955209031,520921119.0
2024-08-21 18:00:00,594678880.0910083,545913491.1517819,530604473.33204377,955381533,521017293.0
2024-08-21 19:00:00,594783342.198547,546012284.8391792,530698646.3677984,955551363,521111570.0
2024-08-21 20:00:00,594884844.065411,546109988.2865764,530792501.2170025,955727445,521204653.0
2024-08-21 21:00:00,594981398.2822623,546204803.2186311,530886038.3666618,955904180,521294393.0
2024-08-21 22:00:00,595075645.242647,546291367.5605489,530979258.33318526,956080946,521378239.0
2024-08-21 23:00:00,595169427.2423179,546372036.769864,531072161.66424084,956257774,521456483.0
2024-08-22 00:00:00,595263209.2419888,546447238.769864,531170969.48312163,956425239,521530237.0
2024-08-22 01:00:00,595356991.2416596,546518889.1317818,531269453.99805105,956592576,521601076.0
2024-08-22 02:00:00,595450773.2413305,546589312.1317818,531367615.3936793,956759698,521669756.0
2024-08-22 03:00:00,595544555.2410014,546659124.159727,531465453.8652561,956927107,521737635.0
2024-08-22 04:00:00,595638337.2406722,546728688.2054805,531562969.619277,957094479,521806080.0
2024-08-22 05:00:00,595732119.2403431,546801563.2054805,531660162.874171,957261819,521877311.0
2024-08-22 06:00:00,595825901.240014,546880569.2956175,531757033.86103153,957429864,521953311.0
2024-08-22 07:00:00,595919683.2396848,546961952.2378093,531853582.82439405,957599484,522032532.0
2024-08-22 08:00:00,596013973.6526266,547046312.8446586,531949810.0230631,957772259,522114057.0
2024-08-22 09:00:00,596108264.0655684,547131717.6298641,532045715.7309924,957946430,522197256.0
2024-08-22 10:00:00,596202511.0259532,547219853.4564395,532141300.2382205,958120905,522282389.0
2024-08-22 11:00:00,596297016.2376416,547310160.4564395,532236563.8518673,958295866,522369277.0
2024-08-22 12:00:00,596391952.8586521,547402751.3923299,532331506.8971934,958470860,522458567.0
2024-08-22 13:00:00,596492313.3568145,547498271.3923299,532426129.71872807,958646273,522550947.0
2024-08-22 14:00:00,596596715.1025307,547598255.2265764,532520432.68146974,958822083,522645707.0
2024-08-22 15:00:00,596703648.0928738,547698891.5756176,532614416.17216325,958997699,522742844.0
2024-08-22 16:00:00,596813741.4295986,547802547.1153436,532708080.6006599,959173394,522842696.0
2024-08-22 17:00:00,596925195.2207519,547905054.1153436,532801426.4013651,959348046,522944713.0
2024-08-22 18:00:00,597036167.3149683,548007533.2326038,532894454.03477955,959519979,523046738.0
2024-08-22 19:00:00,597144510.4831209,548109149.5161654,532987163.98914015,959689642,523146124.0
2024-08-22 20:00:00,597248972.5906596,548206055.5939736,533079556.7821675,959866496,523243387.0
2024-08-22 21:00:00,597349333.088822,548303246.7761654,533171632.96292627,960043329,523336545.0
2024-08-22 22:00:00,597443580.0492067,548391882.7761654,533263393.1138071,960219850,523423292.0
2024-08-22 23:00:00,597537362.0488776,548473939.619179,533354837.85263675,960396704,523503911.0
2024-08-23 00:00:00,597631144.0485485,548552468.0668502,533452171.83052665,960564141,523579695.0
2024-08-23 01:00:00,597724926.0482193,548626924.1268501,533549182.8920304,960731809,523652090.0
2024-08-23 02:00:00,597818708.0478902,548699034.0441104,533645871.2441269,960899359,523722203.0
2024-08-23 03:00:00,597912490.047561,548769516.6701378,533742237.1057592,961066912,523791138.0
2024-08-23 04:00:00,598006272.0472319,548840472.0542474,533838280.70856774,961234704,523860305.0
2024-08-23 05:00:00,598100054.0469028,548914419.7260282,533934002.29767007,961402400,523932111.0
2024-08-23 06:00:00,598193836.0465736,548993474.7260282,534029402.1324902,961570565,524008191.0
2024-08-23 07:00:00,598287618.0462445,549075040.1715076,534124480.487641,961739986,524087560.0
2024-08-23 08:00:00,598381908.4591863,549160203.8989048,534219237.6538626,961913131,524169888.0
2024-08-23 09:00:00,598476155.419571,549249233.2345213,534313673.9390217,962087030,524254756.0
2024-08-23 10:00:00,598570842.3571855,549342086.0841103,534407789.6691738,962261395,524342355.0
2024-08-23 11:00:00,598671202.8553479,549439004.1079459,534501585.1896944,962435823,524432741.0
2024-08-23 12:00:00,598775664.9628866,549535868.1301377,534595060.8664828,962610556,524526208.0
2024-08-23 13:00:00,598884008.1310391,549639912.897535,534688217.087243,962785472,524623388.0
2024-08-23 14:00:00,598998203.8486552,549750872.3126035,534781054.26284766,962960391,524724448.0
2024-08-23 15:00:00,599113910.9643968,549862625.5843843,534873572.82878965,963134832,524829258.0
2024-08-23 16:00:00,599229618.0801384,549974839.1901377,534965773.24672776,963308667,524937889.0
2024-08-23 17:00:00,599345614.0970844,550088216.1901377,535057656.0061324,963481646,525048843.0
2024-08-23 18:00:00,599461321.212826,550200495.1901377,535149221.6260378,963651976,525158090.0
2024-08-23 19:00:00,599576889.2373495,550310984.3506857,535240470.65690786,963820345,525262837.0
2024-08-23 20:00:00,599687861.331566,550415245.5060282,535331403.6826236,963996572,525363734.0
2024-08-23 21:00:00,599792323.4391047,550512158.3432884,535422021.32259977,964173293,525459834.0
2024-08-23 22:00:00,599887766.2023919,550606241.0230144,535512324.23403895,964350070,525549755.0
2024-08-23 23:00:00,599982056.6153337,550691810.337809,535602313.11433333,964526872,525633350.0
2024-08-24 00:00:00,600075838.6150045,550774303.337809,535698174.06457216,964693524,525711524.0
2024-08-24 01:00:00,600169620.6146754,550849776.337809,535793712.5330196,964860230,525785530.0
2024-08-24 02:00:00,600263402.6143463,550926313.127672,535888928.751864,965027270,525856569.0
2024-08-24 03:00:00,600357184.6140171,550998498.127672,535983822.96680593,965194062,525925976.0
2024-08-24 04:00:00,600450966.613688,551070669.2947953,536078395.43788964,965361031,525994505.0
2024-08-24 05:00:00,600544748.6133589,551142838.8887678,536172646.4403882,965528238,526063632.0
2024-08-24 06:00:00,600638530.6130297,551215605.6427405,536266576.2657446,965695322,526133689.0
2024-08-24 07:00:00,600732312.6127006,551290178.6043843,536360185.22257334,965864183,526205497.0
2024-08-24 08:00:00,600826094.6123714,551369233.6043843,536453473.6377261,966035582,526280994.0
2024-08-24 09:00:00,600919876.6120423,551452727.5189048,536546441.85742605,966208062,526360808.0
2024-08-24 10:00:00,601014123.572427,551542367.9964391,536639090.2484747,966381099,526445339.0
2024-08-24 11:00:00,601114121.231185,551636265.6589049,536731419.1995369,966554307,526534743.0
2024-08-24 12:00:00,601218583.3387237,551735827.7126036,536823429.1225082,966728600,526629760.0
2024-08-24 13:00:00,601330037.129877,551839113.8739735,536915120.4539709,966903067,526730196.0
2024-08-24 14:00:00,601445744.2456186,551950903.0098639,537006493.6567438,967078061,526835390.0
2024-08-24 15:00:00,601562246.5828078,552067683.8041104,537097549.2215327,967254137,526945208.0
2024-08-24 16:00:00,601685062.2379344,552186548.8427405,537188287.6686877,967429647,527058961.0
2024-08-24 17:00:00,601813599.0273004,552307920.9846584,537278709.5500743,967603623,527174634.0
2024-08-24 18:00:00,601939896.0789042,552426356.9846584,537368815.4510667,967773909,527289179.0
2024-08-24 19:00:00,602057226.3941574,552543210.9846584,537458605.9926699,967942541,527399277.0
2024-08-24 20:00:00,602172933.509899,552652122.5057542,537548081.8337812,968118902,527505366.0
2024-08-24 21:00:00,602286330.2055084,552759185.8723296,537637243.6735979,968295418,527606757.0
2024-08-24 22:00:00,602390792.313047,552858013.8238364,537726092.2541838,968471971,527702003.0
2024-08-24 23:00:00,602485479.2506615,552952200.0446584,537814628.3632016,968648682,527790813.0
2024-08-25 00:00:00,602579769.6636033,553039785.3923297,537909017.1981684,968817882,527873974.0
2024-08-25 01:00:00,602673551.6632742,553122686.3923297,538003084.0390481,968987035,527952542.0
2024-08-25 02:00:00,602767333.662945,553203698.5942475,538096829.1465063,969156389,528027838.0
2024-08-25 03:00:00,602861115.6626159,553278748.5942475,538190252.7964774,969325211,528101013.0
2024-08-25 04:00:00,602954897.6622868,553352921.1967132,538283355.2811081,969494684,528172754.0
2024-08-25 05:00:00,603048679.6619576,553427520.1967132,538376136.9097621,969663834,528244215.0
2024-08-25 06:00:00,603142461.6616285,553502119.1967132,538468598.0100884,969832139,528316179.0
2024-08-25 07:00:00,603236243.6612993,553578535.5117817,538560738.9291592,970002505,528389207.0
2024-08-25 08:00:00,603330025.6609702,553661287.5117817,538652560.0346797,970175812,528466657.0
2024-08-25 09:00:00,603424272.6213549,553748748.4054803,538744061.716277,970348016,528549901.0
2024-08-25 10:00:00,603524027.5518522,553842657.4054803,538835244.3868715,970520822,528639796.0
2024-08-25 11:00:00,603631245.1311762,553944413.8273981,538926108.4841363,970693471,528736840.0
2024-08-25 12:00:00,603746952.2469178,554056934.5427406,539016654.4720525,970867988,528840926.0
2024-08-25 13:00:00,603865269.6058788,554172524.5427406,539106882.8425632,971042703,528951236.0
2024-08-25 14:00:00,603996528.0378244,554292636.5427406,539196794.1173366,971217301,529066606.0
2024-08-25 15:00:00,604135225.2136115,554416501.5791789,539286388.8496424,971391353,529186590.0
2024-08-25 16:00:00,604280333.2462878,554545950.5978091,539375667.62635,971565314,529310661.0
2024-08-25 17:00:00,604425139.0890912,554677199.8043845,539464631.0700579,971737739,529436989.0
2024-08-25 18:00:00,604570061.7252275,554808419.9076722,539553279.8413604,971907551,529562528.0
2024-08-25 19:00:00,604710942.5321267,554934878.7326037,539641614.6412638,972075442,529684370.0
2024-08-25 20:00:00,604848169.2473441,555058240.7326037,539729636.2137585,972249731,529802515.0
2024-08-25 21:00:00,604967483.2459347,555171507.7326037,539817345.3485607,972423993,529914533.0
2024-08-25 22:00:00,605083160.8357282,555285282.7326037,539904742.8840336,972599758,530018584.0
2024-08-25 23:00:00,605187622.9432669,555384867.7326037,539991829.7102994,972775669,530114951.0
2024-08-26 00:00:00,605287620.6020248,555479008.7326037,540094769.4374037,972944335,530204879.0
2024-08-26 01:00:00,605381867.5624095,555567768.2430146,540197385.873001,973113381,530290044.0
2024-08-26 02:00:00,605476157.9753513,555655813.2430146,540299679.2023503,973282292,530372170.0
2024-08-26 03:00:00,605569939.9750222,555739311.3616447,540401649.6213436,973451540,530452566.0
2024-08-26 04:00:00,605663721.9746931,555822809.4802749,540503297.3371549,973621076,530533188.0
2024-08-26 05:00:00,605758012.3876349,555908539.4802749,540604622.5689291,973790721,530616720.0
2024-08-26 06:00:00,605852699.3252493,556001524.1600009,540705625.5485162,973961405,530705775.0
2024-08-26 07:00:00,605953338.2809292,556099250.0112338,540806306.5212504,974133274,530798700.0
2024-08-26 08:00:00,606063431.617654,556203487.1635625,540906665.7467805,974307613,530896017.0
2024-08-26 09:00:00,606179138.7333956,556312834.3372612,541006703.4999522,974482271,530998526.0
2024-08-26 10:00:00,606300763.2667565,556430333.9405489,541106420.0717467,974657149,531107672.0
2024-08-26 11:00:00,606438792.0004556,556551038.2139735,541205815.7702805,974831667,531224466.0
2024-08-26 12:00:00,606583597.843259,556685015.5854803,541304890.9218677,975006291,531348470.0
2024-08-26 13:00:00,606730928.3119462,556820520.6884941,541403645.8721521,975181503,531479056.0
2024-08-26 14:00:00,606881583.1080192,556960751.0205489,541502080.9873103,975356827,531612648.0
2024-08-26 15:00:00,607033202.3556591,557103327.0205489,541600196.6553338,975531278,531749608.0
2024-08-26 16:00:00,607185761.1977205,557250328.0342475,541697993.2873929,975704971,531889082.0
2024-08-26 17:00:00,607338418.3746887,557397348.0342475,541795471.3192886,975877390,532029307.0
2024-08-26 18:00:00,607490977.2167501,557543587.9120557,541892631.212999,976047073,532167915.0
2024-08-26 19:00:00,607641961.9256117,557684212.9120557,541989473.4583246,976215017,532302335.0
2024-08-26 20:00:00,607789292.3942989,557819460.3210968,542085998.5746415,976390146,532432063.0
2024-08-26 21:00:00,607934098.2371023,557953485.3210968,542182207.1127673,976565301,532554853.0
2024-08-26 22:00:00,608071324.9523197,558074507.3210968,542278099.6569493,976741019,532668493.0
2024-08-26 23:00:00,608187032.0680614,558186883.8726037,542373676.8269806,976916968,532773410.0
2024-08-27 00:00:00,608298359.8930066,558289990.5043845,542475142.7397393,977084252,532871114.0
2024-08-27 01:00:00,608402588.3897475,558388859.1884941,542576285.7498645,977251694,532963450.0
2024-08-27 02:00:00,608501734.6785969,558481594.1884941,542677106.0650165,977419624,533051989.0
2024-08-27 03:00:00,608596421.6162113,558572828.4649324,542777603.9048579,977587215,533137893.0
2024-08-27 04:00:00,608690926.8278997,558661917.4649324,542877779.5017891,977755078,533223416.0
2024-08-27 05:00:00,608785613.7655141,558756140.4649324,542977633.1017305,977922939,533311283.0
2024-08-27 06:00:00,608887690.8822696,558853923.4649324,543077164.964954,978090189,533404242.0
2024-08-27 07:00:00,608996034.0504222,558958172.9041106,543176375.3669689,978259737,533501168.0
2024-08-27 08:00:00,609111741.1661638,559067122.5145215,543275264.5994626,978431158,533602550.0
2024-08-27 09:00:00,609231055.1647544,559181642.3054804,543373832.9713031,978604073,533709480.0
2024-08-27 10:00:00,609369083.8984535,559302642.539727,543472080.8096048,978777639,533823383.0
2024-08-27 11:00:00,609513889.7412568,559430566.539727,543570008.4608626,978951812,533944584.0
2024-08-27 12:00:00,609661535.7215643,559566103.539727,543667616.2921603,979126628,534073291.0
2024-08-27 13:00:00,609813154.9692042,559708679.539727,543764904.6924545,979301484,534208427.0
2024-08-27 14:00:00,609965812.1461724,559857376.779179,543861874.0739431,979476094,534347983.0
2024-08-27 15:00:00,610118469.3231406,560006126.6164392,543958524.8735219,979650472,534490468.0
2024-08-27 16:00:00,610271126.5001088,560154870.6164392,544054857.5543342,979824356,534635394.0
2024-08-27 17:00:00,610423783.677077,560303620.6164392,544150872.6074216,979996778,534781281.0
2024-08-27 18:00:00,610576440.8540453,560452370.6164392,544246570.5534823,980166260,534925622.0
2024-08-27 19:00:00,610729453.7936696,560599371.6301378,544341951.9447417,980334042,535065038.0
2024-08-27 20:00:00,610881073.0413095,560739996.6301378,544437017.3669469,980509954,535198709.0
2024-08-27 21:00:00,611026860.658663,560874906.6301378,544531767.4414889,980686749,535324488.0
2024-08-27 22:00:00,611171968.6913394,561002280.6301378,544626202.8276639,980863831,535440862.0
2024-08-27 23:00:00,611298265.7429432,561120432.6301378,544720324.2250826,981041432,535548509.0
2024-08-28 00:00:00,611413972.8586848,561231100.6301378,544820317.1396474,981211382,535649023.0
2024-08-28 01:00:00,611522316.0268373,561332698.9479461,544919987.5876384,981381027,535744069.0
2024-08-28 02:00:00,611625387.9922732,561431450.3849324,545019335.8020074,981550145,535835235.0
2024-08-28 03:00:00,611725748.4904356,561524551.3849324,545118362.0292617,981719269,535923889.0
2024-08-28 04:00:00,611823100.9623184,561618774.3849324,545217066.5302976,981888150,536011973.0
2024-08-28 05:00:00,611923461.4604808,561716301.3849324,545315449.5812889,982056993,536102608.0
2024-08-28 06:00:00,612027923.5680195,561815213.3849324,545413511.4746305,982225447,536198757.0
2024-08-28 07:00:00,612141320.2636288,561919640.3849324,545511252.5199429,982394447,536298769.0
2024-08-28 08:00:00,612257027.3793705,562028553.3849324,545608673.0451417,982566034,536403212.0
2024-08-28 09:00:00,612385879.2100319,562149941.4753433,545705773.3975753,982738973,536513412.0
2024-08-28 10:00:00,612530987.2427082,562275039.8715078,545802553.9452351,982912793,536630734.0
2024-08-28 11:00:00,612674630.5998968,562408341.8715078,545899015.0780449,983087201,536755337.0
2024-08-28 12:00:00,612825615.3087584,562550900.8652064,545995157.2092322,983261538,536887174.0
2024-08-28 13:00:00,612978628.2483827,562697920.8652064,546090980.7767887,983436172,537025187.0
2024-08-28 14:00:00,613131285.4253509,562845649.739179,546186486.2450253,983610346,537167807.0
2024-08-28 15:00:00,613283942.6023191,562992856.8441105,546281674.1062269,983784198,537313286.0
2024-08-28 16:00:00,613436599.7792873,563141066.8441105,546376544.8824157,983956592,537460573.0
2024-08-28 17:00:00,613589256.9562556,563289276.8441105,546471099.1272277,984128606,537608162.0
2024-08-28 18:00:00,613741914.1332238,563436561.8441105,546565337.4279122,984298610,537754153.0
2024-08-28 19:00:00,613894927.0728481,563582881.8441105,546659260.4074607,984466905,537896157.0
2024-08-28 20:00:00,614045911.7817097,563724099.6857543,546752868.7268745,984642220,538033503.0
2024-08-28 21:00:00,614189555.1388983,563856633.6857543,546846163.0875807,984818981,538163195.0
2024-08-28 22:00:00,614331611.131011,563985451.1961652,546939144.2340057,984995876,538283256.0
2024-08-28 23:00:00,614457908.1826148,564104461.4446584,547031812.9563168,985173410,538394209.0
2024-08-29 00:00:00,614573615.2983564,564216780.4446584,547130333.788216,985339760,538497866.0
2024-08-29 01:00:00,614687011.9939657,564321213.2819186,547228532.6428876,985505995,538595949.0
2024-08-29 02:00:00,614793944.9843088,564421913.328494,547326409.7818536,985672090,538690090.0
2024-08-29 03:00:00,614897150.7623639,564519365.5041103,547423965.4819529,985838206,538781652.0
2024-08-29 04:00:00,614998261.971966,564615071.6632885,547521200.036289,986004724,538872556.0
2024-08-29 05:00:00,615102724.0795047,564713978.4556172,547618113.7552365,986171048,538966101.0
2024-08-29 06:00:00,615212817.4162295,564814881.4556172,547714706.9675137,986337700,539064680.0
2024-08-29 07:00:00,615328383.0916563,564921631.047672,547810980.0213231,986505646,539167134.0
2024-08-29 08:00:00,615444885.4288455,565034576.0657542,547906933.2855659,986675990,539273521.0
2024-08-29 09:00:00,615573422.2182115,565151959.0657542,548002567.1511343,986847346,539384153.0
2024-08-29 10:00:00,615714303.0251107,565281040.0657542,548097882.0322869,987019952,539500107.0
2024-08-29 11:00:00,615859108.8679141,565413278.6334254,548192878.3681136,987192737,539621716.0
2024-08-29 12:00:00,616002752.2251027,565547285.9690418,548287556.6240946,987366020,539748960.0
2024-08-29 13:00:00,616150995.5316819,565682756.9147953,548381917.2937602,987539166,539881676.0
2024-08-29 14:00:00,616301565.6119471,565820567.9147953,548475960.9004589,987712613,540018030.0
2024-08-29 15:00:00,616452550.3208086,565958255.9147953,548569687.9992398,987886435,540156676.0
2024-08-29 16:00:00,616604169.5684485,566098880.9147953,548663099.1788568,988059656,540295721.0
2024-08-29 17:00:00,616754423.3733996,566237006.8427405,548756195.0639048,988232429,540432871.0
2024-08-29 18:00:00,616902503.4107844,566373630.6473981,548848976.3170929,988403118,540566556.0
2024-08-29 19:00:00,617046146.767973,566506615.5736995,548941443.6416682,988572636,540695536.0
2024-08-29 20:00:00,617190952.6107763,566641134.8402748,549033597.7839959,988749523,540820325.0
2024-08-29 21:00:00,617328981.3444754,566763400.8402748,549125439.5363092,988926577,540938658.0
2024-08-29 22:00:00,617448295.343066,566877920.6312337,549216969.7396396,989103886,541049004.0
2024-08-29 23:00:00,617563863.3675895,566986798.9016447,549308189.286938,989281250,541151434.0
2024-08-30 00:00:00,617670796.3579326,567088377.9016447,549405239.0639497,989450745,541247242.0
2024-08-30 01:00:00,617771156.856095,567186627.109316,549501967.4132873,989620123,541338114.0
2024-08-30 02:00:00,617865843.7937094,567279499.109316,549598374.6287632,989789561,541425567.0
2024-08-30 03:00:00,617960090.7540941,567368934.0424666,549694461.0215074,989959549,541510643.0
2024-08-30 04:00:00,618054337.7144789,567457229.0032885,549790226.921042,990129585,541595335.0
2024-08-30 05:00:00,618148842.9261672,567547214.5030146,549885672.6764253,990299573,541681993.0
2024-08-30 06:00:00,618249203.4243296,567642099.5030146,549980798.6574697,990469260,541772941.0
2024-08-30 07:00:00,618353665.5318683,567741011.5030146,550075605.2560375,990639878,541867568.0
2024-08-30 08:00:00,618464993.3568135,567844659.5002749,550170092.88742,990811296,541965834.0
2024-08-30 09:00:00,618580700.4725552,567953053.5002749,550264261.9918071,990982369,542068161.0
2024-08-30 10:00:00,618699017.8315161,568067163.0336995,550358113.0358502,991153598,542175206.0
2024-08-30 11:00:00,618828978.5577965,568188567.9405488,550451646.514327,991325350,542287066.0
2024-08-30 12:00:00,618967675.7335836,568311461.1147953,550544862.9519149,991498282,542403782.0
2024-08-30 13:00:00,619112783.7662599,568440548.8328775,550637762.9050779,991672048,542524115.0
2024-08-30 14:00:00,619257589.6090633,568568680.978905,550730346.9640778,991845590,542646165.0
2024-08-30 15:00:00,619400969.8605059,568697966.10822,550822615.7551152,992019492,542768080.0
2024-08-30 16:00:00,619543871.7067308,568827570.0797268,550914569.9426101,992193356,542889403.0
2024-08-30 17:00:00,619686733.3889176,568956883.2860281,551006210.2316327,992365809,543010396.0
2024-08-30 18:00:00,619831539.2317209,569082685.577261,551097537.3704903,992537250,543128699.0
2024-08-30 19:00:00,619972420.0386201,569208767.577261,551188552.1534861,992707976,543243656.0
2024-08-30 20:00:00,620109646.7538376,569335254.577261,551279255.423857,992885600,543355900.0
2024-08-30 21:00:00,620228960.7524282,569453227.577261,551369648.0769044,993063706,543463914.0
2024-08-30 22:00:00,620344667.8681698,569565694.1545212,551459731.0633307,993241894,543566044.0
2024-08-30 23:00:00,620451600.8585129,569666826.1531514,551549505.3927947,993420133,543661975.0
2024-08-31 00:00:00,620551961.3566753,569763464.276987,551645085.269554,993588965,543752093.0
2024-08-31 01:00:00,620646350.0377005,569853489.916713,551740344.3362547,993757016,543837543.0
2024-08-31 02:00:00,620740640.4506423,569940310.916713,551835282.9232242,993925343,543919582.0
2024-08-31 03:00:00,620834422.4503132,570023095.916713,551929901.3803779,994093092,543999438.0
2024-08-31 04:00:00,620928204.4499841,570107033.916713,552024200.0784407,994260774,544077949.0
2024-08-31 05:00:00,621021986.4496549,570191033.2079458,552118179.4102464,994428841,544156473.0
2024-08-31 06:00:00,621115768.4493258,570273818.2079458,552211839.7921212,994597407,544235905.0
2024-08-31 07:00:00,621210058.8622676,570361065.2079458,552305181.6653564,994766490,544316989.0
2024-08-31 08:00:00,621304564.073956,570450935.9775349,552398205.4977769,994936655,544402403.0
2024-08-31 09:00:00,621406065.94082,570547622.9775349,552490911.7854099,995107343,544492969.0
2024-08-31 10:00:00,621516159.2775447,570651900.9775349,552583301.0542635,995278408,544588524.0
2024-08-31 11:00:00,621631866.3932863,570761733.9775349,552675373.8622195,995449568,544688739.0
2024-08-31 12:00:00,621748368.7304755,570875888.9775349,552767130.8010495,995621962,544792942.0
2024-08-31 13:00:00,621871184.3856021,570994324.9775349,552858572.4985629,995794967,544900478.0
2024-08-31 14:00:00,622002442.8175477,571116730.9775349,552949699.6208941,995968037,545010421.0
2024-08-31 15:00:00,622140471.5512468,571239421.0597267,553040512.8749386,996141513,545122259.0
2024-08-31 16:00:00,622281352.358146,571363822.0597267,553131013.01095,996314455,545235532.0
2024-08-31 17:00:00,622422855.2700224,571488189.1449322,553221200.8253046,996485664,545348937.0
2024-08-31 18:00:00,622560884.0037215,571610310.4035623,553311077.1634489,996655325,545460376.0
2024-08-31 19:00:00,622689735.8343829,571731764.4035623,553400642.923039,996823744,545569015.0
2024-08-31 20:00:00,622809049.8329735,571844974.0838363,553489899.0572869,996999271,545674525.0
2024-08-31 21:00:00,622924756.9487151,571957253.0838363,553578846.5785264,997175256,545775721.0
2024-08-31 22:00:00,623035729.0429316,572061310.0838363,553667486.5620137,997351291,545871619.0
2024-08-31 23:00:00,623137230.9097955,572157997.0838363,553755820.1499784,997527450,545961789.0
2024-09-01 00:00:00,623231917.84741,572249854.0838363,553851402.8828366,997695615,546047240.0
2024-09-01 01:00:00,623326208.2603518,572336705.256713,553946661.2258313,997864166,546128669.0
2024-09-01 02:00:00,623419990.2600226,572419830.256713,554041595.3022568,998032941,546207252.0
2024-09-01 03:00:00,623513772.2596935,572501381.9106857,554136205.2423027,998201979,546283899.0
2024-09-01 04:00:00,623607554.2593644,572581946.9106857,554230491.1834668,998371501,546359513.0
2024-09-01 05:00:00,623701336.2590352,572662492.8701377,554324453.2709949,998541138,546435019.0
2024-09-01 06:00:00,623795118.2587061,572743057.8701377,554418091.6583471,998710852,546511232.0
2024-09-01 07:00:00,623888900.258377,572826847.8701377,554511406.5076941,998881689,546588829.0
2024-09-01 08:00:00,623983190.6713188,572913471.8830144,554604397.9904444,999053549,546670666.0
2024-09-01 09:00:00,624077877.6089332,573006314.1545213,554697066.2878048,999225922,546757859.0
2024-09-01 10:00:00,624180814.5575886,573105856.7493159,554789411.5913767,999399453,546850463.0
2024-09-01 11:00:00,624291786.651805,573212112.7493159,554881434.1037891,999573421,546947709.0
2024-09-01 12:00:00,624407493.7675467,573323941.7493159,554973134.039373,999748764,547049025.0
2024-09-01 13:00:00,624523996.1047359,573438096.7493159,555064511.6248778,999924630,547153802.0
2024-09-01 14:00:00,624646159.5923481,573553450.9380829,555155567.1002333,1000100964,547261638.0
2024-09-01 15:00:00,624776120.3186284,573670360.9380829,555246300.7193606,1000277173,547372772.0
2024-09-01 16:00:00,624914149.0523275,573795522.0186309,555336712.751034,1000452567,547486419.0
2024-09-01 17:00:00,625052177.7860266,573916550.0583569,555426803.4797992,1000627093,547600864.0
2024-09-01 18:00:00,625189404.5012441,574034201.2654802,555516573.2069484,1000799737,547713347.0
2024-09-01 19:00:00,625315701.5528479,574149986.2049322,555606022.25156,1000971080,547821543.0
2024-09-01 20:00:00,625434766.5034429,574263253.2049322,555695150.951603,1001147671,547926119.0
2024-09-01 21:00:00,625550473.6191845,574376685.5890418,555783959.665114,1001324108,548026176.0
2024-09-01 22:00:00,625660566.9559093,574481769.4665761,555872448.7714487,1001500396,548120609.0
2024-09-01 23:00:00,625760927.4540716,574578072.4665761,555960618.6726148,1001676687,548209171.0
2024-09-02 00:00:00,625855217.8670135,574664553.4665761,556064764.2575887,1001846243,548292650.0
2024-09-02 01:00:00,625948999.8666843,574748261.7712337,556168584.8352537,1002015855,548371684.0
2024-09-02 02:00:00,626042781.8663552,574826570.7712337,556272080.494688,1002185564,548447425.0
2024-09-02 03:00:00,626136563.866026,574904321.7712337,556375251.329828,1002354583,548520946.0
2024-09-02 04:00:00,626230345.8656969,574979064.18822,556478097.4397544,1002523726,548593448.0
2024-09-02 05:00:00,626324127.8653678,575052926.18822,556580618.9289964,1002692849,548665719.0
2024-09-02 06:00:00,626417909.8650386,575126733.8279461,556682815.9078553,1002861920,548738466.0
2024-09-02 07:00:00,626511691.8647095,575201301.8279461,556784688.4927462,1003032470,548811542.0
2024-09-02 08:00:00,626605473.8643804,575280321.8931515,556886236.8065637,1003204648,548887328.0
2024-09-02 09:00:00,626699255.8640512,575363446.8931515,556987460.9790685,1003378342,548966573.0
2024-09-02 10:00:00,626793546.276993,575449416.8931515,557088361.1472986,1003553111,549048893.0
2024-09-02 11:00:00,626887793.2373778,575539729.8931515,557188937.4560064,1003729012,549134258.0
2024-09-02 12:00:00,626982559.288305,575633145.2515076,557289190.0581234,1003905665,549222395.0
2024-09-02 13:00:00,627082919.7864674,575730104.2515076,557389119.1152534,1004082979,549312709.0
2024-09-02 14:00:00,627186988.8491248,575830165.2515076,557488724.7981979,1004260623,549405359.0
2024-09-02 15:00:00,627291450.9566635,575931251.2515076,557588007.2875127,1004438031,549500497.0
2024-09-02 16:00:00,627401544.2933882,576036335.1290419,557686966.7741019,1004614961,549598358.0
2024-09-02 17:00:00,627512872.1183335,576142684.1290419,557785603.4598477,1004790549,549698065.0
2024-09-02 18:00:00,627623844.2125499,576247768.0065762,557883917.5582813,1004963465,549796639.0
2024-09-02 19:00:00,627731061.7918739,576349953.6956173,557981909.2952952,1005134439,549891909.0
2024-09-02 20:00:00,627835523.8994126,576448038.5115077,558079578.9099021,1005311500,549984763.0
2024-09-02 21:00:00,627935884.397575,576544122.9712337,558176926.6550405,1005488547,550072834.0
2024-09-02 22:00:00,628030131.3579597,576634374.7810967,558273952.7984335,1005665757,550154763.0
2024-09-02 23:00:00,628123913.3576306,576721014.7810967,558370657.623501,1005843330,550230771.0
2024-09-03 00:00:00,628217695.3573015,576798971.7810967,558473325.7974035,1006013237,550302361.0
2024-09-03 01:00:00,628311477.3569723,576872195.0167131,558575669.1504133,1006183280,550370901.0
2024-09-03 02:00:00,628405259.3566432,576944818.9205488,558677687.7818238,1006353899,550437525.0
2024-09-03 03:00:00,628499041.3563141,577015111.2375351,558779381.7963904,1006524340,550503283.0
2024-09-03 04:00:00,628592823.3559849,577086078.149042,558880751.3046544,1006695266,550569799.0
2024-09-03 05:00:00,628686605.3556558,577160563.4980831,558981796.4232864,1006865915,550639524.0
2024-09-03 06:00:00,628780387.3553267,577240088.4980831,559082517.2754527,1007036425,550715168.0
2024-09-03 07:00:00,628874169.3549975,577323213.4980831,559182913.9912024,1007207952,550794243.0
2024-09-03 08:00:00,628968459.7679393,577409694.4980831,559282986.7078804,1007382224,550875342.0
2024-09-03 09:00:00,629062706.728324,577497250.3347955,559382735.5705655,1007557248,550957874.0
2024-09-03 10:00:00,629156953.6887088,577587154.3347955,559482160.7325361,1007733002,551041982.0
2024-09-03 11:00:00,629251640.6263232,577678122.0854805,559581262.3557652,1007908983,551127575.0
2024-09-03 12:00:00,629351638.2850811,577774004.0854805,559680040.6114465,1008084971,551214975.0
2024-09-03 13:00:00,629453140.1519451,577872931.8465763,559778495.6805533,1008261443,551304680.0
2024-09-03 14:00:00,629557602.2594838,577973533.9452065,559876627.7544338,1008437589,551396456.0
2024-09-03 15:00:00,629665283.8104734,578080607.4531517,559974437.0354424,1008613827,551490798.0
2024-09-03 16:00:00,629776611.6354187,578183783.6123298,560071923.7376127,1008789150,551588173.0
2024-09-03 17:00:00,629890008.331028,578289969.9879463,560169088.0873721,1008962912,551687615.0
2024-09-03 18:00:00,630003405.0266373,578396111.9627408,560265930.3243017,1009133981,551786790.0
2024-09-03 19:00:00,630113498.3633621,578497431.9627408,560362450.7019457,1009303898,551883725.0
2024-09-03 20:00:00,630217960.4709008,578598517.9627408,560458649.4886711,1009481089,551978767.0
2024-09-03 21:00:00,630318320.9690632,578697937.0868504,560554526.9685832,1009658271,552068990.0
2024-09-03 22:00:00,630412567.9294479,578788166.4657545,560650083.4424994,1009835483,552152783.0
2024-09-03 23:00:00,630506349.9291188,578871149.1246586,560745319.2289847,1010012829,552230937.0
2024-09-04 00:00:00,630600131.9287896,578947466.8049326,560846510.3818685,1010181417,552304636.0
2024-09-04 01:00:00,630693913.9284605,579021295.4438367,560947376.9217521,1010350213,552375355.0
2024-09-04 02:00:00,630787695.9281313,579091587.4438367,561047918.9594173,1010518686,552444218.0
2024-09-04 03:00:00,630881477.9278022,579160936.1961654,561148136.6117908,1010686874,552512055.0
2024-09-04 04:00:00,630975259.9274731,579231355.9142476,561248030.0023104,1010855037,552580287.0
2024-09-04 05:00:00,631069041.9271439,579303970.9142476,561347599.2613144,1011022708,552651647.0
2024-09-04 06:00:00,631162823.9268148,579381730.211234,561446844.5264549,1011190654,552728490.0
2024-09-04 07:00:00,631256605.9264857,579463857.2449327,561545765.9431376,1011359671,552808711.0
2024-09-04 08:00:00,631350896.3394275,579550538.6586313,561644363.6649884,1011530712,552890441.0
2024-09-04 09:00:00,631445143.2998122,579637778.6586313,561742637.8543497,1011702812,552973552.0
2024-09-04 10:00:00,631539390.2601969,579726080.840823,561840588.6828083,1011875278,553058529.0
2024-09-04 11:00:00,631634077.1978114,579818808.1964395,561938216.3317554,1012047795,553145536.0
2024-09-04 12:00:00,631734437.6959738,579915767.1964395,562035520.9929839,1012220536,553234811.0
2024-09-04 13:00:00,631838899.8035125,580018548.4432888,562132502.8693213,1012394006,553327418.0
2024-09-04 14:00:00,631947242.971665,580119687.4432888,562229162.1753045,1012567575,553422908.0
2024-09-04 15:00:00,632060639.6672744,580230671.7304121,562325499.1378961,1012741190,553521984.0
2024-09-04 16:00:00,632176346.783016,580342012.0558916,562421513.997247,1012914180,553624646.0
2024-09-04 17:00:00,632292053.8987576,580451909.3553437,562517207.0075077,1013086635,553729758.0
2024-09-04 18:00:00,632407761.0144992,580561263.5690423,562612578.4376904,1013256491,553834383.0
2024-09-04 19:00:00,632523329.0390227,580671844.5690423,562707628.5725869,1013425228,553936498.0
2024-09-04 20:00:00,632634656.8639679,580774959.01233,562802357.7137452,1013600741,554036369.0
2024-09-04 21:00:00,632739118.9715066,580873046.4863026,562896766.1805086,1013776764,554131029.0
2024-09-04 22:00:00,632833805.909121,580966690.4706862,562990854.3111207,1013952919,554218771.0
2024-09-04 23:00:00,632928096.3220628,581053301.4706862,563084622.4639027,1014128992,554300251.0
2024-09-05 00:00:00,633021878.3217337,581131491.5213711,563184337.0309646,1014294717,554376776.0
2024-09-05 01:00:00,633115660.3214046,581207255.2167135,563283727.2170788,1014460844,554449825.0
2024-09-05 02:00:00,633209442.3210754,581282057.2167135,563382793.1459554,1014628034,554520605.0
2024-09-05 03:00:00,633303224.3207463,581353685.9178095,563481534.9482222,1014795336,554590271.0
2024-09-05 04:00:00,633397006.3204172,581424542.2397273,563579952.761839,1014962705,554660439.0
2024-09-05 05:00:00,633490788.320088,581499158.9750698,563678046.7325387,1015129817,554733488.0
2024-09-05 06:00:00,633584570.3197589,581580457.6898643,563775817.0142951,1015296834,554812364.0
2024-09-05 07:00:00,633678544.0912176,581665615.6898643,563873263.7698207,1015464025,554894574.0
2024-09-05 08:00:00,633772791.0516024,581752374.9890424,563970387.1710957,1015633235,554978848.0
2024-09-05 09:00:00,633867038.0119871,581842262.362467,564067187.3999304,1015803335,555065325.0
2024-09-05 10:00:00,633961804.0629144,581934983.8594533,564163664.6485626,1015973823,555154599.0
2024-09-05 11:00:00,634062252.8598977,582031942.8594533,564259819.1202936,1016144827,555247112.0
2024-09-05 12:00:00,634166714.9674364,582132978.2778095,564355651.0301644,1016316761,555343359.0
2024-09-05 13:00:00,634279165.3380636,582240343.2778095,564451160.6056737,1016489044,555443652.0
2024-09-05 14:00:00,634394872.4538052,582352883.2778095,564546348.0875431,1016661309,555547643.0
2024-09-05 15:00:00,634510579.5695468,582464695.4071245,564641213.7305301,1016834191,555655474.0
2024-09-05 16:00:00,634629644.5201418,582580842.8654807,564735757.8042932,1017006985,555766915.0
2024-09-05 17:00:00,634751808.0077541,582700469.892056,564829980.5943118,1017178894,555879849.0
2024-09-05 18:00:00,634871122.0063447,582816463.892056,564923882.402866,1017347981,555991501.0
2024-09-05 19:00:00,634987118.0232906,582927748.4873985,565017463.550078,1017515919,556099951.0
2024-09-05 20:00:00,635102825.1390322,583036665.4873985,565110724.375021,1017690938,556205777.0
2024-09-05 21:00:00,635214152.9639775,583139736.1512341,565203665.236899,1017866068,556306036.0
2024-09-05 22:00:00,635315264.1735796,583236006.4468505,565296286.516303,1018041366,556399025.0
2024-09-05 23:00:00,635409511.1339643,583325520.1830149,565388588.6165472,1018217255,556485281.0
2024-09-06 00:00:00,635503293.1336352,583407420.9753436,565486827.0837837,1018383918,556566159.0
2024-09-06 01:00:00,635597075.133306,583486155.9753436,565584741.4293208,1018550589,556643025.0
2024-09-06 02:00:00,635690857.1329769,583561519.2158915,565682331.7914265,1018717868,556717241.0
2024-09-06 03:00:00,635784639.1326478,583636005.2158915,565779598.3161614,1018884953,556790011.0
2024-09-06 04:00:00,635878421.1323186,583710474.0739737,565876541.1578478,1019052068,556862969.0
2024-09-06 05:00:00,635972203.1319895,583786704.0854805,565973160.4795686,1019218962,556938708.0
2024-09-06 06:00:00,636065985.1316603,583868703.659453,566069456.4536984,1019386213,557019878.0
2024-09-06 07:00:00,636160275.5446022,583955482.4013709,566165429.2624664,1019554019,557104514.0
2024-09-06 08:00:00,636254522.5049869,584043783.2273983,566261079.0985566,1019723707,557191728.0
2024-09-06 09:00:00,636349209.4426013,584136948.6186311,566356406.1657449,1019894416,557281235.0
2024-09-06 10:00:00,636449569.9407637,584233208.0386311,566451410.6795766,1020066056,557373296.0
2024-09-06 11:00:00,636554032.0483024,584336007.5123297,566546092.8680878,1020238369,557468127.0
2024-09-06 12:00:00,636664125.3850272,584439150.5123297,566640452.9725713,1020412077,557566519.0
2024-09-06 13:00:00,636778754.9041197,584550160.5123297,566734491.2483928,1020586210,557668022.0
2024-09-06 14:00:00,636894462.0198613,584658525.5123297,566828207.9658579,1020761470,557771636.0
2024-09-06 15:00:00,637010169.135603,584768545.559453,566921603.4111348,1020937250,557876630.0
2024-09-06 16:00:00,637125876.2513446,584881154.559453,567014677.8872367,1021113038,557982142.0
2024-09-06 17:00:00,637241583.3670862,584993763.559453,567107431.7150662,1021287452,558087503.0
2024-09-06 18:00:00,637357290.4828278,585103117.7731516,567199865.234527,1021459153,558190197.0
2024-09-06 19:00:00,637471486.2004439,585208357.769042,567291978.8057077,1021630092,558289586.0
2024-09-06 20:00:00,637579829.3685964,585309496.769042,567383772.8101408,1021805164,558386238.0
2024-09-06 21:00:00,637684291.4761351,585412284.7424667,567475247.6521432,1021980473,558478988.0
2024-09-06 22:00:00,637778978.4137496,585505456.5890421,567566403.7602437,1022155799,558566670.0
2024-09-06 23:00:00,637873268.8266914,585590719.5890421,567657241.5887015,1022331804,558648893.0
2024-09-07 00:00:00,637967050.8263623,585669454.5890421,567754004.499308,1022492656,558726309.0
2024-09-07 01:00:00,638060832.8260331,585744144.0652064,567850443.5780954,1022653416,558799844.0
2024-09-07 02:00:00,638154614.825704,585815796.0652064,567946558.9797351,1022813407,558870843.0
2024-09-07 03:00:00,638248396.8253748,585887134.2246585,568042350.8676813,1022973093,558940213.0
2024-09-07 04:00:00,638342178.8250457,585956357.2575352,568137819.4147028,1023133187,559009116.0
2024-09-07 05:00:00,638435960.8247166,586027695.4169873,568232964.803449,1023293909,559078462.0
2024-09-07 06:00:00,638529742.8243874,586099046.4169873,568327787.2270505,1023455780,559149511.0
2024-09-07 07:00:00,638623524.8240583,586173849.7282202,568422286.8897581,1023618647,559222411.0
2024-09-07 08:00:00,638717306.8237292,586251261.2421929,568516464.0076228,1023782755,559298506.0
2024-09-07 09:00:00,638811088.8234,586334792.9027408,568610318.8092184,1023947740,559377544.0
2024-09-07 10:00:00,638904870.8230709,586419155.6931518,568703851.5364102,1024114805,559458862.0
2024-09-07 11:00:00,638999161.2360127,586504897.6931518,568797062.4451728,1024281848,559541716.0
2024-09-07 12:00:00,639093451.6489545,586591870.8909601,568889951.8064599,1024449767,559625053.0
2024-09-07 13:00:00,639187698.6093392,586678486.7010971,568982519.9071296,1024617507,559708532.0
2024-09-07 14:00:00,639281945.569724,586767880.8654807,569074767.0509294,1024785386,559792280.0
2024-09-07 15:00:00,639376192.5301087,586857304.8654807,569166693.5595433,1024953097,559875814.0
2024-09-07 16:00:00,639470439.4904934,586946927.4145218,569258299.7737072,1025120445,559959084.0
2024-09-07 17:00:00,639564828.1715187,587037551.3432889,569349586.0543954,1025287268,560042743.0
2024-09-07 18:00:00,639659075.1319034,587127173.89233,569440552.7840836,1025452880,560126145.0
2024-09-07 19:00:00,639753322.0922881,587215198.6698643,569531200.3680928,1025616911,560208717.0
2024-09-07 20:00:00,639847612.50523,587302149.0298643,569621529.2360209,1025787080,560290636.0
2024-09-07 21:00:00,639941758.4922353,587387270.0608232,569711539.8432662,1025957381,560369982.0
2024-09-07 22:00:00,640035540.4919062,587470346.2791793,569801232.6726494,1026127436,560445510.0
2024-09-07 23:00:00,640129322.491577,587545768.6246588,569890608.2361405,1026297734,560516994.0
2024-09-08 00:00:00,640223104.4912479,587617031.5019192,569985896.1977558,1026457560,560584979.0
2024-09-08 01:00:00,640316886.4909188,587685651.0701383,570080860.651956,1026617751,560650286.0
2024-09-08 02:00:00,640410668.4905896,587752750.4142479,570175501.7719052,1026778570,560713866.0
2024-09-08 03:00:00,640504450.4902605,587818251.4142479,570269819.7406733,1026939093,560776362.0
2024-09-08 04:00:00,640598232.4899313,587883776.203015,570363814.751838,1027100055,560838405.0
2024-09-08 05:00:00,640692014.4896022,587949527.203015,570457487.0101259,1027260968,560900915.0
2024-09-08 06:00:00,640785796.4892731,588018437.942741,570550836.7320943,1027422672,560964627.0
2024-09-08 07:00:00,640879578.4889439,588086401.6915082,570643864.1468557,1027585850,561029563.0
2024-09-08 08:00:00,640973360.4886148,588159199.6915082,570736569.4968485,1027752241,561096448.0
2024-09-08 09:00:00,641067142.4882857,588233163.6915082,570828953.0386572,1027920533,561164875.0
2024-09-08 10:00:00,641160924.4879565,588306464.8835629,570921015.0438848,1028089360,561234095.0
2024-09-08 11:00:00,641254706.4876274,588382493.3312341,571012755.8000802,1028258164,561304353.0
2024-09-08 12:00:00,641348488.4872983,588462650.3312341,571104175.6117262,1028427958,561375832.0
2024-09-08 13:00:00,641442270.4869691,588542088.2769876,571195274.8012896,1028597826,561448337.0
2024-09-08 14:00:00,641536052.48664,588624497.9271245,571286053.7103398,1028766900,561522390.0
2024-09-08 15:00:00,641629834.4863108,588706510.9271245,571376512.7007382,1028936059,561598567.0
2024-09-08 16:00:00,641723616.4859817,588793075.5243847,571466652.1559051,1029104912,561677880.0
2024-09-08 17:00:00,641817906.8989235,588879396.9498641,571556472.4821675,1029271702,561759969.0
2024-09-08 18:00:00,641912153.8593082,588968166.581645,571645974.1101942,1029434480,561843111.0
2024-09-08 19:00:00,642006400.819693,589056921.81096,571735157.4965241,1029595793,561926209.0
2024-09-08 20:00:00,642100691.2326348,589143391.7761655,571824023.1251925,1029763790,562009674.0
2024-09-08 21:00:00,642194837.2196401,589228146.0326039,571912571.5094635,1029932097,562089571.0
2024-09-08 22:00:00,642288619.219311,589309487.0326039,572000803.1936746,1030100146,562164873.0
2024-09-08 23:00:00,642382401.2189819,589384149.4402751,572088718.7552007,1030268579,562235788.0
2024-09-09 00:00:00,642476183.2186527,589455342.4482203,572192565.1559356,1030426872,562303461.0
2024-09-09 01:00:00,642569965.2183236,589523696.4468504,572296087.1846132,1030584874,562368889.0
2024-09-09 02:00:00,642663747.2179945,589590279.4468504,572399284.9653579,1030743188,562433158.0
2024-09-09 03:00:00,642757529.2176653,589657007.2463025,572502158.6292343,1030902000,562497157.0
2024-09-09 04:00:00,642851311.2173362,589724899.7745217,572604708.3146627,1031060948,562562308.0
2024-09-09 05:00:00,642945093.217007,589795561.7331518,572706934.1678613,1031220215,562630858.0
2024-09-09 06:00:00,643038875.2166779,589873185.681097,572808836.3433161,1031379997,562705718.0
2024-09-09 07:00:00,643132657.2163488,589954780.681097,572910415.0042795,1031540847,562784092.0
2024-09-09 08:00:00,643226439.2160196,590037310.4841107,573011670.3233014,1031704168,562863880.0
2024-09-09 09:00:00,643320585.203025,590121705.5191792,573112602.4827932,1031868200,562944346.0
2024-09-09 10:00:00,643414875.6159668,590206968.5191792,573213211.6756274,1032032166,563026047.0
2024-09-09 11:00:00,643509122.5763515,590294800.3750696,573313498.105775,1032196968,563108746.0
2024-09-09 12:00:00,643603369.5367362,590385113.3750696,573413461.9889842,1032362666,563192941.0
2024-09-09 13:00:00,643698056.4743507,590477547.7550696,573513103.5535009,1032528064,563279112.0
2024-09-09 14:00:00,643797615.8038576,590574496.7550696,573612423.0408355,1032694339,563367120.0
2024-09-09 15:00:00,643897976.30202,590673798.7550696,573711420.706579,1032860264,563457528.0
2024-09-09 16:00:00,644002438.4095587,590776581.8734257,573810096.8212706,1033025527,563551078.0
2024-09-09 17:00:00,644109371.3999017,590877599.8734257,573908451.6713206,1033189452,563647148.0
2024-09-09 18:00:00,644216304.3902448,590978617.8734257,574006485.5599929,1033350137,563743311.0
2024-09-09 19:00:00,644320766.4977835,591078666.3153435,574104198.8084501,1033509949,563838170.0
2024-09-09 20:00:00,644423972.2758386,591175782.3153435,574201591.7568654,1033676725,563931712.0
2024-09-09 21:00:00,644523118.564688,591268546.0320559,574298664.7656062,1033843200,564020423.0
2024-09-09 22:00:00,644617365.5250727,591356125.1008229,574395418.216494,1034009667,564103130.0
2024-09-09 23:00:00,644711147.5247436,591439631.8621927,574491852.5141453,1034176424,564180083.0
2024-09-10 00:00:00,644804929.5244144,591515674.7123297,574594222.8340651,1034334124,564252958.0
2024-09-10 01:00:00,644898711.5240853,591587426.518905,574696269.0420657,1034491780,564322687.0
2024-09-10 02:00:00,644992493.5237561,591657371.518905,574797991.2768778,1034649574,564390691.0
2024-09-10 03:00:00,645086275.523427,591726753.7117817,574899389.6850494,1034807509,564457911.0
2024-09-10 04:00:00,645180057.5230979,591798183.2758913,575000464.4214172,1034965593,564525877.0
2024-09-10 05:00:00,645273839.5227687,591871598.1482201,575101215.649607,1035123786,564597012.0
2024-09-10 06:00:00,645367621.5224396,591950599.728768,575201643.5425652,1035282112,564673826.0
2024-09-10 07:00:00,645461403.5221105,592033711.70959,575301748.2831254,1035441873,564754163.0
2024-09-10 08:00:00,645555693.9350523,592118956.1843845,575401530.0646089,1035604644,564836196.0
2024-09-10 09:00:00,645649940.895437,592206134.7934256,575500989.0914646,1035768153,564919612.0
2024-09-10 10:00:00,645744187.8558217,592296419.9920557,575600125.5799487,1035931765,565005031.0
2024-09-10 11:00:00,645838874.7934362,592390075.9920557,575698939.7588474,1036095324,565092698.0
2024-09-10 12:00:00,645939235.2915986,592484429.9920557,575797431.8702464,1036260101,565183089.0
2024-09-10 13:00:00,646043697.3991373,592584951.238083,575895602.1703489,1036425245,565276837.0
2024-09-10 14:00:00,646153790.735862,592688557.238083,575993450.9303454,1036590553,565374164.0
2024-09-10 15:00:00,646268630.3044549,592799466.3936994,576090978.4373395,1036755809,565475119.0
2024-09-10 16:00:00,646384337.4201965,592912482.3032885,576188184.9953331,1036920371,565579905.0
2024-09-10 17:00:00,646500044.5359381,593024201.7602748,576285070.9262738,1037083250,565687231.0
2024-09-10 18:00:00,646615751.6516798,593137191.0347953,576381636.5711712,1037242922,565794029.0
2024-09-10 19:00:00,646731319.6762033,593246703.9616446,576477882.2912825,1037401394,565898084.0
2024-09-10 20:00:00,646844547.810039,593352125.358083,576573808.4693772,1037566464,565999326.0
2024-09-10 21:00:00,646949009.9175777,593450549.358083,576669415.5110804,1037731778,566094116.0
2024-09-10 22:00:00,647043696.8551922,593544193.667946,576764703.8463053,1037896856,566182234.0
2024-09-10 23:00:00,647137987.268134,593630804.667946,576859673.9307766,1038062329,566264335.0
2024-09-11 00:00:00,647231769.2678049,593709777.8893158,576960568.7149876,1038220162,566340930.0
2024-09-11 01:00:00,647325551.2674757,593785838.3298638,577061139.6781533,1038378039,566413843.0
2024-09-11 02:00:00,647419333.2671466,593860251.3298638,577161386.9754616,1038536164,566484319.0
2024-09-11 03:00:00,647513115.2668175,593931699.0536994,577261310.7709117,1038694347,566553366.0
2024-09-11 04:00:00,647606897.2664883,594004111.4186308,577360911.2378478,1038852597,566622853.0
2024-09-11 05:00:00,647700679.2661592,594078396.4186308,577460188.5595258,1039010366,566695214.0
2024-09-11 06:00:00,647794461.26583,594159687.5117816,577559142.929717,1039168241,566773102.0
2024-09-11 07:00:00,647888607.2528354,594244088.8665761,577657774.5533481,1039327265,566854429.0
2024-09-11 08:00:00,647982854.2132201,594330320.8665761,577756083.6471843,1039489261,566937560.0
2024-09-11 09:00:00,648077242.8942454,594419593.8131514,577854070.4405533,1039652424,567022724.0
2024-09-11 10:00:00,648173797.1110967,594516505.5457541,577951735.1761171,1039815954,567110646.0
2024-09-11 11:00:00,648276869.0765326,594613607.2517815,578049078.1106917,1039979622,567201854.0
2024-09-11 12:00:00,648385212.2446852,594714287.2517815,578146099.51612,1040143647,567297179.0
2024-09-11 13:00:00,648500780.2692087,594825227.1895897,578242799.6801999,1040307801,567397111.0
2024-09-11 14:00:00,648616487.3849503,594935710.1895897,578339178.9076723,1040472292,567501184.0
2024-09-11 15:00:00,648735561.6803501,595055360.1895897,578435237.5212717,1040636644,567609576.0
2024-09-11 16:00:00,648862983.3674303,595173877.8791788,578530975.8628448,1040800485,567721654.0
2024-09-11 17:00:00,648994241.7993759,595298828.9679459,578626394.2945406,1040962667,567835784.0
2024-09-11 18:00:00,649121663.4864562,595419606.2860281,578721493.2000774,1041122044,567947841.0
2024-09-11 19:00:00,649240737.781856,595535561.906576,578816272.9860913,1041280236,568056184.0
2024-09-11 20:00:00,649356444.8975976,595650197.906576,578910734.0835713,1041445271,568161251.0
2024-09-11 21:00:00,649469841.5932069,595755642.9545213,579004876.9493884,1041610599,568260093.0
2024-09-11 22:00:00,649571918.7099624,595854599.9545213,579098702.0679219,1041776011,568351523.0
2024-09-11 23:00:00,649666165.6703471,595944885.1531514,579192209.9527923,1041941434,568435972.0
2024-09-12 00:00:00,649759947.670018,596028372.5126034,579291629.8110672,1042100594,568515005.0
2024-09-12 01:00:00,649853729.6696888,596107591.5693157,579390726.1738107,1042258976,568589985.0
2024-09-12 02:00:00,649947511.6693597,596183372.5693157,579489499.2147648,1042417415,568662345.0
2024-09-12 03:00:00,650041293.6690305,596257772.9569869,579587949.1176089,1042575753,568733338.0
2024-09-12 04:00:00,650135075.6687014,596331551.9569869,579686076.0765643,1042734179,568804300.0
2024-09-12 05:00:00,650228857.6683723,596407873.7328774,579783880.297037,1042893235,568878296.0
2024-09-12 06:00:00,650322639.6680431,596489071.7328774,579881361.9963017,1043051853,568957993.0
2024-09-12 07:00:00,650416930.080985,596575032.8635623,579978521.4042282,1043211369,569041323.0
2024-09-12 08:00:00,650511177.0413697,596663355.8221924,580075358.7640555,1043373457,569127186.0
2024-09-12 09:00:00,650605863.9789841,596755585.0435623,580171874.3332136,1043536858,569215543.0
2024-09-12 10:00:00,650706502.934664,596852655.7575349,580268068.3841988,1043700368,569306965.0
2024-09-12 11:00:00,650813573.2025429,596953863.0232882,580363941.2055045,1043863744,569401660.0
2024-09-12 12:00:00,650926969.8981522,597059202.0232882,580459493.1026118,1044027574,569500492.0
2024-09-12 13:00:00,651042677.0138938,597169670.5665759,580554724.399043,1044192220,569603718.0
2024-09-12 14:00:00,651161721.027708,597289210.446028,580649635.4374835,1044357861,569711001.0
2024-09-12 15:00:00,651288018.0793118,597408066.696713,580744226.5809755,1044522895,569821891.0
2024-09-12 16:00:00,651425244.7945293,597533304.4005486,580838498.2141879,1044687368,569935895.0
2024-09-12 17:00:00,651563273.5282284,597658597.5715075,580932450.7447689,1044850316,570050550.0
2024-09-12 18:00:00,651694531.960174,597776668.5715075,581026084.6047857,1045011279,570162596.0
2024-09-12 19:00:00,651815565.3661481,597894641.5715075,581119400.2522569,1045172343,570271069.0
2024-09-12 20:00:00,651931272.4818897,598009223.786028,581212398.1727844,1045338626,570376421.0
2024-09-12 21:00:00,652046051.6183056,598118024.3679458,581305078.8812909,1045505105,570476066.0
2024-09-12 22:00:00,652150453.3640218,598218085.3679458,581397442.9238697,1045672748,570568633.0
2024-09-12 23:00:00,652244958.5757102,598308142.3679458,581489490.8797561,1045840397,570654329.0
2024-09-13 00:00:00,652338904.0878869,598392541.3679458,581587436.4947675,1046001960,570734565.0
2024-09-13 01:00:00,652432686.0875578,598473069.154795,581685058.9788249,1046163751,570810897.0
2024-09-13 02:00:00,652526468.0872287,598550977.9709594,581782358.5266001,1046325084,570884836.0
2024-09-13 03:00:00,652620250.0868995,598626115.9260279,581879335.3439792,1046485880,570957461.0
2024-09-13 04:00:00,652714032.0865704,598701291.0309594,581975989.6487471,1046646533,571030173.0
2024-09-13 05:00:00,652807814.0862412,598780504.1476717,582072321.6713169,1046806838,571105566.0
2024-09-13 06:00:00,652901596.0859121,598863556.0235621,582168331.6555051,1046967406,571186550.0
2024-09-13 07:00:00,652995843.0462968,598951000.724658,582264019.8593568,1047128226,571271198.0
2024-09-13 08:00:00,653090348.2579852,599041627.8304114,582359386.5560226,1047290484,571358552.0
2024-09-13 09:00:00,653189907.5874921,599135912.0531511,582454432.0346926,1047452782,571448486.0
2024-09-13 10:00:00,653293113.3655472,599233346.8912333,582549156.6015891,1047615891,571541383.0
2024-09-13 11:00:00,653400794.9165368,599333933.804932,582643560.5810235,1047779111,571637551.0
2024-09-13 12:00:00,653514736.8954462,599441176.1693156,582737644.3165214,1047943898,571737448.0
2024-09-13 13:00:00,653630444.0111878,599554117.2457539,582831408.1720192,1048109130,571841439.0
2024-09-13 14:00:00,653747382.8596061,599667494.2457539,582924852.5331383,1048274878,571949022.0
2024-09-13 15:00:00,653870198.5147327,599785228.2457539,583017977.8085407,1048440508,572059778.0
2024-09-13 16:00:00,653999050.3453941,599903562.895343,583110784.4313734,1048605142,572173295.0
2024-09-13 17:00:00,654130308.7773397,600028398.895343,583203272.8608047,1048768572,572287293.0
2024-09-13 18:00:00,654256605.8289435,600146915.895343,583295443.5836611,1048930240,572398237.0
2024-09-13 19:00:00,654373108.1661327,600260292.895343,583387297.1161692,1049090937,572504781.0
2024-09-13 20:00:00,654488815.2818743,600369326.6405485,583478834.0058119,1049257527,572607714.0
2024-09-13 21:00:00,654599787.3760908,600474921.66548,583570054.8333039,1049424485,572705183.0
2024-09-13 22:00:00,654701864.4928463,600572317.6191787,583660960.2146968,1049591438,572796940.0
2024-09-13 23:00:00,654796253.1738715,600665131.6191787,583751550.8036203,1049758411,572882803.0
2024-09-14 00:00:00,654890399.1608769,600749530.6191787,583848022.94027,1049917084,572963325.0
2024-09-14 01:00:00,654984181.1605477,600828723.6191787,583944172.354619,1050075918,573039725.0
2024-09-14 02:00:00,655077963.1602186,600904894.8583567,584039999.2649636,1050233998,573113065.0
2024-09-14 03:00:00,655171745.1598895,600979701.8583567,584135503.9022608,1050391825,573184406.0
2024-09-14 04:00:00,655265527.1595603,601052695.8583567,584230686.5109057,1050549800,573254857.0
2024-09-14 05:00:00,655359309.1592312,601126643.8583567,584325547.3495594,1050707593,573325532.0
2024-09-14 06:00:00,655453091.158902,601201593.2638361,584420086.6920279,1050866014,573397855.0
2024-09-14 07:00:00,655546873.1585729,601279852.7421923,584514304.8281988,1051025061,573471970.0
2024-09-14 08:00:00,655640655.1582438,601361865.7421923,584608202.0650368,1051185992,573549771.0
2024-09-14 09:00:00,655734945.5711856,601447595.7421923,584701778.727644,1051347736,573631654.0
2024-09-14 10:00:00,655829632.5088,601540764.6865759,584795035.1603873,1051510458,573718203.0
2024-09-14 11:00:00,655931134.375664,601637692.6865759,584887971.7280989,1051672689,573809720.0
2024-09-14 12:00:00,656039477.5438166,601740700.1367129,584980588.8173537,1051835967,573906493.0
2024-09-14 13:00:00,656155045.5683401,601848504.9115075,585072886.8378297,1052000195,574008090.0
2024-09-14 14:00:00,656270752.6840817,601958950.9115075,585164866.2237552,1052164402,574113921.0
2024-09-14 15:00:00,656389826.9794815,602078600.9115075,585256527.4354502,1052328114,574223525.0
2024-09-14 16:00:00,656516124.0310853,602197461.4747951,585347870.9609677,1052491144,574335877.0
2024-09-14 17:00:00,656644660.8204513,602315594.7389047,585438897.3178407,1052652695,574448978.0
2024-09-14 18:00:00,656767476.4755778,602434111.7389047,585529607.0549436,1052811729,574559321.0
2024-09-14 19:00:00,656883682.2609082,602550965.7389047,585620000.7544734,1052969746,574665413.0
2024-09-14 20:00:00,656999389.3766499,602659999.4841102,585710079.0340607,1053134598,574767606.0
2024-09-14 21:00:00,657110361.4708663,602767226.996165,585799842.5490177,1053299898,574864294.0
2024-09-14 22:00:00,657212438.5876218,602864791.4923295,585889291.994733,1053465185,574955032.0
2024-09-14 23:00:00,657306943.7993102,602958567.4923295,585978428.1092231,1053630659,575039866.0
2024-09-15 00:00:00,657400725.7989811,603041266.3147953,586073427.6252166,1053788785,575119614.0
2024-09-15 01:00:00,657494507.7986519,603119874.5805486,586168104.877324,1053946936,575195305.0
2024-09-15 02:00:00,657588289.7983228,603194922.0580829,586262460.1105201,1054105119,575268008.0
2024-09-15 03:00:00,657682071.7979937,603269335.0580829,586356493.5840826,1054263178,575338617.0
2024-09-15 04:00:00,657775853.7976645,603341828.0824665,586450205.5724741,1054421336,575407966.0
2024-09-15 05:00:00,657869635.7973354,603414626.0824665,586543596.3662808,1054579272,575477070.0
2024-09-15 06:00:00,657963417.7970062,603486934.2602746,586636666.2732111,1054737981,575547031.0
2024-09-15 07:00:00,658057199.7966771,603561737.4189048,586729415.6191586,1054897143,575618243.0
2024-09-15 08:00:00,658150981.796348,603642737.5780829,586821844.7493331,1055057991,575693061.0
2024-09-15 09:00:00,658244763.7960188,603725255.4454802,586913954.0294641,1055219499,575772278.0
2024-09-15 10:00:00,658339010.7564036,603813044.58685,587005743.8470818,1055381803,575856153.0
2024-09-15 11:00:00,658434453.5196908,603906661.58685,587097214.6128813,1055543993,575944668.0
2024-09-15 12:00:00,658538915.6272295,604007923.6079459,587188366.7621741,1055707310,576038702.0
2024-09-15 13:00:00,658649887.7214459,604112633.6079459,587279200.7564338,1055870994,576137655.0
2024-09-15 14:00:00,658765594.8371875,604225100.1852062,587369717.0849421,1056034953,576240827.0
2024-09-15 15:00:00,658881590.8541335,604338457.5479459,587459916.2665405,1056198798,576347636.0
2024-09-15 16:00:00,659000904.8527241,604458107.5479459,587549798.8514972,1056361987,576457400.0
2024-09-15 17:00:00,659127201.9043279,604576968.1112335,587639365.4234939,1056523378,576568289.0
2024-09-15 18:00:00,659246515.9029185,604696618.1112335,587728616.601743,1056682595,576677134.0
2024-09-15 19:00:00,659362511.9198644,604807689.6323293,587817553.0432417,1056841106,576782458.0
2024-09-15 20:00:00,659478219.035606,604918568.9246581,587906175.4451745,1057006481,576884690.0
2024-09-15 21:00:00,659589191.1298225,605022890.7547951,587994484.5474706,1057172472,576980607.0
2024-09-15 22:00:00,659689830.0855024,605117977.3701376,588082481.135531,1057338161,577069809.0
2024-09-15 23:00:00,659784077.0458871,605206336.9241102,588170166.0431321,1057503814,577152391.0
2024-09-16 00:00:00,659877859.045558,605287513.645754,588273717.7973542,1057661927,577229850.0
2024-09-16 01:00:00,659971641.0452288,605365373.645754,588376946.0678933,1057819817,577303561.0
2024-09-16 02:00:00,660065423.0448997,605439916.9364389,588479851.029067,1057977528,577374957.0
2024-09-16 03:00:00,660159205.0445706,605512768.3668499,588582432.8651624,1058135444,577445161.0
2024-09-16 04:00:00,660252987.0442414,605586547.3668499,588684691.7710419,1058293331,577515887.0
2024-09-16 05:00:00,660346769.0439123,605664128.3668499,588786627.9527886,1058450843,577589715.0
2024-09-16 06:00:00,660440551.0435832,605747251.2512335,588888241.6283919,1058608572,577669299.0
2024-09-16 07:00:00,660534798.0039679,605835083.1071239,588989533.0284767,1058766455,577752518.0
2024-09-16 08:00:00,660629303.2156563,605925868.1608225,589090502.3970795,1058926414,577838081.0
2024-09-16 09:00:00,660724745.9789435,606019485.1608225,589191149.9924726,1059086823,577926025.0
2024-09-16 10:00:00,660826247.8458074,606117330.5008225,589291476.088043,1059248080,578017161.0
2024-09-16 11:00:00,660933180.8361505,606218288.7753431,589391480.9732248,1059409478,578111545.0
2024-09-16 12:00:00,661045054.3003081,606324637.7753431,589491164.9544936,1059571641,578209537.0
2024-09-16 13:00:00,661160761.4160497,606434010.4178088,589590528.3564237,1059733891,578310975.0
2024-09-16 14:00:00,661276468.5317913,606545783.4238361,589689571.5228126,1059896099,578415209.0
2024-09-16 15:00:00,661395542.8271911,606665323.3032882,589788294.8178785,1060057851,578521869.0
2024-09-16 16:00:00,661521839.8787949,606784190.5389047,589886698.6275346,1060219049,578630130.0
2024-09-16 17:00:00,661649261.5658752,606901529.3147951,589984783.3607458,1060379426,578738934.0
2024-09-16 18:00:00,661771425.0534874,607020332.3147951,590082549.4509722,1060538580,578845918.0
2024-09-16 19:00:00,661887927.3906766,607133013.5704116,590179997.3577068,1060697595,578950983.0
2024-09-16 20:00:00,662003634.5064182,607242130.0101376,590277127.5681123,1060862907,579053356.0
2024-09-16 21:00:00,662114606.6006347,607344456.4498636,590373940.5987633,1061028512,579150076.0
2024-09-16 22:00:00,662214967.0987971,607440725.4101375,590470436.9975034,1061194239,579240007.0
2024-09-16 23:00:00,662309214.0591818,607528781.4608225,590566617.3454204,1061360273,579323463.0
2024-09-17 00:00:00,662402996.0588527,607612327.4608225,590668694.8817432,1061518769,579402221.0
2024-09-17 01:00:00,662496778.0585235,607691054.4430143,590770449.3001975,1061677133,579477394.0
2024-09-17 02:00:00,662590560.0581944,607767092.6821923,590871880.7960995,1061835527,579550456.0
2024-09-17 03:00:00,662684342.0578653,607840937.9271238,590972989.5760155,1061993342,579622415.0
2024-09-17 04:00:00,662778124.0575361,607915495.3761649,591073775.8584485,1062150800,579694803.0
2024-09-17 05:00:00,662871906.057207,607994713.7276717,591174239.8745701,1062307880,579770355.0
2024-09-17 06:00:00,662966052.0442123,608079092.8191786,591274381.8689983,1062464903,579852063.0
2024-09-17 07:00:00,663060299.0045971,608168290.1232882,591374202.1006246,1062621347,579938043.0
2024-09-17 08:00:00,663154985.9422115,608261695.1471238,591473700.8434942,1062776639,580026223.0
2024-09-17 09:00:00,663254983.6009694,608353966.095069,591572878.3877426,1062933430,580116469.0
2024-09-17 10:00:00,663358189.3790245,608450852.2728772,591671735.0405917,1063091231,580209064.0
2024-09-17 11:00:00,663465122.3693676,608550144.3928772,591770271.1274098,1063249605,580303882.0
2024-09-17 12:00:00,663576094.4635841,608655806.6293156,591868486.9928399,1063409124,580401552.0
2024-09-17 13:00:00,663691662.4881076,608764114.1235622,591966383.0020006,1063568771,580502242.0
2024-09-17 14:00:00,663807369.6038492,608877056.6104115,592063959.5417632,1063728678,580605199.0
2024-09-17 15:00:00,663923222.0346584,608990433.6104115,592161217.022113,1063888350,580709840.0
2024-09-17 16:00:00,664040552.3499117,609106023.6104115,592258155.8775967,1064047510,580815886.0
2024-09-17 17:00:00,664159626.6453115,609222017.6104115,592354776.5688646,1064206241,580922480.0
2024-09-17 18:00:00,664276128.9825007,609335162.6104115,592451079.5843114,1064364315,581028245.0
2024-09-17 19:00:00,664391836.0982423,609445092.8917813,592547065.4418243,1064522195,581133102.0
2024-09-17 20:00:00,664507404.1227658,609552705.1868498,592642734.6906446,1064686028,581235811.0
2024-09-17 21:00:00,664615747.2909184,609652213.0512334,592738087.9133493,1064850782,581333590.0
2024-09-17 22:00:00,664716107.7890807,609745397.0512334,592833125.7279623,1065015625,581425089.0
2024-09-17 23:00:00,664810354.7494655,609835935.0512334,592927848.7902032,1065180542,581510653.0
2024-09-18 00:00:00,664904136.7491363,609921514.0512334,593028452.8761872,1065338014,581591405.0
2024-09-18 01:00:00,664997918.7488072,610001793.0512334,593128734.2543412,1065494986,581668575.0
2024-09-18 02:00:00,665091700.748478,610079368.1926032,593228693.1436828,1065651977,581743417.0
2024-09-18 03:00:00,665185482.7481489,610154866.7238361,593328329.7759312,1065808476,581817120.0
2024-09-18 04:00:00,665279264.7478198,610230837.834521,593427644.3962868,1065964815,581891258.0
2024-09-18 05:00:00,665373046.7474906,610310251.4876717,593526637.264261,1066120496,581968536.0
2024-09-18 06:00:00,665467337.1604325,610397498.4876717,593625308.6545589,1066277049,582052100.0
2024-09-18 07:00:00,665561725.8414577,610490291.5589046,593723658.8580179,1066433695,582139696.0
2024-09-18 08:00:00,665656491.892385,610582015.7095896,593821688.1826074,1066590490,582229607.0
2024-09-18 09:00:00,665756852.3905474,610679542.7095896,593919396.9544911,1066747993,582321727.0
2024-09-18 10:00:00,665861314.4980861,610779227.7095896,594016785.5191591,1066906874,582416500.0
2024-09-18 11:00:00,665968996.0490757,610881447.7095896,594113854.2426312,1067065581,582514117.0
2024-09-18 12:00:00,666081206.463733,610987709.8336992,594210603.5127391,1067224742,582614400.0
2024-09-18 13:00:00,666196772.1391598,611095007.4791787,594307033.7404898,1067384979,582716808.0
2024-09-18 14:00:00,666312479.2549014,611206446.4791787,594403145.3615187,1067545401,582821495.0
2024-09-18 15:00:00,666428331.6857107,611319099.4791787,594498938.8376348,1067705059,582928868.0
2024-09-18 16:00:00,666545662.0009639,611432244.4791787,594594414.6584672,1067864803,583038050.0
2024-09-18 17:00:00,666664726.951559,611548991.485754,594689573.343218,1068024554,583148168.0
2024-09-18 18:00:00,666781229.2887481,611663146.485754,594784415.4425285,1068182721,583257035.0
2024-09-18 19:00:00,666896936.4044898,611775534.3476719,594878941.5404674,1068340415,583364213.0
2024-09-18 20:00:00,667012502.0799166,611883191.3435622,594973152.2566476,1068504059,583468949.0
2024-09-18 21:00:00,667120845.2480692,611984330.3435622,595067048.2484815,1068668391,583568583.0
2024-09-18 22:00:00,667221205.7462316,612079355.3435622,595160630.2135832,1068833265,583661626.0
2024-09-18 23:00:00,667315452.7066163,612167377.3435622,595253898.8923273,1068998226,583748174.0
2024-09-19 00:00:00,667409234.7062871,612252924.3380828,595353030.3886553,1069154472,583829555.0
2024-09-19 01:00:00,667503016.705958,612333289.2627404,595451839.6371192,1069310752,583907187.0
2024-09-19 02:00:00,667596798.7056289,612411239.7402747,595550326.8835027,1069466429,583982173.0
2024-09-19 03:00:00,667690580.7052997,612485710.6046582,595648492.3879383,1069621679,584055822.0
2024-09-19 04:00:00,667784362.7049706,612561253.0893158,595746336.4257916,1069776903,584129564.0
2024-09-19 05:00:00,667878144.7046415,612642475.1432884,595843859.2886035,1069931939,584206443.0
2024-09-19 06:00:00,667972435.1175833,612726838.977809,595941061.2850919,1070087991,584289496.0
2024-09-19 07:00:00,668066682.077968,612815813.9136994,596037942.7422172,1070244585,584376572.0
2024-09-19 08:00:00,668161369.0155824,612908074.9136994,596134504.0063176,1070402481,584465913.0
2024-09-19 09:00:00,668261729.5137448,613002842.9136994,596230745.4443161,1070561531,584557854.0
2024-09-19 10:00:00,668366191.6212835,613101341.9136994,596326667.4450059,1070721233,584653042.0
2024-09-19 11:00:00,668476284.9580083,613203666.9136994,596422270.4204178,1070880965,584752428.0
2024-09-19 12:00:00,668591852.9825318,613311519.9136994,596517554.8072772,1071041368,584856745.0
2024-09-19 13:00:00,668707560.0982734,613421965.9136994,596612521.068554,1071202308,584965769.0
2024-09-19 14:00:00,668824498.9466918,613535110.9136994,596707169.695114,1071363437,585078758.0
2024-09-19 15:00:00,668945532.3526659,613654737.9402747,596801501.2074759,1071523402,585194864.0
2024-09-19 16:00:00,669072954.0397462,613777173.9402747,596895516.1576837,1071683261,585313452.0
2024-09-19 17:00:00,669202914.7660265,613897967.4509597,596989215.1313003,1071842510,585432786.0
2024-09-19 18:00:00,669329211.8176303,614018341.5013707,597082598.7495303,1071999832,585549389.0
2024-09-19 19:00:00,669447529.1765913,614132906.1109598,597175667.671482,1072156674,585662596.0
2024-09-19 20:00:00,669563236.2923329,614242595.7641104,597268422.5965759,1072321058,585771976.0
2024-09-19 21:00:00,669676632.9879422,614348054.4279461,597360864.2671118,1072485516,585875013.0
2024-09-19 22:00:00,669780861.4846832,614448699.9208229,597452993.4710027,1072650548,585970531.0
2024-09-19 23:00:00,669875366.6963716,614542366.0443845,597544811.044688,1072815897,586058776.0
2024-09-20 00:00:00,669969657.1093134,614629178.5547954,597642470.9171985,1072973482,586141034.0
2024-09-20 01:00:00,670063439.1089842,614713637.7342474,597739809.0582073,1073131427,586219080.0
2024-09-20 02:00:00,670157221.1086551,614792169.4638364,597836825.7437418,1073289441,586294251.0
2024-09-20 03:00:00,670251003.108326,614868683.8950694,597933521.2660471,1073447294,586367611.0
2024-09-20 04:00:00,670344785.1079968,614945196.5632886,598029895.9345908,1073604968,586441231.0
2024-09-20 05:00:00,670438567.1076677,615023979.6139735,598125950.0771316,1073761521,586517320.0
2024-09-20 06:00:00,670532857.5206095,615108357.8509598,598221684.0408572,1073918505,586598893.0
2024-09-20 07:00:00,670627104.4809942,615197343.9616448,598317098.193595,1074076228,586684148.0
2024-09-20 08:00:00,670721791.4186087,615289586.9616448,598412192.9251012,1074236299,586772402.0
2024-09-20 09:00:00,670822151.916771,615387113.9616448,598506968.6484321,1074397552,586863661.0
2024-09-20 10:00:00,670926614.0243098,615485916.330138,598601425.8014051,1074559508,586958790.0
2024-09-20 11:00:00,671037941.849255,615592265.330138,598695564.848153,1074721377,587058653.0
2024-09-20 12:00:00,671153648.9649966,615701385.0246586,598789386.2807798,1074883621,587163955.0
2024-09-20 13:00:00,671270587.8134149,615818138.4243846,598882890.6211236,1075046020,587274308.0
2024-09-20 14:00:00,671396884.8650187,615936555.3838366,598976078.4226332,1075208479,587388834.0
2024-09-20 15:00:00,671534111.5802362,616058923.8452065,599068950.2723682,1075371124,587506421.0
2024-09-20 16:00:00,671672140.3139353,616180369.8452065,599161506.7931278,1075533298,587626009.0
2024-09-20 17:00:00,671810169.0476344,616303317.9561654,599253748.6457187,1075693462,587745318.0
2024-09-20 18:00:00,671941427.4795799,616424735.5567133,599345676.5313715,1075851132,587860718.0
2024-09-20 19:00:00,672060741.4781705,616540689.9295901,599437291.1943142,1076006620,587971490.0
2024-09-20 20:00:00,672176448.5939121,616652765.4980832,599528593.4245148,1076169172,588077666.0
2024-09-20 21:00:00,672289845.2895215,616758202.4980832,599619584.0606023,1076332464,588178036.0
2024-09-20 22:00:00,672394073.7862624,616858854.6632887,599710263.9929806,1076495781,588272168.0
2024-09-20 23:00:00,672488760.7238768,616951726.6632887,599800634.1671456,1076659470,588359842.0
2024-09-21 00:00:00,672583051.1368186,617036971.3920559,599896823.5004853,1076812174,588441761.0
2024-09-21 01:00:00,672676833.1364895,617118229.3920559,599992691.682423,1076965433,588519447.0
2024-09-21 02:00:00,672770615.1361604,617194833.9260285,600088239.023177,1077118705,588594167.0
2024-09-21 03:00:00,672864397.1358312,617270672.9260285,600183465.8513055,1077272135,588666846.0
2024-09-21 04:00:00,672958179.1355021,617344637.9575354,600278372.5148469,1077425527,588738559.0
2024-09-21 05:00:00,673051961.135173,617419211.7356175,600372959.3825349,1077578838,588810713.0
2024-09-21 06:00:00,673145743.1348438,617495188.0268503,600467226.8450898,1077732336,588884427.0
2024-09-21 07:00:00,673239525.1345147,617574620.3380833,600561175.3165954,1077886137,588959991.0
2024-09-21 08:00:00,673333307.1341856,617655633.1646587,600654805.2359627,1078042477,589038945.0
2024-09-21 09:00:00,673427597.5471274,617741374.8391792,600748117.0684893,1078201213,589121932.0
2024-09-21 10:00:00,673522284.4847418,617831578.8391792,600841111.3075198,1078360836,589209456.0
2024-09-21 11:00:00,673622644.9829042,617928477.4698641,600933788.4762133,1078520515,589301903.0
2024-09-21 12:00:00,673729577.9732473,618030358.1282203,601026149.1294264,1078681722,589399227.0
2024-09-21 13:00:00,673842974.6688566,618134888.7800012,601118193.8557177,1078843060,589500897.0
2024-09-21 14:00:00,673958681.7845982,618246663.641919,601209923.2794833,1079003686,589606765.0
2024-09-21 15:00:00,674074388.9003398,618356688.2750697,601301338.0632318,1079164477,589716225.0
2024-09-21 16:00:00,674192706.2593008,618472278.2750697,601392438.9100066,1079324297,589827946.0
2024-09-21 17:00:00,674312020.2578914,618588180.5684943,601483226.5659677,1079482202,589939891.0
2024-09-21 18:00:00,674428522.5950806,618705034.5684943,601573701.8231411,1079637415,590049105.0
2024-09-21 19:00:00,674544229.7108222,618816679.7989053,601663865.5223498,1079791918,590154460.0
2024-09-21 20:00:00,674658787.5859416,618927689.7989053,601753718.5563354,1079954099,590255904.0
2024-09-21 21:00:00,674765720.5762846,619028302.7989053,601843261.8730856,1080117081,590351988.0
2024-09-21 22:00:00,674865718.2350426,619125175.1865765,601932496.4793797,1080280167,590442485.0
2024-09-21 23:00:00,674959965.1954273,619214725.1865765,602021423.4445676,1080443364,590527212.0
2024-09-22 00:00:00,675053747.1950982,619299766.1279464,602116143.457685,1080596150,590606854.0
2024-09-22 01:00:00,675147529.194769,619378821.1279464,602210542.9715713,1080748896,590682468.0
2024-09-22 02:00:00,675241311.1944399,619453871.1279464,602304622.3351173,1080901600,590755228.0
2024-09-22 03:00:00,675335093.1941108,619528284.1279464,602398381.917964,1081054657,590825882.0
2024-09-22 04:00:00,675428875.1937816,619600104.1279464,602491822.111798,1081208285,590895361.0
2024-09-22 05:00:00,675522657.1934525,619671843.2528778,602584943.3317318,1081362735,590964760.0
2024-09-22 06:00:00,675616439.1931233,619746645.2528778,602677746.0177717,1081516993,591035147.0
2024-09-22 07:00:00,675710221.1927942,619823048.1419189,602770230.6363822,1081671275,591107012.0
2024-09-22 08:00:00,675804003.1924651,619904048.301097,602862397.6821504,1081826946,591182033.0
2024-09-22 09:00:00,675897785.1921359,619986501.171234,602954247.6795589,1081983418,591260757.0
2024-09-22 10:00:00,675992075.6050777,620073125.1841108,603045781.184874,1082140526,591342882.0
2024-09-22 11:00:00,676086322.5654625,620163605.1841108,603136998.7881562,1082297984,591428682.0
2024-09-22 12:00:00,676181765.3287497,620257176.7797272,603227901.1154014,1082456626,591518355.0
2024-09-22 13:00:00,676282404.2844296,620353878.2002752,603318488.8308226,1082616223,591611503.0
2024-09-22 14:00:00,676386866.3919683,620452790.2002752,603408762.6392792,1082775123,591707119.0
2024-09-22 15:00:00,676495209.5601208,620553552.2509601,603498723.2888663,1082933654,591804627.0
2024-09-22 16:00:00,676606537.385066,620662574.8287684,603588371.5736722,1083092060,591903628.0
2024-09-22 17:00:00,676719934.0806754,620769694.8287684,603677708.3367171,1083249560,592003198.0
2024-09-22 18:00:00,676831261.9056206,620873227.2408231,603766734.4730847,1083405781,592101883.0
2024-09-22 19:00:00,676939605.0737731,620975552.2408231,603855450.9332585,1083561776,592200035.0
2024-09-22 20:00:00,677044750.5626808,621076157.6734259,603943858.7266785,1083722625,592296426.0
2024-09-22 21:00:00,677145111.0608432,621172834.2580835,604031958.9255307,1083884925,592388221.0
2024-09-22 22:00:00,677239358.021228,621263314.2580835,604119752.668787,1084047272,592474525.0
2024-09-22 23:00:00,677333140.0208988,621347671.8136998,604207241.1665114,1084209830,592555576.0
2024-09-23 00:00:00,677426922.0205697,621429334.6345217,604310504.642207,1084364313,592632353.0
2024-09-23 01:00:00,677520704.0202405,621505381.6345217,604413445.8860106,1084518174,592705985.0
2024-09-23 02:00:00,677614486.0199114,621579411.0293162,604516065.144512,1084671969,592777741.0
2024-09-23 03:00:00,677708268.0195823,621652263.0293162,604618362.6786953,1084825604,592848657.0
2024-09-23 04:00:00,677802050.0192531,621726033.4854805,604720338.7648262,1084979358,592920134.0
2024-09-23 05:00:00,677895832.018924,621803976.3956175,604821993.6953968,1085133126,592995205.0
2024-09-23 06:00:00,677989614.0185949,621887469.9575353,604923327.7801303,1085287779,593076368.0
2024-09-23 07:00:00,678083860.9789796,621975368.3336997,605024341.3470505,1085442637,593161675.0
2024-09-23 08:00:00,678178249.6600049,622065180.1468503,605125034.7436202,1085598998,593249059.0
2024-09-23 09:00:00,678272936.5976193,622157266.2369874,605225408.3379513,1085756654,593337937.0
2024-09-23 10:00:00,678372495.9271262,622250746.3334258,605325462.5200951,1085914988,593428435.0
2024-09-23 11:00:00,678472856.4252886,622347703.3334258,605425197.7034136,1086072828,593520452.0
2024-09-23 12:00:00,678576925.4879459,622444594.0621929,605524614.3260407,1086230222,593613958.0
2024-09-23 13:00:00,678681387.5954846,622543965.1353436,605623712.8524374,1086387082,593708732.0
2024-09-23 14:00:00,678788457.8633635,622645855.1353436,605722493.7750472,1086544030,593804064.0
2024-09-23 15:00:00,678896801.0315161,622749076.7720559,605820957.61606,1086700814,593899710.0
2024-09-23 16:00:00,679007773.1257325,622854238.2191792,605919104.9292893,1086857218,593995734.0
2024-09-23 17:00:00,679119100.9506778,622960556.1358914,606016936.3021717,1087013019,594092041.0
2024-09-23 18:00:00,679229194.2874025,623063482.4221928,606114452.3578968,1087167823,594187806.0
2024-09-23 19:00:00,679336875.8383921,623164119.8898641,606211653.7576755,1087322434,594283590.0
2024-09-23 20:00:00,679441337.9459308,623263652.4334258,606308541.2031568,1087483586,594377648.0
2024-09-23 21:00:00,679541698.4440932,623358716.7534258,606405115.4390014,1087645154,594467490.0
2024-09-23 22:00:00,679635945.404478,623447667.3597273,606501377.255625,1087806662,594551886.0
2024-09-23 23:00:00,679729727.4041488,623533008.3597273,606597327.4921198,1087968151,594631205.0
2024-09-24 00:00:00,679823509.4038197,623615501.3597273,606699119.3782271,1088121026,594706328.0
2024-09-24 01:00:00,679917291.4034905,623691534.1742479,606800589.5505382,1088273949,594778720.0
2024-09-24 02:00:00,680011073.4031614,623766112.3978095,606901738.2859849,1088426906,594849410.0
2024-09-24 03:00:00,680104855.4028323,623838964.3978095,607002565.8777683,1088580037,594919381.0
2024-09-24 04:00:00,680198637.4025031,623913738.6506863,607103072.6363661,1088733482,594990207.0
2024-09-24 05:00:00,680292419.402174,623992429.9487685,607203258.8906057,1088886910,595064318.0
2024-09-24 06:00:00,680386201.4018449,624075046.9487685,607303124.9888043,1089040782,595144685.0
2024-09-24 07:00:00,680480448.3622296,624162912.5063027,607402671.2999847,1089194229,595229509.0
2024-09-24 08:00:00,680574837.0432549,624251928.5063027,607501898.215167,1089348109,595316484.0
2024-09-24 09:00:00,680669523.9808693,624341184.5063027,607600806.1487454,1089502187,595404736.0
2024-09-24 10:00:00,680764290.0317966,624433370.5063027,607699395.5399526,1089657825,595494345.0
2024-09-24 11:00:00,680864287.6905545,624526130.5063027,607797666.8544198,1089814153,595585179.0
2024-09-24 12:00:00,680964648.1887169,624621681.6421931,607895620.5858371,1089971265,595676810.0
2024-09-24 13:00:00,681068717.2513742,624719123.9991794,607993257.2577217,1090128555,595769353.0
2024-09-24 14:00:00,681173179.358913,624816897.8293164,608090577.4253007,1090286401,595861813.0
2024-09-24 15:00:00,681277641.4664516,624918104.0038369,608187581.6775169,1090443961,595954055.0
2024-09-24 16:00:00,681385323.0174413,625018752.7547958,608284270.6391643,1090601625,596047121.0
2024-09-24 17:00:00,681493666.1855938,625121171.9257547,608380644.9731632,1090758916,596140783.0
2024-09-24 18:00:00,681602009.3537464,625221928.1863027,608476705.3829836,1090915226,596234537.0
2024-09-24 19:00:00,681706471.4612851,625319970.673152,608572452.6152265,1091071061,596328760.0
2024-09-24 20:00:00,681810933.5688238,625417485.3498642,608667887.4623752,1091232667,596421517.0
2024-09-24 21:00:00,681910931.2275817,625509427.3498642,608763010.7657251,1091394180,596510529.0
2024-09-24 22:00:00,682005178.1879665,625598896.3498642,608857823.418507,1091555928,596594482.0
2024-09-24 23:00:00,682098960.1876373,625681106.4405491,608952326.369214,1091717693,596673367.0
2024-09-25 00:00:00,682192742.1873082,625759045.4405491,609052647.7541076,1091870922,596748333.0
2024-09-25 01:00:00,682286524.186979,625834238.6704122,609152648.0072501,1092024412,596820541.0
2024-09-25 02:00:00,682380306.1866499,625907711.2364396,609252327.439875,1092177647,596890967.0
2024-09-25 03:00:00,682474088.1863208,625979420.2364396,609351686.3816141,1092330739,596960797.0
2024-09-25 04:00:00,682567870.1859916,626053807.4150697,609450725.1816412,1092483847,597031348.0
2024-09-25 05:00:00,682661652.1856625,626130040.1660286,609549444.2098907,1092636479,597105373.0
2024-09-25 06:00:00,682755434.1853334,626211038.1589054,609647843.8583537,1092790074,597185704.0
2024-09-25 07:00:00,682849681.1457181,626296724.1589054,609745924.542458,1092943578,597270551.0
2024-09-25 08:00:00,682944069.8267434,626385732.8898643,609843686.7025371,1093097604,597357588.0
2024-09-25 09:00:00,683038756.7643578,626477611.8898643,609941130.8053942,1093252864,597446178.0
2024-09-25 10:00:00,683138511.6948551,626570720.1797273,610038257.3459679,1093409002,597536043.0
2024-09-25 11:00:00,683238872.1930175,626667677.1797273,610135066.849105,1093565344,597627159.0
2024-09-25 12:00:00,683342941.2556748,626764549.9071245,610231559.8714491,1093721824,597719712.0
2024-09-25 13:00:00,683447403.3632135,626865805.9071245,610327737.0034515,1093878608,597813773.0
2024-09-25 14:00:00,683554620.9425375,626967695.9071245,610423598.8715134,1094035306,597908560.0
2024-09-25 15:00:00,683662964.1106901,627070779.79233,610519146.1402671,1094191960,598004147.0
2024-09-25 16:00:00,683773936.2049066,627175086.0808232,610614379.515007,1094347497,598100630.0
2024-09-25 17:00:00,683885264.0298518,627279369.1246588,610709299.7442781,1094502535,598197788.0
2024-09-25 18:00:00,683996236.1240683,627383693.1246588,610803907.6226346,1094656752,598294724.0
2024-09-25 19:00:00,684104579.2922208,627485432.4394534,610898203.9935795,1094810614,598391583.0
2024-09-25 20:00:00,684209041.3997595,627582776.113426,610992189.7526954,1094970738,598487049.0
2024-09-25 21:00:00,684309401.8979219,627682205.652878,611085865.8509829,1095131433,598578802.0
2024-09-25 22:00:00,684403790.5789472,627770953.652878,611179233.2984163,1095292171,598665450.0
2024-09-25 23:00:00,684497572.578618,627854532.4380835,611272293.1677344,1095453150,598746896.0
2024-09-26 00:00:00,684591354.5782889,627936956.0567137,611371145.2745472,1095605614,598824095.0
2024-09-26 01:00:00,684685136.5779598,628012911.6227411,611469676.9039643,1095757184,598898399.0
2024-09-26 02:00:00,684778918.5776306,628086597.6227411,611567888.4060174,1095908872,598970776.0
2024-09-26 03:00:00,684872700.5773015,628160637.6227411,611665780.1515541,1096060270,599042308.0
2024-09-26 04:00:00,684966482.5769724,628236351.5172616,611763352.5335379,1096211809,599114785.0
2024-09-26 05:00:00,685060264.5766432,628313928.123289,611860605.9684318,1096363431,599190473.0
2024-09-26 06:00:00,685154238.348102,628397593.123289,611957540.897672,1096515759,599272603.0
2024-09-26 07:00:00,685248485.3084867,628486790.4273986,612054157.7892361,1096668512,599359615.0
2024-09-26 08:00:00,685343172.2461011,628577198.9778095,612150457.1393127,1096822142,599448779.0
2024-09-26 09:00:00,685441323.6907042,628672333.9778095,612246439.4740808,1096975755,599540111.0
2024-09-26 10:00:00,685541684.1888666,628768621.2734259,612342105.3516024,1097130162,599633349.0
2024-09-26 11:00:00,685646146.2964053,628867393.3512342,612437455.3638403,1097285073,599728432.0
2024-09-26 12:00:00,685753216.5642842,628969252.8646588,612532490.1388056,1097440689,599825290.0
2024-09-26 13:00:00,685864188.6585007,629074455.8646588,612627210.3428458,1097595815,599923764.0
2024-09-26 14:00:00,685978384.3761168,629182374.8646588,612721616.6830826,1097750683,600023175.0
2024-09-26 15:00:00,686093952.4006402,629289532.6243849,612815709.9100082,1097905325,600123167.0
2024-09-26 16:00:00,686209659.5163819,629399365.6243849,612909490.8202518,1098060327,600223980.0
2024-09-26 17:00:00,686325366.6321235,629509170.1720561,613002960.2595273,1098214910,600325242.0
2024-09-26 18:00:00,686441073.7478651,629618932.2717822,613096119.125774,1098369452,600426284.0
2024-09-26 19:00:00,686556641.7723886,629726785.2717822,613188968.3725038,1098525190,600527549.0
2024-09-26 20:00:00,686667969.5973338,629831988.2717822,613281509.0123678,1098685929,600627240.0
2024-09-26 21:00:00,686772431.7048725,629933244.2717822,613373742.1209586,1098846785,600723117.0
2024-09-26 22:00:00,686868985.9217238,630025575.2717822,613465668.8408614,1099007435,600813618.0
2024-09-26 23:00:00,686963232.8821086,630115005.4868506,613557290.3859739,1099168172,600898662.0
2024-09-27 00:00:00,687057014.8817794,630199131.1109602,613654674.5902485,1099322304,600979329.0
2024-09-27 01:00:00,687150796.8814503,630279066.1109602,613751739.0532882,1099475887,601056854.0
2024-09-27 02:00:00,687244578.8811212,630357350.7542479,613848484.1690305,1099629920,601132590.0
2024-09-27 03:00:00,687338360.880792,630434717.7542479,613944910.3549757,1099784296,601207190.0
2024-09-27 04:00:00,687432142.8804629,630511479.7542479,614041018.0536641,1099939499,601282294.0
2024-09-27 05:00:00,687525924.8801337,630591050.1019192,614136807.7342492,1100095166,601360506.0
2024-09-27 06:00:00,687620215.2930756,630677081.1019192,614232279.8941727,1100252267,601444593.0
2024-09-27 07:00:00,687714720.504764,630767787.3389055,614327435.0609473,1100409659,601533382.0
2024-09-27 08:00:00,687811582.4037832,630861396.8723301,614422273.7940563,1100568579,601624780.0
2024-09-27 09:00:00,687911942.9019456,630956200.8687685,614516796.6869762,1100728018,601718168.0
2024-09-27 10:00:00,688016171.3986865,631053515.8687685,614611004.3693306,1100888634,601812850.0
2024-09-27 11:00:00,688120633.5062252,631153100.8687685,614704897.5091856,1101049765,601908148.0
2024-09-27 12:00:00,688228976.6743778,631255919.8687685,614798476.815493,1101211523,602003888.0
2024-09-27 13:00:00,688341187.089035,631361081.1260288,614891743.0406958,1101373352,602099814.0
2024-09-27 14:00:00,688455382.8066511,631468201.1260288,614984696.9835018,1101535190,602195221.0
2024-09-27 15:00:00,688570950.8311746,631576054.1260288,615077339.4918398,1101697357,602289963.0
2024-09-27 16:00:00,688686518.8556981,631682254.1260288,615169671.4660097,1101859452,602384592.0
2024-09-27 17:00:00,688802086.8802216,631790062.2912343,615261693.8620394,1102021460,602479192.0
2024-09-27 18:00:00,688913960.3443792,631895205.674248,615353407.695262,1102183218,602573341.0
2024-09-27 19:00:00,689022303.5125318,631996947.1589055,615444814.0441281,1102344765,602667564.0
2024-09-27 20:00:00,689126765.6200705,632097790.0161657,615535914.0542704,1102504934,602760306.0
2024-09-27 21:00:00,689227214.4170538,632192886.0161657,615626708.942835,1102665559,602850322.0
2024-09-27 22:00:00,689321901.3546683,632283975.0161657,615717200.0030992,1102826019,602936263.0
2024-09-27 23:00:00,689416191.7676101,632370715.0161657,615807388.6093946,1102986271,603017848.0
2024-09-28 00:00:00,689509973.7672809,632453829.1939739,615903306.4591312,1103143318,603095654.0
2024-09-28 01:00:00,689603755.7669518,632532674.1747959,615998905.3963869,1103300139,603170169.0
2024-09-28 02:00:00,689697537.7666227,632610041.1747959,616094185.864808,1103456756,603242427.0
2024-09-28 03:00:00,689791319.7662935,632685777.1747959,616189148.3347262,1103612826,603313285.0
2024-09-28 04:00:00,689885101.7659644,632759955.1747959,616283793.3048378,1103768692,603383621.0
2024-09-28 05:00:00,689978883.7656353,632835691.1747959,616378121.3039919,1103923988,603454697.0
2024-09-28 06:00:00,690072665.7653061,632913644.1747959,616472132.8930953,1104078538,603527486.0
2024-09-28 07:00:00,690166447.764977,632992960.5402753,616565828.6671406,1104232678,603602679.0
2024-09-28 08:00:00,690260229.7646478,633076072.1684945,616659209.2573671,1104388433,603681288.0
2024-09-28 09:00:00,690354520.1775897,633163692.1684945,616752275.3335617,1104546139,603763398.0
2024-09-28 10:00:00,690448908.8586149,633252781.1684945,616845027.6065103,1104704811,603848318.0
2024-09-28 11:00:00,690543674.9095422,633343767.2684945,616937466.8306096,1104863734,603935700.0
2024-09-28 12:00:00,690644035.4077046,633437684.4463027,617029593.8066496,1105023322,604025068.0
2024-09-28 13:00:00,690746112.5244601,633535626.5350698,617121409.3847779,1105183266,604115791.0
2024-09-28 14:00:00,690850574.6319988,633633517.4780835,617212914.4676595,1105343503,604207216.0
2024-09-28 15:00:00,690955036.7395375,633734362.4780835,617304110.0138425,1105504160,604299311.0
2024-09-28 16:00:00,691061969.7298806,633834234.4767137,617394997.0413464,1105664638,604391922.0
2024-09-28 17:00:00,691169039.9977595,633935367.4246589,617485576.6314858,1105823610,604484759.0
2024-09-28 18:00:00,691273502.1052982,634036178.8189055,617575849.9329458,1105980477,604576758.0
2024-09-28 19:00:00,691377730.6020391,634132278.8189055,617665818.1661271,1106137233,604668510.0
2024-09-28 20:00:00,691478369.557719,634228965.8189055,617755482.6277766,1106297322,604758216.0
2024-09-28 21:00:00,691573135.6086463,634321426.4742479,617844844.6959254,1106457871,604844947.0
2024-09-28 22:00:00,691667382.569031,634410895.4742479,617933905.8351519,1106618240,604928109.0
2024-09-28 23:00:00,691761164.5687019,634497462.1871246,618022667.6021956,1106778750,605007108.0
2024-09-29 00:00:00,691854946.5683727,634576508.1821932,618117120.8406318,1106932633,605082393.0
2024-09-29 01:00:00,691948728.5680436,634651465.1821932,618211256.1001927,1107086126,605154297.0
2024-09-29 02:00:00,692042510.5677145,634724110.8931521,618305073.880831,1107239488,605224265.0
2024-09-29 03:00:00,692136292.5673853,634796290.5227412,618398574.7127347,1107392768,605292808.0
2024-09-29 04:00:00,692230074.5670562,634867530.7391796,618491759.1582363,1107546552,605360727.0
2024-09-29 05:00:00,692323856.566727,634939147.7391796,618584627.8138474,1107700570,605428959.0
2024-09-29 06:00:00,692417638.5663979,635011782.114796,618677181.3124255,1107854482,605498400.0
2024-09-29 07:00:00,692511420.5660688,635086381.114796,618769420.3254814,1108008943,605569766.0
2024-09-29 08:00:00,692605202.5657396,635165924.6090426,618861345.565638,1108164337,605644015.0
2024-09-29 09:00:00,692698984.5654105,635248841.6090426,618952957.7892493,1108321102,605721487.0
2024-09-29 10:00:00,692792766.5650814,635332664.8569878,619044257.799191,1108479557,605801598.0
2024-09-29 11:00:00,692887056.9780232,635418872.2397276,619135246.4478337,1108638324,605884025.0
2024-09-29 12:00:00,692981303.9384079,635507170.4282207,619225924.6402111,1108797903,605968560.0
2024-09-29 13:00:00,693075550.8987926,635597638.1413715,619316293.3373964,1108957053,606054478.0
2024-09-29 14:00:00,693170237.8364071,635691075.8413715,619406353.5601002,1109116055,606140828.0
2024-09-29 15:00:00,693264924.7740215,635785187.8413715,619496106.3925059,1109275158,606227943.0
2024-09-29 16:00:00,693364922.4327794,635878923.237536,619585552.9863569,1109434131,606316157.0
2024-09-29 17:00:00,693465282.9309418,635976925.566851,619674694.5653139,1109591855,606405637.0
2024-09-29 18:00:00,693565643.4291042,636073612.566851,619763532.4296002,1109748002,606495775.0
2024-09-29 19:00:00,693665641.0878621,636167719.0608237,619852067.9609528,1109903958,606586673.0
2024-09-29 20:00:00,693764787.3767115,636261793.7120565,619940302.6279022,1110063355,606676417.0
2024-09-29 21:00:00,693859176.0577368,636351820.7120565,620028237.9914016,1110222778,606762677.0
2024-09-29 22:00:00,693953466.4706786,636437102.047673,620115875.710829,1110382329,606844822.0
2024-09-29 23:00:00,694047248.4703494,636520019.047673,620203217.5503885,1110542035,606922447.0
2024-09-30 00:00:00,694141030.4700203,636598771.047673,620306201.7495707,1110694205,606996548.0
2024-09-30 01:00:00,694234812.4696912,636672721.7301388,620408865.4931219,1110845715,607067999.0
2024-09-30 02:00:00,694328594.469362,636745478.0416456,620511209.1322105,1110997775,607137929.0
2024-09-30 03:00:00,694422376.4690329,636815967.0416456,620613233.0388865,1111149381,607207195.0
2024-09-30 04:00:00,694516158.4687037,636887424.0416456,620714937.6073854,1111300874,607277539.0
2024-09-30 05:00:00,694609940.4683746,636964221.0416456,620816323.2555162,1111452134,607351139.0
2024-09-30 06:00:00,694703722.4680455,637045645.0416456,620917390.4261391,1111605320,607431026.0
2024-09-30 07:00:00,694798012.8809873,637132181.5934265,621018139.5887394,1111758363,607515675.0
2024-09-30 08:00:00,694892259.841372,637220485.0424676,621118571.2411017,1111911496,607602477.0
2024-09-30 09:00:00,694986946.7789865,637313992.0424676,621218685.9110945,1112065034,607690840.0
2024-09-30 10:00:00,695081712.8299137,637407234.0424676,621318484.1585695,1112219146,607780825.0
2024-09-30 11:00:00,695181710.4886717,637501665.8142484,621417966.5773841,1112373302,607872094.0
2024-09-30 12:00:00,695282070.986834,637597389.8142484,621517133.797557,1112527906,607964458.0
2024-09-30 13:00:00,695386140.0494914,637695365.888495,621615986.4875627,1112682422,608058318.0
2024-09-30 14:00:00,695490602.1570301,637795231.888495,621714525.3567761,1112836592,608152865.0
2024-09-30 15:00:00,695595064.2645688,637896443.1350703,621812751.1580777,1112990817,608247885.0
2024-09-30 16:00:00,695701997.2549119,637998072.4920566,621910664.6906279,1113145212,608344174.0
2024-09-30 17:00:00,695809678.8059015,638099715.4920566,622008266.802824,1113298969,608441007.0
2024-09-30 18:00:00,695916749.0737804,638201549.1758922,622105558.39545,1113452136,608537960.0
2024-09-30 19:00:00,696021211.1813191,638301136.3523306,622202540.4250344,1113605526,608635019.0
2024-09-30 20:00:00,696125673.2888578,638401002.3523306,622299213.9074277,1113763606,608730042.0
2024-09-30 21:00:00,696225670.9476157,638493670.3838375,622395579.9216151,1113921658,608820910.0
2024-09-30 22:00:00,696319917.9080005,638583139.3838375,622491639.6137817,1114079685,608906612.0
2024-09-30 23:00:00,696413699.9076713,638667011.3657553,622587394.2016437,1114238164,608986872.0
2024-10-01 00:00:00,696507481.9073422,638745558.3657553,622690335.0965598,1114387981,609062944.0
2024-10-01 01:00:00,696601263.907013,638821912.239728,622792951.8503194,1114538180,609136113.0
2024-10-01 02:00:00,696695045.9066839,638895726.9643855,622895244.6000533,1114688485,609207322.0
2024-10-01 03:00:00,696788827.9063548,638968670.9643855,622997213.490615,1114838910,609277654.0
2024-10-01 04:00:00,696882609.9060256,639041614.9643855,623098858.6750454,1114989790,609348545.0
2024-10-01 05:00:00,696976391.9056965,639117998.9643855,623200180.3150674,1115141209,609422720.0
2024-10-01 06:00:00,697070173.9053674,639201486.079728,623301178.5816114,1115294046,609503115.0
2024-10-01 07:00:00,697164420.8657521,639287514.4523307,623401853.6553733,1115446664,609588256.0
2024-10-01 08:00:00,697258667.8261368,639376281.4523307,623502205.7274088,1115599288,609675138.0
2024-10-01 09:00:00,697353056.5071621,639466185.4523307,623602234.9997642,1115753140,609762985.0
2024-10-01 10:00:00,697447743.4447765,639558106.409591,623701941.6861482,1115907809,609851738.0
2024-10-01 11:00:00,697542509.4957038,639651126.409591,623801326.0126452,1116062769,609941256.0
2024-10-01 12:00:00,697642507.1544617,639745609.8665773,623900388.2184755,1116218181,610031516.0
2024-10-01 13:00:00,697742867.6526241,639842550.0158924,623999128.5568016,1116374323,610122478.0
2024-10-01 14:00:00,697843506.608304,639939648.0158924,624097547.2955884,1116530723,610213590.0
2024-10-01 15:00:00,697945583.7250595,640038567.5857553,624195644.7185168,1116687262,610305000.0
2024-10-01 16:00:00,698049812.2218004,640138628.5857553,624293421.1259559,1116844020,610397491.0
2024-10-01 17:00:00,698154274.3293391,640241492.5857553,624390876.8359979,1117000391,610490613.0
2024-10-01 18:00:00,698258676.0750554,640341553.5857553,624488012.1855592,1117155221,610583883.0
2024-10-01 19:00:00,698361881.8531104,640439181.1753443,624584827.5315516,1117309572,610677620.0
2024-10-01 20:00:00,698462242.3512728,640535484.1753443,624681323.2521304,1117468158,610769785.0
2024-10-01 21:00:00,698556929.2888873,640628443.0756183,624777499.7480209,1117626856,610857738.0
2024-10-01 22:00:00,698651219.7018291,640714413.0756183,624873357.4439323,1117785545,610940518.0
2024-10-01 23:00:00,698745001.7014999,640798203.0756183,624968896.7900616,1117944177,611017977.0
2024-10-02 00:00:00,698838783.7011708,640874245.9257553,625070362.0877671,1118093367,611091277.0
2024-10-02 01:00:00,698932565.7008417,640947189.9257553,625171503.5318124,1118242251,611161861.0
2024-10-02 02:00:00,699026347.7005125,641018394.9257553,625272321.2755848,1118390987,611230455.0
2024-10-02 03:00:00,699120129.7001834,641088696.9257553,625372815.4811754,1118539323,611298218.0
2024-10-02 04:00:00,699213911.6998543,641159901.9257553,625472986.319906,1118687552,611366603.0
2024-10-02 05:00:00,699307693.6995251,641234708.9257553,625572833.9728893,1118836000,611438269.0
2024-10-02 06:00:00,699401475.699196,641317675.898358,625672358.631624,1118985520,611515885.0
2024-10-02 07:00:00,699495766.1121378,641404107.5339744,625771560.4986278,1119135437,611597539.0
2024-10-02 08:00:00,699590013.0725225,641491323.7197279,625870439.7881107,1119286715,611680781.0
2024-10-02 09:00:00,699684260.0329072,641580061.5350703,625968996.7266911,1119439249,611764591.0
2024-10-02 10:00:00,699778506.993292,641668950.5350703,626067231.5541565,1119590821,611849439.0
2024-10-02 11:00:00,699873012.2049804,641758854.5350703,626165144.524274,1119742589,611934914.0
2024-10-02 12:00:00,699967699.1425948,641851868.5350703,626262735.9056513,1119894941,612021017.0
2024-10-02 13:00:00,700062386.0802093,641943819.5350703,626360005.9826536,1120047399,612107812.0
2024-10-02 14:00:00,700157828.8434964,642039394.5350703,626456955.0563784,1120200067,612195602.0
2024-10-02 15:00:00,700257826.5022544,642135276.5350703,626553583.445693,1120354271,612284455.0
2024-10-02 16:00:00,700358187.0004168,642231368.5350703,626649891.4883391,1120508892,612374558.0
2024-10-02 17:00:00,700458635.7974001,642327460.5350703,626745879.5421072,1120662369,612465343.0
2024-10-02 18:00:00,700558996.2955625,642423538.5123305,626841547.9860879,1120813807,612556521.0
2024-10-02 19:00:00,700659356.7937249,642519835.7893169,626936897.2220027,1120964985,612647826.0
2024-10-02 20:00:00,700759354.4524828,642615717.7893169,627031927.6756213,1121121779,612737551.0
2024-10-02 21:00:00,700853859.6641712,642708690.4263031,627126639.7982699,1121278592,612823597.0
2024-10-02 22:00:00,700948150.077113,642794727.7315086,627221034.0684379,1121435692,612904547.0
2024-10-02 23:00:00,701041932.0767839,642874622.1964401,627315110.9934884,1121593432,612980584.0
2024-10-03 00:00:00,701135714.0764548,642948907.1964401,627415101.296626,1121745206,613052861.0
2024-10-03 01:00:00,701229496.0761256,643021552.4463031,627514768.0678147,1121896873,613122435.0
2024-10-03 02:00:00,701323278.0757965,643091854.4463031,627614111.4787687,1122048234,613190320.0
2024-10-03 03:00:00,701417060.0754673,643162447.1002758,627713131.7110178,1122199292,613257462.0
2024-10-03 04:00:00,701510842.0751382,643232993.6556182,627811828.9565045,1122350109,613325190.0
2024-10-03 05:00:00,701604624.0748091,643306629.4550703,627910203.4182184,1122500981,613396156.0
2024-10-03 06:00:00,701698406.0744799,643385653.4537004,628008255.310872,1122652590,613472959.0
2024-10-03 07:00:00,701792552.0614853,643470036.5002757,628105984.8616178,1122804554,613553775.0
2024-10-03 08:00:00,701886842.4744271,643555795.5002757,628203392.3108121,1122958161,613636281.0
2024-10-03 09:00:00,701981089.4348118,643642989.607673,628300477.912827,1123113006,613719542.0
2024-10-03 10:00:00,702075336.3951966,643730559.4400018,628397241.9369142,1123266658,613803705.0
2024-10-03 11:00:00,702169583.3555813,643817969.4400018,628493684.6681241,1123419872,613889274.0
2024-10-03 12:00:00,702263972.0366066,643907873.4400018,628589806.4082837,1123572837,613976479.0
2024-10-03 13:00:00,702358658.974221,644000038.2852073,628685607.477037,1123725951,614065533.0
2024-10-03 14:00:00,702453425.0251483,644095613.2852073,628781088.2129519,1123879146,614156348.0
2024-10-03 15:00:00,702553422.6839062,644191489.507947,628876248.9746994,1124032322,614249221.0
2024-10-03 16:00:00,702653783.1820686,644290926.4249333,628971090.1423067,1124186092,614344189.0
2024-10-03 17:00:00,702755860.2988241,644388229.0810977,629065612.1184928,1124337990,614440366.0
2024-10-03 18:00:00,702857937.4155796,644486094.3838375,629159815.3300898,1124488017,614535627.0
2024-10-03 19:00:00,702958576.3712595,644583053.3838375,629253700.2295552,1124637930,614630416.0
2024-10-03 20:00:00,703058936.8694218,644679356.3838375,629347267.2965834,1124793153,614722998.0
2024-10-03 21:00:00,703153623.8070363,644772370.3838375,629440517.0398202,1124949574,614811201.0
2024-10-03 22:00:00,703247914.2199781,644856938.5723306,629533449.9986897,1125106803,614893976.0
2024-10-03 23:00:00,703341696.219649,644940695.5632895,629626066.7453392,1125264618,614971224.0
2024-10-04 00:00:00,703435478.2193198,645016260.3106868,629724582.7285522,1125413698,615044234.0
2024-10-04 01:00:00,703529260.2189907,645088699.3106868,629822775.5401105,1125563124,615114397.0
2024-10-04 02:00:00,703623042.2186615,645159242.5841115,629920645.3724005,1125712631,615182883.0
2024-10-04 03:00:00,703716824.2183324,645229823.7649333,630018192.4288851,1125862029,615250486.0
2024-10-04 04:00:00,703810606.2180033,645300125.7649333,630115416.9247795,1126011632,615318690.0
2024-10-04 05:00:00,703904388.2176741,645374089.7649333,630212319.0877715,1126162217,615389956.0
2024-10-04 06:00:00,703998170.217345,645453180.2460293,630308899.1587868,1126314613,615466928.0
2024-10-04 07:00:00,704091952.2170159,645537343.2460293,630405157.3928033,1126467691,615547957.0
2024-10-04 08:00:00,704186242.6299577,645623102.2460293,630501094.0597179,1126623124,615630736.0
2024-10-04 09:00:00,704280489.5903424,645711849.6923306,630596709.4452673,1126778902,615714958.0
2024-10-04 10:00:00,704374736.5507271,645799261.638084,630692003.8520092,1126934730,615800644.0
2024-10-04 11:00:00,704469241.7624155,645893037.638084,630786977.6003652,1127090552,615888255.0
2024-10-04 12:00:00,704563928.70003,645985215.638084,630881631.0297312,1127247072,615977905.0
2024-10-04 13:00:00,704662250.3669951,646079700.0715088,630975964.4996593,1127402897,616069650.0
2024-10-04 14:00:00,704762610.8651575,646176290.0715088,631069978.3911155,1127557879,616162593.0
2024-10-04 15:00:00,704862971.3633199,646275796.0715088,631163673.107818,1127713029,616256833.0
2024-10-04 16:00:00,704965048.4800754,646372868.1558924,631257049.0776627,1127868404,616351827.0
2024-10-04 17:00:00,705067985.4287307,646470445.1558924,631350106.7542404,1128022768,616446839.0
2024-10-04 18:00:00,705168434.2257141,646569951.1558924,631442846.618452,1128176519,616540393.0
2024-10-04 19:00:00,705268794.7238765,646666254.1016458,631535269.1802286,1128331077,616632824.0
2024-10-04 20:00:00,705363731.344887,646759871.1016458,631627374.9803634,1128489057,616722912.0
2024-10-04 21:00:00,705457978.3052717,646850184.1016458,631719164.592462,1128647829,616809293.0
2024-10-04 22:00:00,705552268.7182136,646934147.1016458,631810638.6250199,1128806620,616891055.0
2024-10-04 23:00:00,705646050.7178844,647014032.1819198,631901797.7236358,1128966700,616968053.0
2024-10-05 00:00:00,705739832.7175553,647088588.1819198,631998840.1427797,1129117936,617040795.0
2024-10-05 01:00:00,705833614.7172261,647160254.3254814,632095559.7940942,1129269082,617110434.0
2024-10-05 02:00:00,705927396.716897,647229968.1457554,632191956.8932984,1129420494,617178012.0
2024-10-05 03:00:00,706021178.7165679,647296955.840276,632288031.6686158,1129572338,617244476.0
2024-10-05 04:00:00,706114960.7162387,647363850.9673992,632383784.3615426,1129724779,617310669.0
2024-10-05 05:00:00,706208742.7159096,647432423.9673992,632479215.2276638,1129877482,617377554.0
2024-10-05 06:00:00,706302524.7155805,647502945.6506869,632574324.5375218,1130030758,617446295.0
2024-10-05 07:00:00,706396306.7152513,647575294.8934265,632669112.5775411,1130184291,617516916.0
2024-10-05 08:00:00,706490088.7149222,647650514.8934265,632763579.651011,1130339783,617589894.0
2024-10-05 09:00:00,706583870.714593,647729950.8934265,632857726.0791318,1130497122,617665030.0
2024-10-05 10:00:00,706677652.7142639,647813672.2172621,632951552.2021291,1130655417,617741712.0
2024-10-05 11:00:00,706771434.7139348,647896212.2172621,633045058.3804376,1130814422,617819894.0
2024-10-05 12:00:00,706865380.2261115,647981768.0539745,633138244.995963,1130974499,617900203.0
2024-10-05 13:00:00,706959670.6390533,648069042.2945224,633231112.4534245,1131135064,617982869.0
2024-10-05 14:00:00,707053917.5994381,648156621.2945224,633323661.1817837,1131295700,618067908.0
2024-10-05 15:00:00,707148164.5598228,648246039.3002758,633415891.6357664,1131456678,618155352.0
2024-10-05 16:00:00,707242669.7715112,648338853.3002758,633507804.2974821,1131617766,618245232.0
2024-10-05 17:00:00,707337356.7091256,648432371.3002758,633599399.6781496,1131776244,618336170.0
2024-10-05 18:00:00,707432043.6467401,648524439.6161662,633690678.319933,1131932204,618425454.0
2024-10-05 19:00:00,707526730.5843545,648614960.2865772,633781640.7978989,1132088281,618513497.0
2024-10-05 20:00:00,707620977.5447392,648704294.3824676,633872287.7220988,1132246169,618599277.0
2024-10-05 21:00:00,707715267.9576811,648791488.3652073,633962619.7397891,1132404401,618681491.0
2024-10-05 22:00:00,707809049.9573519,648872488.2967142,634052637.5377945,1132562815,618759677.0
2024-10-05 23:00:00,707902831.9570228,648949990.2967142,634142341.8450263,1132721307,618833596.0
2024-10-06 00:00:00,707996613.9566936,649023429.3268511,634237911.5476075,1132875004,618903813.0
2024-10-06 01:00:00,708090395.9563645,649092707.6268511,634333158.9353284,1133028121,618971261.0
2024-10-06 02:00:00,708184177.9560354,649160093.6268511,634428084.2502558,1133181810,619036674.0
2024-10-06 03:00:00,708277959.9557062,649225507.077262,634522687.7485828,1133335133,619100995.0
2024-10-06 04:00:00,708371741.9553771,649291038.077262,634616969.7014987,1133488253,619164698.0
2024-10-06 05:00:00,708465523.955048,649356967.077262,634710930.3961165,1133640842,619228510.0
2024-10-06 06:00:00,708559305.9547188,649425942.2635634,634804570.1364582,1133793114,619293375.0
2024-10-06 07:00:00,708653087.9543897,649494907.9610976,634897889.2445045,1133945238,619359860.0
2024-10-06 08:00:00,708746869.9540606,649567705.9610976,634990888.0613111,1134099068,619428444.0
2024-10-06 09:00:00,708840651.9537314,649642503.6035633,635083566.9481972,1134254310,619498995.0
2024-10-06 10:00:00,708934433.9534023,649718671.5608236,635175926.28801,1134410348,619571579.0
2024-10-06 11:00:00,709028215.9530731,649796177.5608236,635267966.4864709,1134567592,619646319.0
2024-10-06 12:00:00,709121997.952744,649879709.2213715,635359687.9736092,1134726672,619724169.0
2024-10-06 13:00:00,709215779.9524149,649966229.2213715,635451091.2052873,1134886684,619805125.0
2024-10-06 14:00:00,709310070.3653567,650051971.2213715,635542176.6648256,1135047202,619888893.0
2024-10-06 15:00:00,709404317.3257414,650140753.2213715,635632944.864732,1135208456,619975922.0
2024-10-06 16:00:00,709498822.5374298,650234503.1287688,635723396.3485447,1135369188,620066139.0
2024-10-06 17:00:00,709593509.4750443,650327680.1287688,635813531.692793,1135527366,620158437.0
2024-10-06 18:00:00,709688196.4126587,650421297.1287688,635903351.5090873,1135683207,620250034.0
2024-10-06 19:00:00,709782883.3502731,650514914.1287688,635992856.4463446,1135838919,620341268.0
2024-10-06 20:00:00,709877388.5619615,650605302.6684948,636082047.193159,1135995921,620429809.0
2024-10-06 21:00:00,709971635.5223463,650692778.1189058,636170924.4803269,1136153036,620513876.0
2024-10-06 22:00:00,710065417.5220171,650773779.2709606,636259489.0835382,1136310025,620592884.0
2024-10-06 23:00:00,710159199.521688,650853864.2586318,636347741.8262424,1136466847,620667146.0
2024-10-07 00:00:00,710252981.5213588,650925128.3786318,636451864.0235946,1136618559,620737686.0
2024-10-07 01:00:00,710346763.5210297,650994011.3786318,636555662.7007629,1136769353,620805620.0
2024-10-07 02:00:00,710440545.5207006,651061582.3786318,636659138.0300325,1136920093,620871825.0
2024-10-07 03:00:00,710534327.5203714,651128487.3786318,636762290.193536,1137070636,620937462.0
2024-10-07 04:00:00,710628109.5200423,651197477.3786318,636865119.3838519,1137221197,621003903.0
2024-10-07 05:00:00,710721891.5197132,651269385.8783579,636967625.8046416,1137371903,621073873.0
2024-10-07 06:00:00,710815673.519384,651348421.8783579,637069809.6713264,1137523454,621150117.0
2024-10-07 07:00:00,710909619.0315608,651431666.517262,637171671.2118077,1137674732,621230657.0
2024-10-07 08:00:00,711003909.4445026,651517398.366851,637273210.667233,1137828220,621312876.0
2024-10-07 09:00:00,711098156.4048873,651603738.2884948,637374428.2928097,1137983001,621395956.0
2024-10-07 10:00:00,711192403.365272,651691089.2884948,637475324.3586729,1138137571,621480082.0
2024-10-07 11:00:00,711286650.3256568,651780281.2884948,637575899.150806,1138292016,621565206.0
2024-10-07 12:00:00,711381039.006682,651870338.2884948,637676152.9720225,1138446683,621651545.0
2024-10-07 13:00:00,711475544.2183704,651961965.5115085,637776086.1430095,1138601390,621738917.0
2024-10-07 14:00:00,711570231.1559849,652052929.5115085,637875699.003438,1138756065,621826963.0
2024-10-07 15:00:00,711664918.0935993,652147015.4728783,637974991.913145,1138911631,621915822.0
2024-10-07 16:00:00,711759605.0312138,652239999.2180839,638073965.2533917,1139067527,622005536.0
2024-10-07 17:00:00,711855707.4822725,652333199.6328784,638172619.428203,1139220771,622095690.0
2024-10-07 18:00:00,711951809.9333313,652425788.0690428,638270954.8657919,1139372155,622185487.0
2024-10-07 19:00:00,712047912.38439,652520075.8745222,638368972.0200782,1139523211,622275478.0
2024-10-07 20:00:00,712142599.3220044,652613573.016714,638466671.3723036,1139678607,622363261.0
2024-10-07 21:00:00,712236846.2823892,652701630.016714,638564053.4327525,1139834785,622446657.0
2024-10-07 22:00:00,712330628.28206,652784212.5328784,638661118.7425836,1139990960,622525201.0
2024-10-07 23:00:00,712424410.2817309,652861620.1112345,638757867.8757818,1140147014,622598818.0
2024-10-08 00:00:00,712518192.2814018,652935459.1112345,638860515.7783943,1140295184,622668528.0
2024-10-08 01:00:00,712611974.2810726,653004813.1112345,638962840.5223442,1140443275,622735748.0
2024-10-08 02:00:00,712705756.2807435,653073420.9079468,639064842.3006574,1140591291,622801519.0
2024-10-08 03:00:00,712799538.2804143,653141770.6553441,639166521.3174713,1140739132,622866751.0
2024-10-08 04:00:00,712893320.2800852,653211937.6553441,639267877.7887135,1140886928,622933092.0
2024-10-08 05:00:00,712987102.2797561,653285349.9701387,639368911.9428241,1141035033,623002681.0
2024-10-08 06:00:00,713080884.2794269,653366697.3550702,639469624.0215237,1141184812,623078632.0
2024-10-08 07:00:00,713175174.6923687,653451365.4528785,639570014.28063,1141335095,623158745.0
2024-10-08 08:00:00,713269465.1053106,653537859.077536,639670082.9909269,1141488530,623239279.0
2024-10-08 09:00:00,713363755.5182524,653622610.1339743,639769830.439089,1141643921,623319074.0
2024-10-08 10:00:00,713458045.9311942,653707095.1005497,639869256.928665,1141798697,623398856.0
2024-10-08 11:00:00,713552336.344136,653793524.5391798,639968362.781125,1141954225,623478673.0
2024-10-08 12:00:00,713646626.7570778,653878086.857536,640067148.3369728,1142110215,623559069.0
2024-10-08 13:00:00,713740917.1700196,653963729.857536,640165613.956933,1142266122,623640508.0
2024-10-08 14:00:00,713835164.1304044,654049475.567125,640263760.0232112,1142422589,623722798.0
2024-10-08 15:00:00,713929411.0907891,654137080.0200016,640361586.9408377,1142579600,623806048.0
2024-10-08 16:00:00,714023658.0511738,654225946.4534264,640459095.1390965,1142736386,623890931.0
2024-10-08 17:00:00,714118163.2628622,654316780.0717825,640556285.0730476,1142890276,623977326.0
2024-10-08 18:00:00,714212850.2004766,654406428.0717825,640653157.2251472,1143042702,624064331.0
2024-10-08 19:00:00,714307537.1380911,654498382.0717825,640749712.106973,1143195580,624151970.0
2024-10-08 20:00:00,714402042.3497795,654589247.0717825,640845950.2610617,1143353270,624237889.0
2024-10-08 21:00:00,714496289.3101642,654676450.6994537,640941872.2628651,1143511139,624319725.0
2024-10-08 22:00:00,714590071.3098351,654757645.0920564,641037478.7228347,1143669073,624396810.0
2024-10-08 23:00:00,714683853.3095059,654837732.0868509,641132770.2886409,1143827030,624469321.0
2024-10-09 00:00:00,714777635.3091768,654911362.0868509,641233944.6550066,1143977984,624538600.0
2024-10-09 01:00:00,714871417.3088477,654982062.2690426,641334796.267909,1144128990,624605662.0
2024-10-09 02:00:00,714965199.3085185,655052178.4169878,641435325.3437829,1144280621,624671591.0
2024-10-09 03:00:00,715058981.3081894,655121769.1602755,641535532.1116079,1144431960,624737026.0
2024-10-09 04:00:00,715152763.3078603,655193224.3824673,641635416.8136786,1144583478,624803322.0
2024-10-09 05:00:00,715246545.3075311,655268005.5339742,641734979.7064236,1144735158,624873193.0
2024-10-09 06:00:00,715340327.307202,655348835.5339742,641834221.0612772,1144887849,624949537.0
2024-10-09 07:00:00,715434617.7201438,655433843.1493167,641933141.1656058,1145040523,625030152.0
2024-10-09 08:00:00,715528908.1330856,655520336.7739742,642031740.3236948,1145196167,625111268.0
2024-10-09 09:00:00,715623198.5460274,655604306.2479467,642130018.857798,1145352967,625191638.0
2024-10-09 10:00:00,715717488.9589692,655687695.0273988,642227977.1092541,1145509029,625271775.0
2024-10-09 11:00:00,715811779.371911,655770315.4778098,642325615.439676,1145665027,625351918.0
2024-10-09 12:00:00,715906069.7848529,655856854.9265769,642422934.2322155,1145822006,625432308.0
2024-10-09 13:00:00,716000360.1977947,655940695.9265769,642519933.89291,1145979414,625513601.0
2024-10-09 14:00:00,716094650.6107365,656027190.9265769,642616614.8521162,1146136124,625595575.0
2024-10-09 15:00:00,716188897.5711212,656115824.8490427,642712977.5660363,1146293626,625678418.0
2024-10-09 16:00:00,716283144.531506,656204809.6306865,642809022.518343,1146450805,625762980.0
2024-10-09 17:00:00,716377649.7431943,656294561.2673988,642904750.2219094,1146605529,625849001.0
2024-10-09 18:00:00,716472154.9548827,656386232.2673988,643000161.2206522,1146758439,625935262.0
2024-10-09 19:00:00,716566841.8924972,656479246.2673988,643095256.0914934,1146911911,626022379.0
2024-10-09 20:00:00,716661347.1041856,656570111.2673988,643190035.4464501,1147068588,626107850.0
2024-10-09 21:00:00,716755594.0645703,656657323.9271249,643284499.9348611,1147225864,626189880.0
2024-10-09 22:00:00,716849376.0642412,656738518.6994536,643378650.2457572,1147383581,626267324.0
2024-10-09 23:00:00,716943158.063912,656816787.4539741,643472487.1103879,1147541431,626340172.0
2024-10-10 00:00:00,717036940.0635829,656889500.4539741,643572188.7909664,1147693532,626409643.0
2024-10-10 01:00:00,717130722.0632538,656960696.964385,643671568.1725894,1147845780,626476839.0
2024-10-10 02:00:00,717224504.0629246,657030506.964385,643770625.4981265,1147998172,626542806.0
2024-10-10 03:00:00,717318286.0625955,657100673.964385,643869361.0246181,1148150515,626608615.0
2024-10-10 04:00:00,717412068.0622663,657171642.964385,643967775.0241497,1148302986,626675441.0
2024-10-10 05:00:00,717505850.0619372,657246280.964385,644065867.7847806,1148455433,626745861.0
2024-10-10 06:00:00,717599632.0616081,657329819.3909603,644163639.611534,1148609386,626823032.0
2024-10-10 07:00:00,717693922.4745499,657416320.2632891,644261090.8274488,1148763666,626904851.0
2024-10-10 08:00:00,717788169.4349346,657502489.5509603,644358221.7746999,1148918408,626987308.0
2024-10-10 09:00:00,717882459.8478764,657589500.1756178,644455032.81579,1149073523,627068486.0
2024-10-10 10:00:00,717976750.2608182,657673685.1756178,644551524.3348185,1149228578,627148916.0
2024-10-10 11:00:00,718071040.67376,657757522.8052069,644647696.7388316,1149383666,627228734.0
2024-10-10 12:00:00,718165331.0867019,657841364.0421932,644743550.4592606,1149538562,627308377.0
2024-10-10 13:00:00,718259621.4996437,657927917.344659,644839085.9534515,1149693577,627388246.0
2024-10-10 14:00:00,718353911.9125855,658013161.3854809,644934303.7062955,1149848935,627468414.0
2024-10-10 15:00:00,718448202.3255273,658097478.0800015,645029204.2319636,1150004503,627549308.0
2024-10-10 16:00:00,718542449.285912,658184703.3791796,645123788.0757548,1150159683,627631601.0
2024-10-10 17:00:00,718636696.2462968,658273116.2221932,645218055.8160633,1150312563,627715854.0
2024-10-10 18:00:00,718731084.927322,658363981.2221932,645312008.066475,1150463231,627801247.0
2024-10-10 19:00:00,718825590.1390104,658454824.3065768,645405645.4779997,1150614102,627887840.0
2024-10-10 20:00:00,718920095.3506988,658545689.3065768,645498968.7414488,1150769455,627973004.0
2024-10-10 21:00:00,719014342.3110836,658634425.1169878,645591978.5899686,1150925588,628055069.0
2024-10-10 22:00:00,719108124.3107544,658716477.3761659,645684675.8017395,1151082056,628132719.0
2024-10-10 23:00:00,719201906.3104253,658794238.734522,645777061.2028509,1151238828,628206465.0
2024-10-11 00:00:00,719295688.3100961,658868550.0021932,645875291.1519481,1151389446,628276858.0
2024-10-11 01:00:00,719389470.309767,658940646.1728781,645973199.3122925,1151540301,628345334.0
2024-10-11 02:00:00,719483252.3094379,659011613.084385,646070785.9566214,1151691169,628412699.0
2024-10-11 03:00:00,719577034.3091087,659082582.084385,646168051.3736887,1151842118,628479737.0
2024-10-11 04:00:00,719670816.3087796,659155321.0865768,646264995.8692563,1151993600,628547983.0
2024-10-11 05:00:00,719764598.3084505,659232685.9980837,646361619.7671496,1152145495,628619859.0
2024-10-11 06:00:00,719858380.3081213,659315317.9980837,646457923.4103806,1152299316,628698043.0
2024-10-11 07:00:00,719952627.268506,659405212.7679467,646553907.1623435,1152453501,628780875.0
2024-10-11 08:00:00,720046874.2288908,659495090.2602755,646649571.4080865,1152610246,628864362.0
2024-10-11 09:00:00,720141164.6418326,659580816.0342481,646744916.5556668,1152768307,628946347.0
2024-10-11 10:00:00,720235455.0547744,659664478.546029,646839943.0375913,1152925196,629027310.0
2024-10-11 11:00:00,720329237.0544453,659748871.1449331,646934651.3123524,1153081661,629107521.0
2024-10-11 12:00:00,720423019.0541161,659835389.7682208,647029041.8660616,1153238836,629187349.0
2024-10-11 13:00:00,720516801.053787,659919764.8726044,647123115.2141896,1153396707,629267625.0
2024-10-11 14:00:00,720610746.5659637,660004157.4715085,647216871.9034202,1153555386,629348390.0
2024-10-11 15:00:00,720704892.5529691,660087952.4715085,647310312.5136226,1153714450,629430095.0
2024-10-11 16:00:00,720799182.9659109,660173215.4715085,647403437.6599541,1153872899,629513527.0
2024-10-11 17:00:00,720893429.9262956,660261989.4715085,647496247.995098,1154028739,629598168.0
2024-10-11 18:00:00,720987676.8866804,660350763.4715085,647588744.2116494,1154182735,629682817.0
2024-10-11 19:00:00,721081923.8470651,660439537.4715085,647680927.0446552,1154337962,629767578.0
2024-10-11 20:00:00,721176170.8074498,660528311.4715085,647772797.2743205,1154495790,629850680.0
2024-10-11 21:00:00,721270461.2203916,660614167.3235633,647864355.7288928,1154653955,629931031.0
2024-10-11 22:00:00,721364243.2200625,660695387.3235633,647955603.2877349,1154813230,630007792.0
2024-10-11 23:00:00,721458025.2197334,660772929.3652072,648046540.8845987,1154972391,630080731.0
2024-10-12 00:00:00,721551807.2194042,660845368.3652072,648143300.1738433,1155126449,630150391.0
2024-10-12 01:00:00,721645589.2190751,660914622.4745222,648239738.2474794,1155280245,630217747.0
2024-10-12 02:00:00,721739371.218746,660981511.677262,648335855.4120092,1155433541,630283335.0
2024-10-12 03:00:00,721833153.2184168,661048620.677262,648431651.9920456,1155585903,630348223.0
2024-10-12 04:00:00,721926935.2180877,661115729.677262,648527128.3314394,1155737548,630413133.0
2024-10-12 05:00:00,722020717.2177585,661184345.5438373,648622284.7944773,1155888549,630479232.0
2024-10-12 06:00:00,722114499.2174294,661256018.9706867,648717121.7671585,1156039718,630547515.0
2024-10-12 07:00:00,722208281.2171003,661328368.2134264,648811639.6585519,1156190769,630618358.0
2024-10-12 08:00:00,722302063.2167711,661402450.4290428,648905838.9022427,1156344322,630691183.0
2024-10-12 09:00:00,722395845.216442,661478630.4290428,648999719.9578707,1156499507,630764422.0
2024-10-12 10:00:00,722489627.2161129,661554954.4290428,649093283.3127701,1156654506,630837840.0
2024-10-12 11:00:00,722583409.2157837,661633231.4290428,649186529.483714,1156809333,630911519.0
2024-10-12 12:00:00,722677191.2154546,661711673.7131524,649279459.0187726,1156963545,630985269.0
2024-10-12 13:00:00,722770973.2151254,661791111.6589059,649372072.4992927,1157117955,631059945.0
2024-10-12 14:00:00,722864755.2147963,661870465.4463031,649464370.5420054,1157273490,631135580.0
2024-10-12 15:00:00,722958537.2144672,661951051.9660292,649556353.8012711,1157429427,631212859.0
2024-10-12 16:00:00,723052319.214138,662033510.9660292,649648022.9714712,1157584807,631292074.0
2024-10-12 17:00:00,723146101.2138089,662120112.2610977,649739378.7895561,1157738249,631372770.0
2024-10-12 18:00:00,723239883.2134798,662205279.2871251,649830422.0377597,1157891548,631453714.0
2024-10-12 19:00:00,723333828.7256565,662288931.0046594,649921153.546491,1158046211,631535383.0
2024-10-12 20:00:00,723427610.7253274,662374062.2821937,650011574.1974165,1158203114,631615109.0
2024-10-12 21:00:00,723521392.7249982,662456053.7734265,650101684.9267439,1158360732,631692080.0
2024-10-12 22:00:00,723615174.7246691,662534330.7734265,650191486.7287213,1158518439,631765744.0
2024-10-12 23:00:00,723708956.72434,662608703.929317,650280980.659368,1158676915,631835768.0
2024-10-13 00:00:00,723802738.7240108,662678870.2783581,650376270.4930061,1158829248,631902589.0
2024-10-13 01:00:00,723896520.7236817,662745600.7087691,650471239.7553486,1158981764,631967376.0
2024-10-13 02:00:00,723990302.7233526,662810896.6602759,650565888.7910861,1159135257,632030494.0
2024-10-13 03:00:00,724084084.7230234,662874476.6602759,650660217.9653996,1159288753,632092777.0
2024-10-13 04:00:00,724177866.7226943,662937757.5175362,650754227.6652402,1159442445,632154749.0
2024-10-13 05:00:00,724271648.7223651,663003916.3578101,650847918.3006908,1159596252,632217462.0
2024-10-13 06:00:00,724365430.722036,663070087.6041116,650941290.3064158,1159750153,632282030.0
2024-10-13 07:00:00,724459212.7217069,663137755.1024678,651034344.1432052,1159904175,632348783.0
2024-10-13 08:00:00,724552994.7213777,663207716.3145226,651127080.2996174,1160060666,632417603.0
2024-10-13 09:00:00,724646776.7210486,663280143.9227418,651219499.2937298,1160218604,632488087.0
2024-10-13 10:00:00,724740558.7207195,663354605.9227418,651311601.6750019,1160378389,632559536.0
2024-10-13 11:00:00,724834340.7203903,663432639.9227418,651403388.0262603,1160539638,632632363.0
2024-10-13 12:00:00,724928122.7200612,663512073.2032897,651494858.9658126,1160701852,632707057.0
2024-10-13 13:00:00,725021904.719732,663591134.4980843,651586015.1496989,1160865599,632783448.0
2024-10-13 14:00:00,725115686.7194029,663675573.0095911,651676857.2740902,1161029081,632861771.0
2024-10-13 15:00:00,725209632.2315797,663760283.9326048,651767386.0778439,1161192387,632941854.0
2024-10-13 16:00:00,725303922.6445215,663850394.9326048,651857602.3452257,1161354532,633023921.0
2024-10-13 17:00:00,725398169.6049062,663940545.8400021,651947506.9088103,1161513762,633107524.0
2024-10-13 18:00:00,725492416.5652909,664030181.5980842,652037100.6525717,1161672050,633191738.0
2024-10-13 19:00:00,725586805.2463162,664121270.5980842,652126384.5151772,1161829917,633277059.0
2024-10-13 20:00:00,725681052.2067009,664209461.16055,652215359.493497,1161987575,633360680.0
2024-10-13 21:00:00,725775342.6196427,664295372.1542486,652304026.6463448,1162146088,633440955.0
2024-10-13 22:00:00,725869124.6193136,664378085.8832897,652392387.0984647,1162304579,633517167.0
2024-10-13 23:00:00,725962906.6189845,664456075.129865,652480442.0447819,1162462948,633589286.0
2024-10-14 00:00:00,726056688.6186553,664528012.129865,652584275.7023985,1162618847,633657973.0
2024-10-14 01:00:00,726150470.6183262,664596977.800276,652687787.0769153,1162775030,633724330.0
2024-10-14 02:00:00,726244252.617997,664663882.800276,652790976.412001,1162931604,633789183.0
2024-10-14 03:00:00,726338034.6176679,664730779.3378103,652893843.9655411,1163088490,633853576.0
2024-10-14 04:00:00,726431816.6173388,664799173.9295911,652996390.0105135,1163245704,633918873.0
2024-10-14 05:00:00,726525598.6170096,664870775.4750705,653098614.8359212,1163402871,633987464.0
2024-10-14 06:00:00,726619380.6166805,664950008.3104129,653200518.7477844,1163560519,634061797.0
2024-10-14 07:00:00,726713326.1288573,665034407.3104129,653302102.0701966,1163717747,634140653.0
2024-10-14 08:00:00,726807616.5417991,665120160.8857553,653403365.1464477,1163876753,634221424.0
2024-10-14 09:00:00,726901863.5021838,665207599.5654813,653504308.3402196,1164037239,634303000.0
2024-10-14 10:00:00,726996110.4625685,665293895.8531525,653604932.0368594,1164197267,634384651.0
2024-10-14 11:00:00,727090357.4229532,665380065.9816457,653705236.6447333,1164356898,634466132.0
2024-10-14 12:00:00,727184604.383338,665467069.9816457,653805222.5966692,1164515594,634547694.0
2024-10-14 13:00:00,727278851.3437227,665555053.9210978,653904890.3514917,1164673962,634629486.0
2024-10-14 14:00:00,727373098.3041074,665642516.9210978,654004240.3956567,1164832181,634711509.0
2024-10-14 15:00:00,727467345.2644922,665730173.7213718,654103273.244992,1164990792,634793925.0
2024-10-14 16:00:00,727561592.2248769,665819062.7213718,654201989.446551,1165148120,634876926.0
2024-10-14 17:00:00,727656097.4365653,665909022.0254813,654300389.580586,1165302834,634961407.0
2024-10-14 18:00:00,727750784.3741797,666003123.4200019,654398474.2626508,1165456016,635047427.0
2024-10-14 19:00:00,727845471.3117942,666096567.4200019,654496244.1458402,1165608840,635134642.0
2024-10-14 20:00:00,727939976.5234826,666186171.2424676,654593699.9231744,1165765589,635220265.0
2024-10-14 21:00:00,728034223.4838673,666273609.2441114,654690842.330141,1165922413,635302582.0
2024-10-14 22:00:00,728128005.4835382,666356559.4906868,654787672.1474011,1166079214,635380677.0
2024-10-14 23:00:00,728221787.483209,666435812.0054812,654884190.2036744,1166236155,635454614.0
2024-10-15 00:00:00,728315569.4828799,666511545.0786319,654986552.163788,1166384503,635525471.0
2024-10-15 01:00:00,728409351.4825507,666584271.6446593,655088592.3527236,1166533087,635594438.0
2024-10-15 02:00:00,728503133.4822216,666656380.6446593,655190311.0441157,1166681876,635662484.0
2024-10-15 03:00:00,728596915.4818925,666728854.3030155,655291708.5276659,1166830504,635730449.0
2024-10-15 04:00:00,728690697.4815633,666802818.3030155,655392785.1101383,1166979362,635799688.0
2024-10-15 05:00:00,728784479.4812342,666880813.2545223,655493541.1164179,1167128772,635872943.0
2024-10-15 06:00:00,728878769.894176,666965484.2545223,655593976.8906372,1167279862,635952934.0
2024-10-15 07:00:00,728973016.8545607,667055220.6008236,655694092.7973753,1167431316,636037869.0
2024-10-15 08:00:00,729067522.0662491,667145993.3405497,655793889.2229344,1167584268,636123524.0
2024-10-15 09:00:00,729161769.0266339,667235236.4890429,655893366.5766977,1167738990,636208150.0
2024-10-15 10:00:00,729256015.9870186,667323359.5134264,655992525.2925762,1167894026,636291541.0
2024-10-15 11:00:00,729350262.9474033,667411695.2610977,656091365.8305477,1168049103,636374326.0
2024-10-15 12:00:00,729444509.907788,667498139.0106868,656189888.6782964,1168204710,636457067.0
2024-10-15 13:00:00,729538756.8681728,667584587.2627416,656288094.3529584,1168360442,636539888.0
2024-10-15 14:00:00,729633003.8285575,667670572.7567142,656385983.4029802,1168515442,636622305.0
2024-10-15 15:00:00,729727250.7889422,667756272.7567142,656483556.4100984,1168671403,636704823.0
2024-10-15 16:00:00,729821497.749327,667844261.7567142,656580813.9914482,1168826929,636788218.0
2024-10-15 17:00:00,729916184.6869414,667935762.7846594,656677756.8018084,1168981929,636873441.0
2024-10-15 18:00:00,730010871.6245558,668028817.7846594,656774385.5359942,1169135707,636961373.0
2024-10-15 19:00:00,730109447.1945672,668123678.71781,656870700.9314052,1169289020,637051271.0
2024-10-15 20:00:00,730204889.9578544,668216686.8843853,656966703.7707403,1169443922,637139884.0
2024-10-15 21:00:00,730299395.1695428,668307551.8843853,657062394.8848903,1169599133,637225455.0
2024-10-15 22:00:00,730393685.5824846,668393302.3134265,657157775.1560204,1169754325,637306788.0
2024-10-15 23:00:00,730487467.5821555,668474593.0537004,657252845.5208541,1169909517,637383835.0
2024-10-16 00:00:00,730581249.5818263,668552142.7654812,657353736.8587908,1170060137,637458074.0
2024-10-16 01:00:00,730675031.5814972,668628317.2865771,657454307.0006233,1170210620,637530542.0
2024-10-16 02:00:00,730768813.581168,668704154.7134265,657554556.2538606,1170360800,637602146.0
2024-10-16 03:00:00,730862595.5808389,668780099.7134265,657654484.9441804,1170510608,637673796.0
2024-10-16 04:00:00,730956377.5805098,668857872.9126046,657754093.4165592,1170660698,637746816.0
2024-10-16 05:00:00,731050159.5801806,668940331.9126046,657853382.0364751,1170810858,637824007.0
2024-10-16 06:00:00,731144406.5405654,669029765.9126046,657952351.1911865,1170961880,637908214.0
2024-10-16 07:00:00,731240508.9916241,669121824.9126046,658051001.2910957,1171112815,637997181.0
2024-10-16 08:00:00,731337063.2084755,669215463.9126046,658149332.7711983,1171266215,638086379.0
2024-10-16 09:00:00,731431750.1460899,669308868.9364402,658247346.0926272,1171421909,638173333.0
2024-10-16 10:00:00,731526255.3577783,669399676.9364402,658345041.744297,1171577109,638258458.0
2024-10-16 11:00:00,731620502.318163,669489077.818906,658442420.2446542,1171732388,638342641.0
2024-10-16 12:00:00,731714749.2785478,669576081.818906,658539482.1435409,1171887403,638426063.0
2024-10-16 13:00:00,731808996.2389325,669665446.308769,658636228.0241805,1172041855,638508713.0
2024-10-16 14:00:00,731903243.1993172,669751899.4701389,658732658.505292,1172196193,638590642.0
2024-10-16 15:00:00,731997490.159702,669838071.4701389,658828774.2433418,1172349853,638672228.0
2024-10-16 16:00:00,732091737.1200867,669926054.258906,658924575.9349426,1172502587,638755062.0
2024-10-16 17:00:00,732186424.0577011,670020670.3052074,659020064.3194096,1172652863,638840083.0
2024-10-16 18:00:00,732281110.9953156,670113910.1517828,659115240.1814829,1172801657,638927794.0
2024-10-16 19:00:00,732380467.374692,670206685.1517828,659210104.3542285,1172950193,639017639.0
2024-10-16 20:00:00,732480026.7041988,670299799.3545225,659304657.7221295,1173103291,639106445.0
2024-10-16 21:00:00,732574713.6418133,670390051.3095909,659398901.22438,1173256597,639192795.0
2024-10-16 22:00:00,732668960.602198,670477721.3353443,659492835.8583958,1173410454,639274991.0
2024-10-16 23:00:00,732762742.6018689,670559911.5989059,659586462.6835554,1173564357,639353232.0
2024-10-17 00:00:00,732856524.6015397,670638491.5989059,659685884.6077114,1173712116,639428670.0
2024-10-17 01:00:00,732950306.6012106,670716258.5597278,659784985.9822426,1173860131,639502529.0
2024-10-17 02:00:00,733044088.6008815,670792772.5597278,659883767.1529708,1174007787,639575696.0
2024-10-17 03:00:00,733137870.6005523,670870373.5597278,659982228.4862738,1174155700,639649050.0
2024-10-17 04:00:00,733231652.6002232,670949521.0594538,660080370.3703686,1174303490,639724036.0
2024-10-17 05:00:00,733325434.599894,671033019.0153443,660178193.2166778,1174451638,639803419.0
2024-10-17 06:00:00,733419939.8115824,671126447.5008237,660275697.4612834,1174601070,639889996.0
2024-10-17 07:00:00,733520300.3097448,671221156.7208238,660372883.5664757,1174751339,639981245.0
2024-10-17 08:00:00,733620297.9685028,671314619.9506868,660469752.0224015,1174904016,640072736.0
2024-10-17 09:00:00,733714984.9061172,671408024.9745225,660566303.3488196,1175059026,640161267.0
2024-10-17 10:00:00,733809231.8665019,671500215.2917827,660662538.0969704,1175213775,640246846.0
2024-10-17 11:00:00,733903478.8268867,671587662.15918,660758456.8515668,1175368701,640330329.0
2024-10-17 12:00:00,733997769.2398285,671673643.7202759,660854060.232914,1175523704,640412434.0
2024-10-17 13:00:00,734092059.6527703,671758062.2106868,660949348.8991686,1175678849,640493935.0
2024-10-17 14:00:00,734186350.0657121,671842575.1008238,661044323.5487444,1175833967,640574600.0
2024-10-17 15:00:00,734280640.4786539,671927086.9873991,661138984.9228754,1175988525,640655149.0
2024-10-17 16:00:00,734374930.8915957,672012068.5142484,661233333.8083464,1176142320,640736961.0
2024-10-17 17:00:00,734469177.8519804,672100057.5142484,661327371.0404023,1176292922,640820774.0
2024-10-17 18:00:00,734563566.5330057,672189858.767673,661421097.5058484,1176441922,640906857.0
2024-10-17 19:00:00,734658253.4706202,672282804.2249333,661514514.1463538,1176591832,640995175.0
2024-10-17 20:00:00,734752940.4082346,672376547.0487689,661607621.9619722,1176744868,641082469.0
2024-10-17 21:00:00,734847329.0892599,672470521.0487689,661700422.014894,1176898478,641167636.0
2024-10-17 22:00:00,734941619.5022017,672556280.0487689,661792915.4334453,1177052433,641248887.0
2024-10-17 23:00:00,735035401.5018725,672637185.0487689,661885103.4163513,1177206399,641326358.0
2024-10-18 00:00:00,735129183.5015434,672714785.3706867,661983057.2856164,1177356176,641401111.0
2024-10-18 01:00:00,735222965.5012143,672789980.9060291,662080691.332514,1177505932,641474514.0
2024-10-18 02:00:00,735316747.5008851,672864846.6191798,662178005.9462212,1177655681,641547172.0
2024-10-18 03:00:00,735410529.500556,672939719.7912346,662275001.5391823,1177805163,641620067.0
2024-10-18 04:00:00,735504311.5002269,673015899.7912346,662371678.5485678,1177954591,641694490.0
2024-10-18 05:00:00,735598093.4998977,673096635.7912346,662468037.4378268,1178103813,641772761.0
2024-10-18 06:00:00,735692340.4602824,673184525.3032894,662564078.6983405,1178253720,641857899.0
2024-10-18 07:00:00,735787027.3978969,673277386.4539744,662659802.8511828,1178403388,641947482.0
2024-10-18 08:00:00,735881714.3355113,673368915.6838374,662755210.4489943,1178555315,642037110.0
2024-10-18 09:00:00,735975961.295896,673458286.4950703,662850302.0779794,1178709670,642124037.0
2024-10-18 10:00:00,736070251.7088379,673545560.7356182,662945078.3600329,1178863470,642208223.0
2024-10-18 11:00:00,736164225.4802966,673630657.6539744,663039539.9550045,1179017873,642290230.0
2024-10-18 12:00:00,736258007.4799675,673712429.5690429,663133687.5631118,1179172469,642370949.0
2024-10-18 13:00:00,736351789.4796383,673794043.0830156,663227521.9275111,1179326657,642451180.0
2024-10-18 14:00:00,736445571.4793092,673875328.5698649,663321043.8370354,1179480567,642531179.0
2024-10-18 15:00:00,736539353.4789801,673957731.2619196,663414254.1291125,1179634017,642611339.0
2024-10-18 16:00:00,736633135.4786509,674039706.0186319,663507153.6928738,1179786138,642692652.0
2024-10-18 17:00:00,736726917.4783218,674124452.0186319,663599743.4724679,1179934959,642775238.0
2024-10-18 18:00:00,736821063.4653271,674209162.187947,663692024.4705911,1180082621,642858752.0
2024-10-18 19:00:00,736915353.878269,674296324.2920567,663783997.7522506,1180230500,642943074.0
2024-10-18 20:00:00,737009644.2912108,674382077.3249334,663875664.4487753,1180382915,643025944.0
2024-10-18 21:00:00,737103426.2908816,674464946.8873992,663967025.7620915,1180536051,643106634.0
2024-10-18 22:00:00,737197208.2905525,674544447.8873992,664058082.9692802,1180689370,643184131.0
2024-10-18 23:00:00,737290990.2902234,674620627.8873992,664148837.4274358,1180842764,643258119.0
2024-10-19 00:00:00,737384772.2898942,674693479.6476731,664245324.7709819,1180990833,643329490.0
2024-10-19 01:00:00,737478554.2895651,674764678.2465773,664341493.1108446,1181138867,643399367.0
2024-10-19 02:00:00,737572336.289236,674834612.7747965,664437342.8852843,1181286968,643468406.0
2024-10-19 03:00:00,737666118.2889068,674904779.7747965,664532874.5589111,1181434944,643537118.0
2024-10-19 04:00:00,737759900.2885777,674975496.5835636,664628088.6243426,1181582827,643606511.0
2024-10-19 05:00:00,737853682.2882485,675048005.5835636,664722985.6039693,1181730544,643677815.0
2024-10-19 06:00:00,737947464.2879194,675122321.549317,664817566.0518351,1181878550,643752058.0
2024-10-19 07:00:00,738041246.2875903,675200094.7484951,664911830.5556383,1182027054,643829776.0
2024-10-19 08:00:00,738135028.2872611,675279520.4145225,665005779.7388657,1182178105,643908790.0
2024-10-19 09:00:00,738228810.286932,675357792.369591,665099414.2630631,1182330763,643986572.0
2024-10-19 10:00:00,738322592.2866029,675437301.5257554,665192734.8302552,1182483103,644062399.0
2024-10-19 11:00:00,738416374.2862737,675513710.2463033,665285742.1855236,1182635079,644136576.0
2024-10-19 12:00:00,738510156.2859446,675587942.8580841,665378437.1197534,1182786854,644209712.0
2024-10-19 13:00:00,738603938.2856154,675660657.8580841,665470820.4725586,1182938428,644282101.0
2024-10-19 14:00:00,738697720.2852863,675735251.8131526,665562893.1354012,1183090484,644354628.0
2024-10-19 15:00:00,738791502.2849572,675810404.8131526,665654656.0549135,1183242887,644428311.0
2024-10-19 16:00:00,738885284.284628,675885725.1821936,665746110.236439,1183393808,644503704.0
2024-10-19 17:00:00,738979066.2842989,675966817.6419196,665837256.7478068,1183541371,644580864.0
2024-10-19 18:00:00,739072848.2839698,676048028.927947,665928096.7233541,1183687827,644659495.0
2024-10-19 19:00:00,739166630.2836406,676131195.927947,666018631.3682141,1183834588,644738721.0
2024-10-19 20:00:00,739260412.2833115,676210670.2657553,666108861.9628868,1183986784,644816467.0
2024-10-19 21:00:00,739354194.2829823,676289705.6013718,666198789.8681118,1184140329,644892266.0
2024-10-19 22:00:00,739447976.2826532,676364469.6013718,666288416.530064,1184293830,644965622.0
2024-10-19 23:00:00,739541758.2823241,676436587.6013718,666377743.4858919,1184447606,645035952.0
2024-10-20 00:00:00,739635540.2819949,676506730.6013718,666472766.0256578,1184594996,645104046.0
2024-10-20 01:00:00,739729322.2816658,676574116.6013718,666567470.4839507,1184742614,645170616.0
2024-10-20 02:00:00,739823104.2813367,676640088.6013718,666661857.3546269,1184890888,645236526.0
2024-10-20 03:00:00,739916886.2810075,676705443.8147964,666755927.1613959,1185039248,645302078.0
2024-10-20 04:00:00,740010668.2806784,676771415.8147964,666849680.4597064,1185187898,645368251.0
2024-10-20 05:00:00,740104450.2803493,676839061.8147964,666943117.838754,1185337102,645435784.0
2024-10-20 06:00:00,740198232.2800201,676909204.8147964,667036239.9236199,1185486107,645505873.0
2024-10-20 07:00:00,740292014.279691,676980570.7484951,667129047.3775485,1185634852,645578689.0
2024-10-20 08:00:00,740385796.2793618,677053079.7484951,667221540.904375,1185786358,645653125.0
2024-10-20 09:00:00,740479578.2790327,677124692.7484951,667313721.2511096,1185939667,645726867.0
2024-10-20 10:00:00,740573360.2787036,677197178.3410978,667405589.2106928,1186092412,645799295.0
2024-10-20 11:00:00,740667142.2783744,677268814.2783581,667497145.6249291,1186245051,645871228.0
2024-10-20 12:00:00,740760924.2780453,677340460.2783581,667588391.3876147,1186397935,645942972.0
2024-10-20 13:00:00,740854706.2777162,677412779.2783581,667679327.4478701,1186550725,646015210.0
2024-10-20 14:00:00,740948488.277387,677487360.6210978,667769954.8136908,1186703475,646088349.0
2024-10-20 15:00:00,741042270.2770579,677562072.958906,667860274.5557327,1186856336,646162873.0
2024-10-20 16:00:00,741136052.2767287,677643087.6019198,667950287.8113467,1187007628,646240030.0
2024-10-20 17:00:00,741229834.2763996,677725210.5016458,668039995.7888786,1187155621,646319694.0
2024-10-20 18:00:00,741323616.2760705,677806713.199728,668129399.7722535,1187302641,646400977.0
2024-10-20 19:00:00,741417398.2757413,677890573.199728,668218501.1258633,1187451555,646483559.0
2024-10-20 20:00:00,741511180.2754122,677972561.599454,668307301.2997767,1187604437,646564537.0
2024-10-20 21:00:00,741604962.2750831,678052566.599454,668395801.8352948,1187758068,646642396.0
2024-10-20 22:00:00,741698744.2747539,678127987.8871253,668484004.3708751,1187911638,646716731.0
2024-10-20 23:00:00,741792526.2744248,678199633.8871253,668571910.648448,1188065472,646787331.0
2024-10-21 00:00:00,741886308.2740957,678268255.8871253,668675464.661807,1188215637,646855556.0
2024-10-21 01:00:00,741980090.2737665,678335405.07918,668778698.1471416,1188365384,646922270.0
2024-10-21 02:00:00,742073872.2734374,678402272.9315088,668881611.4514012,1188515689,646988373.0
2024-10-21 03:00:00,742167654.2731082,678468730.6517828,668984204.9421561,1188665421,647054649.0
2024-10-21 04:00:00,742261436.2727791,678537090.109317,669086479.0088844,1188814548,647122868.0
2024-10-21 05:00:00,742355218.27245,678609199.109317,669188434.0643435,1188963424,647195244.0
2024-10-21 06:00:00,742449000.2721208,678688984.8402759,669290070.5460275,1189112400,647274934.0
2024-10-21 07:00:00,742542945.7842976,678772979.57918,669391388.9177219,1189260573,647359847.0
2024-10-21 08:00:00,742637236.1972394,678857671.009591,669492389.6711556,1189409776,647445405.0
2024-10-21 09:00:00,742731018.1969103,678940538.8361664,669593073.3277631,1189560078,647529291.0
2024-10-21 10:00:00,742824800.1965811,679025751.8361664,669693440.4405589,1189710320,647612237.0
2024-10-21 11:00:00,742918582.196252,679109223.129865,669793491.5961348,1189860129,647695006.0
2024-10-21 12:00:00,743012527.7084287,679194360.5432897,669893227.4167863,1190010022,647778137.0
2024-10-21 13:00:00,743106818.1213706,679278935.1186321,669992648.5627787,1190159922,647862055.0
2024-10-21 14:00:00,743201108.5343124,679364405.6775361,670091755.73476,1190309791,647946761.0
2024-10-21 15:00:00,743295355.4946971,679453605.3956183,670190549.676332,1190459954,648032824.0
2024-10-21 16:00:00,743389860.7063855,679543113.3956183,670289031.1767887,1190609144,648120756.0
2024-10-21 17:00:00,743484547.6439999,679636338.3956183,670387201.0740353,1190755302,648210541.0
2024-10-21 18:00:00,743579990.4072871,679729520.0953443,670485060.2576973,1190900617,648300869.0
2024-10-21 19:00:00,743677342.87917,679825310.1419196,670582609.6724346,1191047532,648391455.0
2024-10-21 20:00:00,743772029.8167844,679917185.3041114,670679850.3214718,1191197885,648479452.0
2024-10-21 21:00:00,743866276.7771691,680003580.1315086,670776783.2703631,1191348201,648563311.0
2024-10-21 22:00:00,743960058.77684,680084923.9923306,670873409.6510028,1191498570,648642046.0
2024-10-21 23:00:00,744053840.7765108,680161735.7956182,670969730.6659012,1191649256,648716336.0
2024-10-22 00:00:00,744147622.7761817,680233439.0183579,671071816.670706,1191797084,648787145.0
2024-10-22 01:00:00,744241404.7758526,680302580.0183579,671173582.8771701,1191944935,648855621.0
2024-10-22 02:00:00,744335186.7755234,680370946.8284949,671275029.6757379,1192092885,648922924.0
2024-10-22 03:00:00,744428968.7751943,680439309.747125,671376157.4801949,1192241577,648989851.0
2024-10-22 04:00:00,744522750.7748652,680507399.4380839,671476966.729131,1192390586,649058035.0
2024-10-22 05:00:00,744616532.774536,680579823.7230154,671577457.8874975,1192539534,649129947.0
2024-10-22 06:00:00,744710314.7742069,680659597.7095908,671677631.4482661,1192689668,649208759.0
2024-10-22 07:00:00,744804260.2863836,680742865.7095908,671777487.9341942,1192840109,649292327.0
2024-10-22 08:00:00,744898550.6993254,680828297.7095908,671877027.8997055,1192994313,649376964.0
2024-10-22 09:00:00,744992841.1122673,680912677.7095908,671976251.932893,1193150453,649460637.0
2024-10-22 10:00:00,745087131.5252091,680997208.5054812,672075160.6576517,1193306585,649543769.0
2024-10-22 11:00:00,745181421.9381509,681083705.8756182,672173754.7359504,1193462279,649627335.0
2024-10-22 12:00:00,745275668.8985356,681170989.8857552,672272034.8702524,1193618674,649711793.0
2024-10-22 13:00:00,745369915.8589203,681261272.7789059,672370001.8060936,1193774869,649797599.0
2024-10-22 14:00:00,745464602.7965348,681354710.8043853,672467656.3348291,1193931177,649884344.0
2024-10-22 15:00:00,745559368.847462,681448294.0358921,672564999.2965604,1194087245,649972593.0
2024-10-22 16:00:00,745659729.3456244,681547570.0246593,672662031.5832539,1194242683,650062660.0
2024-10-22 17:00:00,745760840.5552266,681646443.4306867,672758754.1420635,1194394515,650154072.0
2024-10-22 18:00:00,745861479.5109065,681742000.8846593,672855167.9788734,1194543971,650245468.0
2024-10-22 19:00:00,745962118.4665864,681837558.3386319,672951274.1620716,1194693789,650336889.0
2024-10-22 20:00:00,746061873.3970836,681933285.7575359,673047073.8265736,1194845390,650425762.0
2024-10-22 21:00:00,746156120.3574684,682021064.0473989,673142568.1781106,1194997408,650510261.0
2024-10-22 22:00:00,746249902.3571392,682104362.3216455,673237758.497801,1195149485,650589818.0
2024-10-22 23:00:00,746343684.3568101,682182624.2953441,673332646.1470232,1195301480,650664440.0
2024-10-23 00:00:00,746437466.356481,682256558.7580838,673433265.6776668,1195452654,650735513.0
2024-10-23 01:00:00,746531248.3561518,682326360.7580838,673533566.2313819,1195603254,650804157.0
2024-10-23 02:00:00,746625030.3558227,682394720.326303,673633548.2478553,1195753626,650871465.0
2024-10-23 03:00:00,746718812.3554935,682463059.7939743,673733212.1932068,1195903525,650938256.0
2024-10-23 04:00:00,746812594.3551644,682531426.7939743,673832558.5616523,1196054093,651006027.0
2024-10-23 05:00:00,746906376.3548353,682603535.7939743,673931587.8772744,1196204622,651077444.0
2024-10-23 06:00:00,747000158.3545061,682682571.7939743,674030300.6959087,1196356329,651155338.0
2024-10-23 07:00:00,747094103.8666829,682765369.7939743,674128697.6071517,1196508380,651237865.0
2024-10-23 08:00:00,747188394.2796247,682849902.3293167,674226779.2365005,1196662114,651321159.0
2024-10-23 09:00:00,747282684.6925665,682934117.5756181,674324546.2476306,1196817578,651403790.0
2024-10-23 10:00:00,747376975.1055083,683018605.227399,674421999.3448237,1196973696,651486172.0
2024-10-23 11:00:00,747471265.5184501,683104070.4430155,674519139.2755532,1197129740,651568702.0
2024-10-23 12:00:00,747565512.4788349,683191998.4430155,674615966.8332391,1197284604,651651674.0
2024-10-23 13:00:00,747659759.4392196,683280394.2731525,674712482.8601829,1197439097,651735820.0
2024-10-23 14:00:00,747754264.650908,683370666.256988,674808688.2506956,1197594031,651821503.0
2024-10-23 15:00:00,747848951.5885224,683463102.0202757,674904583.9544306,1197749091,651908170.0
2024-10-23 16:00:00,747947273.2554876,683557032.9646593,675000170.9799354,1197902852,651996714.0
2024-10-23 17:00:00,748047633.75365,683651730.5101388,675095450.3984375,1198053702,652086047.0
2024-10-23 18:00:00,748147994.2518123,683748878.7832894,675190423.347879,1198203086,652175894.0
2024-10-23 19:00:00,748248354.7499747,683843576.3287688,675285091.0372177,1198351364,652265857.0
2024-10-23 20:00:00,748343041.6875892,683937200.2690428,675379454.751012,1198503146,652353242.0
2024-10-23 21:00:00,748437288.6479739,684024671.1627414,675473515.854308,1198655235,652436741.0
2024-10-23 22:00:00,748531070.6476448,684106409.2898647,675567275.7978514,1198807339,652515479.0
2024-10-23 23:00:00,748624852.6473156,684186507.0526044,675660736.123643,1198959583,652589466.0
2024-10-24 00:00:00,748718634.6469865,684258943.047125,675759890.9079367,1199105495,652659762.0
2024-10-24 01:00:00,748812416.6466573,684329231.4854811,675858727.6405833,1199251558,652727635.0
2024-10-24 02:00:00,748906198.6463282,684397322.4783579,675957246.8170449,1199397600,652794147.0
2024-10-24 03:00:00,748999980.6459991,684465895.4783579,676055448.9627317,1199543445,652860440.0
2024-10-24 04:00:00,749093762.6456699,684534731.147947,676153334.6348934,1199689559,652927834.0
2024-10-24 05:00:00,749187544.6453408,684608651.1268511,676250904.4246329,1199836093,652999183.0
2024-10-24 06:00:00,749281326.6450117,684691713.7835634,676348158.9590517,1199985148,653077035.0
2024-10-24 07:00:00,749375617.0579535,684776716.2183579,676445098.9035352,1200134215,653159696.0
2024-10-24 08:00:00,749469907.4708953,684864621.2183579,676541724.9641867,1200285593,653243369.0
2024-10-24 09:00:00,749564197.8838371,684950716.2183579,676638037.8904203,1200440829,653326192.0
2024-10-24 10:00:00,749658488.2967789,685036189.2183579,676734038.4777242,1200596557,653408084.0
2024-10-24 11:00:00,749752778.7097207,685121662.2183579,676829727.5706041,1200752217,653489175.0
2024-10-24 12:00:00,749847069.1226625,685207135.2183579,676925106.06572,1200907871,653569997.0
2024-10-24 13:00:00,749941359.5356044,685292608.2183579,677020174.9152286,1201063217,653651115.0
2024-10-24 14:00:00,750035649.9485462,685378359.4610976,677114935.1303462,1201218925,653732192.0
2024-10-24 15:00:00,750129940.361488,685463832.4610976,677209387.7851443,1201374589,653813880.0
2024-10-24 16:00:00,750224187.3218727,685551031.4610976,677303534.0205975,1201529756,653896857.0
2024-10-24 17:00:00,750318434.2822574,685639444.8737004,677397375.0488958,1201681895,653981330.0
2024-10-24 18:00:00,750412681.2426422,685728639.8737004,677490912.1580439,1201833235,654066965.0
2024-10-24 19:00:00,750507186.4543306,685818928.538358,677584146.7167624,1201985582,654153607.0
2024-10-24 20:00:00,750601433.4147153,685907242.538358,677677080.1797148,1202140813,654238346.0
2024-10-24 21:00:00,750695723.8276571,685992099.538358,677769714.0930796,1202296480,654320243.0
2024-10-24 22:00:00,750789505.827328,686071959.4156183,677862050.1004919,1202452067,654398071.0
2024-10-24 23:00:00,750883287.8269988,686148017.6147964,677954089.9493798,1202607594,654471941.0
2024-10-25 00:00:00,750977069.8266697,686221952.0775361,678051781.9341942,1202761147,654543046.0
2024-10-25 01:00:00,751070851.8263406,686292921.0775361,678149156.910314,1202914172,654612480.0
2024-10-25 02:00:00,751164633.8260114,686362729.4709607,678246215.4364048,1203067544,654681016.0
2024-10-25 03:00:00,751258415.8256823,686432868.6424676,678342958.1050787,1203219588,654749582.0
2024-10-25 04:00:00,751352197.8253531,686504783.3471252,678439385.5450445,1203371241,654819535.0
2024-10-25 05:00:00,751445979.825024,686579975.1394539,678535498.4234002,1203522437,654893552.0
2024-10-25 06:00:00,751539761.8246949,686661562.5991799,678631297.4480736,1203674878,654974193.0
2024-10-25 07:00:00,751634008.7850796,686748936.7263031,678726783.3704233,1203826944,655059955.0
2024-10-25 08:00:00,751728255.7454643,686836184.3794538,678821956.9880093,1203980228,655146767.0
2024-10-25 09:00:00,751822546.1584061,686923418.2605497,678916819.1475452,1204135062,655231815.0
2024-10-25 10:00:00,751916692.1454115,687007005.2605497,679011370.748044,1204290252,655314945.0
2024-10-25 11:00:00,752010474.1450824,687090818.5000017,679105612.7441705,1204445434,655396250.0
2024-10-25 12:00:00,752104256.1447532,687173323.5000017,679199546.149814,1204600574,655476689.0
2024-10-25 13:00:00,752198038.1444241,687255882.5000017,679293172.0418957,1204756055,655556720.0
2024-10-25 14:00:00,752291820.144095,687337296.5000017,679386491.5644275,1204911536,655636853.0
2024-10-25 15:00:00,752385602.1437658,687420419.3843852,679479505.932838,1205066369,655717279.0
2024-10-25 16:00:00,752479748.1307712,687504250.3843852,679572216.4385842,1205220647,655799079.0
2024-10-25 17:00:00,752574038.543713,687589002.8241112,679664624.4540681,1205373954,655881833.0
2024-10-25 18:00:00,752668328.9566548,687674541.8241112,679756731.4378779,1205526440,655965541.0
2024-10-25 19:00:00,752762575.9170395,687762193.2432894,679848538.9403777,1205679536,656049390.0
2024-10-25 20:00:00,752856866.3299813,687847058.2597277,679940048.609666,1205835363,656131476.0
2024-10-25 21:00:00,752950648.3296522,687929134.4895908,680031262.1979307,1205991492,656210907.0
2024-10-25 22:00:00,753044430.329323,688008226.4895908,680122181.5682263,1206148098,656286895.0
2024-10-25 23:00:00,753138212.3289939,688084645.7882209,680212808.701701,1206305792,656359201.0
2024-10-26 00:00:00,753231994.3286648,688156305.7147962,680309040.0821198,1206458819,656428385.0
2024-10-26 01:00:00,753325776.3283356,688225330.6720564,680404955.6301628,1206612011,656495585.0
2024-10-26 02:00:00,753419558.3280065,688293693.6720564,680500555.9761493,1206766056,656561498.0
2024-10-26 03:00:00,753513340.3276774,688360802.6720564,680595841.7888925,1206920356,656626484.0
2024-10-26 04:00:00,753607122.3273482,688428448.6720564,680690813.7781482,1207074844,656691792.0
2024-10-26 05:00:00,753700904.3270191,688496808.6720564,680785472.6972224,1207229258,656758304.0
2024-10-26 06:00:00,753794686.32669,688569606.6720564,680879819.3457506,1207384964,656827460.0
2024-10-26 07:00:00,753888468.3263608,688644272.0032893,680973854.5726582,1207540630,656899618.0
2024-10-26 08:00:00,753982250.3260317,688722245.0032893,681067579.2793154,1207697730,656973826.0
2024-10-26 09:00:00,754076032.3257025,688801271.5238373,681160994.4228994,1207856799,657048522.0
2024-10-26 10:00:00,754169814.3253734,688880529.8550702,681254101.0199773,1208015260,657122774.0
2024-10-26 11:00:00,754263596.3250443,688959762.6904126,681346900.1503251,1208173899,657196349.0
2024-10-26 12:00:00,754357378.3247151,689037489.2728784,681439392.9609976,1208333213,657269546.0
2024-10-26 13:00:00,754451160.324386,689115766.2728784,681531580.6706675,1208492188,657342506.0
2024-10-26 14:00:00,754544942.3240569,689193745.936714,681623464.5742507,1208650898,657415428.0
2024-10-26 15:00:00,754638724.3237277,689274769.3676729,681715046.0478368,1208809733,657488771.0
2024-10-26 16:00:00,754732506.3233986,689353332.6895907,681806326.5539464,1208967287,657563394.0
2024-10-26 17:00:00,754826288.3230695,689435506.6895907,681897307.6471366,1209122080,657639752.0
2024-10-26 18:00:00,754920070.3227403,689517965.6895907,681987990.9799775,1209275456,657718070.0
2024-10-26 19:00:00,755013852.3224112,689603306.6895907,682078378.309426,1209429036,657797426.0
2024-10-26 20:00:00,755107634.322082,689684632.0657551,682168471.5036224,1209587094,657875708.0
2024-10-26 21:00:00,755201416.3217529,689764181.0465771,682258272.5491399,1209745683,657952360.0
2024-10-26 22:00:00,755295198.3214238,689841450.0465771,682347783.5587152,1209904499,658026504.0
2024-10-26 23:00:00,755388980.3210946,689916253.6391798,682437006.7794957,1210063521,658098081.0
2024-10-27 00:00:00,755482762.3207655,689987411.6391798,682531780.0319732,1210215585,658167470.0
2024-10-27 01:00:00,755576544.3204364,690057524.6950703,682626238.779616,1210367587,658235341.0
2024-10-27 02:00:00,755670326.3201072,690126638.6145223,682720383.7340105,1210519573,658302422.0
2024-10-27 03:00:00,755764108.3197781,690194206.2027415,682814215.6504139,1210671760,658369280.0
2024-10-27 04:00:00,755857890.319449,690262566.2027415,682907735.3305407,1210824278,658436632.0
2024-10-27 05:00:00,755951672.3191198,690332425.0350703,683000943.6255317,1210976909,658505353.0
2024-10-27 06:00:00,756045454.3187907,690405866.6419196,683093841.4391186,1211130099,658576545.0
2024-10-27 07:00:00,756139236.3184615,690480999.9317826,683186429.7309954,1211283331,658650805.0
2024-10-27 08:00:00,756233018.3181324,690558972.5706867,683278709.5204118,1211438073,658727257.0
2024-10-27 09:00:00,756326800.3178033,690636573.5706867,683370681.8900033,1211594175,658803609.0
2024-10-27 10:00:00,756420582.3174741,690712841.6515086,683462347.9898733,1211750622,658878629.0
2024-10-27 11:00:00,756514364.317145,690789602.007947,683553709.0419445,1211907100,658952170.0
2024-10-27 12:00:00,756608146.3168159,690866059.007947,683644766.3445977,1212063976,659024834.0
2024-10-27 13:00:00,756701928.3164867,690941404.9501388,683735521.277617,1212220627,659096756.0
2024-10-27 14:00:00,756795710.3161576,691016698.1950703,683825975.3074625,1212377303,659168257.0
2024-10-27 15:00:00,756889492.3158284,691093117.4937004,683916129.9928919,1212533845,659240613.0
2024-10-27 16:00:00,756983274.3154993,691170685.627947,684005986.9909554,1212689461,659315300.0
2024-10-27 17:00:00,757077056.3151702,691253841.3717825,684095548.0633872,1212842794,659392908.0
2024-10-27 18:00:00,757170838.314841,691337701.3717825,684184815.0834233,1212995226,659473822.0
2024-10-27 19:00:00,757265128.7277828,691424926.3835634,684273790.0430716,1213147953,659556793.0
2024-10-27 20:00:00,757359419.1407247,691512164.8484949,684362475.0608664,1213305896,659639268.0
2024-10-27 21:00:00,757453201.1403955,691596024.8484949,684450872.3901386,1213464993,659719477.0
2024-10-27 22:00:00,757546983.1400664,691675577.9084948,684538984.4278396,1213624266,659796600.0
2024-10-27 23:00:00,757640765.1397372,691751508.0191798,684626813.7239519,1213784105,659870804.0
2024-10-28 00:00:00,757734547.1394081,691825947.6695908,684730100.7509527,1213937577,659943047.0
2024-10-28 01:00:00,757828329.139079,691899005.4027416,684833069.7560322,1214091249,660014256.0
2024-10-28 02:00:00,757922111.1387498,691972286.4027416,684935721.2362529,1214244512,660085157.0
2024-10-28 03:00:00,758015893.1384207,692045714.4027416,685038055.7187191,1214397774,660156711.0
2024-10-28 04:00:00,758109675.1380916,692121495.4027416,685140073.7624748,1214551158,660230301.0
2024-10-28 05:00:00,758203457.1377624,692204634.628495,685241775.9605229,1214705074,660308712.0
2024-10-28 06:00:00,758297704.0981472,692293402.628495,685343162.941978,1214860928,660394750.0
2024-10-28 07:00:00,758396645.5820295,692388119.6756183,685444235.3743579,1215016524,660486348.0
2024-10-28 08:00:00,758493199.7988808,692482836.7227416,685544993.9660258,1215174687,660578665.0
2024-10-28 09:00:00,758587705.0105692,692573435.6745224,685645439.4687905,1215333960,660668246.0
2024-10-28 10:00:00,758681951.970954,692661817.558906,685745572.6806784,1215492200,660754591.0
2024-10-28 11:00:00,758776242.3838958,692747774.0772622,685845394.4488858,1215649580,660838498.0
2024-10-28 12:00:00,758870532.7968376,692832247.079454,685944905.6729256,1215807708,660920935.0
2024-10-28 13:00:00,758964678.7838429,692916446.3230156,686044107.3079796,1215966325,661002848.0
2024-10-28 14:00:00,759058624.2960197,692999597.328769,686143000.3684717,1216125395,661084214.0
2024-10-28 15:00:00,759152569.8081964,693083261.1975361,686241585.9318765,1216284117,661165873.0
2024-10-28 16:00:00,759246860.2211382,693167731.1975361,686339865.1427779,1216442031,661248831.0
2024-10-28 17:00:00,759341107.181523,693254930.1975361,686437839.2171955,1216599081,661334170.0
2024-10-28 18:00:00,759435354.1419077,693343139.4816457,686535509.4471973,1216756232,661422098.0
2024-10-28 19:00:00,759529859.3535961,693435263.4816457,686632877.2058163,1216913944,661510844.0
2024-10-28 20:00:00,759624248.0346214,693524458.4816457,686729943.9522926,1217071680,661597853.0
2024-10-28 21:00:00,759718494.9950061,693611635.1863033,686826711.2376628,1217230111,661681707.0
2024-10-28 22:00:00,759812276.994677,693693018.8879471,686923180.7107196,1217388679,661761408.0
2024-10-28 23:00:00,759906058.9943478,693770328.5575361,687019354.124367,1217547163,661837111.0
2024-10-29 00:00:00,759999840.9940187,693844126.4383581,687121178.4157158,1217703638,661909898.0
2024-10-29 01:00:00,760093622.9936895,693916832.908769,687222685.7315415,1217859543,661980829.0
2024-10-29 02:00:00,760187404.9933604,693988572.0337005,687323876.6323131,1218015593,662050901.0
2024-10-29 03:00:00,760281186.9930313,694059437.9994539,687424751.7125523,1218172015,662120988.0
2024-10-29 04:00:00,760374968.9927021,694133401.9994539,687525311.602991,1218328901,662192762.0
2024-10-29 05:00:00,760468750.992373,694210540.9994539,687625556.9728705,1218486127,662268859.0
2024-10-29 06:00:00,760563041.4053148,694295544.898906,687725488.5323896,1218643930,662351953.0
2024-10-29 07:00:00,760657430.0863401,694385549.3323307,687825107.0353141,1218801945,662440248.0
2024-10-29 08:00:00,760751935.2980285,694476019.1504129,687924413.2817547,1218961417,662528657.0
2024-10-29 09:00:00,760846182.2584132,694564403.1504129,688023408.1211298,1219122707,662615171.0
2024-10-29 10:00:00,760940429.2187979,694652686.4482211,688122092.4553194,1219283473,662700063.0
2024-10-29 11:00:00,761034719.6317397,694739990.4482211,688220467.2420291,1219444031,662783873.0
2024-10-29 12:00:00,761128966.5921245,694827294.4482211,688318533.4983724,1219604392,662867483.0
2024-10-29 13:00:00,761223213.5525092,694915312.4482211,688416292.304691,1219764408,662951106.0
2024-10-29 14:00:00,761317460.5128939,695003696.4482211,688513744.8086246,1219924247,663035286.0
2024-10-29 15:00:00,761411707.4732786,695092089.4304129,688610892.2294513,1220083930,663120281.0
2024-10-29 16:00:00,761506096.1543039,695182693.1558924,688707735.8627126,1220243233,663206964.0
2024-10-29 17:00:00,761600783.0919183,695274817.1558924,688804277.085145,1220400571,663295514.0
2024-10-29 18:00:00,761695470.0295328,695366694.2887691,688900517.3599374,1220557343,663385572.0
2024-10-29 19:00:00,761792024.2463841,695460917.2887691,688996458.2423372,1220714565,663476261.0
2024-10-29 20:00:00,761886711.1839986,695552772.1490431,689092101.3856275,1220870602,663564743.0
2024-10-29 21:00:00,761980958.1443833,695640497.1490431,689187448.5475008,1221026657,663649810.0
2024-10-29 22:00:00,762074740.1440542,695724342.5024678,689282501.5968571,1221182870,663730237.0
2024-10-29 23:00:00,762168522.143725,695803376.5024678,689377262.521052,1221339730,663806238.0
2024-10-30 00:00:00,762262304.1433959,695879011.3654815,689477626.2792524,1221495579,663878691.0
2024-10-30 01:00:00,762356086.1430668,695951423.730413,689577674.2421322,1221650950,663949030.0
2024-10-30 02:00:00,762449868.1427376,696021602.6249335,689677407.0420438,1221806334,664017927.0
2024-10-30 03:00:00,762543650.1424085,696091428.9468513,689776825.3499546,1221961871,664086204.0
2024-10-30 04:00:00,762637432.1420794,696162397.9468513,689875929.877903,1222117612,664155664.0
2024-10-30 05:00:00,762731214.1417502,696237740.9468513,689974721.3816142,1222273874,664228871.0
2024-10-30 06:00:00,762824996.1414211,696319161.6649334,690073200.6632876,1222430758,664308728.0
2024-10-30 07:00:00,762919243.1018058,696408568.6353444,690171368.574567,1222587857,664393500.0
2024-10-30 08:00:00,763013490.0621905,696496952.6353444,690269226.0197043,1222746870,664478942.0
2024-10-30 09:00:00,763107737.0225753,696585334.519728,690366773.958933,1222905949,664563402.0
2024-10-30 10:00:00,763201983.98296,696673718.519728,690464013.4120612,1223065010,664647622.0
2024-10-30 11:00:00,763296230.9433447,696760902.519728,690560945.4623024,1223224969,664731978.0
2024-10-30 12:00:00,763390477.9037294,696849806.180002,690657571.2603586,1223384604,664817015.0
2024-10-30 13:00:00,763485164.8413439,696941930.180002,690753892.0287716,1223544180,664903327.0
2024-10-30 14:00:00,763579851.7789583,697035261.180002,690849909.0665629,1223703389,664990689.0
2024-10-30 15:00:00,763679606.7094556,697128890.0523307,690945623.7541792,1223862027,665079577.0
2024-10-30 16:00:00,763779967.207618,697224614.0523307,691041037.5587659,1224020559,665169873.0
2024-10-30 17:00:00,763882044.3243735,697319805.0523307,691136152.0397887,1224177319,665261128.0
2024-10-30 18:00:00,763985250.1024286,697417781.1265773,691230968.8550296,1224333514,665353068.0
2024-10-30 19:00:00,764088322.0678644,697513881.1265773,691325489.7669787,1224490191,665445070.0
2024-10-30 20:00:00,764188682.5660268,697606549.1580842,691419716.6496526,1224645860,665535003.0
2024-10-30 21:00:00,764283187.7777152,697695744.1580842,691513651.4958646,1224801441,665621317.0
2024-10-30 22:00:00,764377478.190657,697781361.179728,691607296.4249799,1224957959,665702808.0
2024-10-30 23:00:00,764471260.1903279,697860520.179728,691700653.6911867,1225114696,665779458.0
2024-10-31 00:00:00,764565042.1899987,697937277.1186322,691799559.4010574,1225270052,665852255.0
2024-10-31 01:00:00,764658824.1896696,698009677.9290432,691898150.6475283,1225424915,665922102.0
2024-10-31 02:00:00,764752606.1893405,698079477.1082213,691996428.1444802,1225579543,665990265.0
2024-10-31 03:00:00,764846388.1890113,698149292.6350706,692094392.6496016,1225732897,666057771.0
2024-10-31 04:00:00,764940170.1886822,698219509.0890431,692192044.967184,1225885428,666126042.0
2024-10-31 05:00:00,765033952.1883531,698292112.9534267,692289385.9511003,1226038118,666197873.0
2024-10-31 06:00:00,765127734.1880239,698374848.4353446,692386416.507979,1226192312,666275870.0
2024-10-31 07:00:00,765222024.6009657,698460100.721646,692483137.6005857,1226347536,666358986.0
2024-10-31 08:00:00,765316271.5613505,698548484.721646,692579550.2514278,1226504593,666443259.0
2024-10-31 09:00:00,765410518.5217352,698637924.2928789,692675655.5465962,1226663104,666527562.0
2024-10-31 10:00:00,765504765.4821199,698727367.3764405,692771454.63986,1226822532,666612659.0
2024-10-31 11:00:00,765599452.4197344,698820787.58192,692866948.7570313,1226982024,666698540.0
2024-10-31 12:00:00,765694218.4706616,698915868.5671256,692962139.2006177,1227141141,666785787.0
2024-10-31 13:00:00,765794578.968824,699010291.3068516,693057027.3547829,1227300623,666874277.0
2024-10-31 14:00:00,765895217.9245039,699106929.4306872,693151614.6906359,1227459529,666963780.0
2024-10-31 15:00:00,765999286.9871613,699204907.4306872,693245902.771869,1227618287,667054137.0
2024-10-31 16:00:00,766103749.0947,699305752.4306872,693339893.2607708,1227776686,667145627.0
2024-10-31 17:00:00,766208211.2022387,699406597.4306872,693433587.9246384,1227933502,667236533.0
2024-10-31 18:00:00,766312673.3097774,699507853.4306872,693526988.6426146,1228089580,667326386.0
2024-10-31 19:00:00,766417135.4173161,699608698.4306872,693620097.4129806,1228245516,667415163.0
2024-10-31 20:00:00,766517774.372996,699705385.4306872,693712916.3609335,1228401354,667503132.0
2024-10-31 21:00:00,766612461.3106104,699798375.2909611,693805447.746883,1228557900,667588755.0
2024-10-31 22:00:00,766706751.7235522,699883243.2909611,693897693.9752998,1228714385,667669963.0
2024-10-31 23:00:00,766800533.7232231,699965803.7328789,693989657.6041565,1228870928,667746582.0
2024-11-01 00:00:00,766894315.722894,700043549.0098653,694088498.0214211,1229025201,667819341.0
2024-11-01 01:00:00,766988097.7225648,700116485.062742,694187016.3677119,1229178409,667889412.0
2024-11-01 02:00:00,767081879.7222357,700188155.8715091,694285212.8993095,1229331531,667957715.0
2024-11-01 03:00:00,767175661.7219065,700258718.8715091,694383087.887496,1229483774,668025163.0
2024-11-01 04:00:00,767269443.7215774,700330095.8715091,694480641.6194819,1229636031,668093150.0
2024-11-01 05:00:00,767363225.7212483,700405403.8715091,694577874.3993926,1229788395,668164034.0
2024-11-01 06:00:00,767457007.7209191,700486976.8715091,694674786.5493175,1229941355,668240714.0
2024-11-01 07:00:00,767551298.133861,700572460.2191803,694771378.4104272,1230093843,668322275.0
2024-11-01 08:00:00,767645545.0942457,700661191.8504132,694867650.3441621,1230247243,668405909.0
2024-11-01 09:00:00,767739792.0546304,700750080.8504132,694963602.7334974,1230401527,668490269.0
2024-11-01 10:00:00,767834039.0150151,700839984.8504132,695059235.98429,1230556041,668575135.0
2024-11-01 11:00:00,767928427.6960404,700929888.8504132,695154550.526712,1230710604,668659765.0
2024-11-01 12:00:00,768022932.9077288,701020416.4643857,695249546.8167765,1230865074,668743890.0
2024-11-01 13:00:00,768117619.8453432,701110600.1775365,695344225.3379638,1231018834,668828540.0
2024-11-01 14:00:00,768212306.7829577,701202064.3597282,695438586.6029505,1231173174,668913561.0
2024-11-01 15:00:00,768306993.7205721,701292628.1071255,695532631.1554526,1231327043,668999000.0
2024-11-01 16:00:00,768401680.6581866,701386109.7619201,695626359.5721883,1231479720,669085336.0
2024-11-01 17:00:00,768496367.595801,701480001.5372626,695719772.4649671,1231631368,669171961.0
2024-11-01 18:00:00,768591054.5334154,701570491.5372626,695812870.482917,1231782413,669258823.0
2024-11-01 19:00:00,768685741.4710299,701661055.2846599,695905654.3148547,1231933932,669345050.0
2024-11-01 20:00:00,768779988.4314146,701748714.1769886,695998124.691813,1232088698,669428984.0
2024-11-01 21:00:00,768874278.8443564,701833235.1769886,696090282.389731,1232244228,669509980.0
2024-11-01 22:00:00,768968060.8440273,701916345.1769886,696182128.2323228,1232400344,669587222.0
2024-11-01 23:00:00,769061842.8436981,701994927.1978105,696273663.094132,1232556565,669660493.0
2024-11-02 00:00:00,769155624.843369,702068905.3172625,696371032.2582332,1232706757,669730643.0
2024-11-02 01:00:00,769249406.8430399,702140259.8863037,696468079.8897983,1232855897,669798481.0
2024-11-02 02:00:00,769343188.8427107,702208789.3567146,696564806.2767279,1233005280,669865233.0
2024-11-02 03:00:00,769436970.8423816,702277412.3567146,696661211.723882,1233154737,669931348.0
2024-11-02 04:00:00,769530752.8420525,702346032.942742,696757296.5541319,1233304367,669997724.0
2024-11-02 05:00:00,769624534.8417233,702417409.942742,696853061.1094807,1233454519,670065460.0
2024-11-02 06:00:00,769718316.8413942,702491953.3082215,696948505.7522552,1233605725,670135922.0
2024-11-02 07:00:00,769812098.841065,702568835.3082215,697043630.8663741,1233757831,670209772.0
2024-11-02 08:00:00,769905880.8407359,702648265.7408242,697138436.8586993,1233912404,670286249.0
2024-11-02 09:00:00,769999662.8404068,702728502.6882215,697232924.1604726,1234069277,670363015.0
2024-11-02 10:00:00,770093444.8400776,702806658.6882215,697327093.2288471,1234225775,670438709.0
2024-11-02 11:00:00,770187226.8397485,702884647.4413722,697420944.5485164,1234381639,670513162.0
2024-11-02 12:00:00,770281008.8394194,702962203.8041118,697514478.6334497,1234537195,670586272.0
2024-11-02 13:00:00,770374790.8390902,703038022.0339749,697607696.02874,1234692876,670658468.0
2024-11-02 14:00:00,770468572.8387611,703112905.0339749,697700597.3125722,1234848400,670730743.0
2024-11-02 15:00:00,770562354.838432,703188112.0232899,697793183.0983185,1235003395,670803587.0
2024-11-02 16:00:00,770656136.8381028,703265684.1989063,697885454.036771,1235157164,670878189.0
2024-11-02 17:00:00,770749918.8377737,703343839.0868515,697977410.8185208,1235309295,670954825.0
2024-11-02 18:00:00,770843700.8374445,703426904.8328788,698069054.1764901,1235461479,671033691.0
2024-11-02 19:00:00,770937482.8371154,703510505.8328788,698160384.8886322,1235614897,671113424.0
2024-11-02 20:00:00,771031264.8367863,703594106.8328788,698251403.7808069,1235771708,671192181.0
2024-11-02 21:00:00,771125046.8364571,703672336.9342487,698342111.7298452,1235928429,671269346.0
2024-11-02 22:00:00,771218828.836128,703749838.9342487,698432509.6668142,1236085322,671344182.0
2024-11-02 23:00:00,771312610.8357989,703824650.3654816,698522598.5804975,1236242225,671416506.0
2024-11-03 00:00:00,771406392.8354697,703898242.3654816,698618497.622497,1236397713,671486431.0
2024-11-03 01:00:00,771500174.8351406,703971834.3654816,698714075.7370358,1236552462,671554694.0
2024-11-03 01:00:00,771593956.8348114,704043211.3654816,698809653.8515745,1236707906,671622349.0
2024-11-03 02:00:00,771687738.8344823,704113110.4476734,698904911.3623072,1236862854,671689749.0
2024-11-03 03:00:00,771781520.8341532,704182180.4476734,698999848.6120707,1237017986,671757410.0
2024-11-03 04:00:00,771875302.833824,704252347.4476734,699094465.9640793,1237171595,671825859.0
2024-11-03 05:00:00,771969084.8334949,704325917.911783,699188763.803197,1237325817,671896171.0
2024-11-03 06:00:00,772062866.8331658,704400342.911783,699282742.537292,1237481560,671969467.0
2024-11-03 07:00:00,772156648.8328366,704477611.911783,699376402.5986781,1237638678,672045176.0
2024-11-03 08:00:00,772250430.8325075,704557049.911783,699469744.4456495,1237798580,672121312.0
2024-11-03 09:00:00,772344212.8321784,704635648.911783,699562768.5641154,1237958565,672196267.0
2024-11-03 10:00:00,772437994.8318492,704711933.7276734,699655475.4693398,1238118295,672270050.0
2024-11-03 11:00:00,772531776.8315201,704787032.7276734,699747865.7077951,1238276614,672342931.0
2024-11-03 12:00:00,772625558.831191,704861287.4493172,699839939.859135,1238434519,672415671.0
2024-11-03 13:00:00,772719340.8308618,704936354.4493172,699931698.5382969,1238591917,672488676.0
2024-11-03 14:00:00,772813122.8305327,705011421.4493172,700023142.3977407,1238750199,672562611.0
2024-11-03 15:00:00,772906904.8302035,705089379.1243857,700114272.1298338,1238907237,672638281.0
2024-11-03 16:00:00,773000686.8298744,705170479.1243857,700205088.4693916,1239062425,672716985.0
2024-11-03 17:00:00,773094468.8295453,705254250.6805501,700295592.1963847,1239218717,672799627.0
2024-11-03 18:00:00,773188250.8292161,705339463.6805501,700385784.1388228,1239375303,672883375.0
2024-11-03 19:00:00,773282541.2421579,705425454.6805501,700475665.175828,1239532078,672966328.0
2024-11-03 20:00:00,773376687.2291633,705511445.6805501,700565236.2409093,1239688916,673047455.0
2024-11-03 21:00:00,773470469.2288342,705595046.6805501,700654498.3254532,1239846705,673125851.0
2024-11-03 22:00:00,773564251.228505,705673625.5043857,700743452.4824423,1240004542,673201280.0
2024-11-03 23:00:00,773658033.2281759,705748255.9098651,700832099.8304206,1240162740,673273775.0
2024-11-04 00:00:00,773751815.2278467,705822788.4260296,700936544.469145,1240318763,673344294.0
2024-11-04 01:00:00,773845597.2275176,705894140.4260296,701040666.5724819,1240474240,673413753.0
2024-11-04 02:00:00,773939379.2271885,705964679.6580844,701144466.3694887,1240629664,673482581.0
2024-11-04 03:00:00,774033161.2268593,706035404.6580844,701247944.1025425,1240785368,673551859.0
2024-11-04 04:00:00,774126943.2265302,706108150.6580844,701351100.0281587,1240941714,673623252.0
2024-11-04 05:00:00,774220725.226201,706185751.6580844,701453934.4178628,1241098213,673699205.0
2024-11-04 06:00:00,774315015.6391429,706270759.2734269,701556447.559118,1241254831,673781929.0
2024-11-04 07:00:00,774409404.3201681,706360654.8380845,701658639.7563117,1241413208,673868317.0
2024-11-04 08:00:00,774503909.5318565,706454213.4939749,701760511.3318049,1241572463,673954621.0
2024-11-04 09:00:00,774598156.4922413,706543346.6860297,701862062.62705,1241732177,674039880.0
2024-11-04 10:00:00,774692403.452626,706631661.9252077,701963294.0037798,1241891803,674124173.0
2024-11-04 11:00:00,774786650.4130107,706719012.9252077,702064205.8452723,1242051587,674208040.0
2024-11-04 12:00:00,774880897.3733954,706806694.7032899,702164798.5576988,1242210433,674291898.0
2024-11-04 13:00:00,774975144.3337802,706894687.2950706,702265072.571557,1242367676,674376245.0
2024-11-04 14:00:00,775069391.2941649,706982688.2950706,702365028.3431983,1242524950,674460968.0
2024-11-04 15:00:00,775163638.2545496,707071577.2950706,702464666.3564528,1242681126,674546429.0
2024-11-04 16:00:00,775258143.466238,707161222.2572625,702563987.1243603,1242836702,674633182.0
2024-11-04 17:00:00,775352830.4038525,707254878.2572625,702662991.1910135,1242993034,674723381.0
2024-11-04 18:00:00,775449384.6207038,707348082.2780844,702761679.1335202,1243148823,674813831.0
2024-11-04 19:00:00,775548530.9095532,707440943.602194,702860051.5640949,1243306134,674902453.0
2024-11-04 20:00:00,775643217.8471676,707535085.1663035,702958109.1322839,1243463098,674988587.0
2024-11-04 21:00:00,775737464.8075523,707623801.5279473,703055852.5273386,1243620612,675071156.0
2024-11-04 22:00:00,775831246.8072232,707706341.5279473,703153282.4807411,1243777901,675149405.0
2024-11-04 23:00:00,775925028.8068941,707783762.2339747,703250399.7688968,1243935208,675223847.0
2024-11-05 00:00:00,776018810.8065649,707859070.2339747,703353372.1798799,1244091391,675295297.0
2024-11-05 01:00:00,776112592.8062358,707930177.720824,703456022.536587,1244247490,675364859.0
2024-11-05 02:00:00,776206374.8059067,708000720.9942486,703558351.096146,1244404058,675433321.0
2024-11-05 03:00:00,776300156.8055775,708070873.4019198,703660358.1307342,1244560216,675501499.0
2024-11-05 04:00:00,776393938.8052484,708141765.4019198,703762043.9285083,1244716882,675571070.0
2024-11-05 05:00:00,776487720.8049192,708218114.6920568,703863408.7945938,1244874389,675644431.0
2024-11-05 06:00:00,776581502.8045901,708300025.6920568,703964453.0521377,1245033092,675723478.0
2024-11-05 07:00:00,776675749.7649748,708386677.360276,704065177.0434291,1245192435,675805780.0
2024-11-05 08:00:00,776769996.7253596,708474212.2339746,704165581.1310912,1245352801,675889162.0
2024-11-05 09:00:00,776864243.6857443,708561563.2339746,704265665.6993506,1245514061,675972450.0
2024-11-05 10:00:00,776958490.646129,708649660.4304129,704365431.1553879,1245675197,676055849.0
2024-11-05 11:00:00,777052737.6065137,708737342.859454,704464877.9307762,1245837036,676140224.0
2024-11-05 12:00:00,777146984.5668985,708827246.859454,704564006.4830118,1245998605,676225476.0
2024-11-05 13:00:00,777241671.5045129,708918912.9230157,704662817.2971443,1246160185,676312221.0
2024-11-05 14:00:00,777336358.4421273,709012078.3142486,704761310.8875122,1246320872,676400213.0
2024-11-05 15:00:00,777431124.4930546,709107600.2068512,704859487.7995914,1246480403,676489132.0
2024-11-05 16:00:00,777531122.1518126,709203482.2068512,704957348.6119636,1246637029,676578951.0
2024-11-05 17:00:00,777631482.649975,709301269.4473991,705054893.9384127,1246794051,676671169.0
2024-11-05 18:00:00,777731843.1481373,709399056.687947,705152124.4301575,1246950188,676763712.0
2024-11-05 19:00:00,777832203.6462997,709496821.389043,705249040.7782311,1247105726,676854187.0
2024-11-05 20:00:00,777926969.697227,709590029.8323307,705345643.7160143,1247260718,676942038.0
2024-11-05 21:00:00,778021216.6576117,709677720.8323307,705441934.0219351,1247416038,677026149.0
2024-11-05 22:00:00,778114998.6572826,709760472.0852075,705537912.5223457,1247571351,677106001.0
2024-11-05 23:00:00,778208780.6569535,709839506.0852075,705633580.0945866,1247726702,677181412.0
2024-11-06 00:00:00,778302562.6566243,709915759.9947965,705735081.2881956,1247879230,677253598.0
2024-11-06 01:00:00,778396344.6562952,709988179.6558924,705836260.9677885,1248030825,677323298.0
2024-11-06 02:00:00,778490126.655966,710059517.6254814,705937119.4222165,1248181685,677391481.0
2024-11-06 03:00:00,778583908.6556369,710128866.4863033,706037656.9573447,1248331966,677459055.0
2024-11-06 04:00:00,778677690.6553078,710200225.8019198,706137873.8971071,1248482007,677527290.0
2024-11-06 05:00:00,778771472.6549786,710275533.8019198,706237770.5846308,1248632448,677599174.0
2024-11-06 06:00:00,778865254.6546495,710356865.4010979,706337347.3834311,1248783898,677676977.0
2024-11-06 07:00:00,778959545.0675913,710441616.4575362,706436604.6786841,1248936465,677758596.0
2024-11-06 08:00:00,779053792.027976,710530035.4575362,706535542.8785821,1249090124,677841372.0
2024-11-06 09:00:00,779148038.9883608,710617407.4575362,706634162.4157751,1249243277,677925171.0
2024-11-06 10:00:00,779242285.9487455,710707304.3783581,706732463.7489059,1249396441,678010277.0
2024-11-06 11:00:00,779336791.1604339,710798975.3783581,706830447.3642458,1249549313,678096654.0
2024-11-06 12:00:00,779431478.0980483,710892892.3783581,706928113.7774341,1249701978,678184572.0
2024-11-06 13:00:00,779530624.3868977,710986097.2942486,707025463.5353326,1249854345,678274159.0
2024-11-06 14:00:00,779630984.8850601,711082619.1334267,707122497.2179987,1250006608,678364779.0
2024-11-06 15:00:00,779731345.3832225,711182055.9961663,707219215.4407889,1250158328,678456151.0
2024-11-06 16:00:00,779833422.499978,711281937.9961663,707315618.8565973,1250309345,678548086.0
2024-11-06 17:00:00,779937491.5626353,711379803.689317,707411708.1582417,1250460936,678642240.0
2024-11-06 18:00:00,780040697.3406904,711479585.689317,707507484.0810049,1250612803,678736340.0
2024-11-06 19:00:00,780141808.5502925,711577213.4167142,707602947.4053411,1250769523,678828401.0
2024-11-06 20:00:00,780241367.8797994,711670313.7052073,707698098.9597622,1250926509,678917740.0
2024-11-06 21:00:00,780335756.5608246,711761178.7052073,707792939.6239102,1251083393,679003353.0
2024-11-06 22:00:00,780430046.9737664,711845122.5019196,707887470.331833,1251240513,679084348.0
2024-11-06 23:00:00,780523828.9734373,711925053.5019196,707981692.0754752,1251397597,679160471.0
2024-11-07 00:00:00,780617610.9731082,712001307.4115087,708081723.1866906,1251546890,679233212.0
2024-11-07 01:00:00,780711392.972779,712073816.4115087,708181433.3910104,1251695467,679303464.0
2024-11-07 02:00:00,780805174.9724499,712145164.2539744,708280823.0131572,1251844561,679371985.0
2024-11-07 03:00:00,780898956.9721208,712214566.7893169,708379892.3970972,1251993718,679439809.0
2024-11-07 04:00:00,780992738.9717916,712285943.7893169,708478641.9072392,1252143403,679508345.0
2024-11-07 05:00:00,781086520.9714625,712361227.8394539,708577071.9297107,1252293822,679580516.0
2024-11-07 06:00:00,781180302.9711334,712441533.9758923,708675182.873717,1252445931,679658952.0
2024-11-07 07:00:00,781274593.3840752,712526778.0167142,708772975.1729865,1252598433,679741407.0
2024-11-07 08:00:00,781368840.3444599,712614005.0210978,708870449.2873112,1252751755,679825382.0
2024-11-07 09:00:00,781463087.3048446,712702133.7413718,708967605.7041854,1252905077,679909995.0
2024-11-07 10:00:00,781557334.2652293,712791345.7578101,709064444.9405516,1253058264,679995066.0
2024-11-07 11:00:00,781651722.9462546,712883583.7578101,709160967.5446596,1253211568,680080897.0
2024-11-07 12:00:00,781746228.157943,712975254.7578101,709257174.0980455,1253364914,680167678.0
2024-11-07 13:00:00,781840915.0955575,713065983.3967142,709353065.2176405,1253517444,680255571.0
2024-11-07 14:00:00,781935602.0331719,713159465.0515088,709448641.5580171,1253670076,680343709.0
2024-11-07 15:00:00,782030288.9707863,713254938.8273993,709543903.813781,1253821962,680432160.0
2024-11-07 16:00:00,782125731.7340735,713347236.3506869,709638852.7221197,1253972578,680520908.0
2024-11-07 17:00:00,782225088.1134499,713440102.8010979,709733489.0655179,1254123719,680611601.0
2024-11-07 18:00:00,782324647.4429568,713533415.8517828,709827813.6746504,1254275324,680702455.0
2024-11-07 19:00:00,782423223.0129682,713626282.3021938,709921827.4314649,1254431637,680791429.0
2024-11-07 20:00:00,782517909.9505826,713717775.1054814,710015531.2724665,1254587704,680877903.0
2024-11-07 21:00:00,782612156.9109674,713804458.07918,710108926.1922188,1254744227,680960993.0
2024-11-07 22:00:00,782705938.9106382,713886783.2871252,710202013.2470746,1254900935,681039640.0
2024-11-07 23:00:00,782799720.9103091,713964738.3315088,710294793.5591527,1255057680,681114263.0
2024-11-08 00:00:00,782893502.9099799,714039285.3315088,710393355.8638481,1255208758,681185619.0
2024-11-08 01:00:00,782987284.9096508,714110177.3315088,710491597.9443866,1255360104,681254964.0
2024-11-08 02:00:00,783081066.9093217,714179581.3315088,710589520.166072,1255511529,681323110.0
2024-11-08 03:00:00,783174848.9089925,714248911.7213718,710687122.9159847,1255663255,681390862.0
2024-11-08 04:00:00,783268630.9086634,714320266.2904129,710784406.6043445,1255815307,681459646.0
2024-11-08 05:00:00,783362412.9083343,714395147.7715088,710881371.6659603,1255968213,681532184.0
2024-11-08 06:00:00,783456194.9080051,714476488.7715088,710978018.5617747,1256122584,681610947.0
2024-11-08 07:00:00,783550485.3209469,714561505.7715088,711074347.7805074,1256278056,681693284.0
2024-11-08 08:00:00,783644775.7338887,714646451.109865,711170359.8404063,1256435047,681775866.0
2024-11-08 09:00:00,783739066.1468306,714732773.8372622,711266055.2911112,1256591104,681857834.0
2024-11-08 10:00:00,783833356.5597724,714819254.8372622,711361434.7156394,1256747318,681939470.0
2024-11-08 11:00:00,783927646.9727142,714904296.0123307,711456498.7324998,1256904148,682021100.0
2024-11-08 12:00:00,784021937.385656,714988121.9673991,711551247.9979459,1257061461,682102788.0
2024-11-08 13:00:00,784116227.7985978,715072076.3421936,711645683.2083743,1257219437,682185116.0
2024-11-08 14:00:00,784210518.2115396,715156767.308221,711739805.1028808,1257377228,682267737.0
2024-11-08 15:00:00,784304808.6244814,715240819.7545223,711833614.4659837,1257534078,682351083.0
2024-11-08 16:00:00,784399099.0374233,715325335.2756182,711927112.1305249,1257689314,682435519.0
2024-11-08 17:00:00,784493345.997808,715415255.3243853,712020298.9807614,1257844425,682521959.0
2024-11-08 18:00:00,784587592.9581927,715503988.0969881,712113175.9556599,1257999615,682607956.0
2024-11-08 19:00:00,784681839.9185774,715592732.3698648,712205744.0524076,1258158838,682692128.0
2024-11-08 20:00:00,784776130.3315192,715678021.408495,712298004.3301541,1258318383,682774356.0
2024-11-08 21:00:00,784869912.3311901,715760352.6920565,712389957.9139993,1258479288,682854072.0
2024-11-08 22:00:00,784963694.330861,715839083.9761661,712481605.999245,1258640128,682930451.0
2024-11-08 23:00:00,785057476.3305318,715915477.9926045,712572949.8559263,1258801321,683003429.0
2024-11-09 00:00:00,785151258.3302027,715987610.9926045,712670044.7893546,1258957514,683073819.0
2024-11-09 01:00:00,785245040.3298736,716058965.5616456,712766820.2669289,1259113819,683142231.0
2024-11-09 02:00:00,785338822.3295444,716129019.9243853,712863276.6998852,1259270144,683209342.0
2024-11-09 03:00:00,785432604.3292153,716197640.5104127,712959414.5241147,1259427024,683276276.0
2024-11-09 04:00:00,785526386.3288862,716266710.5104127,713055234.2017123,1259584036,683343720.0
2024-11-09 05:00:00,785620168.328557,716338076.4441113,713150736.2226253,1259741394,683412846.0
2024-11-09 06:00:00,785713950.3282279,716414419.9569881,713245921.1064087,1259899595,683484897.0
2024-11-09 07:00:00,785807732.3278987,716492696.9569881,713340789.4040952,1260060271,683559344.0
2024-11-09 08:00:00,785901514.3275696,716572963.9569881,713435341.7001853,1260223771,683634883.0
2024-11-09 09:00:00,785995296.3272405,716653417.7493168,713529578.6147686,1260387019,683710270.0
2024-11-09 10:00:00,786089078.3269113,716731987.3153442,713623500.8057822,1260549250,683785163.0
2024-11-09 11:00:00,786182860.3265822,716811383.688221,713717108.9714167,1260710219,683859427.0
2024-11-09 12:00:00,786276642.326253,716890631.6191798,713810403.8526796,1260870443,683933164.0
2024-11-09 13:00:00,786370424.3259239,716968207.6191798,713903386.2361261,1261030269,684006500.0
2024-11-09 14:00:00,786464206.3255948,717044445.387947,713996056.9567689,1261189520,684080402.0
2024-11-09 15:00:00,786557988.3252656,717122388.8405497,714088416.9011786,1261347279,684155804.0
2024-11-09 16:00:00,786651770.3249365,717202059.4646593,714180467.0107877,1261505279,684233720.0
2024-11-09 17:00:00,786745552.3246074,717285054.4646593,714272208.2854117,1261663941,684315358.0
2024-11-09 18:00:00,786839334.3242782,717370208.7156183,714363641.7870016,1261823273,684397762.0
2024-11-09 19:00:00,786933279.836455,717454939.7156183,714454768.6436441,1261982272,684479311.0
2024-11-09 20:00:00,787027061.8361259,717540152.7156183,714545590.0538248,1262141065,684559799.0
2024-11-09 21:00:00,787120843.8357967,717623147.7156183,714636107.2909732,1262299990,684638589.0
2024-11-09 22:00:00,787214625.8354676,717701038.7156183,714726321.7083081,1262458849,684714886.0
2024-11-09 23:00:00,787308407.8351384,717779072.7156183,714816234.744003,1262617716,684788655.0
2024-11-10 00:00:00,787402189.8348093,717853619.7156183,714911863.9217967,1262774530,684860137.0
2024-11-10 01:00:00,787495971.8344802,717924959.2389059,715007174.5089047,1262930600,684930147.0
2024-11-10 02:00:00,787589753.834151,717995119.3767141,715102166.9685764,1263086213,684999126.0
2024-11-10 03:00:00,787683535.8338219,718065262.3767141,715196841.7919886,1263241122,685067625.0
2024-11-10 04:00:00,787777317.8334928,718135429.3767141,715291199.5000058,1263395977,685136393.0
2024-11-10 05:00:00,787871099.8331636,718206398.3767141,715385240.6450555,1263551376,685206432.0
2024-11-10 06:00:00,787964881.8328345,718280930.8928785,715478965.8131243,1263707256,685278453.0
2024-11-10 07:00:00,788058663.8325053,718356875.8928785,715572375.6258847,1263864930,685352589.0
2024-11-10 08:00:00,788152445.8321762,718435435.2928785,715665470.7429603,1264023339,685428583.0
2024-11-10 09:00:00,788246227.8318471,718514698.8663032,715758251.864339,1264182504,685505638.0
2024-11-10 10:00:00,788340009.8315179,718595722.2972621,715850719.7329429,1264342223,685583033.0
2024-11-10 11:00:00,788433791.8311888,718673999.2972621,715942875.137368,1264502473,685660921.0
2024-11-10 12:00:00,788527573.8308597,718752276.2972621,716034718.9148014,1264662724,685739223.0
2024-11-10 13:00:00,788621355.8305305,718830717.7134265,716126251.9541311,1264823156,685817576.0
2024-11-10 14:00:00,788715137.8302014,718909992.7134265,716217475.19926,1264983482,685896149.0
2024-11-10 15:00:00,788808919.8298723,718988390.3737005,716308389.6526363,1265143557,685975642.0
2024-11-10 16:00:00,788902701.8295431,719071546.1175361,716398996.3790177,1265304082,686057266.0
2024-11-10 17:00:00,788996483.829214,719156700.8295909,716489296.5094825,1265464393,686141915.0
2024-11-10 18:00:00,789090629.8162193,719242691.8295909,716579291.245706,1265625270,686226688.0
2024-11-10 19:00:00,789184920.2291611,719328606.3764403,716668981.8645182,1265784823,686310144.0
2024-11-10 20:00:00,789278865.7413379,719412621.4495909,716758369.7227637,1265944034,686391589.0
2024-11-10 21:00:00,789372647.7410088,719495616.4495909,716847456.2624822,1266103537,686470166.0
2024-11-10 22:00:00,789466429.7406796,719572902.4495909,716936243.0164326,1266263172,686545317.0
2024-11-10 23:00:00,789560211.7403505,719647729.4495909,717024731.6139833,1266423623,686617168.0
2024-11-11 00:00:00,789653993.7400213,719717083.4495909,717128894.7931687,1266580182,686686386.0
2024-11-11 01:00:00,789747775.7396922,719785703.1947964,717232737.0859578,1266736572,686754103.0
2024-11-11 02:00:00,789841557.7393631,719852998.3775362,717336258.818137,1266892637,686820880.0
2024-11-11 03:00:00,789935339.7390339,719920227.9164402,717439460.3347979,1267048610,686887523.0
2024-11-11 04:00:00,790029121.7387048,719990374.2213718,717542342.0015391,1267204572,686955516.0
2024-11-11 05:00:00,790122903.7383757,720064773.9424677,717644904.2057475,1267361161,687027241.0
2024-11-11 06:00:00,790216685.7380465,720146024.5378102,717747147.3579601,1267519268,687104991.0
2024-11-11 07:00:00,790310976.1509883,720232552.8556185,717849071.8933153,1267678574,687186747.0
2024-11-11 08:00:00,790405223.1113731,720319699.1112349,717950678.2730969,1267839074,687269718.0
2024-11-11 09:00:00,790499470.0717578,720408417.5356184,718051966.9863788,1267999882,687352465.0
2024-11-11 10:00:00,790593717.0321425,720497123.6731527,718152938.5517757,1268162092,687434769.0
2024-11-11 11:00:00,790687963.9925272,720585830.5430157,718253593.5193079,1268325325,687517098.0
2024-11-11 12:00:00,790782210.952912,720674537.4128788,718353932.472387,1268489770,687599681.0
2024-11-11 13:00:00,790876457.9132967,720763301.7841116,718453956.0299308,1268655074,687682917.0
2024-11-11 14:00:00,790970704.8736814,720852075.7841116,718553664.8486164,1268820106,687766688.0
2024-11-11 15:00:00,791064951.8340662,720940849.7841116,718653059.6252791,1268983969,687851375.0
2024-11-11 16:00:00,791159198.7944509,721029835.8947966,718752141.0994697,1269145560,687937791.0
2024-11-11 17:00:00,791253704.0061393,721119884.7035637,718850910.0561774,1269306637,688027188.0
2024-11-11 18:00:00,791348390.9437537,721211970.0800021,718949367.328732,1269468125,688116897.0
2024-11-11 19:00:00,791443077.8813682,721304055.4564404,719047513.801896,1269628301,688205070.0
2024-11-11 20:00:00,791537324.8417529,721393195.4564404,719145350.415159,1269788404,688290978.0
2024-11-11 21:00:00,791631615.2546947,721479129.1098651,719242878.1662498,1269948669,688373764.0
2024-11-11 22:00:00,791725397.2543656,721562124.1098651,719340098.1148782,1270109969,688452113.0
2024-11-11 23:00:00,791819179.2540364,721640097.1098651,719437011.3867241,1270271677,688526455.0
2024-11-12 00:00:00,791912961.2537073,721714700.1463034,719539705.803356,1270429738,688597711.0
2024-11-12 01:00:00,792006743.2533782,721787186.9257555,719642080.0186199,1270587709,688667280.0
2024-11-12 02:00:00,792100525.253049,721858859.9257555,719744134.3990152,1270745360,688735851.0
2024-11-12 03:00:00,792194307.2527199,721930524.2191801,719845869.3328875,1270902619,688804385.0
2024-11-12 04:00:00,792288089.2523907,722004944.5539746,719947285.2317953,1271059888,688874537.0
2024-11-12 05:00:00,792381871.2520616,722083202.6761664,720048382.5319642,1271217440,688949117.0
2024-11-12 06:00:00,792476161.6650034,722168210.2915089,720149161.6958361,1271376165,689030674.0
2024-11-12 07:00:00,792570550.3460287,722259087.3657554,720249623.2137179,1271536328,689116210.0
2024-11-12 08:00:00,792665237.2836431,722350620.3657554,720349767.6055382,1271698765,689201639.0
2024-11-12 09:00:00,792759625.9646684,722441660.5167143,720449595.4227164,1271860922,689285942.0
2024-11-12 10:00:00,792853872.9250531,722530609.549865,720549107.2501543,1272023021,689369520.0
2024-11-12 11:00:00,792948119.8854378,722618969.8712349,720648303.7083576,1272184929,689451904.0
2024-11-12 12:00:00,793042366.8458226,722706195.2561665,720747185.4556947,1272347361,689533551.0
2024-11-12 13:00:00,793136613.8062073,722792629.241372,720845753.1908034,1272510033,689614937.0
2024-11-12 14:00:00,793230860.766592,722879320.8131528,720944007.6551546,1272671450,689696602.0
2024-11-12 15:00:00,793325107.7269768,722968052.0939747,721041949.6357838,1272831940,689779269.0
2024-11-12 16:00:00,793419354.6873615,723056941.0939747,721139579.9682015,1272990742,689864953.0
2024-11-12 17:00:00,793514041.6249759,723150862.6893172,721236899.5394938,1273149102,689955345.0
2024-11-12 18:00:00,793614039.2837338,723248677.7800021,721333909.2916273,1273308217,690047652.0
2024-11-12 19:00:00,793714399.7818962,723344353.9923309,721430610.2249706,1273467948,690139389.0
2024-11-12 20:00:00,793811752.253779,723438282.9923309,721527003.4020474,1273627846,690229880.0
2024-11-12 21:00:00,793906257.4654675,723531736.450961,721623089.9515373,1273787920,690317739.0
2024-11-12 22:00:00,794000547.8784093,723619635.2939746,721718871.0725393,1273948125,690401861.0
2024-11-12 23:00:00,794094329.8780801,723702040.7915089,721814348.039118,1274108437,690482305.0
2024-11-13 00:00:00,794188111.877751,723785035.7915089,721915575.133376,1274268786,690560475.0
2024-11-13 01:00:00,794281893.8774219,723864585.7915089,722016482.7971426,1274428980,690637448.0
2024-11-13 02:00:00,794375675.8770927,723944135.7915089,722117071.4429989,1274589590,690713904.0
2024-11-13 03:00:00,794469457.8767636,724024225.5531528,722217341.5082597,1274750096,690790795.0
2024-11-13 04:00:00,794563239.8764344,724107770.9564404,722317293.4565268,1274910021,690869607.0
2024-11-13 05:00:00,794657486.8368192,724194969.9564404,722416927.7793425,1275071277,690953579.0
2024-11-13 06:00:00,794757847.3349816,724289319.9564404,722516244.9979511,1275233259,691045059.0
2024-11-13 07:00:00,794862309.4425203,724391926.0939747,722615245.6651734,1275397154,691140235.0
2024-11-13 08:00:00,794966771.550059,724489656.0939747,722713930.3674043,1275563442,691233935.0
2024-11-13 09:00:00,795067132.0482213,724587618.4523308,722812299.7267399,1275728991,691324119.0
2024-11-13 10:00:00,795161818.9858358,724679283.2383583,722910354.403243,1275893708,691411784.0
2024-11-13 11:00:00,795256207.666861,724770356.8865775,723008095.0973566,1276057608,691497523.0
2024-11-13 12:00:00,795350454.6272458,724858973.0180843,723105522.5524753,1276221110,691582137.0
2024-11-13 13:00:00,795444701.5876305,724945967.4978104,723202637.5576845,1276383564,691666478.0
2024-11-13 14:00:00,795538948.5480152,725032428.4978104,723299440.9506791,1276544784,691751146.0
2024-11-13 15:00:00,795633195.5084,725121172.0654815,723395933.620873,1276705186,691837106.0
2024-11-13 16:00:00,795727584.1894252,725210923.7021939,723492116.512714,1276865537,691926270.0
2024-11-13 17:00:00,795827143.5189321,725304367.710139,723587990.6292154,1277027454,692020126.0
2024-11-13 18:00:00,795927504.0170945,725403627.8860295,723683557.0357198,1277190267,692115222.0
2024-11-13 19:00:00,796028814.1870754,725503448.9671254,723778816.8639116,1277351457,692209576.0
2024-11-13 20:00:00,796129174.6852378,725601194.2120569,723873771.3160937,1277512884,692302540.0
2024-11-13 21:00:00,796224617.448525,725695079.2994541,723968421.6697458,1277674480,692392921.0
2024-11-13 22:00:00,796318864.4089097,725784944.0556185,724062769.2823848,1277836148,692479066.0
2024-11-13 23:00:00,796413154.8218515,725871555.0556185,724156815.5967461,1277997784,692560991.0
2024-11-14 00:00:00,796506936.8215224,725953073.0556185,724256576.9898019,1278156067,692640157.0
2024-11-14 01:00:00,796600718.8211932,726032619.0142486,724356019.8204305,1278314273,692717680.0
2024-11-14 02:00:00,796694500.8208641,726111778.0142486,724455144.5533954,1278471955,692794299.0
2024-11-14 03:00:00,796788282.820535,726190937.0142486,724553951.6814765,1278629659,692870898.0
2024-11-14 04:00:00,796882064.8202058,726272027.8372623,724652441.7272357,1278787538,692949129.0
2024-11-14 05:00:00,796976355.2331476,726359256.0137006,724750615.2448977,1278945856,693031650.0
2024-11-14 06:00:00,797071121.2840749,726453185.0137006,724848472.8223529,1279105538,693120876.0
2024-11-14 07:00:00,797175190.3467323,726551034.8983581,724946015.0832905,1279266162,693213868.0
2024-11-14 08:00:00,797279259.4093896,726648914.2117828,725043242.6894705,1279427573,693307386.0
2024-11-14 09:00:00,797379708.206373,726746882.2117828,725140156.3431447,1279589020,693400686.0
2024-11-14 10:00:00,797480068.7045354,726843855.5252075,725236756.7896342,1279749170,693493871.0
2024-11-14 11:00:00,797577421.1764182,726939986.1641116,725333044.820078,1279909317,693586345.0
2024-11-14 12:00:00,797672187.2273455,727033618.3690431,725429021.2743591,1280069070,693678272.0
2024-11-14 13:00:00,797766874.1649599,727126669.1649336,725524687.0442235,1280228857,693769977.0
2024-11-14 14:00:00,797861561.1025743,727221428.2024678,725620043.0766047,1280388789,693861560.0
2024-11-14 15:00:00,797956248.0401888,727313598.6079472,725715090.3771651,1280549512,693953447.0
2024-11-14 16:00:00,798051881.6845188,727406633.9164404,725809830.0140713,1280711003,694046935.0
2024-11-14 17:00:00,798152242.1826812,727504393.9164404,725904263.1220183,1280872469,694143014.0
2024-11-14 18:00:00,798253744.0495452,727604275.9164404,725998390.906518,1281033357,694238760.0
2024-11-14 19:00:00,798354855.2591473,727700845.0750705,726092214.6484717,1281194611,694332858.0
2024-11-14 20:00:00,798455215.7573097,727798632.3156184,726185735.7090445,1281355930,694424674.0
2024-11-14 21:00:00,798549902.6949241,727892391.0879471,726278955.5348616,1281517414,694512980.0
2024-11-14 22:00:00,798644149.6553088,727980751.409317,726371875.6635494,1281678869,694596956.0
2024-11-14 23:00:00,798737931.6549797,728065497.409317,726464497.7296438,1281840346,694676959.0
2024-11-15 00:00:00,798831713.6546506,728144674.4764403,726562795.2476066,1281995241,694753625.0
2024-11-15 01:00:00,798925495.6543214,728222637.3865772,726660775.1812816,1282150063,694828209.0
2024-11-15 02:00:00,799019277.6539923,728298615.3865772,726758438.0545508,1282305265,694901554.0
2024-11-15 03:00:00,799113059.6536632,728374911.5172622,726855784.423045,1282460301,694974690.0
2024-11-15 04:00:00,799206841.653334,728452322.5172622,726952814.8761528,1282615411,695049046.0
2024-11-15 05:00:00,799300623.6530049,728533840.5172622,727049530.0391589,1282771284,695127178.0
2024-11-15 06:00:00,799394870.6133896,728622587.3882211,727145930.5755237,1282928486,695211816.0
2024-11-15 07:00:00,799491424.830241,728716903.5104129,727242017.1893103,1283086289,695300304.0
2024-11-15 08:00:00,799590781.2096174,728813044.5104129,727337790.6277704,1283244757,695389636.0
2024-11-15 09:00:00,799685468.1472318,728903911.1000019,727433251.6840997,1283403105,695478209.0
2024-11-15 10:00:00,799779973.3589202,728993864.1221937,727528401.200373,1283561660,695565730.0
2024-11-15 11:00:00,799874220.319305,729083749.329317,727623240.070673,1283720475,695652416.0
2024-11-15 12:00:00,799968467.2796897,729172431.978906,727717769.2444227,1283879379,695738372.0
2024-11-15 13:00:00,800062714.2400744,729262329.0813718,727811989.7299384,1284038583,695823836.0
2024-11-15 14:00:00,800156961.2004591,729352226.1838375,727905902.5982159,1284197286,695909249.0
2024-11-15 15:00:00,800251208.1608438,729442123.2863033,727999508.9869659,1284356059,695995232.0
2024-11-15 16:00:00,800345455.1212286,729530534.1221937,728092810.1049154,1284514380,696082912.0
2024-11-15 17:00:00,800439960.332917,729622067.1221937,728185807.2363933,1284673128,696173591.0
2024-11-15 18:00:00,800534647.2705314,729713600.1221937,728278501.7462195,1284832329,696263923.0
2024-11-15 19:00:00,800629334.2081459,729805093.4679471,728370895.0849162,1284994685,696352559.0
2024-11-15 20:00:00,800723722.8891711,729896147.6145225,728462988.7942653,1285156956,696439336.0
2024-11-15 21:00:00,800817969.8495559,729984519.2463033,728554784.5132338,1285319495,696523633.0
2024-11-15 22:00:00,800912115.8365612,730068710.2463033,728646283.9842925,1285482166,696604598.0
2024-11-15 23:00:00,801005897.8362321,730149968.2463033,728737489.0601543,1285645348,696682046.0
2024-11-16 00:00:00,801099679.8359029,730226292.2463033,728834324.7612902,1285801775,696756785.0
2024-11-16 01:00:00,801193461.8355738,730301442.9402759,728930843.9810065,1285958431,696829670.0
2024-11-16 02:00:00,801287243.8352447,730375989.9402759,729027047.310192,1286115016,696901087.0
2024-11-16 03:00:00,801381025.8349155,730449558.9939746,729122935.37573,1286271491,696971890.0
2024-11-16 04:00:00,801474807.8345864,730524105.9939746,729218508.842784,1286428370,697042822.0
2024-11-16 05:00:00,801568589.8342572,730600502.9939746,729313768.4172318,1286585901,697115267.0
2024-11-16 06:00:00,801662371.8339281,730678488.2082212,729408714.8482585,1286744460,697190155.0
2024-11-16 07:00:00,801756153.833599,730760051.419728,729503348.9311202,1286905282,697267241.0
2024-11-16 08:00:00,801849935.8332698,730841520.419728,729597671.5100876,1287068515,697345619.0
2024-11-16 09:00:00,801943717.8329407,730926646.419728,729691683.4815835,1287232224,697424360.0
2024-11-16 10:00:00,802037499.8326116,731007939.419728,729785385.7975253,1287396333,697503068.0
2024-11-16 11:00:00,802131281.8322824,731088411.4868513,729878779.468888,1287560577,697581136.0
2024-11-16 12:00:00,802225063.8319533,731170553.2372622,729971865.5695014,1287725563,697658502.0
2024-11-16 13:00:00,802318845.8316242,731249645.2372622,730064645.2400972,1287890287,697735245.0
2024-11-16 14:00:00,802412627.831295,731329335.0104129,730157119.6926231,1288054478,697811917.0
2024-11-16 15:00:00,802506409.8309659,731408759.620002,730249290.2148423,1288216848,697889869.0
2024-11-16 16:00:00,802600191.8306367,731491754.620002,730341158.1752357,1288378188,697970115.0
2024-11-16 17:00:00,802694337.8176421,731577714.9435637,730432725.0282297,1288540306,698054025.0
2024-11-16 18:00:00,802788628.2305839,731664989.9435637,730523992.319769,1288703547,698138506.0
2024-11-16 19:00:00,802882918.6435257,731752264.9435637,730614961.6932603,1288866641,698222227.0
2024-11-16 20:00:00,802977209.0564675,731838164.0301391,730705634.8959088,1289029691,698304805.0
2024-11-16 21:00:00,803070991.0561384,731921211.0301391,730796013.7854772,1289193413,698385818.0
2024-11-16 22:00:00,803164773.0558093,732000823.4427419,730886100.3374927,1289357083,698464302.0
2024-11-16 23:00:00,803258555.0554801,732078796.4427419,730975896.6529348,1289520718,698540391.0
2024-11-17 00:00:00,803352337.055151,732155193.4427419,731071272.85862,1289682036,698614454.0
2024-11-17 01:00:00,803446119.0548218,732229206.4427419,731166333.8271502,1289842908,698687261.0
2024-11-17 02:00:00,803539901.0544927,732302648.0495912,731261080.2253945,1290004007,698759277.0
2024-11-17 03:00:00,803633683.0541636,732376240.0495912,731355512.7610482,1290165379,698831410.0
2024-11-17 04:00:00,803727465.0538344,732450787.0495912,731449632.1852336,1290326595,698904166.0
2024-11-17 05:00:00,803821247.0535053,732527184.0495912,731543439.2952707,1290488307,698978617.0
2024-11-17 06:00:00,803915029.0531762,732606484.0495912,731636934.9376298,1290651286,699055734.0
2024-11-17 07:00:00,804008811.052847,732689095.9367145,731730120.011078,1290815887,699135061.0
2024-11-17 08:00:00,804102593.0525179,732770504.9367145,731822995.4700313,1290981946,699214388.0
2024-11-17 09:00:00,804196375.0521888,732853136.0271255,731915562.3281279,1291147200,699292545.0
2024-11-17 10:00:00,804290157.0518596,732932572.0271255,732007821.6620367,1291310944,699368721.0
2024-11-17 11:00:00,804383939.0515305,733009493.8158926,732099774.6155157,1291474317,699444234.0
2024-11-17 12:00:00,804477721.0512013,733085272.7024679,732191422.4037396,1291636923,699519571.0
2024-11-17 13:00:00,804571503.0508722,733161452.7024679,732282766.3179113,1291798750,699594706.0
2024-11-17 14:00:00,804665285.0505431,733237459.731783,732373807.7301797,1291959927,699670606.0
2024-11-17 15:00:00,804759067.0502139,733318487.7465775,732464548.0988821,1292119623,699747710.0
2024-11-17 16:00:00,804852849.0498848,733400661.7465775,732554988.9741341,1292278145,699828044.0
2024-11-17 17:00:00,804946794.5620615,733486652.7465775,732645132.0037898,1292436718,699913202.0
2024-11-17 18:00:00,805041084.9750034,733573927.7465775,732734978.9397979,1292595954,699999349.0
2024-11-17 19:00:00,805135331.9353881,733661605.7465775,732824531.6449798,1292758823,700084698.0
2024-11-17 20:00:00,805229622.3483299,733748880.7465775,732913792.1002587,1292921493,700168813.0
2024-11-17 21:00:00,805323404.3480008,733834057.0487692,733002762.4123696,1293084321,700250391.0
2024-11-17 22:00:00,805417186.3476716,733916172.2183583,733091444.8220832,1293247869,700328887.0
2024-11-17 23:00:00,805510968.3473425,733994145.2183583,733179841.7129784,1293411410,700404130.0
2024-11-18 00:00:00,805604750.3470134,734068570.2183583,733283735.3195741,1293569640,700477106.0
2024-11-18 01:00:00,805698532.3466842,734141275.1698651,733387310.391907,1293727816,700548865.0
2024-11-18 02:00:00,805792314.3463551,734213669.1698651,733490567.3962492,1293885808,700620128.0
2024-11-18 03:00:00,805886096.346026,734287101.2293172,733593506.8269776,1294043424,700691524.0
2024-11-18 04:00:00,805979878.3456968,734362426.7890432,733696129.2083454,1294201474,700764628.0
2024-11-18 05:00:00,806073660.3453677,734441585.7890432,733798435.096368,1294360315,700842104.0
2024-11-18 06:00:00,806167950.7583095,734527567.350139,733900425.0808321,1294520076,700926434.0
2024-11-18 07:00:00,806262637.6959239,734622269.350139,734002099.7874362,1294680077,701014840.0
2024-11-18 08:00:00,806357324.6335384,734716971.350139,734103459.8800688,1294842239,701102758.0
2024-11-18 09:00:00,806451713.3145636,734810936.5079472,734204506.0632366,1295003264,701188910.0
2024-11-18 10:00:00,806545960.2749484,734900342.7150705,734305239.0846514,1295164599,701273871.0
2024-11-18 11:00:00,806640207.2353331,734989071.0123308,734405659.737985,1295328197,701358058.0
2024-11-18 12:00:00,806734454.1957178,735078945.3583581,734505768.865806,1295491352,701442063.0
2024-11-18 13:00:00,806828701.1561025,735166023.7531526,734605567.3627077,1295653510,701526276.0
2024-11-18 14:00:00,806922948.1164873,735252185.3378102,734705056.1786426,1295814941,701610712.0
2024-11-18 15:00:00,807017195.076872,735340928.9054813,734804236.3224748,1295975737,701695644.0
2024-11-18 16:00:00,807111442.0372567,735434890.1032896,734903108.865767,1296137115,701782609.0
2024-11-18 17:00:00,807206128.9748712,735529659.3120568,735001674.9468163,1296299337,701873215.0
2024-11-18 18:00:00,807300895.0257984,735623072.5819198,735099935.774957,1296462960,701963811.0
2024-11-18 19:00:00,807395581.9634129,735716820.0167143,735197892.6351454,1296626916,702052968.0
2024-11-18 20:00:00,807490087.1751013,735811522.0167143,735295546.8928505,1296791128,702140084.0
2024-11-18 21:00:00,807584334.135486,735898027.0295911,735392899.9992652,1296956372,702223994.0
2024-11-18 22:00:00,807678116.1351569,735983292.0572623,735489953.4968644,1297121470,702303814.0
2024-11-18 23:00:00,807771898.1348277,736061134.8632897,735586709.0253313,1297287655,702379309.0
2024-11-19 00:00:00,807865680.1344986,736137531.8632897,735689138.8172987,1297449573,702451922.0
2024-11-19 01:00:00,807959462.1341695,736212333.8632897,735791251.0563909,1297611481,702522789.0
2024-11-19 02:00:00,808053244.1338403,736284616.7827418,735893046.2681895,1297773088,702592921.0
2024-11-19 03:00:00,808147026.1335112,736356358.7827418,735994525.0101252,1297934538,702662915.0
2024-11-19 04:00:00,808240808.133182,736430771.2789062,736095687.8734921,1298096282,702734320.0
2024-11-19 05:00:00,808334590.1328529,736508772.2789062,736196535.4855945,1298258855,702809988.0
2024-11-19 06:00:00,808428880.5457947,736594162.2789062,736297068.5120319,1298423023,702892496.0
2024-11-19 07:00:00,808523269.22682,736688136.2789062,736397287.659134,1298588243,702979023.0
2024-11-19 08:00:00,808617774.4385084,736782110.2789062,736497193.6765548,1298754598,703065538.0
2024-11-19 09:00:00,808712021.3988931,736869540.2789062,736596787.360036,1298920674,703151382.0
2024-11-19 10:00:00,808806268.3592778,736956538.0676733,736696069.5543518,1299086758,703236687.0
2024-11-19 11:00:00,808900515.3196626,737043597.530413,736795041.1564463,1299252230,703321470.0
2024-11-19 12:00:00,808994762.2800473,737133471.8764404,736893703.1187773,1299417064,703406349.0
2024-11-19 13:00:00,809089009.240432,737220543.8430158,736992056.4528792,1299580996,703491223.0
2024-11-19 14:00:00,809183256.2008168,737306742.110687,737090102.2331612,1299744511,703575874.0
2024-11-19 15:00:00,809277503.1612015,737395161.110687,737187841.600955,1299907351,703660979.0
2024-11-19 16:00:00,809371750.1215862,737489135.110687,737285275.7688292,1300069131,703748191.0
2024-11-19 17:00:00,809466516.1725135,737582190.110687,737382406.0251895,1300229737,703838887.0
2024-11-19 18:00:00,809563868.6443963,737678893.4334267,737479233.7391815,1300390358,703929863.0
2024-11-19 19:00:00,809658634.6953236,737771948.4334267,737575760.365919,1300553801,704019443.0
2024-11-19 20:00:00,809753321.632938,737862346.4334267,737671987.4520576,1300716999,704106773.0
2024-11-19 21:00:00,809847568.5933228,737948855.4334267,737767916.6417385,1300880477,704190750.0
2024-11-19 22:00:00,809941350.5929936,738030686.8495911,737863549.6829262,1301043849,704270393.0
2024-11-19 23:00:00,810035132.5926645,738109004.2915089,737958888.4341671,1301208435,704345768.0
2024-11-20 00:00:00,810128914.5923353,738182959.5578103,738059856.4767666,1301367209,704418104.0
2024-11-20 01:00:00,810222696.5920062,738254632.5578103,738160508.0730189,1301525869,704488328.0
2024-11-20 02:00:00,810316478.5916771,738324566.8690432,738260843.8157287,1301685045,704557494.0
2024-11-20 03:00:00,810410260.5913479,738394504.8690432,738360864.3338084,1301844352,704626225.0
2024-11-20 04:00:00,810504042.5910188,738466177.8690432,738460570.2945716,1302004457,704696406.0
2024-11-20 05:00:00,810597824.5906897,738542150.7427418,738559962.4061741,1302165656,704770773.0
2024-11-20 06:00:00,810691606.5903605,738624074.5301391,738659041.4202154,1302326333,704851858.0
2024-11-20 07:00:00,810785853.5507452,738711531.3517829,738757808.1345109,1302487849,704936905.0
2024-11-20 08:00:00,810880100.51113,738800281.3183583,738856263.3960441,1302649790,705022792.0
2024-11-20 09:00:00,810974347.4715147,738887700.7545227,738954408.104114,1302812206,705108444.0
2024-11-20 10:00:00,811068594.4318994,738978238.7545227,739052243.2136883,1302974888,705193525.0
2024-11-20 11:00:00,811162841.3922842,739065213.160276,739149769.7389765,1303138631,705278294.0
2024-11-20 12:00:00,811257088.3526689,739152190.6852076,739246988.7572395,1303303087,705363175.0
2024-11-20 13:00:00,811351335.3130536,739240921.9660295,739343901.4128485,1303467805,705448494.0
2024-11-20 14:00:00,811445582.2734383,739329631.9279473,739440508.9216131,1303633233,705533796.0
2024-11-20 15:00:00,811539829.2338231,739416847.0600021,739536812.5753938,1303799056,705619642.0
2024-11-20 16:00:00,811634076.1942078,739506633.0501391,739632813.7470201,1303964963,705707793.0
2024-11-20 17:00:00,811728763.1318222,739599956.5641117,739728513.8955337,1304131012,705799515.0
2024-11-20 18:00:00,811827704.6157045,739696675.5641117,739823914.5717785,1304296506,705892014.0
2024-11-20 19:00:00,811923147.3789917,739791520.6572624,739919017.4243625,1304460824,705983434.0
2024-11-20 20:00:00,812017834.3166062,739881821.4367145,740013824.2060134,1304624970,706073305.0
2024-11-20 21:00:00,812112081.2769909,739969005.3282213,740108336.7803581,1304789254,706160204.0
2024-11-20 22:00:00,812205863.2766618,740052508.2205501,740202557.1291517,1304953228,706243077.0
2024-11-20 23:00:00,812299645.2763326,740135113.6252075,740296487.3599887,1305117236,706322437.0
2024-11-21 00:00:00,812393427.2760035,740212683.6252075,740395995.982478,1305281606,706399254.0
2024-11-21 01:00:00,812487209.2756743,740289188.5660294,740495189.407011,1305445535,706474583.0
2024-11-21 02:00:00,812580991.2753452,740365126.459728,740594068.3026177,1305609639,706549475.0
2024-11-21 03:00:00,812674773.2750161,740440915.459728,740692633.3792831,1305773683,706624815.0
2024-11-21 04:00:00,812768555.2746869,740518277.2920568,740790885.390556,1305937988,706702168.0
2024-11-21 05:00:00,812862337.2743578,740601755.101098,740888825.1363286,1306102967,706784331.0
2024-11-21 06:00:00,812956725.9553831,740693949.839454,740986453.4657979,1306268955,706874019.0
2024-11-21 07:00:00,813057086.4535455,740790926.6517829,741083771.280622,1306436538,706968493.0
2024-11-21 08:00:00,813157446.9517078,740887883.6517829,741180779.5382825,1306606053,707063198.0
2024-11-21 09:00:00,813257807.4498702,740984860.4641117,741277479.2556691,1306775658,707157210.0
2024-11-21 10:00:00,813357805.1086282,741081844.4641117,741373871.5128992,1306945211,707250969.0
2024-11-21 11:00:00,813454667.0076474,741178821.2764405,741469957.4573894,1307115123,707344692.0
2024-11-21 12:00:00,813550109.7709346,741272598.602194,741565738.3081957,1307284412,707439000.0
2024-11-21 13:00:00,813645552.5342218,741366375.9279474,741661215.36064,1307453519,707533878.0
2024-11-21 14:00:00,813740995.297509,741460157.8375365,741756389.9912423,1307622132,707629064.0
2024-11-21 15:00:00,813840554.6270158,741556876.8375365,741851263.6629791,1307790475,707724859.0
2024-11-21 16:00:00,813941003.4239992,741654835.832605,741945837.9308909,1307958400,707823325.0
2024-11-21 17:00:00,814045465.5315379,741757454.582468,742040114.4480602,1308126725,707925294.0
2024-11-21 18:00:00,814152683.1108619,741859083.9394543,742134094.971987,1308294933,708027407.0
2024-11-21 19:00:00,814259753.3787408,741960973.9394543,742227781.371388,1308461972,708128512.0
2024-11-21 20:00:00,814364215.4862795,742063647.9394543,742321175.6334469,1308628697,708228200.0
2024-11-21 21:00:00,814466292.603035,742161430.9394543,742414279.8715488,1308795348,708324888.0
2024-11-21 22:00:00,814561058.6539623,742255359.9394543,742507096.333528,1308961863,708417359.0
2024-11-21 23:00:00,814655305.614347,742344747.3501393,742599627.4104683,1309127901,708505587.0
2024-11-22 00:00:00,814749552.5747317,742433380.2690433,742697679.2414328,1309292423,708591058.0
2024-11-22 01:00:00,814843842.9876735,742519010.2013721,742795417.2837203,1309457044,708674895.0
2024-11-22 02:00:00,814938133.4006153,742604659.2013721,742892842.292832,1309621530,708757782.0
2024-11-22 03:00:00,815032423.8135571,742690308.2013721,742989955.0707407,1309786028,708840894.0
2024-11-22 04:00:00,815126670.7739419,742777574.8487694,743086756.4688607,1309950449,708925517.0
2024-11-22 05:00:00,815221357.7115563,742870034.2364407,743183247.3912132,1310115631,709014232.0
2024-11-22 06:00:00,815325819.819095,742967805.9509612,743279428.7977984,1310282215,709109800.0
2024-11-22 07:00:00,815436791.9133115,743070577.9509612,743375301.7081907,1310449936,709209380.0
2024-11-22 08:00:00,815547764.007528,743173349.9509612,743470867.2053692,1310619156,709309178.0
2024-11-22 09:00:00,815656107.1756805,743275811.4071256,743566126.4398013,1310789278,709408876.0
2024-11-22 10:00:00,815761252.6645882,743377672.3468516,743661080.6337954,1310959593,709508788.0
2024-11-22 11:00:00,815865714.7721269,743476238.322742,743755731.0861408,1311129357,709608505.0
2024-11-22 12:00:00,815969783.8347843,743574117.6361667,743850079.1770545,1311298737,709707827.0
2024-11-22 13:00:00,816071860.9515398,743673382.1241119,743944126.3734558,1311466947,709807039.0
2024-11-22 14:00:00,816172972.1611419,743771036.1241119,744037874.2345885,1311634929,709905815.0
2024-11-22 15:00:00,816275049.2778974,743870315.312879,744131324.4180185,1311802807,710004960.0
2024-11-22 16:00:00,816379511.385436,743968089.143016,744224478.6860268,1311970927,710105920.0
2024-11-22 17:00:00,816487854.5535886,744071642.343016,744317338.9124292,1312138879,710209068.0
2024-11-22 18:00:00,816596197.7217412,744175177.6416461,744409907.0898483,1312307193,710311034.0
2024-11-22 19:00:00,816703267.9896201,744277016.6416461,744502185.3374703,1312472951,710410743.0
2024-11-22 20:00:00,816807730.0971588,744377320.9594544,744594175.9093183,1312638296,710507876.0
2024-11-22 21:00:00,816909231.9640228,744474930.7854818,744685881.2030774,1312804212,710601723.0
2024-11-22 22:00:00,817004168.5850333,744568821.5687695,744777303.769509,1312969992,710691555.0
2024-11-22 23:00:00,817098415.545418,744658702.3468516,744868446.3224938,1313135536,710777343.0
2024-11-23 00:00:00,817192705.9583598,744744108.0915091,744965044.330048,1313294876,710859685.0
2024-11-23 01:00:00,817286487.9580307,744827147.9038379,745061330.1407479,1313454347,710939995.0
2024-11-23 02:00:00,817380269.9577016,744908662.70329,745157304.6082293,1313613510,711018808.0
2024-11-23 03:00:00,817474051.9573724,744989463.6112351,745252968.6388801,1313772583,711097043.0
2024-11-23 04:00:00,817567833.9570433,745070403.282194,745348323.195224,1313932058,711175702.0
2024-11-23 05:00:00,817661615.9567142,745153447.9495913,745443369.2995247,1314091594,711256033.0
2024-11-23 06:00:00,817755906.369656,745240673.2597283,745538108.0376279,1314252225,711339003.0
2024-11-23 07:00:00,817850153.3300407,745330097.2597283,745632540.5630574,1314414508,711424460.0
2024-11-23 08:00:00,817944658.5417291,745421178.8550708,745726668.1013796,1314578147,711510607.0
2024-11-23 09:00:00,818039163.7534175,745511806.3676735,745820491.9548577,1314742148,711596571.0
2024-11-23 10:00:00,818133552.4344428,745602286.3676735,745914013.5074127,1314905213,711682003.0
2024-11-23 11:00:00,818227799.3948275,745692737.7254817,746007234.2299129,1315068373,711767236.0
2024-11-23 12:00:00,818322046.3552122,745781010.7164407,746100155.685814,1315231009,711851711.0
2024-11-23 13:00:00,818416336.768154,745868915.7164407,746192779.537173,1315392878,711935479.0
2024-11-23 14:00:00,818510627.1810958,745956190.7164407,746285107.5510609,1315554697,712019402.0
2024-11-23 15:00:00,818604917.5940377,746044095.7164407,746377141.606402,1315715376,712104168.0
2024-11-23 16:00:00,818699164.5544224,746134233.713153,746468883.701268,1315876510,712191522.0
2024-11-23 17:00:00,818793851.4920368,746227976.5369886,746560335.9606571,1316038285,712282272.0
2024-11-23 18:00:00,818889953.9430956,746321680.4158927,746651500.6447927,1316200008,712372697.0
2024-11-23 19:00:00,818984719.9940228,746414711.8457557,746742380.1579736,1316364570,712462140.0
2024-11-23 20:00:00,819079406.9316373,746506665.8457557,746832977.0580176,1316529298,712550112.0
2024-11-23 21:00:00,819173795.6126626,746596452.6767147,746923294.0663338,1316694359,712636247.0
2024-11-23 22:00:00,819268042.5730473,746684351.5197283,747013334.0786699,1316859374,712719496.0
2024-11-23 23:00:00,819361824.5727181,746770991.5197283,747103100.1765792,1317024207,712799586.0
2024-11-24 00:00:00,819455606.572389,746850963.971783,747198247.7141281,1317182745,712877219.0
2024-11-24 01:00:00,819549388.5720599,746932015.1498653,747293084.8538431,1317341681,712953257.0
2024-11-24 02:00:00,819643170.5717307,747009616.1498653,747387612.5607752,1317500879,713028292.0
2024-11-24 03:00:00,819736952.5714016,747086870.1778104,747481831.859882,1317660154,713102967.0
2024-11-24 04:00:00,819830734.5710725,747164463.312057,747575743.8398814,1317820037,713178037.0
2024-11-24 05:00:00,819924516.5707433,747245703.5928789,747669349.6573585,1317980867,713254692.0
2024-11-24 06:00:00,820018298.5704142,747327958.9690434,747762650.5411439,1318142847,713333524.0
2024-11-24 07:00:00,820112244.0825909,747412704.9690434,747855647.7969805,1318306711,713414773.0
2024-11-24 08:00:00,820206534.4955328,747498632.9690434,747948342.8125001,1318472150,713497280.0
2024-11-24 09:00:00,820300680.4825381,747582175.9690434,748040737.0625275,1318637887,713579505.0
2024-11-24 10:00:00,820394462.482209,747666035.9690434,748132832.1147377,1318802897,713660952.0
2024-11-24 11:00:00,820488244.4818798,747751161.9690434,748224629.6356871,1318967862,713741448.0
2024-11-24 12:00:00,820582026.4815507,747833382.5408242,748316131.3972453,1319133045,713821072.0
2024-11-24 13:00:00,820675808.4812216,747916377.5408242,748407339.2834548,1319298757,713900109.0
2024-11-24 14:00:00,820769590.4808924,747999372.5408242,748498255.2978462,1319464480,713979437.0
2024-11-24 15:00:00,820863372.4805633,748082973.242468,748588881.5712409,1319628433,714060124.0
2024-11-24 16:00:00,820957662.8935051,748170248.242468,748679220.3700736,1319791271,714144101.0
2024-11-24 17:00:00,821052168.1051935,748260891.242468,748769274.1052699,1319955005,714233109.0
2024-11-24 18:00:00,821146855.0428079,748354515.3753448,748859045.3417169,1320119540,714323303.0
2024-11-24 19:00:00,821241541.9804224,748447522.8282214,748948536.8083663,1320283866,714413310.0
2024-11-24 20:00:00,821336228.9180368,748537459.3906872,749037751.4090137,1320448916,714502182.0
2024-11-24 21:00:00,821430475.8784215,748627939.3906872,749126692.2337993,1320613908,714588895.0
2024-11-24 22:00:00,821524766.2913634,748715214.3906872,749215362.5714793,1320779196,714672508.0
2024-11-24 23:00:00,821618548.2910342,748798149.0539749,749303765.9225203,1320944504,714753185.0
2024-11-25 00:00:00,821712330.2907051,748876954.0539749,749407406.959411,1321106691,714831814.0
2024-11-25 01:00:00,821806112.290376,748955501.0539749,749510732.8374095,1321268938,714909331.0
2024-11-25 02:00:00,821899894.2900468,749032637.7213721,749613744.2276984,1321430701,714986469.0
2024-11-25 03:00:00,821993676.2897177,749110841.282468,749716441.8425438,1321591912,715064120.0
2024-11-25 04:00:00,822087458.2893885,749191337.282468,749818826.437912,1321752747,715143853.0
2024-11-25 05:00:00,822181748.7023304,749276621.282468,749920898.8162574,1321914213,715228459.0
2024-11-25 06:00:00,822281746.3610883,749371268.282468,750022659.8294934,1322077570,715320352.0
2024-11-25 07:00:00,822386208.468627,749470132.9252077,750124110.3821579,1322241970,715416485.0
2024-11-25 08:00:00,822490277.5312843,749567915.9252077,750225251.4347867,1322409310,715511483.0
2024-11-25 09:00:00,822590638.0294467,749664872.9252077,750326084.0075082,1322575858,715603506.0
2024-11-25 10:00:00,822687192.2462981,749758514.9252077,750426609.1838751,1322742568,715693302.0
2024-11-25 11:00:00,822781879.1839125,749853254.2712351,750526828.1149485,1322909367,715781413.0
2024-11-25 12:00:00,822876566.121527,749945302.6786324,750626742.0236509,1323076267,715868584.0
2024-11-25 13:00:00,822971071.3332154,750038869.1731529,750726352.2094069,1323243840,715955681.0
2024-11-25 14:00:00,823065576.5449038,750129141.1569885,750825660.0530903,1323411609,716043013.0
2024-11-25 15:00:00,823160263.4825182,750221204.0210981,750924667.0222994,1323579019,716131186.0
2024-11-25 16:00:00,823255706.2458054,750313617.2054816,751023374.6769798,1323746560,716221926.0
2024-11-25 17:00:00,823358912.0238605,750412366.7167145,751121784.675422,1323913608,716316283.0
2024-11-25 18:00:00,823463374.1313992,750511005.7167145,751219898.7806556,1324081399,716410294.0
2024-11-25 19:00:00,823566579.9094542,750609755.2279474,751317718.8672692,1324248104,716503136.0
2024-11-25 20:00:00,823666940.4076166,750706684.2279474,751415246.9286823,1324416092,716593950.0
2024-11-25 21:00:00,823761627.345231,750801405.9167144,751512485.0849036,1324583985,716681468.0
2024-11-25 22:00:00,823855874.3056158,750888658.4249336,751609435.5908034,1324751663,716764521.0
2024-11-25 23:00:00,823949656.3052866,750970596.5769883,751706100.8449401,1324919277,716843249.0
2024-11-26 00:00:00,824043438.3049575,751049363.369317,751808285.1742452,1325084818,716918858.0
2024-11-26 01:00:00,824137220.3046284,751126949.5057554,751910155.7585752,1325249575,716992755.0
2024-11-26 02:00:00,824231002.3042992,751203447.9369884,752011713.3558608,1325414149,717065593.0
2024-11-26 03:00:00,824324784.3039701,751279940.590961,752112958.7706501,1325579057,717138301.0
2024-11-26 04:00:00,824418566.303641,751358501.1978103,752213892.8570879,1325743478,717212413.0
2024-11-26 05:00:00,824512348.3033118,751442339.1465774,752314516.5220896,1325907497,717290751.0
2024-11-26 06:00:00,824606853.5150002,751532938.0169883,752414830.7287253,1326072810,717375583.0
2024-11-26 07:00:00,824707214.0131626,751630703.4775362,752514836.4998248,1326238023,717464997.0
2024-11-26 08:00:00,824807574.511325,751728441.6975362,752614534.9218202,1326403704,717555765.0
2024-11-26 09:00:00,824907572.1700829,751822899.6975362,752713927.148842,1326568944,717646151.0
2024-11-26 10:00:00,825005893.837048,751918034.6975362,752813014.4070852,1326735646,717735468.0
2024-11-26 11:00:00,825100659.8879753,752011185.7342485,752911797.9994631,1326902539,717823173.0
2024-11-26 12:00:00,825195346.8255898,752104336.7709608,753010279.3105695,1327068922,717909231.0
2024-11-26 13:00:00,825290033.7632042,752197509.0994539,753108459.8119688,1327235076,717994541.0
2024-11-26 14:00:00,825384720.7008187,752291876.388769,753206341.0678362,1327401571,718079613.0
2024-11-26 15:00:00,825479486.7517459,752384046.7657553,753303924.7409724,1327566885,718165677.0
2024-11-26 16:00:00,825579847.2499083,752481003.0063032,753401212.5992172,1327731124,718254564.0
2024-11-26 17:00:00,825684309.357447,752582188.0246594,753498206.5222889,1327895018,718348281.0
2024-11-26 18:00:00,825791242.3477901,752683328.0246594,753594908.5090791,1328059224,718442968.0
2024-11-26 19:00:00,825895704.4553288,752784584.0246594,753691320.6854323,1328226340,718536941.0
2024-11-26 20:00:00,826000166.5628675,752884450.0246594,753787445.3124447,1328393336,718629897.0
2024-11-26 21:00:00,826100527.0610299,752981957.0246594,753883284.7953157,1328560418,718720750.0
2024-11-26 22:00:00,826195213.9986444,753075464.0246594,753978841.692791,1328727457,718808453.0
2024-11-26 23:00:00,826289460.9590291,753165416.0246594,754074118.7272354,1328894404,718892520.0
2024-11-27 00:00:00,826383434.7304878,753248726.0246594,754174849.3270609,1329056614,718973897.0
2024-11-27 01:00:00,826477216.7301587,753331283.5600019,754275267.7789694,1329218265,719053538.0
2024-11-27 02:00:00,826570998.7298295,753414828.9632895,754375374.9393405,1329379997,719132573.0
2024-11-27 03:00:00,826664780.7295004,753498328.5824676,754475171.7174718,1329541650,719211853.0
2024-11-27 04:00:00,826759071.1424422,753583977.5824676,754574659.0789723,1329703676,719292686.0
2024-11-27 05:00:00,826853318.102827,753674847.037536,754673838.0493777,1329866106,719377610.0
2024-11-27 06:00:00,826957387.1654843,753772150.2660291,754772709.7180047,1330030735,719468573.0
2024-11-27 07:00:00,827065730.3336369,753874611.7221935,754871275.242059,1330195805,719563689.0
2024-11-27 08:00:00,827173411.8846265,753981701.7482209,754969535.8510137,1330361307,719659130.0
2024-11-27 09:00:00,827277873.9921652,754081567.7482209,755067492.8512774,1330526542,719752686.0
2024-11-27 10:00:00,827378512.9478451,754179474.8835634,755165147.6311704,1330691314,719844639.0
2024-11-27 11:00:00,827478510.606603,754274591.5210977,755262501.6662307,1330854410,719935372.0
2024-11-27 12:00:00,827574613.0576618,754370372.5112346,755359556.5248709,1331016398,720025500.0
2024-11-27 13:00:00,827669379.108589,754466126.0254812,755456313.8744103,1331178129,720115434.0
2024-11-27 14:00:00,827764145.1595163,754561154.7712346,755552775.4875077,1331339434,720204930.0
2024-11-27 15:00:00,827860699.3763677,754656289.7712346,755648943.249021,1331501045,720294703.0
2024-11-27 16:00:00,827961148.173351,754752013.7712346,755744819.1633239,1331663218,720386872.0
2024-11-27 17:00:00,828068081.1636941,754853153.7712346,755840405.362108,1331826486,720482220.0
2024-11-27 18:00:00,828176424.3318467,754955336.7712346,755935704.112707,1331990240,720577119.0
2024-11-27 19:00:00,828283641.9111707,755056979.7712346,756030717.8269742,1332158170,720670494.0
2024-11-27 20:00:00,828388104.0187094,755156845.7712346,756125449.0707536,1332325929,720762057.0
2024-11-27 21:00:00,828488742.9743893,755254352.7712346,756219900.5739838,1332493892,720850935.0
2024-11-27 22:00:00,828583429.9120038,755347496.5994538,756314075.2414771,1332661833,720936011.0
2024-11-27 23:00:00,828677676.8723885,755436957.5994538,756407976.1644212,1332829990,721016842.0
2024-11-28 00:00:00,828771622.3845652,755520267.5994538,756507256.3994533,1332994293,721094361.0
2024-11-28 01:00:00,828865404.3842361,755601688.317536,756606226.2915026,1333159437,721169497.0
2024-11-28 02:00:00,828959186.383907,755684384.3893168,756704886.8087212,1333324504,721243193.0
2024-11-28 03:00:00,829052968.3835778,755767014.8016455,756803238.9793557,1333489572,721316150.0
2024-11-28 04:00:00,829146750.3832487,755848302.145755,756901283.8956127,1333654506,721389412.0
2024-11-28 05:00:00,829240532.3829195,755932125.7734263,756999022.7177783,1333818995,721464272.0
2024-11-28 06:00:00,829334822.7958614,756017780.4394537,757096456.6786098,1333985691,721541591.0
2024-11-28 07:00:00,829429069.7562461,756106098.4394537,757193587.0880173,1334152859,721621738.0
2024-11-28 08:00:00,829523756.6938605,756199605.4394537,757290415.3380547,1334320109,721705230.0
2024-11-28 09:00:00,829618443.631475,756291986.8235633,757386942.9082407,1334487495,721792358.0
2024-11-28 10:00:00,829713130.5690894,756387727.2643852,757483171.371233,1334655453,721882052.0
2024-11-28 11:00:00,829807817.5067039,756483424.8232893,757579102.398878,1334823831,721972524.0
2024-11-28 12:00:00,829902322.7183923,756574051.115344,757674737.7686623,1334992971,722061755.0
2024-11-28 13:00:00,829996569.678777,756662780.4865769,757770079.3705933,1335162414,722148607.0
2024-11-28 14:00:00,830090860.0917188,756750685.4865769,757865129.2145364,1335332257,722233327.0
2024-11-28 15:00:00,830185150.5046606,756837707.0876728,757959889.438042,1335502202,722316908.0
2024-11-28 16:00:00,830279397.4650453,756925710.1969879,758054362.3146929,1335671085,722400793.0
2024-11-28 17:00:00,830374084.4026598,757020379.7846591,758148550.2630087,1335839814,722485855.0
2024-11-28 18:00:00,830468771.3402742,757113811.9515084,758242455.8559457,1336008938,722570215.0
2024-11-28 19:00:00,830563458.2778887,757207318.9515084,758336081.8310304,1336177775,722654246.0
2024-11-28 20:00:00,830658145.2155031,757300825.9515084,758429431.101171,1336346506,722738242.0
2024-11-28 21:00:00,830752392.1758878,757394258.0276728,758522506.7661936,1336515295,722821681.0
2024-11-28 22:00:00,830846639.1362725,757483660.5227413,758615312.1251502,1336683776,722903589.0
2024-11-28 23:00:00,830940785.1232779,757567246.5227413,758707850.6894531,1336852441,722983387.0
2024-11-29 00:00:00,831034730.6354547,757650556.5227413,758805684.3632386,1337021425,723061475.0
2024-11-29 01:00:00,831128512.6351255,757734038.186303,758903209.7350208,1337190294,723138358.0
2024-11-29 02:00:00,831222294.6347964,757815556.186303,759000427.899901,1337359332,723214719.0
2024-11-29 03:00:00,831316076.6344672,757896976.7416455,759097340.0212516,1337528470,723291590.0
2024-11-29 04:00:00,831409858.6341381,757979761.7416455,759193947.3351197,1337697529,723369976.0
2024-11-29 05:00:00,831504149.0470799,758069156.9405496,759290251.1549236,1337867141,723451723.0
2024-11-29 06:00:00,831598537.7281052,758159161.3739743,759386252.876457,1338038960,723537564.0
2024-11-29 07:00:00,831693980.4913924,758254920.3739743,759481953.9832269,1338211718,723626621.0
2024-11-29 08:00:00,831793978.1501503,758350037.0115086,759577356.0521439,1338386695,723716457.0
2024-11-29 09:00:00,831894338.6483127,758445172.0115086,759672460.7595897,1338561461,723806430.0
2024-11-29 10:00:00,831994336.3070706,758540307.0115086,759767269.8878878,1338736267,723896480.0
2024-11-29 11:00:00,832089779.0703578,758636106.0115086,759861785.3322045,1338910569,723986844.0
2024-11-29 12:00:00,832184466.0079722,758731905.0115086,759956009.1079075,1339084386,724077995.0
2024-11-29 13:00:00,832279152.9455867,758825412.0115086,760049943.3584167,1339258107,724169431.0
2024-11-29 14:00:00,832373839.8832011,758918919.0115086,760143590.3635756,1339431216,724261115.0
2024-11-29 15:00:00,832468526.8208156,759014007.8082209,760236952.5485831,1339604106,724353676.0
2024-11-29 16:00:00,832568887.318978,759111514.8082209,760330032.4935213,1339775782,724449092.0
2024-11-29 17:00:00,832675957.5868568,759213404.8082209,760422832.9435188,1339947184,724548635.0
2024-11-29 18:00:00,832784300.7550094,759315999.8704126,760515356.8195953,1340118285,724648610.0
2024-11-29 19:00:00,832891371.0228883,759417834.5306866,760607607.2302321,1340287637,724748152.0
2024-11-29 20:00:00,832995833.130427,759518966.5293168,760699587.4837168,1340456702,724846974.0
2024-11-29 21:00:00,833099902.1930844,759616407.1232893,760791301.1013175,1340625901,724944026.0
2024-11-29 22:00:00,833199899.8518423,759711542.1232893,760882751.8313401,1340794699,725038573.0
2024-11-29 23:00:00,833294405.0635307,759805049.1232893,760973943.6641308,1340963677,725130537.0
2024-11-30 00:00:00,833389092.0011451,759900848.1232893,761070335.0786226,1341130862,725220346.0
2024-11-30 01:00:00,833483778.9387596,759994355.1232893,761166420.5002264,1341297843,725308678.0
2024-11-30 02:00:00,833578284.150448,760087784.4421935,761262201.1682856,1341464935,725396295.0
2024-11-30 03:00:00,833672971.0880624,760181291.4421935,761357678.3997322,1341630477,725484251.0
2024-11-30 04:00:00,833767658.0256768,760277090.4421935,761452853.5941073,1341796850,725573290.0
2024-11-30 05:00:00,833868018.5238392,760372103.8312346,761547728.238913,1341963646,725664664.0
2024-11-30 06:00:00,833972480.6313779,760471969.8312346,761642303.9153208,1342130695,725758949.0
2024-11-30 07:00:00,834080823.7995305,760574759.1041113,761736582.3042557,1342299450,725856101.0
2024-11-30 08:00:00,834189166.9676831,760677572.3810977,761830565.1928873,1342470984,725953591.0
2024-11-30 09:00:00,834296237.235562,760778712.3810977,761924254.4815501,1342644149,726049725.0
2024-11-30 10:00:00,834400699.3431007,760878578.3810977,762017652.1911247,1342816829,726144365.0
2024-11-30 11:00:00,834504768.405758,760976556.3810977,762110760.4709109,1342989790,726237652.0
2024-11-30 12:00:00,834605128.9039204,761071865.136988,762203581.6070251,1343163130,726329229.0
2024-11-30 13:00:00,834705126.5626783,761167000.136988,762296118.0313582,1343336640,726419816.0
2024-11-30 14:00:00,834805124.2214363,761262135.136988,762388372.331131,1343509626,726510648.0
2024-11-30 15:00:00,834905484.7195987,761361024.3041114,762480347.259089,1343681106,726603243.0
2024-11-30 16:00:00,835009946.8271374,761461844.8660291,762572045.7443792,1343850173,726700430.0
2024-11-30 17:00:00,835121274.6520826,761565650.8660291,762663470.9041542,1344019543,726802821.0
2024-11-30 18:00:00,835236842.676606,761672332.4400017,762754626.0559553,1344189256,726906409.0
2024-11-30 19:00:00,835352410.7011296,761779014.0139743,762845514.7309252,1344358041,727009839.0
2024-11-30 20:00:00,835465807.3967389,761886067.3178099,762936140.687908,1344526832,727112715.0
2024-11-30 21:00:00,835576779.4909554,761989908.3337003,763026507.9284972,1344695660,727214174.0
2024-11-30 22:00:00,835683849.7588342,762091048.3337003,763116620.7130944,1344864161,727313037.0
2024-11-30 23:00:00,835787918.8214916,762188504.3337003,763206483.5780503,1345032952,727408857.0
2024-12-01 00:00:00,835890990.7869275,762288286.3337003,763302682.1811762,1345200942,727502328.0
2024-12-01 01:00:00,835991351.2850899,762385377.2002757,763398562.0983386,1345369014,727594015.0
2024-12-01 02:00:00,836091711.7832522,762482212.2002757,763494123.7871459,1345537119,727684746.0
2024-12-01 03:00:00,836192072.2814146,762579047.2002757,763589367.7327816,1345704573,727775095.0
2024-12-01 04:00:00,836292432.779577,762675877.7520565,763684294.4497433,1345872250,727865812.0
2024-12-01 05:00:00,836396501.8422344,762775615.6224674,763778904.4836917,1346040376,727957971.0
2024-12-01 06:00:00,836503434.8325775,762884071.5432893,763873198.4134228,1346209286,728052488.0
2024-12-01 07:00:00,836613528.1693022,762987644.5432893,763967176.8529662,1346379221,728149362.0
2024-12-01 08:00:00,836723621.506027,763096673.5432893,764060840.4538214,1346550851,728247507.0
2024-12-01 09:00:00,836830691.7739059,763197773.5432893,764154189.9073392,1346724190,728344581.0
2024-12-01 10:00:00,836935153.8814446,763297660.5432893,764247225.9472593,1346896531,728439658.0
2024-12-01 11:00:00,837037230.9982,763397398.4137002,764339949.3524133,1347068081,728533150.0
2024-12-01 12:00:00,837137591.4963624,763494489.2802756,764432360.949605,1347239788,728625857.0
2024-12-01 13:00:00,837237951.9945248,763591324.2802756,764524461.6166793,1347411477,728718073.0
2024-12-01 14:00:00,837338312.4926872,763688159.2802756,764616252.2857931,1347582231,728810751.0
2024-12-01 15:00:00,837438951.4483671,763785257.2802756,764707733.9468998,1347752273,728905195.0
2024-12-01 16:00:00,837543413.5559058,763894043.2802756,764798907.6514645,1347921180,729003892.0
2024-12-01 17:00:00,837657971.4310251,764002870.2802756,764889774.5164231,1348089751,729107923.0
2024-12-01 18:00:00,837773678.5467668,764113780.7221934,764980335.7284023,1348258187,729213242.0
2024-12-01 19:00:00,837889385.6625084,764224714.7221934,765070592.5482181,1348427655,729318534.0
2024-12-01 20:00:00,838005092.77825,764335625.1641111,765160546.3156724,1348596768,729422978.0
2024-12-01 21:00:00,838120660.8027735,764445195.6073989,765250198.4546653,1348766054,729525049.0
2024-12-01 22:00:00,838230754.1394982,764554224.6073989,765339550.4786472,1348935445,729623549.0
2024-12-01 23:00:00,838335216.2470369,764654111.6073989,765428603.9964317,1349104924,729718583.0
2024-12-02 00:00:00,838442286.5149158,764755947.9537002,765533337.0774717,1349269666,729811547.0
2024-12-02 01:00:00,838546748.6224545,764855984.9537002,765637749.2047938,1349434027,729903491.0
2024-12-02 02:00:00,838651210.7299932,764958341.6706865,765741840.7002769,1349598178,729995326.0
2024-12-02 03:00:00,838758280.9978721,765059437.8191797,765845611.904864,1349762015,730087921.0
2024-12-02 04:00:00,838869253.0920886,765163433.3797276,765949063.17975,1349925763,730182973.0
2024-12-02 05:00:00,838984960.2078302,765276407.2210975,766052194.9076449,1350089255,730283195.0
2024-12-02 06:00:00,839111257.259434,765399950.2210975,766155007.4941194,1350254279,730390694.0
2024-12-02 07:00:00,839249285.9931331,765527594.2210975,766257501.369037,1350419751,730503082.0
2024-12-02 08:00:00,839387314.7268322,765655238.2210975,766359676.9880784,1350587421,730614588.0
2024-12-02 09:00:00,839513611.778436,765771547.2210975,766461534.8343648,1350755536,730722811.0
2024-12-02 10:00:00,839631929.1373969,765887106.1106865,766563075.4201866,1350923474,730828052.0
2024-12-02 11:00:00,839747636.2531385,765997878.915892,766664299.2888438,1351091271,730931238.0
2024-12-02 12:00:00,839863343.3688802,766110852.7572619,766765207.016606,1351259397,731033115.0
2024-12-02 13:00:00,839979050.4846218,766221751.2800016,766865799.2148005,1351428283,731134737.0
2024-12-02 14:00:00,840094757.6003634,766332685.2800016,766966076.5320356,1351596125,731236680.0
2024-12-02 15:00:00,840210464.716105,766443619.2800016,767066039.6565696,1351763153,731340474.0
2024-12-02 16:00:00,840326460.733051,766554062.2800016,767165689.3188338,1351930305,731448315.0
2024-12-02 17:00:00,840453882.4201312,766671403.2800016,767265026.294121,1352096214,731561573.0
2024-12-02 18:00:00,840590148.2820393,766797705.5975358,767364051.4054499,1352262524,731675932.0
2024-12-02 19:00:00,840721406.7139848,766915028.5975358,767462765.5266166,1352429778,731789740.0
2024-12-02 20:00:00,840848828.4010651,767035783.755892,767561169.5854472,1352596413,731902381.0
2024-12-02 21:00:00,840967902.6964649,767150226.755892,767659264.5672635,1352763399,732012271.0
2024-12-02 22:00:00,841083609.8122065,767261408.5583578,767757051.5185764,1352931105,732117542.0
2024-12-02 23:00:00,841199177.83673,767371010.2205496,767854531.551023,1353099021,732218802.0
2024-12-03 00:00:00,841310631.6278833,767475643.5304126,767957795.7275345,1353263266,732317220.0
2024-12-03 01:00:00,841420724.9646081,767579639.7147961,768060739.6270931,1353427367,732414184.0
2024-12-03 02:00:00,841530818.3013328,767684735.9334263,768163363.611781,1353591083,732510773.0
2024-12-03 03:00:00,841641790.3955493,767788713.7824674,768265668.0652535,1353755285,732607693.0
2024-12-03 04:00:00,841757358.4200728,767894245.2808236,768367653.3940877,1353919476,732706746.0
2024-12-03 05:00:00,841873210.850882,768015227.2808236,768469320.0292184,1354084726,732810565.0
2024-12-03 06:00:00,842010437.5660995,768141714.2808236,768570668.4274677,1354252332,732921583.0
2024-12-03 07:00:00,842151940.477976,768275413.2808236,768671699.0731722,1354419476,733036610.0
2024-12-03 08:00:00,842289969.211675,768403057.2808236,768772412.4799167,1354588840,733149902.0
2024-12-03 09:00:00,842416266.2632788,768520364.9191798,768872809.1923798,1354757574,733259475.0
2024-12-03 10:00:00,842533596.5785321,768634932.9191798,768972889.7883,1354926286,733365834.0
2024-12-03 11:00:00,842649303.6942737,768743486.5665771,769072654.8805693,1355095263,733469583.0
2024-12-03 12:00:00,842765010.8100153,768852582.2254812,769172105.119463,1355265379,733571878.0
2024-12-03 13:00:00,842880578.8345388,768962427.2254812,769271241.1950151,1355435729,733673586.0
2024-12-03 14:00:00,842996146.8590623,769073416.5547962,769370063.8395495,1355606241,733775513.0
2024-12-03 15:00:00,843111714.8835858,769183261.5547962,769468573.8303756,1355775844,733878893.0
2024-12-03 16:00:00,843227421.9993274,769294195.5547962,769566771.9926605,1355944191,733986886.0
2024-12-03 17:00:00,843346735.997918,769408638.5547962,769664659.2024907,1356112338,734100755.0
2024-12-03 18:00:00,843475272.787284,769525553.656988,769762236.3901328,1356282146,734215945.0
2024-12-03 19:00:00,843604124.6179454,769642773.6284949,769859504.5435101,1356450145,734330990.0
2024-12-03 20:00:00,843731546.3050257,769759688.7306867,769956464.7119063,1356617948,734445132.0
2024-12-03 21:00:00,843850860.3036163,769874766.0463032,770053118.0099146,1356786261,734556625.0
2024-12-03 22:00:00,843966567.4193579,769985169.7208236,770149465.6216457,1356954362,734663798.0
2024-12-03 23:00:00,844082135.4438814,770094238.2021935,770245508.8052142,1357122391,734766934.0
2024-12-04 00:00:00,844192228.7806062,770197068.8183578,770347305.4999045,1357291164,734867752.0
2024-12-04 01:00:00,844300571.9487587,770300167.176166,770448782.6791761,1357460188,734967199.0
2024-12-04 02:00:00,844408253.4997483,770401222.2454811,770549940.7506138,1357629335,735066255.0
2024-12-04 03:00:00,844516596.6679009,770504349.2454811,770650780.1462259,1357798045,735166013.0
2024-12-04 04:00:00,844627924.4928461,770608536.3934263,770751301.3239775,1357967259,735268121.0
2024-12-04 05:00:00,844743631.6085877,770718814.3934263,770851504.7694224,1358139157,735375319.0
2024-12-04 06:00:00,844869928.6601915,770843615.3230153,770951390.9974421,1358312685,735489940.0
2024-12-04 07:00:00,845007957.3938906,770971259.3230153,771050960.5540965,1358486772,735608399.0
2024-12-04 08:00:00,845139215.8258362,771089994.5509605,771150214.0185951,1358662903,735724937.0
2024-12-04 09:00:00,845258529.8244268,771204437.5509605,771249152.0053972,1358835968,735837826.0
2024-12-04 10:00:00,845374236.9401684,771314487.5509605,771347775.1664478,1359009600,735947255.0
2024-12-04 11:00:00,845489944.05591,771425876.6441113,771446084.1935601,1359182803,736054161.0
2024-12-04 12:00:00,845605512.0804335,771535721.6441113,771544079.8209535,1359356016,736159695.0
2024-12-04 13:00:00,845718908.7760428,771644787.037262,771641762.8279573,1359528389,736265012.0
2024-12-04 14:00:00,845830236.600988,771747808.037262,771739134.0418913,1359700020,736370884.0
2024-12-04 15:00:00,845942447.0156453,771852022.037262,771836194.341136,1359872013,736477936.0
2024-12-04 16:00:00,846058015.0401688,771963048.037262,771932944.658403,1360044259,736587271.0
2024-12-04 17:00:00,846173722.1559104,772071589.037262,772029385.9842217,1360216427,736700054.0
2024-12-04 18:00:00,846290224.4930996,772182312.037262,772125519.3706536,1360388102,736812284.0
2024-12-04 19:00:00,846406430.27843,772293697.566303,772221345.935253,1360557221,736923236.0
2024-12-04 20:00:00,846522137.3941716,772404904.566303,772316866.8652874,1360726341,737032106.0
2024-12-04 21:00:00,846637844.5099132,772516300.0063031,772412083.422237,1360895139,737137699.0
2024-12-04 22:00:00,846748816.6041297,772621369.9572619,772506996.9465913,1361063517,737238214.0
2024-12-04 23:00:00,846853278.7116684,772721168.6632893,772601608.8629626,1361232271,737334118.0
2024-12-05 00:00:00,846953639.2098308,772817440.7391797,772701939.6772454,1361401788,737426742.0
2024-12-05 01:00:00,847053198.5393376,772911363.6706866,772801951.8336047,1361571650,737517618.0
2024-12-05 02:00:00,847148641.3026248,773003863.6706866,772901645.7911502,1361741533,737607848.0
2024-12-05 03:00:00,847248200.6321317,773098482.3860291,773001022.0366554,1361911353,737698376.0
2024-12-05 04:00:00,847348561.1302941,773194754.4619195,773100081.0863004,1362080768,737791031.0
2024-12-05 05:00:00,847455494.1206372,773295712.4619195,773198823.4875283,1362250258,737888407.0
2024-12-05 06:00:00,847571201.2363788,773404682.4619195,773297249.8210225,1362421954,737992833.0
2024-12-05 07:00:00,847688121.0599848,773516495.1537004,773395360.7028122,1362594767,738102227.0
2024-12-05 08:00:00,847805451.3752381,773631059.7632895,773493156.7865149,1362769248,738212705.0
2024-12-05 09:00:00,847921447.392184,773743160.7632895,773590638.7657259,1362944175,738322377.0
2024-12-05 10:00:00,848037154.5079256,773854319.9449333,773687807.3765634,1363119574,738429963.0
2024-12-05 11:00:00,848152861.6236672,773964250.9857552,773784663.4003803,1363294823,738536299.0
2024-12-05 12:00:00,848268568.7394089,774073630.5054812,773881207.6666526,1363469736,738642049.0
2024-12-05 13:00:00,848384275.8551505,774184564.5054812,773977441.0560588,1363643542,738747755.0
2024-12-05 14:00:00,848499982.9708921,774295498.5054812,774073364.5037599,1363817189,738853602.0
2024-12-05 15:00:00,848615690.0866337,774404039.5054812,774168979.0028957,1363989949,738961448.0
2024-12-05 16:00:00,848733020.4018869,774518435.3109607,774264285.6083108,1364160962,739073841.0
2024-12-05 17:00:00,848860702.6959363,774643162.9263031,774359285.4405258,1364331407,739192104.0
2024-12-05 18:00:00,848997929.4111538,774769649.9263031,774453979.6899705,1364501722,739311537.0
2024-12-05 19:00:00,849135156.1263713,774896136.9263031,774548369.6214968,1364670136,739430734.0
2024-12-05 20:00:00,849264007.9570327,775020864.5416456,774642456.579189,1364839620,739548779.0
2024-12-05 21:00:00,849385632.4903936,775139667.5416456,774736241.9914923,1365009139,739663997.0
2024-12-05 22:00:00,849501339.6061352,775252295.8594539,774829727.3766819,1365178643,739774704.0
2024-12-05 23:00:00,849617017.1959287,775362513.1537005,774922914.3486933,1365348070,739880954.0
2024-12-06 00:00:00,849731646.7150213,775471340.1537005,775021781.0863221,1365513648,739984142.0
2024-12-06 01:00:00,849843520.1791788,775575973.4635634,775120330.1322047,1365678114,740085419.0
2024-12-06 02:00:00,849954492.2733953,775680226.7671251,775218562.003822,1365841987,740186027.0
2024-12-06 03:00:00,850065820.0983405,775789266.1342484,775316477.250003,1366005755,740286829.0
2024-12-06 04:00:00,850181388.122864,775899009.5312346,775414076.4529071,1366169907,740389459.0
2024-12-06 05:00:00,850297095.2386056,776010773.5312346,775511360.2301359,1366333973,740496378.0
2024-12-06 06:00:00,850425632.0279716,776135609.5312346,775608329.2369825,1366499780,740610019.0
2024-12-06 07:00:00,850563660.7616707,776263253.5312346,775704984.1688273,1366666302,740727844.0
2024-12-06 08:00:00,850701689.4953698,776390897.5312346,775801325.7636906,1366836417,740844752.0
2024-12-06 09:00:00,850829111.18245,776515625.1465771,775897354.8049519,1367007654,740957780.0
2024-12-06 10:00:00,850948425.1810406,776630200.45781,775993072.1242476,1367178674,741067383.0
2024-12-06 11:00:00,851064421.1979866,776741804.5049334,776088478.604558,1367350019,741174437.0
2024-12-06 12:00:00,851180128.3137282,776851909.5049334,776183575.1834978,1367521708,741279511.0
2024-12-06 13:00:00,851295835.4294698,776962843.5049334,776278362.856822,1367694212,741383859.0
2024-12-06 14:00:00,851411542.5452114,777073727.97781,776372842.6821628,1367866677,741487796.0
2024-12-06 15:00:00,851527249.660953,777184661.97781,776467015.7830125,1368037998,741592979.0
2024-12-06 16:00:00,851643102.0917623,777297314.97781,776560883.3529692,1368207186,741702609.0
2024-12-06 17:00:00,851765917.7468889,777416117.97781,776654446.6602622,1368375989,741817232.0
2024-12-06 18:00:00,851893339.4339691,777540845.5931525,776747707.0525771,1368545081,741932400.0
2024-12-06 19:00:00,852019636.4855729,777661685.5931525,776840665.9621992,1368712258,742046749.0
2024-12-06 20:00:00,852141799.9731852,777780488.5931525,776933324.9114982,1368878765,742160136.0
2024-12-06 21:00:00,852260117.3321462,777896049.9238374,777025685.518776,1369045660,742271425.0
2024-12-06 22:00:00,852375824.4478878,778006175.0145223,777117749.5045027,1369212325,742379272.0
2024-12-06 23:00:00,852491392.4724113,778115137.0145223,777209518.697966,1369378741,742483330.0
2024-12-07 00:00:00,852604789.1680206,778220993.0145223,777306923.3919002,1369544549,742584515.0
2024-12-07 01:00:00,852715761.2622371,778325689.127399,777404011.4834108,1369709356,742683814.0
2024-12-07 02:00:00,852824104.4303896,778434558.0457551,777500783.556136,1369873893,742782033.0
2024-12-07 03:00:00,852932447.5985422,778537685.0457551,777597240.2292525,1370038224,742879763.0
2024-12-07 04:00:00,853042540.935267,778642381.1586318,777693382.1597315,1370203644,742977976.0
2024-12-07 05:00:00,853155937.6308763,778748237.1586318,777789210.0447416,1370370546,743078049.0
2024-12-07 06:00:00,853271644.7466179,778860031.2852072,777884724.6242083,1370538032,743181265.0
2024-12-07 07:00:00,853387351.8623595,778971758.0720564,777979926.6835417,1370706843,743287374.0
2024-12-07 08:00:00,853503058.9781011,779083522.0720564,778074817.0565417,1370878502,743394096.0
2024-12-07 09:00:00,853618766.0938427,779195174.1646591,778169396.6284949,1371051214,743498143.0
2024-12-07 10:00:00,853734334.1183662,779304760.55644,778263666.3394736,1371222224,743598521.0
2024-12-07 11:00:00,853845306.2125827,779409859.55644,778357627.1878526,1371393508,743696068.0
2024-12-07 12:00:00,853952987.7635723,779513346.9893167,778451280.2340568,1371565436,743791636.0
2024-12-07 13:00:00,854057449.871111,779614441.27644,778544626.6045555,1371738371,743886080.0
2024-12-07 14:00:00,854161851.6168272,779714212.1830153,778637667.4961202,1371911062,743980308.0
2024-12-07 15:00:00,854266080.1135682,779813994.1830153,778730404.1803643,1372082275,744075362.0
2024-12-07 16:00:00,854370542.2211069,779916668.1830153,778822838.0085807,1372252642,744174175.0
2024-12-07 17:00:00,854481870.0460521,780021767.1830153,778914970.4169018,1372423124,744277506.0
2024-12-07 18:00:00,854597438.0705756,780131607.5449332,779006802.9317995,1372594268,744381435.0
2024-12-07 19:00:00,854713006.0950991,780241452.5449332,779098337.17595,1372763429,744484950.0
2024-12-07 20:00:00,854828574.1196226,780351297.5449332,779189574.8744887,1372932875,744587612.0
2024-12-07 21:00:00,854941970.8152319,780455239.1375359,779280517.8616791,1373102349,744688268.0
2024-12-07 22:00:00,855050313.9833845,780558366.1375359,779371168.0880263,1373271721,744785680.0
2024-12-07 23:00:00,855154776.0909232,780658248.1375359,779461527.6278633,1373441237,744879210.0
2024-12-08 00:00:00,855249463.0285376,780751985.0213716,779557472.5708176,1373610499,744969394.0
2024-12-08 01:00:00,855343851.7095629,780842586.1320566,779653102.1402668,1373779796,745056836.0
2024-12-08 02:00:00,855438098.6699476,780933158.39781,779748416.9948633,1373949534,745142660.0
2024-12-08 03:00:00,855532345.6303324,781021233.39781,779843417.8335665,1374119413,745227640.0
2024-12-08 04:00:00,855626592.5907171,781110657.39781,779938105.3982109,1374288945,745312598.0
2024-12-08 05:00:00,855720981.2717423,781201300.3128785,780032480.4762399,1374458644,745398353.0
2024-12-08 06:00:00,855815668.2093568,781295011.91781,780126543.9036212,1374629300,745485988.0
2024-12-08 07:00:00,855915665.8681147,781388938.91781,780220296.5679512,1374800660,745575983.0
2024-12-08 08:00:00,856015663.5268726,781482865.91781,780313739.4117645,1374973933,745666705.0
2024-12-08 09:00:00,856111765.9779314,781576794.91781,780406873.4360601,1375147534,745755651.0
2024-12-08 10:00:00,856206452.9155458,781668727.91781,780499699.7040603,1375320228,745841610.0
2024-12-08 11:00:00,856300841.5965711,781759066.5660292,780592219.3452166,1375492458,745925569.0
2024-12-08 12:00:00,856395088.5569558,781849697.8994539,780684433.5594802,1375663741,746008382.0
2024-12-08 13:00:00,856489335.5173405,781939824.6400018,780776343.6218537,1375834802,746090216.0
2024-12-08 14:00:00,856583582.4777253,782030001.6400018,780867950.8872446,1376005282,746171948.0
2024-12-08 15:00:00,856677971.1587505,782120645.6400018,780959256.7956388,1376174122,746254935.0
2024-12-08 16:00:00,856777530.4882574,782214258.6400018,781050262.8776177,1376342092,746341475.0
2024-12-08 17:00:00,856881992.5957961,782313544.6400018,781140970.7602402,1376510881,746433975.0
2024-12-08 18:00:00,856988925.5861392,782415479.8764402,781231382.1733152,1376680810,746527814.0
2024-12-08 19:00:00,857093387.6936779,782524036.4947963,781321498.956091,1376849205,746621387.0
2024-12-08 20:00:00,857197849.8012166,782623326.3863031,781411323.0643896,1377016913,746713976.0
2024-12-08 21:00:00,857298210.299379,782719584.1750702,781500856.578215,1377184624,746804145.0
2024-12-08 22:00:00,857392897.2369934,782813513.1750702,781590101.7098694,1377352662,746890546.0
2024-12-08 23:00:00,857487144.1973782,782904117.1750702,781679060.8126097,1377520522,746973406.0
2024-12-09 00:00:00,857580926.197049,782987663.1750702,781783523.8363416,1377687397,747053776.0
2024-12-09 01:00:00,857674708.1967199,783070564.1750702,781887668.2300968,1377854210,747132725.0
2024-12-09 02:00:00,857768490.1963907,783151300.1750702,781991494.4544811,1378021271,747211109.0
2024-12-09 03:00:00,857862272.1960616,783232136.7997277,782095002.9978515,1378188135,747289622.0
2024-12-09 04:00:00,857956054.1957325,783316391.7997277,782198194.3780649,1378355372,747370316.0
2024-12-09 05:00:00,858050301.1561172,783406125.5693167,782301069.1443399,1378523019,747455465.0
2024-12-09 06:00:00,858150940.1117971,783502256.8841113,782403627.8792405,1378692922,747547395.0
2024-12-09 07:00:00,858258157.6911211,783604476.8841113,782505871.2007875,1378862177,747643636.0
2024-12-09 08:00:00,858365375.2704451,783706696.8841113,782607799.764709,1379031688,747740726.0
2024-12-09 09:00:00,858469837.3779838,783808263.2463031,782709414.2668362,1379200269,747837685.0
2024-12-09 10:00:00,858574239.1237,783906851.2463031,782810715.4456569,1379368065,747934500.0
2024-12-09 11:00:00,858676316.2404555,784003521.3512346,782911704.0850352,1379535426,748030759.0
2024-12-09 12:00:00,858776955.1961354,784100619.3512346,783012381.0171098,1379701808,748126120.0
2024-12-09 13:00:00,858877594.1518153,784198559.9295907,783112747.1253816,1379867898,748220443.0
2024-12-09 14:00:00,858978233.1074952,784296273.1419195,783212803.3480046,1380033374,748313609.0
2024-12-09 15:00:00,859080310.2242507,784394242.1419195,783312550.6812924,1380198315,748406489.0
2024-12-09 16:00:00,859184772.3317894,784494897.9000016,783411990.1834561,1380363238,748501741.0
2024-12-09 17:00:00,859296645.795947,784600100.9000016,783511122.9785872,1380528295,748600961.0
2024-12-09 18:00:00,859408099.5871003,784706449.9000016,783609950.2609043,1380693983,748700304.0
2024-12-09 19:00:00,859518192.923825,784811575.9000016,783708473.2992791,1380860943,748798440.0
2024-12-09 20:00:00,859625125.9141681,784912533.9000016,783806693.4420615,1381028030,748894821.0
2024-12-09 21:00:00,859726627.7810321,785012415.9000016,783904612.1222248,1381195660,748988008.0
2024-12-09 22:00:00,859821314.7186465,785105095.9000016,784002230.8628496,1381363171,749076433.0
2024-12-09 23:00:00,859915561.6790313,785191764.9000016,784099551.2829732,1381530870,749160342.0
2024-12-10 00:00:00,860009343.6787021,785275310.9000016,784202550.290047,1381692245,749241023.0
2024-12-10 01:00:00,860103125.678373,785356046.9000016,784305231.6365426,1381853741,749319575.0
2024-12-10 02:00:00,860196907.6780438,785434291.9000016,784407595.8416257,1382014947,749397074.0
2024-12-10 03:00:00,860290689.6777147,785513468.9671249,784509643.4559097,1382176177,749474385.0
2024-12-10 04:00:00,860384471.6773856,785595837.0852071,784611375.063444,1382337216,749553355.0
2024-12-10 05:00:00,860478762.0903274,785682339.0391797,784712791.2838321,1382498388,749636556.0
2024-12-10 06:00:00,860573528.1412547,785775559.4282207,784813892.7744879,1382661504,749726905.0
2024-12-10 07:00:00,860677597.203912,785873188.4282207,784914680.2330391,1382824742,749821911.0
2024-12-10 08:00:00,860782059.3114507,785971314.095618,785015154.3998877,1382987842,749917629.0
2024-12-10 09:00:00,860884790.7385412,786069204.095618,785115316.0609374,1383149772,750013022.0
2024-12-10 10:00:00,860985429.6942211,786165228.4361659,785215166.0505004,1383310506,750108124.0
2024-12-10 11:00:00,861085790.1923835,786262988.4361659,785314705.254394,1383471305,750202836.0
2024-12-10 12:00:00,861186150.6905459,786359970.944385,785413934.6132412,1383631508,750297097.0
2024-12-10 13:00:00,861286511.1887083,786456896.8191795,785512855.1259872,1383792153,750391358.0
2024-12-10 14:00:00,861386871.6868707,786553080.3890425,785611467.8536478,1383953754,750485406.0
2024-12-10 15:00:00,861487232.1850331,786650867.6295904,785709773.9233049,1384116724,750579479.0
2024-12-10 16:00:00,861591633.9307493,786749506.6295904,785807774.5323646,1384280634,750675911.0
2024-12-10 17:00:00,861699977.0989019,786852586.163837,785905470.953097,1384444336,750775701.0
2024-12-10 18:00:00,861808320.2670544,786955705.4608233,786002864.5374756,1384608197,750875118.0
2024-12-10 19:00:00,861915253.2573975,787056368.4608233,786099956.7223369,1384774195,750973159.0
2024-12-10 20:00:00,862019715.3649362,787155007.4608233,786196749.0348815,1384940109,751069511.0
2024-12-10 21:00:00,862120075.8630986,787251228.4608233,786293243.0985397,1385106184,751162353.0
2024-12-10 22:00:00,862214464.5441239,787344800.9767137,786389440.6392266,1385272215,751250606.0
2024-12-10 23:00:00,862308754.9570657,787431398.0082206,786485343.492012,1385439087,751334133.0
2024-12-11 00:00:00,862402536.9567366,787514944.0082206,786586880.5223223,1385600249,751414322.0
2024-12-11 01:00:00,862496318.9564074,787595185.3224671,786688100.9850057,1385760852,751492283.0
2024-12-11 02:00:00,862590100.9560783,787673312.6301383,786789005.4655995,1385921522,751569176.0
2024-12-11 03:00:00,862683882.9557492,787751329.5873985,786889594.5852926,1386082457,751645949.0
2024-12-11 04:00:00,862777664.95542,787831583.7309601,786989869.0031877,1386243267,751724056.0
2024-12-11 05:00:00,862871610.4675968,787915973.6175355,787089829.4187119,1386404551,751806252.0
2024-12-11 06:00:00,862966297.4052112,788007906.6175355,787189476.5741847,1386567890,751895340.0
2024-12-11 07:00:00,863067799.2720752,788104544.6175355,787288811.2575529,1386731537,751989490.0
2024-12-11 08:00:00,863172027.7688161,788202670.2849327,787387834.305306,1386895243,752085061.0
2024-12-11 09:00:00,863276096.8314735,788300710.3049327,787486546.605582,1387058928,752181750.0
2024-12-11 10:00:00,863379302.6095285,788398339.3049327,787584949.101477,1387224195,752279791.0
2024-12-11 11:00:00,863482374.5749644,788495968.3049327,787683042.7945724,1387390496,752378075.0
2024-12-11 12:00:00,863586443.6376218,788593937.3049327,787780828.7486938,1387558069,752476215.0
2024-12-11 13:00:00,863690905.7451605,788692572.5890423,787878308.0939188,1387725722,752574279.0
2024-12-11 14:00:00,863795367.8526992,788792318.2008231,787975482.0308467,1387894605,752672544.0
2024-12-11 15:00:00,863902438.120578,788893275.9824669,788072351.8351524,1388064331,752771611.0
2024-12-11 16:00:00,864015834.8161874,788997903.1082203,788168918.8624393,1388235741,752873271.0
2024-12-11 17:00:00,864131541.931929,789108005.0720559,788265184.5534145,1388408263,752978821.0
2024-12-11 18:00:00,864247249.0476706,789217427.6175354,788361150.4394057,1388580730,753084996.0
2024-12-11 19:00:00,864362956.1634122,789326080.6175354,788456818.1482447,1388750468,753190801.0
2024-12-11 20:00:00,864478510.8685559,789435679.6175354,788552189.4105403,1388919621,753295956.0
2024-12-11 21:00:00,864590961.2391831,789541334.6175354,788647266.0663685,1389089364,753399045.0
2024-12-11 22:00:00,864695423.3467218,789642267.6369874,788742050.0724068,1389259164,753498586.0
2024-12-11 23:00:00,864795783.8448842,789738936.6369874,788836543.5095444,1389428896,753594502.0
2024-12-12 00:00:00,864896144.3430465,789835122.7021929,788936620.8636205,1389599760,753687754.0
2024-12-12 01:00:00,864993287.0015987,789928899.7021929,789036382.8830792,1389770595,753779757.0
2024-12-12 02:00:00,865089841.2184501,790022676.7021929,789135830.2287151,1389941288,753871526.0
2024-12-12 03:00:00,865190201.7166125,790116437.2397271,789234963.6017578,1390111884,753963881.0
2024-12-12 04:00:00,865294270.7792698,790214294.3391792,789333783.7464472,1390281938,754058621.0
2024-12-12 05:00:00,865405242.8734863,790318266.2580832,789432291.4527771,1390452396,754158454.0
2024-12-12 06:00:00,865521238.8904322,790439000.0528778,789530487.5594182,1390623894,754266131.0
2024-12-12 07:00:00,865647535.942036,790555866.4254805,789628372.9568329,1390794283,754378755.0
2024-12-12 08:00:00,865773832.9936398,790672706.7868503,789725948.5905948,1390966212,754490751.0
2024-12-12 09:00:00,865893146.9922304,790787149.7868503,789823215.464926,1391138655,754599529.0
2024-12-12 10:00:00,866009649.3294196,790898911.7868503,789920174.6464674,1391311296,754705972.0
2024-12-12 11:00:00,866125356.4451612,791013547.7868503,790016827.2682972,1391482996,754810178.0
2024-12-12 12:00:00,866241063.5609028,791125926.399727,790113174.5342139,1391653850,754912784.0
2024-12-12 13:00:00,866356770.6766444,791236199.7073982,790209217.723303,1391824706,755014714.0
2024-12-12 14:00:00,866472477.792386,791345643.4632885,790304958.1948045,1391994221,755117190.0
2024-12-12 15:00:00,866588980.1295753,791457665.2536995,790400397.3933032,1392161887,755221231.0
2024-12-12 16:00:00,866716662.4236246,791582392.869042,790495536.8542615,1392327916,755329775.0
2024-12-12 17:00:00,866858165.3355011,791716091.869042,790590378.2099206,1392494200,755443830.0
2024-12-12 18:00:00,867003273.3681774,791850855.869042,790684923.1955918,1392661109,755558812.0
2024-12-12 19:00:00,867145329.3602902,791985619.869042,790779173.6563662,1392829608,755673573.0
2024-12-12 20:00:00,867286210.1671894,792119186.6972612,790873131.5542709,1392998302,755787715.0
2024-12-12 21:00:00,867424238.9008884,792245673.6972612,790966798.9759004,1393166904,755899398.0
2024-12-12 22:00:00,867550535.9524922,792366458.4471242,791060178.140558,1393336741,756006918.0
2024-12-12 23:00:00,867666741.7378227,792487254.679727,791153271.4089382,1393507231,756110166.0
2024-12-13 00:00:00,867782448.8535643,792598979.679727,791251891.682813,1393671746,756210702.0
2024-12-13 01:00:00,867898016.8780878,792709220.679727,791350198.0139161,1393836184,756309616.0
2024-12-13 02:00:00,868013584.9026113,792814709.1643845,791448191.1484113,1394001056,756407897.0
2024-12-13 03:00:00,868129152.9271348,792924950.1643845,791545871.8783424,1394165767,756506583.0
2024-12-13 04:00:00,868244860.0428764,793035228.1643845,791643241.0445651,1394330603,756607298.0
2024-12-13 05:00:00,868364174.041467,793158364.1643845,791740299.5398704,1394496125,756712399.0
2024-12-13 06:00:00,868502202.775166,793286008.1643845,791837048.3123138,1394662779,756824386.0
2024-12-13 07:00:00,868647310.8078424,793420772.1643845,791933488.3687629,1394830416,756940518.0
2024-12-13 08:00:00,868788813.7197188,793554471.1643845,792029620.7786784,1395000238,757056110.0
2024-12-13 09:00:00,868926040.4349363,793682115.1643845,792125446.6781447,1395170684,757168434.0
2024-12-13 10:00:00,869048856.0900629,793799843.7126037,792220967.2741652,1395340947,757276920.0
2024-12-13 11:00:00,869166186.4053161,793914286.7126037,792316183.849242,1395511149,757382429.0
2024-12-13 12:00:00,869281893.5210577,794026728.7126037,792411097.7662585,1395681021,757485178.0
2024-12-13 13:00:00,869397600.6367993,794139116.5745215,792505710.4736838,1395850390,757586878.0
2024-12-13 14:00:00,869513307.752541,794249553.3254805,792600023.5111231,1396018171,757688413.0
2024-12-13 15:00:00,869629160.1833502,794362206.3254805,792694038.5152347,1396185743,757791283.0
2024-12-13 16:00:00,869750193.5893244,794479330.3254805,792787757.2260411,1396353164,757897830.0
2024-12-13 17:00:00,869887420.3045418,794605817.3254805,792881181.493658,1396521256,758009175.0
2024-12-13 18:00:00,870024647.0197593,794732304.3254805,792974313.2854713,1396690641,758120864.0
2024-12-13 19:00:00,870155905.4517049,794858791.3254805,793067154.6937925,1396859443,758231569.0
2024-12-13 20:00:00,870283327.1387851,794979631.3254805,793159707.944022,1397029045,758341132.0
2024-12-13 21:00:00,870402641.1373757,795098318.5090421,793251975.4033597,1397199760,758448742.0
2024-12-13 22:00:00,870518348.2531173,795210586.7071244,793343959.5900939,1397370967,758553211.0
2024-12-13 23:00:00,870633916.2776408,795320431.7071244,793435663.1835132,1397541925,758654030.0
2024-12-14 00:00:00,870744888.3718573,795424298.7071244,793532829.3083991,1397710457,758751794.0
2024-12-14 01:00:00,870853231.5400099,795526050.6928778,793629683.0625669,1397878844,758847923.0
2024-12-14 02:00:00,870960164.530353,795626588.6928778,793726225.2890607,1398047175,758943195.0
2024-12-14 03:00:00,871067097.520696,795727126.6928778,793822456.8830043,1398215804,759038566.0
2024-12-14 04:00:00,871174779.0716857,795828062.9863024,793918378.7949393,1398385537,759134792.0
2024-12-14 05:00:00,871285751.1659021,795930610.9863024,794013992.0343833,1398555743,759233374.0
2024-12-14 06:00:00,871401319.1904256,796037784.1249325,794109297.6736221,1398726792,759335425.0
2024-12-14 07:00:00,871517026.3061672,796149469.8775352,794204296.8517513,1398898513,759440595.0
2024-12-14 08:00:00,871632733.4219089,796259556.7786311,794298990.778985,1399071799,759546669.0
2024-12-14 09:00:00,871748440.5376505,796370490.7786311,794393380.7412484,1399246181,759650583.0
2024-12-14 10:00:00,871864008.562174,796480200.0273982,794487468.1050742,1399419843,759751179.0
2024-12-14 11:00:00,871975336.3871192,796590603.5336996,794581254.3228233,1399592748,759848814.0
2024-12-14 12:00:00,872083679.5552717,796694096.8794531,794674740.9382507,1399764415,759943905.0
2024-12-14 13:00:00,872188141.6628104,796796714.3273983,794767929.5924402,1399936063,760037020.0
2024-12-14 14:00:00,872292603.7703491,796899071.0443846,794860822.0301341,1400107489,760129937.0
2024-12-14 15:00:00,872399536.7606922,797001004.0838367,794953420.1064818,1400279286,760224369.0
2024-12-14 16:00:00,872510864.5856375,797105649.0838367,795045725.7942384,1400451400,760322704.0
2024-12-14 17:00:00,872626571.7013791,797219194.0838367,795137741.1914421,1400623344,760426191.0
2024-12-14 18:00:00,872742278.8171207,797331423.3668504,795229468.5296029,1400795496,760530446.0
2024-12-14 19:00:00,872857985.9328623,797443643.400823,795320910.1824372,1400966338,760634286.0
2024-12-14 20:00:00,872973693.0486039,797553674.400823,795412068.6751864,1401136461,760737386.0
2024-12-14 21:00:00,873089261.0731274,797663478.0920559,795502946.694557,1401306745,760838953.0
2024-12-14 22:00:00,873200233.1673439,797768577.0920559,795593547.0993259,1401476967,760937536.0
2024-12-14 23:00:00,873304695.2748826,797877146.5668504,795683872.9316561,1401646743,761032600.0
2024-12-15 00:00:00,873405144.0718659,797973850.6726038,795779588.2191066,1401816438,761124549.0
2024-12-15 01:00:00,873504703.4013728,798067622.1936997,795874992.9124317,1401986077,761214283.0
2024-12-15 02:00:00,873599390.3389872,798161543.3550696,795970087.9646639,1402154787,761302713.0
2024-12-15 03:00:00,873694077.2766017,798254720.3550696,796064874.3879753,1402322130,761390538.0
2024-12-15 04:00:00,873788764.2142161,798347897.3550696,796159353.2574816,1402489284,761478416.0
2024-12-15 05:00:00,873884206.9775033,798441826.3550696,796253525.715295,1402656051,761567649.0
2024-12-15 06:00:00,873984567.4756657,798537900.4860286,796347392.9748458,1402823828,761659063.0
2024-12-15 07:00:00,874088795.9724066,798635925.4926039,796440956.3254882,1402992687,761753186.0
2024-12-15 08:00:00,874193258.0799453,798736674.761371,796534217.1374115,1403161972,761849262.0
2024-12-15 09:00:00,874297720.187484,798844871.6243848,796627176.8668748,1403331840,761945935.0
2024-12-15 10:00:00,874402182.2950227,798945621.4178094,796719837.0617906,1403500971,762042736.0
2024-12-15 11:00:00,874506644.4025614,799046841.1265765,796812199.3676764,1403669260,762139743.0
2024-12-15 12:00:00,874610872.8993024,799145328.6698642,796904265.5340025,1403836729,762236777.0
2024-12-15 13:00:00,874714941.9619597,799243261.6698642,796996037.4209616,1404003393,762333356.0
2024-12-15 14:00:00,874819011.0246171,799341221.4479463,797087517.0066876,1404168953,762429719.0
2024-12-15 15:00:00,874923473.1321558,799440967.0597271,797178706.3949564,1404334219,762526651.0
2024-12-15 16:00:00,875031816.3003083,799543270.0597271,797269607.8233981,1404500749,762626101.0
2024-12-15 17:00:00,875147384.3248318,799653115.0597271,797360223.6722589,1404667786,762728939.0
2024-12-15 18:00:00,875262952.3493553,799763345.3189051,797450556.4737455,1404834838,762831809.0
2024-12-15 19:00:00,875378520.3738788,799873019.3189051,797540608.9219964,1405004710,762933522.0
2024-12-15 20:00:00,875490730.7885361,799980310.5435627,797630383.883718,1405173970,763033886.0
2024-12-15 21:00:00,875597948.3678601,800082353.5180832,797719884.4095342,1405343794,763130912.0
2024-12-15 22:00:00,875699450.234724,800182235.5180832,797809113.7460954,1405513576,763223776.0
2024-12-15 23:00:00,875794137.1723385,800276164.5180832,797898075.3490001,1405682733,763312262.0
2024-12-16 00:00:00,875888427.5852803,800363784.5180832,798002285.1118164,1405851277,763397500.0
2024-12-16 01:00:00,875982717.9982221,800448445.780823,798106179.5787694,1406019511,763480567.0
2024-12-16 02:00:00,876076499.997893,800533017.780823,798209759.412788,1406187178,763562636.0
2024-12-16 03:00:00,876170281.9975638,800617589.780823,798313025.3173634,1406354446,763644611.0
2024-12-16 04:00:00,876264572.4105057,800704130.3854805,798415978.0391321,1406521880,763728175.0
2024-12-16 05:00:00,876358961.0915309,800795276.9465764,798518618.3706281,1406690325,763816026.0
2024-12-16 06:00:00,876463030.1541883,800893166.5397271,798620947.153215,1406859904,763910608.0
2024-12-16 07:00:00,876573123.490913,800996722.6690421,798722965.2802105,1407029481,764009996.0
2024-12-16 08:00:00,876684095.5851295,801100774.6690421,798824673.7002155,1407199353,764110653.0
2024-12-16 09:00:00,876794188.9218543,801203066.9282202,798926073.4206628,1407368671,764211122.0
2024-12-16 10:00:00,876902532.0900068,801305206.6936996,799027165.5115987,1407537651,764311349.0
2024-12-16 11:00:00,877009465.0803499,801405840.6558914,799127951.1097139,1407706214,764410916.0
2024-12-16 12:00:00,877113927.1878886,801506429.6558914,799228431.4226397,1407875590,764509625.0
2024-12-16 13:00:00,877218389.2954273,801607018.6558914,799328607.7335285,1408044730,764607937.0
2024-12-16 14:00:00,877322851.402966,801706774.6558914,799428481.4059361,1408214726,764705928.0
2024-12-16 15:00:00,877427313.5105047,801807363.6558914,799528053.8890278,1408384792,764803968.0
2024-12-16 16:00:00,877535656.6786573,801910465.0515078,799627326.7231286,1408556270,764903991.0
2024-12-16 17:00:00,877649852.3962734,802019610.0515078,799726301.5456412,1408727964,765007302.0
2024-12-16 18:00:00,877763249.0918827,802128755.0515078,799824980.0973576,1408899199,765110239.0
2024-12-16 19:00:00,877874221.1860992,802233854.0515078,799923364.2291889,1409068218,765211613.0
2024-12-16 20:00:00,877981902.7370888,802335998.4279462,800021455.9093426,1409237602,765310879.0
2024-12-16 21:00:00,878085971.7997462,802433662.7356174,800119257.2309781,1409407000,765406627.0
2024-12-16 22:00:00,878180658.7373606,802526897.4830147,800216770.4203717,1409576682,765497298.0
2024-12-16 23:00:00,878274905.6977453,802614386.4317818,800313997.8456258,1409745967,765582985.0
2024-12-17 00:00:00,878368687.6974162,802697932.4317818,800416750.6115118,1409914604,765664922.0
2024-12-17 01:00:00,878462469.697087,802778341.4317818,800519189.4779781,1410082974,765744697.0
2024-12-17 02:00:00,878556251.6967579,802857366.6638366,800621315.1935974,1410251302,765823133.0
2024-12-17 03:00:00,878650033.6964288,802935994.9772613,800723128.5529668,1410419657,765901267.0
2024-12-17 04:00:00,878743815.6960996,803016403.9772613,800824630.3996485,1410587797,765980925.0
2024-12-17 05:00:00,878838106.1090415,803101774.4756175,800925821.6293032,1410755782,766064676.0
2024-12-17 06:00:00,878932793.0466559,803195487.4367135,801026703.1930293,1410925063,766155492.0
2024-12-17 07:00:00,879035865.0120918,803295211.0402751,801127276.1009215,1411095052,766251194.0
2024-12-17 08:00:00,879140327.1196305,803393958.0295901,801227541.4258636,1411265830,766347352.0
2024-12-17 09:00:00,879244396.1822878,803491583.4221928,801327500.307571,1411437564,766442424.0
2024-12-17 10:00:00,879345507.3918899,803589219.4221928,801427153.9568999,1411608941,766535589.0
2024-12-17 11:00:00,879445867.8900523,803686176.4221928,801526503.6604402,1411778512,766626548.0
2024-12-17 12:00:00,879546228.3882147,803783160.4221928,801625550.7854134,1411946764,766715619.0
2024-12-17 13:00:00,879646588.8863771,803880144.4221928,801724296.7848932,1412114456,766803963.0
2024-12-17 14:00:00,879746586.545135,803977128.4221928,801822743.2033722,1412280868,766892290.0
2024-12-17 15:00:00,879846947.0432974,804074916.4221928,801920891.682698,1412446130,766981693.0
2024-12-17 16:00:00,879951348.7890136,804173666.4221928,802018743.9684021,1412610290,767073836.0
2024-12-17 17:00:00,880061442.1257384,804276596.5915079,802116301.9164507,1412774145,767171221.0
2024-12-17 18:00:00,880171535.4624631,804381654.201371,802213567.500443,1412937716,767270109.0
2024-12-17 19:00:00,880279878.6306157,804483837.201371,802310542.8192892,1413106073,767368508.0
2024-12-17 20:00:00,880385024.1195234,804586511.201371,802407230.1054002,1413274142,767466176.0
2024-12-17 21:00:00,880487101.2362789,804686393.201371,802503631.7334229,1413443757,767561641.0
2024-12-17 22:00:00,880581867.2872062,804779575.6482203,802599750.2295585,1413614344,767653257.0
2024-12-17 23:00:00,880676114.2475909,804867876.5334258,802695588.2815038,1413784975,767740552.0
2024-12-18 00:00:00,880770404.6605327,804954429.5334258,802796886.9915775,1413948927,767824910.0
2024-12-18 01:00:00,880864350.1727095,805037739.5334258,802897873.3794756,1414113405,767907705.0
2024-12-18 02:00:00,880958132.1723803,805121994.5334258,802998548.2909626,1414278451,767989823.0
2024-12-18 03:00:00,881051914.1720512,805206249.5334258,803098912.6240464,1414444389,768072152.0
2024-12-18 04:00:00,881146204.584993,805290331.8339738,803198967.3323274,1414610750,768156503.0
2024-12-18 05:00:00,881240593.2660183,805384305.8339738,803298713.4285668,1414777494,768245549.0
2024-12-18 06:00:00,881343799.0440733,805480981.5049326,803398151.9884909,1414945332,768341770.0
2024-12-18 07:00:00,881453892.3807981,805584962.781371,803497284.1548454,1415112528,768443060.0
2024-12-18 08:00:00,881564864.4750146,805688972.781371,803596111.1417165,1415281017,768544088.0
2024-12-18 09:00:00,881673207.6431671,805791043.781371,803694634.2391387,1415449427,768642368.0
2024-12-18 10:00:00,881780140.6335102,805893220.8452066,803792854.8180056,1415617728,768738715.0
2024-12-18 11:00:00,881884602.7410489,805992155.8452066,803890774.3353064,1415786265,768833886.0
2024-12-18 12:00:00,881989064.8485876,806090902.8345217,803988394.3397092,1415955196,768928533.0
2024-12-18 13:00:00,882093466.5943038,806189623.5142477,804085716.4775139,1416124531,769023818.0
2024-12-18 14:00:00,882197928.7018425,806288344.1939737,804182742.4990009,1416294864,769119828.0
2024-12-18 15:00:00,882302390.8093812,806387276.400275,804279474.2652007,1416466422,769216704.0
2024-12-18 16:00:00,882410733.9775338,806488653.400275,804375913.7551144,1416638354,769315977.0
2024-12-18 17:00:00,882526302.0020573,806598498.400275,804472063.073414,1416809758,769418619.0
2024-12-18 18:00:00,882641870.0265808,806708343.400275,804567924.4586564,1416980898,769521066.0
2024-12-18 19:00:00,882755266.7221901,806817488.400275,804663500.292045,1417151406,769622547.0
2024-12-18 20:00:00,882866238.8164066,806921540.400275,804758793.1067758,1417321744,769722480.0
2024-12-18 21:00:00,882970700.9239453,807025464.5468503,804853805.598008,1417492201,769819756.0
2024-12-18 22:00:00,883071061.4221077,807123252.5468503,804948540.633502,1417663082,769912592.0
2024-12-18 23:00:00,883165566.6337961,807216845.730686,805043001.2649684,1417834182,770000947.0
2024-12-19 00:00:00,883259813.5941808,807304915.580823,805142849.2419671,1418002035,770085856.0
2024-12-19 01:00:00,883354104.0071226,807390941.580823,805242386.6792458,1418170326,770168950.0
2024-12-19 02:00:00,883448394.4200644,807477018.4317819,805341614.5329108,1418338347,770251243.0
2024-12-19 03:00:00,883542684.8330063,807564225.0723299,805440533.8183949,1418506131,770333939.0
2024-12-19 04:00:00,883636931.793391,807651786.231508,805539145.6142719,1418673201,770418405.0
2024-12-19 05:00:00,883731868.4144015,807743103.231508,805637451.0663228,1418841040,770507621.0
2024-12-19 06:00:00,883839085.9937255,807844750.931234,805735451.3918704,1419010355,770604237.0
2024-12-19 07:00:00,883954654.018249,807951463.2947956,805833147.8843992,1419179927,770706161.0
2024-12-19 08:00:00,884070222.0427725,808058210.2947956,805930541.9184817,1419350229,770808194.0
2024-12-19 09:00:00,884184779.9178919,808167355.2947956,806027634.95503,1419521965,770908580.0
2024-12-19 10:00:00,884296233.7090452,808272000.2947956,806124428.546895,1419694348,771007978.0
2024-12-19 11:00:00,884406327.0457699,808376076.6167134,806220924.3448377,1419867724,771106254.0
2024-12-19 12:00:00,884514670.2139225,808478879.8539736,806317124.1038954,1420039711,771203019.0
2024-12-19 13:00:00,884623013.3820751,808579825.4493161,806413029.6901729,1420211796,771299512.0
2024-12-19 14:00:00,884731356.5502276,808682668.4493161,806508643.0880828,1420383955,771396317.0
2024-12-19 15:00:00,884842328.6444441,808785619.4493161,806603966.4080698,1420556853,771494575.0
2024-12-19 16:00:00,884957896.6689676,808895464.4493161,806699001.8948486,1420729392,771596362.0
2024-12-19 17:00:00,885073749.0997769,809008117.4493161,806793751.9361913,1420901700,771702757.0
2024-12-19 18:00:00,885189954.8851073,809121224.9378093,806888219.0723019,1421074390,771809689.0
2024-12-19 19:00:00,885305807.3159165,809232967.2076724,806982406.0058163,1421247227,771915927.0
2024-12-19 20:00:00,885421514.4316581,809342421.8843846,807076315.6124723,1421420225,772021341.0
2024-12-19 21:00:00,885537221.5473998,809452020.8843846,807169950.9524921,1421593633,772124394.0
2024-12-19 22:00:00,885648193.6416162,809557096.6939737,807263315.2827295,1421767227,772223112.0
2024-12-19 23:00:00,885752655.7491549,809656601.7676723,807356412.0696298,1421940884,772317352.0
2024-12-20 00:00:00,885853016.2473173,809751523.7284942,807454813.0695037,1422113999,772408209.0
2024-12-20 01:00:00,885947782.2982446,809843403.100549,807552905.5451252,1422287999,772496371.0
2024-12-20 02:00:00,886042469.235859,809935336.100549,807650690.5779209,1422462342,772583319.0
2024-12-20 03:00:00,886137156.1734735,810027289.53096,807748169.3167126,1422637030,772669872.0
2024-12-20 04:00:00,886236715.5029804,810121902.0350696,807845342.9820651,1422812129,772757987.0
2024-12-20 05:00:00,886341177.610519,810220041.9073983,807942212.8709196,1422987464,772850353.0
2024-12-20 06:00:00,886455735.4856384,810325305.9073983,808038780.3615339,1423164327,772949306.0
2024-12-20 07:00:00,886571442.60138,810437747.9073983,808135046.9187499,1423341663,773053118.0
2024-12-20 08:00:00,886687149.7171216,810550189.9073983,808231014.0996093,1423517466,773158657.0
2024-12-20 09:00:00,886802856.8328632,810662631.9073983,808326683.5593417,1423693151,773264685.0
2024-12-20 10:00:00,886918563.9486048,810774280.1756176,808422057.0577509,1423868781,773370855.0
2024-12-20 11:00:00,887034129.6240317,810884118.5032889,808517136.4660248,1424044702,773476315.0
2024-12-20 12:00:00,887149697.6485552,810993963.5032889,808611923.7739977,1424220726,773580976.0
2024-12-20 13:00:00,887264255.5236745,811103108.5032889,808706421.0978978,1424396547,773685368.0
2024-12-20 14:00:00,887378451.2412906,811212253.5032889,808800630.6886089,1424572914,773789142.0
2024-12-20 15:00:00,887494019.2658141,811322093.8652067,808894554.9404844,1424749727,773893100.0
2024-12-20 16:00:00,887609726.3815557,811432972.5879464,808988196.4007494,1424926429,773999168.0
2024-12-20 17:00:00,887726228.7187449,811546338.7657546,809081557.779531,1425102237,774108304.0
2024-12-20 18:00:00,887842731.0559341,811658100.7657546,809174641.960559,1425276364,774217149.0
2024-12-20 19:00:00,887958438.1716757,811770414.3953437,809267452.0125842,1425449866,774324607.0
2024-12-20 20:00:00,888074145.2874173,811881286.5271245,809359991.2015603,1425623046,774430917.0
2024-12-20 21:00:00,888189713.3119408,811988033.5271245,809452263.0036435,1425796588,774535101.0
2024-12-20 22:00:00,888300685.4061573,812092267.301645,809544271.119065,1425969980,774635820.0
2024-12-20 23:00:00,888405147.513696,812191797.301645,809636019.4869343,1426143561,774732670.0
2024-12-21 00:00:00,888505786.4693758,812288885.591508,809732977.7576094,1426315421,774826381.0
2024-12-21 01:00:00,888605784.1281338,812385523.601371,809829629.7841809,1426487020,774917975.0
2024-12-21 02:00:00,888701417.7724638,812478539.1731519,809925976.7904613,1426659020,775008480.0
2024-12-21 03:00:00,888796860.535751,812570840.5443847,810022020.0768545,1426830995,775098738.0
2024-12-21 04:00:00,888896858.1945089,812667559.5443847,810117761.0253104,1427002840,775189508.0
2024-12-21 05:00:00,888997969.404111,812764821.5443847,810213201.1046078,1427174655,775282183.0
2024-12-21 06:00:00,889104902.3944541,812866731.1161655,810308341.8759866,1427346909,775378128.0
2024-12-21 07:00:00,889216230.2193993,812970394.1161655,810403184.9991536,1427519506,775477784.0
2024-12-21 08:00:00,889331798.2439228,813075579.1112341,810497732.2386874,1427694588,775579811.0
2024-12-21 09:00:00,889447366.2684463,813181858.1112341,810591985.4708682,1427871927,775682053.0
2024-12-21 10:00:00,889562934.2929698,813288101.0372615,810685946.6909627,1428048893,775783685.0
2024-12-21 11:00:00,889678502.3174933,813397775.0372615,810779618.0209928,1428225194,775884375.0
2024-12-21 12:00:00,889791899.0131027,813502682.0372615,810873001.7180231,1428400833,775984091.0
2024-12-21 13:00:00,889903226.8380479,813611721.4043847,810966100.1830007,1428576449,776082996.0
2024-12-21 14:00:00,890014198.9322643,813717369.5638368,811058915.9701849,1428751000,776182068.0
2024-12-21 15:00:00,890127595.6278737,813826392.9430149,811151451.7972078,1428924078,776282498.0
2024-12-21 16:00:00,890243302.7436153,813938096.4884943,811243710.5558071,1429096777,776386776.0
2024-12-21 17:00:00,890361620.1025763,814053658.7684942,811335695.3232778,1429269632,776496535.0
2024-12-21 18:00:00,890480934.1011668,814170392.3761655,811427409.3746911,1429442356,776607671.0
2024-12-21 19:00:00,890600248.0997574,814285881.391234,811518856.1959331,1429617136,776718625.0
2024-12-21 20:00:00,890719562.098348,814399927.391234,811610039.4976182,1429791321,776829200.0
2024-12-21 21:00:00,890836481.921954,814520723.6238368,811700963.2299377,1429965788,776938268.0
2024-12-21 22:00:00,890952189.0376956,814632988.6553437,811791631.5985065,1430139806,777044821.0
2024-12-21 23:00:00,891067757.0622191,814741950.6553437,811882049.0812764,1430313917,777148323.0
2024-12-22 00:00:00,891181153.7578285,814847463.8953437,811977569.4296021,1430484077,777249356.0
2024-12-22 01:00:00,891292125.8520449,814951102.7284944,812072786.1147413,1430654150,777348954.0
2024-12-22 02:00:00,891402219.1887697,815054741.5616452,812167700.5223427,1430824382,777447989.0
2024-12-22 03:00:00,891512312.5254945,815158380.3947959,812262314.1251289,1430994804,777547127.0
2024-12-22 04:00:00,891623640.3504397,815267412.384385,812356628.4885454,1431165984,777647381.0
2024-12-22 05:00:00,891739208.3749632,815372606.384385,812450645.2767847,1431337365,777749658.0
2024-12-22 06:00:00,891854915.4907048,815484370.384385,812544366.2592086,1431510391,777855159.0
2024-12-22 07:00:00,891970911.5076507,815605167.2137,812637793.3171993,1431683911,777964166.0
2024-12-22 08:00:00,892087413.8448399,815725964.0430151,812730928.4514655,1431859661,778074287.0
2024-12-22 09:00:00,892203266.2756492,815839341.0430151,812823773.7898338,1432038257,778182106.0
2024-12-22 10:00:00,892318973.3913908,815952837.7364398,812916331.595561,1432217292,778287120.0
2024-12-22 11:00:00,892434680.5071324,816064562.7364398,813008604.2762,1432396059,778389722.0
2024-12-22 12:00:00,892550248.5316559,816174792.9956179,813100594.393058,1432575281,778490353.0
2024-12-22 13:00:00,892665816.5561794,816284551.6358918,813192304.6712859,1432754221,778589500.0
2024-12-22 14:00:00,892781384.5807029,816391646.6824671,813283738.0106442,1432932678,778688379.0
2024-12-22 15:00:00,892897062.1704963,816502314.6824671,813374897.4969887,1433109428,778788909.0
2024-12-22 16:00:00,893013058.1874423,816615691.6824671,813465786.4145254,1433284293,778894257.0
2024-12-22 17:00:00,893140479.8745226,816740435.9515082,813556408.2588887,1433459828,779006619.0
2024-12-22 18:00:00,893277706.58974,816866922.9515082,813646766.7510965,1433636069,779121172.0
2024-12-22 19:00:00,893414933.3049575,816993409.9515082,813736865.852443,1433810930,779236402.0
2024-12-22 20:00:00,893552160.020175,817119896.9515082,813826709.7803936,1433985474,779351591.0
2024-12-22 21:00:00,893678457.0717788,817240736.9515082,813916303.0255489,1434160194,779465399.0
2024-12-22 22:00:00,893795787.387032,817356313.5254807,814005650.3697517,1434335364,779576189.0
2024-12-22 23:00:00,893911494.5027736,817469810.2189054,814094756.9054141,1434510504,779683723.0
2024-12-23 00:00:00,894027196.5785824,817580478.2189054,814198737.5686114,1434687664,779789319.0
2024-12-23 01:00:00,894142764.6031059,817688829.2189054,814302407.7463017,1434864869,779893763.0
2024-12-23 02:00:00,894258332.6276294,817797180.2189054,814405768.3976537,1435041695,779997962.0
2024-12-23 03:00:00,894374010.2174228,817907848.2189054,814508820.5413481,1435218485,780102767.0
2024-12-23 04:00:00,894489717.3331645,818019612.2189054,814611565.2594036,1435395439,780209545.0
2024-12-23 05:00:00,894611880.8207767,818142748.2189054,814714003.7012558,1435573317,780320504.0
2024-12-23 06:00:00,894750577.9965638,818276447.2189054,814816137.0881048,1435752300,780436797.0
2024-12-23 07:00:00,894895383.8393672,818411211.2189054,814917966.7175497,1435931568,780557238.0
2024-12-23 08:00:00,895040189.6821705,818545975.2189054,815019493.9685291,1436113440,780677714.0
2024-12-23 09:00:00,895181692.594047,818679674.2189054,815120720.3065895,1436297113,780794454.0
2024-12-23 10:00:00,895312951.0259925,818806161.2189054,815221647.2895014,1436479581,780907214.0
2024-12-23 11:00:00,895432265.0245831,818921650.233974,815322276.5732484,1436661138,781016332.0
2024-12-23 12:00:00,895548261.041529,819033742.0391794,815422609.9184133,1436841917,781122446.0
2024-12-23 13:00:00,895663968.1572707,819143424.5589055,815522649.1969893,1437021747,781226650.0
2024-12-23 14:00:00,895779675.2730123,819253684.874522,815622396.3996431,1437200877,781329843.0
2024-12-23 15:00:00,895895382.3887539,819363380.874522,815721853.6434617,1437377669,781433972.0
2024-12-23 16:00:00,896013699.7477149,819477948.874522,815821023.1802161,1437552874,781541453.0
2024-12-23 17:00:00,896144958.1796604,819604435.874522,815919907.4051749,1437728121,781653873.0
2024-12-23 18:00:00,896282986.9133595,819730922.874522,816018508.8665069,1437902720,781766604.0
2024-12-23 19:00:00,896421015.6470586,819857409.874522,816116830.2753121,1438076852,781878212.0
2024-12-23 20:00:00,896552274.0790042,819983896.874522,816214874.5163227,1438251093,781988732.0
2024-12-23 21:00:00,896674860.4046447,820099862.874522,816312644.6593217,1438425224,782096765.0
2024-12-23 22:00:00,896790567.5203863,820212097.2498645,816410143.9713246,1438599720,782200868.0
2024-12-23 23:00:00,896906135.5449098,820317897.7410973,816507375.9295797,1438774342,782300749.0
2024-12-24 00:00:00,897017463.369855,820422155.194522,816609909.732235,1438946504,782396911.0
2024-12-24 01:00:00,897125806.5380076,820524603.7400014,816712135.0714519,1439118314,782490677.0
2024-12-24 02:00:00,897230268.6455463,820626282.7400014,816814053.0321198,1439289665,782583140.0
2024-12-24 03:00:00,897334730.753085,820727903.4520563,816915664.7667339,1439460641,782674915.0
2024-12-24 04:00:00,897439192.8606237,820829582.4520563,817016971.4997563,1439631766,782767474.0
2024-12-24 05:00:00,897547536.0287763,820932052.4520563,817117974.5322641,1439803066,782862182.0
2024-12-24 06:00:00,897663104.0532998,821036352.7468508,817218675.2469041,1439975660,782960186.0
2024-12-24 07:00:00,897778811.1690414,821145153.7520564,817319075.1131766,1440148614,783061376.0
2024-12-24 08:00:00,897894518.284783,821255877.0293167,817419175.6930684,1440322014,783164237.0
2024-12-24 09:00:00,898010225.4005246,821365032.0293167,817518978.6470593,1440495087,783267774.0
2024-12-24 10:00:00,898125932.5162662,821474208.625481,817618485.7405275,1440667955,783370819.0
2024-12-24 11:00:00,898241639.6320078,821583577.4435632,817717698.8505802,1440840082,783472336.0
2024-12-24 12:00:00,898357341.7078166,821693176.4435632,817816619.9733388,1441011590,783571352.0
2024-12-24 13:00:00,898472909.7323401,821803016.8054811,817915251.2317089,1441182037,783668180.0
2024-12-24 14:00:00,898587539.2514327,821912153.1802756,818013594.8836677,1441351914,783763789.0
2024-12-24 15:00:00,898703107.2759562,822021827.1802756,818111653.331105,1441521942,783859224.0
2024-12-24 16:00:00,898818814.3916978,822128680.2473989,818209429.1292529,1441692206,783956049.0
2024-12-24 17:00:00,898935316.728887,822240374.7484947,818306924.9967473,1441863316,784055074.0
2024-12-24 18:00:00,899051312.7458329,822352887.355344,818404143.8263608,1442034527,784152603.0
2024-12-24 19:00:00,899167019.8615745,822461879.0449331,818501088.6964554,1442207912,784248227.0
2024-12-24 20:00:00,899282726.9773161,822570626.0216454,818597762.8832011,1442381386,784342576.0
2024-12-24 21:00:00,899398281.6824598,822678958.035344,818694169.8736154,1442555065,784435513.0
2024-12-24 22:00:00,899511678.3780692,822783436.3665769,818790313.3794764,1442728760,784526166.0
2024-12-24 23:00:00,899620021.5462217,822886651.005481,818886197.352172,1442902162,784613978.0
2024-12-25 00:00:00,899714526.7579101,822976373.005481,818987288.5564399,1443071236,784699194.0
2024-12-25 01:00:00,899808773.7182949,823065112.005481,819088073.5848835,1443240260,784782462.0
2024-12-25 02:00:00,899903020.6786796,823151592.005481,819188553.6652328,1443409881,784864641.0
2024-12-25 03:00:00,899997267.6390643,823239232.2375358,819288730.1020488,1443579747,784946511.0
2024-12-25 04:00:00,900091514.599449,823326419.2375358,819388604.2816933,1443749850,785028891.0
2024-12-25 05:00:00,900185903.2804743,823415069.0476729,819488177.6776279,1443920113,785112943.0
2024-12-25 06:00:00,900282005.731533,823508472.0476729,819587451.8560634,1444092184,785199542.0
2024-12-25 07:00:00,900382644.687213,823605190.6643852,819686428.4819839,1444265215,785288885.0
2024-12-25 08:00:00,900487106.7947516,823704720.6643852,819785109.3255719,1444439774,785379965.0
2024-12-25 09:00:00,900591568.9022903,823804250.6643852,819883496.2690582,1444614696,785471326.0
2024-12-25 10:00:00,900695637.9649477,823898752.0684948,819981591.3140292,1444789300,785562145.0
2024-12-25 11:00:00,900796948.1349286,823996318.026303,820079396.5892198,1444963016,785652055.0
2024-12-25 12:00:00,900897308.633091,824092987.026303,820176914.3588254,1445136449,785740649.0
2024-12-25 13:00:00,900997306.2918489,824185786.9813715,820274147.0313692,1445309680,785827945.0
2024-12-25 14:00:00,901092749.0551361,824279189.9813715,820371097.1691602,1445482471,785914472.0
2024-12-25 15:00:00,901187435.9927505,824369932.9813715,820467767.4983846,1445654164,786001378.0
2024-12-25 16:00:00,901288074.9484304,824466601.9813715,820564160.9198707,1445825602,786090273.0
2024-12-25 17:00:00,901395756.49942,824568490.5980839,820660280.5205762,1445997605,786182223.0
2024-12-25 18:00:00,901504099.6675726,824671331.6723304,820756129.5858434,1446169933,786274594.0
2024-12-25 19:00:00,901612442.8357252,824774103.6723304,820851711.6124775,1446343261,786366883.0
2024-12-25 20:00:00,901720786.0038778,824876867.7794536,820947030.322702,1446516811,786459253.0
2024-12-25 21:00:00,901827856.2717566,824978546.7794536,821042089.6790525,1446690470,786550929.0
2024-12-25 22:00:00,901931925.334414,825075671.9923303,821136893.9002708,1446864348,786640612.0
2024-12-25 23:00:00,902028027.7854728,825169074.9923303,821231447.4782698,1447037829,786727782.0
2024-12-26 00:00:00,902122793.8364,825262477.9923303,821331100.9070938,1447207460,786812725.0
2024-12-26 01:00:00,902217480.7740145,825355910.0235631,821430450.7494576,1447377079,786896466.0
2024-12-26 02:00:00,902311985.9857029,825445632.0235631,821529498.3954448,1447546743,786979716.0
2024-12-26 03:00:00,902406672.9233173,825539021.3898646,821628245.3224851,1447716230,787063237.0
2024-12-26 04:00:00,902502115.6866045,825632424.3898646,821726693.1010212,1447885044,787148447.0
2024-12-26 05:00:00,902606577.7941432,825728722.3898646,821824843.4005501,1448054705,787237213.0
2024-12-26 06:00:00,902722145.8186667,825838481.0301385,821922697.9960672,1448225708,787330952.0
2024-12-26 07:00:00,902837852.9344083,825950160.785207,822020258.7749364,1448398156,787428956.0
2024-12-26 08:00:00,902953560.0501499,826061858.414522,822117527.7442194,1448572190,787528650.0
2024-12-26 09:00:00,903069237.6399434,826167164.414522,822214507.038491,1448745852,787628383.0
2024-12-26 10:00:00,903182634.3355527,826271051.5865768,822311198.9281768,1448919489,787727399.0
2024-12-26 11:00:00,903292466.0020379,826375329.5865768,822407605.8284457,1449093180,787825243.0
2024-12-26 12:00:00,903399398.992381,826476953.2821933,822503730.3086971,1449267333,787921533.0
2024-12-26 13:00:00,903503861.0999197,826576381.4613714,822599575.1026818,1449441226,788016557.0
2024-12-26 14:00:00,903608323.2074584,826675848.7523303,822695143.1192995,1449614375,788110818.0
2024-12-26 15:00:00,903712785.3149971,826773438.5586317,822790437.4541199,1449787144,788205674.0
2024-12-26 16:00:00,903823757.4092135,826877762.5586317,822885461.4016751,1449959450,788303109.0
2024-12-26 17:00:00,903939464.5249552,826984733.4465768,822980218.468577,1450132561,788405385.0
2024-12-26 18:00:00,904055171.6406968,827096844.7635632,823074712.387515,1450306538,788508327.0
2024-12-26 19:00:00,904170878.7564384,827207731.6775358,823168947.1321938,1450480692,788610607.0
2024-12-26 20:00:00,904286585.87218,827318319.1202755,823262926.9332767,1450654771,788711862.0
2024-12-26 21:00:00,904401365.0085958,827425567.7772619,823356656.2954,1450829057,788811071.0
2024-12-26 22:00:00,904509046.5595855,827527246.7772619,823450140.015336,1451003226,788907008.0
2024-12-26 23:00:00,904610548.4264494,827624027.7772619,823543383.2013775,1451176704,788999538.0
2024-12-27 00:00:00,904705314.4773767,827717430.7772619,823641604.3150392,1451347530,789089287.0
2024-12-27 01:00:00,904800001.4149911,827810839.2383578,823739524.7746226,1451518588,789177395.0
2024-12-27 02:00:00,904894390.0960164,827899717.0720564,823837146.1548096,1451689722,789264723.0
2024-12-27 03:00:00,904988895.3077048,827989436.9835633,823934470.1296186,1451861237,789351990.0
2024-12-27 04:00:00,905083582.2453192,828081021.9487687,824031498.4788666,1452032727,789440463.0
2024-12-27 05:00:00,905185659.3620747,828176294.9487687,824128233.0950601,1452204204,789532068.0
2024-12-27 06:00:00,905296987.18702,828279065.0501386,824224675.9907461,1452377344,789628473.0
2024-12-27 07:00:00,905412694.3027616,828390699.7024673,824320829.3063507,1452551721,789728589.0
2024-12-27 08:00:00,905528401.4185032,828502334.354796,824416695.3185408,1452727248,789829801.0
2024-12-27 09:00:00,905643969.4430267,828608154.7545221,824512276.4491439,1452903313,789930128.0
2024-12-27 10:00:00,905755297.2679719,828712409.7545221,824607575.2746631,1453079841,790028507.0
2024-12-27 11:00:00,905863640.4361244,828814551.8438371,824702594.5364281,1453256247,790124543.0
2024-12-27 12:00:00,905968102.5436631,828912441.4142481,824797337.1514252,1453431843,790218757.0
2024-12-27 13:00:00,906072564.6512018,829008870.6706865,824891806.2238528,1453607046,790311880.0
2024-12-27 14:00:00,906177026.7587405,829107444.4663029,824986005.0574503,1453781498,790404592.0
2024-12-27 15:00:00,906281488.8662792,829203084.7197275,825079937.1686554,1453955609,790498201.0
2024-12-27 16:00:00,906389832.0344318,829304761.3057549,825173606.3006432,1454129982,790594306.0
2024-12-27 17:00:00,906505400.0589553,829411818.4101385,825267016.4383098,1454305219,790694094.0
2024-12-27 18:00:00,906619957.9340746,829518938.4101385,825360171.8242625,1454480559,790793300.0
2024-12-27 19:00:00,906731285.7590199,829622732.7742481,825453076.9758868,1454655115,790890927.0
2024-12-27 20:00:00,906839628.9271724,829726292.9720564,825545736.703563,1454829782,790986826.0
2024-12-27 21:00:00,906944091.0347111,829825693.2315085,825638156.1301104,1455004304,791080061.0
2024-12-27 22:00:00,907044451.5328735,829922474.2315085,825730340.7115438,1455178525,791169547.0
2024-12-27 23:00:00,907139138.470488,830013217.2315085,825822296.2592314,1455352365,791255077.0
2024-12-28 00:00:00,907233428.8834298,830100492.2315085,825919091.242613,1455526149,791337234.0
2024-12-28 01:00:00,907327210.8831006,830185044.9197277,826015588.8943665,1455699363,791416937.0
2024-12-28 02:00:00,907420992.8827715,830267945.9197277,826111790.9991395,1455872678,791495089.0
2024-12-28 03:00:00,907514774.8824424,830350052.6016455,826207699.454591,1456045765,791572435.0
2024-12-28 04:00:00,907608556.8821132,830432751.7654811,826303316.2787632,1456218627,791649762.0
2024-12-28 05:00:00,907702338.8817841,830514263.7712345,826398643.6179439,1456390887,791728278.0
2024-12-28 06:00:00,907796629.2947259,830597878.9539742,826493683.7550534,1456561723,791808886.0
2024-12-28 07:00:00,907890876.2551106,830685784.3802756,826588439.1185902,1456733320,791891833.0
2024-12-28 08:00:00,907985381.466799,830774974.5252072,826682912.2921743,1456904743,791976929.0
2024-12-28 09:00:00,908080068.4044135,830865454.1076729,826777106.0247288,1457076426,792063589.0
2024-12-28 10:00:00,908174755.3420279,830955933.6901387,826871023.241342,1457246394,792151058.0
2024-12-28 11:00:00,908269442.2796423,831046133.1849332,826964667.054857,1457415408,792238421.0
2024-12-28 12:00:00,908363689.2400271,831136613.1849332,827058040.7782387,1457583412,792324873.0
2024-12-28 13:00:00,908457936.2004118,831224931.1849332,827151147.9377689,1457750038,792410265.0
2024-12-28 14:00:00,908552183.1607965,831313660.556166,827243992.2871293,1457915650,792495115.0
2024-12-28 15:00:00,908646430.1211812,831402399.556166,827336577.8224283,1458081108,792579900.0
2024-12-28 16:00:00,908740935.3328696,831493142.556166,827428908.7982411,1458246328,792666389.0
2024-12-28 17:00:00,908840932.9916276,831586880.556166,827520989.7447268,1458412214,792756151.0
2024-12-28 18:00:00,908940930.6503855,831679038.3342482,827612825.4859005,1458578333,792846223.0
2024-12-28 19:00:00,909035696.7013128,831769647.1345222,827704421.1591365,1458748018,792935077.0
2024-12-28 20:00:00,909130383.6389272,831860390.1345222,827795782.2359873,1458917518,793022578.0
2024-12-28 21:00:00,909224630.599312,831949129.1345222,827886914.5444088,1459087342,793107889.0
2024-12-28 22:00:00,909318921.0122538,832036168.1345222,827977824.2924873,1459257459,793190120.0
2024-12-28 23:00:00,909412703.0119246,832118364.0726044,828068518.0937709,1459427714,793269039.0
2024-12-29 00:00:00,909506485.0115955,832195417.0726044,828163893.9558556,1459593859,793344813.0
2024-12-29 01:00:00,909600267.0112664,832270470.9449332,828258976.2524904,1459760607,793418329.0
2024-12-29 02:00:00,909694049.0109372,832345017.9449332,828353767.007223,1459928302,793490391.0
2024-12-29 03:00:00,909787831.0106081,832418609.9449332,828448268.3722142,1460096663,793561724.0
2024-12-29 04:00:00,909881613.0102789,832492201.9449332,828542482.6366489,1460266047,793632927.0
2024-12-29 05:00:00,909975395.0099498,832566748.9449332,828636412.235709,1460435762,793704972.0
2024-12-29 06:00:00,910069177.0096207,832643522.8358921,828730059.7601448,1460607144,793778718.0
2024-12-29 07:00:00,910162959.0092915,832721852.8358921,828823427.9664872,1460779349,793854620.0
2024-12-29 08:00:00,910256741.0089624,832804604.8358921,828916519.7879415,1460952396,793932630.0
2024-12-29 09:00:00,910350523.0086333,832888205.8358921,829009338.3460125,1461126170,794012019.0
2024-12-29 10:00:00,910444305.0083041,832972058.5126044,829101886.9629074,1461299450,794091882.0
2024-12-29 11:00:00,910538087.007975,833055918.5126044,829194169.1747719,1461473372,794171706.0
2024-12-29 12:00:00,910631869.0076458,833139778.5126044,829286188.7458135,1461646958,794252191.0
2024-12-29 13:00:00,910725651.0073167,833223638.5126044,829377949.6833752,1461819937,794332865.0
2024-12-29 14:00:00,910819433.0069876,833307498.5126044,829469456.2540228,1461993137,794413766.0
2024-12-29 15:00:00,910913723.4199294,833393448.2580838,829560713.000714,1462167876,794495269.0
2024-12-29 16:00:00,911007970.3803141,833482230.0410975,829651724.7611253,1462342568,794579352.0
2024-12-29 17:00:00,911102657.3179286,833575539.0441113,829742496.6872146,1462517604,794667234.0
2024-12-29 18:00:00,911197423.3688558,833668012.6361661,829833034.2661026,1462692666,794755531.0
2024-12-29 19:00:00,911292110.3064703,833760136.6361661,829923343.3423655,1462866714,794842862.0
2024-12-29 20:00:00,911386498.9874955,833850757.8526045,830013430.141834,1463040545,794928731.0
2024-12-29 21:00:00,911480745.9478803,833938668.927673,830103301.2970021,1463214415,795012279.0
2024-12-29 22:00:00,911574527.9475511,834022528.927673,830192963.8741548,1463388216,795092760.0
2024-12-29 23:00:00,911668309.947222,834102776.7243853,830282425.4023355,1463561698,795169861.0
2024-12-30 00:00:00,911762091.9468929,834179290.7243853,830386211.9069104,1463732343,795244321.0
2024-12-30 01:00:00,911855873.9465637,834255687.7243853,830489694.9014734,1463902709,795316807.0
2024-12-30 02:00:00,911949655.9462346,834331029.7750702,830592875.7805254,1464073619,795388425.0
2024-12-30 03:00:00,912043437.9459054,834406331.2383579,830695756.026185,1464244345,795459924.0
2024-12-30 04:00:00,912137219.9455763,834481532.5331525,830798337.2138721,1464415036,795532813.0
2024-12-30 05:00:00,912231001.9452472,834564248.1065772,830900621.0183681,1464585435,795608932.0
2024-12-30 06:00:00,912325248.9056319,834653003.9010977,831002609.2202791,1464756999,795690358.0
2024-12-30 07:00:00,912425246.5643898,834747461.9010977,831104303.7129275,1464928857,795776173.0
2024-12-30 08:00:00,912525607.0625522,834843122.4868511,831205706.5097028,1465102137,795863401.0
2024-12-30 09:00:00,912625967.5607146,834938783.0726045,831306819.7519015,1465276529,795950504.0
2024-12-30 10:00:00,912726328.058877,835033203.7238374,831407645.7170893,1465453301,796036984.0
2024-12-30 11:00:00,912825684.4382534,835128298.2287688,831508186.8280208,1465628488,796122527.0
2024-12-30 12:00:00,912920450.4891807,835224096.1438373,831608445.6621557,1465803128,796207461.0
2024-12-30 13:00:00,913015216.540108,835319894.0589058,831708424.96181,1465977396,796292270.0
2024-12-30 14:00:00,913109982.5910352,835414262.6501387,831808127.6449859,1466151636,796377061.0
2024-12-30 15:00:00,913206844.4900545,835509384.4139744,831907556.8169283,1466323865,796462335.0
2024-12-30 16:00:00,913307955.6996566,835604236.4775361,832006715.7824535,1466493942,796550311.0
2024-12-30 17:00:00,913416298.8678092,835707307.4775361,832105608.0591068,1466664493,796643196.0
2024-12-30 18:00:00,913524642.0359617,835808950.4775361,832204237.391202,1466835911,796737348.0
2024-12-30 19:00:00,913631712.3038406,835910080.3334265,832302607.764804,1467010243,796830878.0
2024-12-30 20:00:00,913736174.4113793,836007786.8723305,832400723.4237202,1467184194,796923211.0
2024-12-30 21:00:00,913836813.3670592,836103474.7712346,832498588.8865663,1467358469,797013825.0
2024-12-30 22:00:00,913931500.3046737,836199174.0931524,832596208.9649824,1467532768,797101257.0
2024-12-30 23:00:00,914025747.2650584,836288635.0931524,832693588.7830775,1467706781,797185499.0
2024-12-31 00:00:00,914119529.2647293,836372181.0931524,832795943.1370118,1467880901,797266911.0
2024-12-31 01:00:00,914213311.2644001,836452414.7663031,832897996.9228427,1468055893,797346532.0
2024-12-31 02:00:00,914307093.264071,836531163.7663031,832999751.7202556,1468231089,797425414.0
2024-12-31 03:00:00,914400875.2637419,836609882.8876729,833101209.2085806,1468406563,797504224.0
2024-12-31 04:00:00,914494657.2634127,836689669.5408236,833202371.1732749,1468582237,797584376.0
2024-12-31 05:00:00,914588439.2630836,836771864.6208236,833303239.5128349,1468758060,797667912.0
2024-12-31 06:00:00,914682384.7752603,836855062.3797277,833403816.2461687,1468935742,797756172.0
2024-12-31 07:00:00,914776631.735645,836944523.3797277,833504103.5204594,1469113818,797848301.0
2024-12-31 08:00:00,914870878.6960298,837031595.1342483,833604103.6195518,1469293830,797940919.0
2024-12-31 09:00:00,914965125.6564145,837120324.5054811,833703818.9728993,1469474639,798031687.0
2024-12-31 10:00:00,915059372.6167992,837207344.5054811,833803252.1651082,1469655433,798120939.0
2024-12-31 11:00:00,915153663.029741,837293665.9309605,833902405.9461186,1469836364,798209145.0
2024-12-31 12:00:00,915247953.4426829,837378822.576988,834001283.2420682,1470017052,798296553.0
2024-12-31 13:00:00,915342243.8556247,837463343.7205496,834099887.1668818,1470197496,798383707.0
2024-12-31 14:00:00,915436534.2685665,837548962.4780838,834198221.0346384,1470377268,798471212.0
2024-12-31 15:00:00,915530824.6815083,837638423.4780838,834296288.3727674,1470556400,798559634.0
2024-12-31 16:00:00,915625329.8931967,837729027.2035633,834394092.936131,1470734998,798650697.0
2024-12-31 17:00:00,915725690.3913591,837824751.2035633,834491638.7220516,1470913683,798745318.0
2024-12-31 18:00:00,915826139.1883425,837920475.2035633,834588929.9863516,1471092825,798839145.0
2024-12-31 19:00:00,915926499.6865048,838016199.2035633,834685971.260471,1471269699,798930261.0
2024-12-31 20:00:00,916026497.3452628,838108332.3808236,834782767.3697386,1471446305,799018722.0
2024-12-31 21:00:00,916121184.2828772,838199411.9961661,834879323.4528753,1471623106,799104686.0
2024-12-31 22:00:00,916215431.2432619,838286902.3994538,834975644.9828123,1471799622,799188119.0
2024-12-31 23:00:00,916309213.2429328,838369785.0739743,835071737.7889158,1471975851,799269280.0
