,Ours,Competitor1,Competitor2,PJM
2024-01-01 01:00:00,0.0,0.0,0.0,0.0
2024-01-01 02:00:00,0.0,0.0,0.0,0.0
2024-01-01 03:00:00,0.0,0.0,0.0,0.0
2024-01-01 04:00:00,0.0,0.0,0.0,0.0
2024-01-01 05:00:00,0.0,0.0,0.0,0.0
2024-01-01 06:00:00,0.0,0.0,0.0,0.0
2024-01-01 07:00:00,0.0,0.0,0.0,0.0
2024-01-01 08:00:00,0.0,0.0,0.0,0.0
2024-01-01 09:00:00,0.0,0.0,0.0,0.0
2024-01-01 10:00:00,0.0,0.0,0.0,0.0
2024-01-01 11:00:00,0.0,0.0,0.0,0.0
2024-01-01 12:00:00,0.0,0.0,0.0,0.0
2024-01-01 13:00:00,0.0,0.0,0.0,0.0
2024-01-01 14:00:00,0.0,0.0,0.0,0.0
2024-01-01 15:00:00,0.0,0.0,0.0,0.0
2024-01-01 16:00:00,0.0,0.0,0.0,0.0
2024-01-01 17:00:00,0.0,0.0,-728.0360967743763,0.0
2024-01-01 18:00:00,0.0,0.0,-2194.636511333825,0.0
2024-01-01 19:00:00,0.0,0.0,-2983.7909431176377,0.0
2024-01-01 20:00:00,0.0,0.0,-2983.7909431176377,0.0
2024-01-01 21:00:00,0.0,0.0,-2983.7909431176377,0.0
2024-01-01 22:00:00,0.0,0.0,-2983.7909431176377,0.0
2024-01-01 23:00:00,0.0,0.0,-2983.7909431176377,0.0
2024-01-02 00:00:00,0.0,0.0,-2983.7909431176377,0.0
2024-01-02 01:00:00,0.0,0.0,-2983.7909431176377,0.0
2024-01-02 02:00:00,0.0,0.0,-2983.7909431176377,0.0
2024-01-02 03:00:00,0.0,0.0,-2983.7909431176377,0.0
2024-01-02 04:00:00,0.0,0.0,-2983.7909431176377,0.0
2024-01-02 05:00:00,0.0,0.0,-2983.7909431176377,0.0
2024-01-02 06:00:00,0.0,0.0,-2983.7909431176377,0.0
2024-01-02 07:00:00,0.0,0.0,-5707.5240154489,0.0
2024-01-02 08:00:00,0.0,0.0,-9807.890432740838,0.0
2024-01-02 09:00:00,0.0,0.0,-13336.882686466022,0.0
2024-01-02 10:00:00,0.0,0.0,-15882.492972067455,0.0
2024-01-02 11:00:00,0.0,0.0,-16696.713174955483,0.0
2024-01-02 12:00:00,0.0,0.0,-16696.713174955483,0.0
2024-01-02 13:00:00,0.0,0.0,-16696.713174955483,0.0
2024-01-02 14:00:00,0.0,0.0,-16696.713174955483,0.0
2024-01-02 15:00:00,0.0,0.0,-16840.285167579248,0.0
2024-01-02 16:00:00,0.0,0.0,-20554.421309565805,0.0
2024-01-02 17:00:00,0.0,0.0,-30269.11128740599,0.0
2024-01-02 18:00:00,0.0,0.0,-42043.344356203874,0.0
2024-01-02 19:00:00,0.0,0.0,-53609.10931839791,0.0
2024-01-02 20:00:00,0.0,0.0,-64188.3945013208,0.0
2024-01-02 21:00:00,0.0,0.0,-72484.18773352973,0.0
2024-01-02 22:00:00,0.0,0.0,-77294.4763198352,0.0
2024-01-02 23:00:00,0.0,0.0,-78608.24701495247,0.0
2024-01-03 00:00:00,0.0,0.0,-78608.24701495247,0.0
2024-01-03 01:00:00,0.0,0.0,-78608.24701495247,0.0
2024-01-03 02:00:00,0.0,0.0,-78608.24701495247,0.0
2024-01-03 03:00:00,0.0,0.0,-78608.24701495247,0.0
2024-01-03 04:00:00,0.0,0.0,-78608.24701495247,0.0
2024-01-03 05:00:00,0.0,0.0,-78608.24701495247,0.0
2024-01-03 06:00:00,0.0,0.0,-85335.15022686099,0.0
2024-01-03 07:00:00,0.0,0.0,-96912.67917956659,0.0
2024-01-03 08:00:00,0.0,0.0,-108214.82605986693,0.0
2024-01-03 09:00:00,0.0,0.0,-115899.58274401267,0.0
2024-01-03 10:00:00,0.0,0.0,-120049.94078293223,0.0
2024-01-03 11:00:00,0.0,0.0,-122010.89138667037,0.0
2024-01-03 12:00:00,0.0,0.0,-122667.42540799556,0.0
2024-01-03 13:00:00,0.0,0.0,-122859.53332512896,0.0
2024-01-03 14:00:00,0.0,0.0,-123007.2052235433,0.0
2024-01-03 15:00:00,0.0,0.0,-124842.430776779,0.0
2024-01-03 16:00:00,0.0,0.0,-130240.19922622025,0.0
2024-01-03 17:00:00,0.0,0.0,-140796.49935977045,0.0
2024-01-03 18:00:00,0.0,0.0,-152419.31948936358,0.0
2024-01-03 19:00:00,0.0,0.0,-163413.64742724257,0.0
2024-01-03 20:00:00,0.0,0.0,-173263.47046093346,0.0
2024-01-03 21:00:00,0.0,0.0,-180421.7753268383,0.0
2024-01-03 22:00:00,0.0,0.0,-183308.54818236583,0.0
2024-01-03 23:00:00,0.0,0.0,-183308.54818236583,0.0
2024-01-04 00:00:00,0.0,0.0,-183308.54818236583,0.0
2024-01-04 01:00:00,0.0,0.0,-183308.54818236583,0.0
2024-01-04 02:00:00,0.0,0.0,-183308.54818236583,0.0
2024-01-04 03:00:00,0.0,0.0,-183308.54818236583,0.0
2024-01-04 04:00:00,0.0,0.0,-183308.54818236583,0.0
2024-01-04 05:00:00,0.0,0.0,-183308.54818236583,0.0
2024-01-04 06:00:00,0.0,0.0,-185394.23168440978,0.0
2024-01-04 07:00:00,0.0,0.0,-192567.5248772035,0.0
2024-01-04 08:00:00,0.0,0.0,-200973.41930197185,0.0
2024-01-04 09:00:00,0.0,0.0,-209364.90615847864,0.0
2024-01-04 10:00:00,0.0,0.0,-217398.97628860024,0.0
2024-01-04 11:00:00,0.0,0.0,-224423.62015901794,0.0
2024-01-04 12:00:00,0.0,0.0,-230833.82784297864,0.0
2024-01-04 13:00:00,0.0,0.0,-237446.58900107036,0.0
2024-01-04 14:00:00,0.0,0.0,-243555.89286095486,0.0
2024-01-04 15:00:00,0.0,0.0,-249927.72819599728,0.0
2024-01-04 16:00:00,0.0,0.0,-259165.08330272854,0.0
2024-01-04 17:00:00,0.0,0.0,-274367.9459770722,0.0
2024-01-04 18:00:00,0.0,0.0,-291879.3034892638,0.0
2024-01-04 19:00:00,0.0,0.0,-309497.1425573855,0.0
2024-01-04 20:00:00,0.0,0.0,-326336.44931943447,0.0
2024-01-04 21:00:00,0.0,0.0,-341118.2093038396,0.0
2024-01-04 22:00:00,0.0,0.0,-352421.40739833354,0.0
2024-01-04 23:00:00,0.0,0.0,-360334.02781708306,0.0
2024-01-05 00:00:00,0.0,0.0,-360334.02781708306,0.0
2024-01-05 01:00:00,0.0,0.0,-360334.02781708306,0.0
2024-01-05 02:00:00,0.0,0.0,-360334.02781708306,0.0
2024-01-05 03:00:00,0.0,0.0,-360431.6302479451,0.0
2024-01-05 04:00:00,0.0,0.0,-363051.8503988757,0.0
2024-01-05 05:00:00,0.0,0.0,-370985.6801278094,0.0
2024-01-05 06:00:00,0.0,0.0,-386535.1109662679,0.0
2024-01-05 07:00:00,0.0,0.0,-407423.13410373434,0.0
2024-01-05 08:00:00,0.0,-750.8635616438405,-427916.74037119275,0.0
2024-01-05 09:00:00,0.0,-750.8635616438405,-444274.920223784,0.0
2024-01-05 10:00:00,0.0,-750.8635616438405,-456301.663722528,0.0
2024-01-05 11:00:00,0.0,-750.8635616438405,-464958.96051505854,0.0
2024-01-05 12:00:00,0.0,-750.8635616438405,-471161.79981531214,0.0
2024-01-05 13:00:00,0.0,-750.8635616438405,-475529.17038211256,0.0
2024-01-05 14:00:00,0.0,-750.8635616438405,-479258.06049658376,0.0
2024-01-05 15:00:00,0.0,-750.8635616438405,-484099.45793832524,0.0
2024-01-05 16:00:00,0.0,-750.8635616438405,-493036.34996027616,0.0
2024-01-05 17:00:00,0.0,-750.8635616438405,-507884.7232621917,0.0
2024-01-05 18:00:00,0.0,-750.8635616438405,-524464.5639626499,0.0
2024-01-05 19:00:00,0.0,-750.8635616438405,-540834.857569502,0.0
2024-01-05 20:00:00,0.0,-750.8635616438405,-556478.5889486748,0.0
2024-01-05 21:00:00,0.0,-750.8635616438405,-570309.7422912273,0.0
2024-01-05 22:00:00,0.0,-750.8635616438405,-581050.3010785567,0.0
2024-01-05 23:00:00,0.0,-750.8635616438405,-588372.2480456455,0.0
2024-01-06 00:00:00,0.0,-750.8635616438405,-588372.2480456455,0.0
2024-01-06 01:00:00,0.0,-750.8635616438405,-588372.2480456455,0.0
2024-01-06 02:00:00,0.0,-750.8635616438405,-588372.2480456455,0.0
2024-01-06 03:00:00,0.0,-750.8635616438405,-588372.2480456455,0.0
2024-01-06 04:00:00,0.0,-750.8635616438405,-588372.2480456455,0.0
2024-01-06 05:00:00,0.0,-750.8635616438405,-588372.2480456455,0.0
2024-01-06 06:00:00,0.0,-750.8635616438405,-588808.3904790931,0.0
2024-01-06 07:00:00,0.0,-750.8635616438405,-592067.1063428624,0.0
2024-01-06 08:00:00,0.0,-750.8635616438405,-597667.3856857454,0.0
2024-01-06 09:00:00,0.0,-750.8635616438405,-605526.2181424198,0.0
2024-01-06 10:00:00,0.0,-750.8635616438405,-614929.5929130951,0.0
2024-01-06 11:00:00,0.0,-750.8635616438405,-625076.4987420501,0.0
2024-01-06 12:00:00,0.0,-750.8635616438405,-635552.9238949979,0.0
2024-01-06 13:00:00,0.0,-750.8635616438405,-645913.8561352093,0.0
2024-01-06 14:00:00,0.0,-750.8635616438405,-655956.2826983216,0.0
2024-01-06 15:00:00,0.0,-750.8635616438405,-665958.1902657564,0.0
2024-01-06 16:00:00,0.0,-750.8635616438405,-677318.5649366649,0.0
2024-01-06 17:00:00,0.0,-750.8635616438405,-691187.3921983117,0.0
2024-01-06 18:00:00,0.0,-750.8635616438405,-704983.656894808,0.0
2024-01-06 19:00:00,0.0,-750.8635616438405,-717316.343194093,0.0
2024-01-06 20:00:00,0.0,-750.8635616438405,-727854.4345530615,0.0
2024-01-06 21:00:00,0.0,-750.8635616438405,-736024.9136807276,0.0
2024-01-06 22:00:00,0.0,-750.8635616438405,-741302.7624993046,0.0
2024-01-06 23:00:00,0.0,-750.8635616438405,-743510.9621030802,0.0
2024-01-07 00:00:00,0.0,-750.8635616438405,-743510.9621030802,0.0
2024-01-07 01:00:00,0.0,-750.8635616438405,-743510.9621030802,0.0
2024-01-07 02:00:00,0.0,-750.8635616438405,-743510.9621030802,0.0
2024-01-07 03:00:00,0.0,-750.8635616438405,-743510.9621030802,0.0
2024-01-07 04:00:00,0.0,-750.8635616438405,-743510.9621030802,0.0
2024-01-07 05:00:00,0.0,-750.8635616438405,-743510.9621030802,0.0
2024-01-07 06:00:00,0.0,-750.8635616438405,-743510.9621030802,0.0
2024-01-07 07:00:00,0.0,-750.8635616438405,-743510.9621030802,0.0
2024-01-07 08:00:00,0.0,-750.8635616438405,-744008.8723743566,0.0
2024-01-07 09:00:00,0.0,-750.8635616438405,-746157.3134959938,0.0
2024-01-07 10:00:00,0.0,-750.8635616438405,-748246.2737182906,0.0
2024-01-07 11:00:00,0.0,-750.8635616438405,-750057.7407881841,0.0
2024-01-07 12:00:00,0.0,-750.8635616438405,-752087.7019240041,0.0
2024-01-07 13:00:00,0.0,-750.8635616438405,-754547.1437888328,0.0
2024-01-07 14:00:00,0.0,-750.8635616438405,-757738.0524623867,0.0
2024-01-07 15:00:00,0.0,-750.8635616438405,-762334.4134113354,0.0
2024-01-07 16:00:00,0.0,-750.8635616438405,-770213.2114579643,0.0
2024-01-07 17:00:00,0.0,-750.8635616438405,-782404.4307470813,0.0
2024-01-07 18:00:00,0.0,-750.8635616438405,-795622.0547110667,0.0
2024-01-07 19:00:00,0.0,-750.8635616438405,-808436.0660329511,0.0
2024-01-07 20:00:00,0.0,-750.8635616438405,-820015.4466074076,0.0
2024-01-07 21:00:00,0.0,-750.8635616438405,-828862.1774995311,0.0
2024-01-07 22:00:00,0.0,-750.8635616438405,-834351.2389012725,0.0
2024-01-07 23:00:00,0.0,-750.8635616438405,-836649.6100853875,0.0
2024-01-08 00:00:00,0.0,-750.8635616438405,-836649.6100853875,0.0
2024-01-08 01:00:00,0.0,-750.8635616438405,-836649.6100853875,0.0
2024-01-08 02:00:00,0.0,-750.8635616438405,-836649.6100853875,0.0
2024-01-08 03:00:00,0.0,-750.8635616438405,-836649.6100853875,0.0
2024-01-08 04:00:00,0.0,-750.8635616438405,-836649.6100853875,0.0
2024-01-08 05:00:00,0.0,-750.8635616438405,-836649.6100853875,0.0
2024-01-08 06:00:00,0.0,-750.8635616438405,-836688.6544220718,0.0
2024-01-08 07:00:00,0.0,-750.8635616438405,-842426.3073265902,0.0
2024-01-08 08:00:00,0.0,-750.8635616438405,-848539.5603091359,0.0
2024-01-08 09:00:00,0.0,-750.8635616438405,-852155.4045372604,0.0
2024-01-08 10:00:00,0.0,-750.8635616438405,-853186.83081939,0.0
2024-01-08 11:00:00,0.0,-750.8635616438405,-853186.83081939,0.0
2024-01-08 12:00:00,0.0,-750.8635616438405,-853186.83081939,0.0
2024-01-08 13:00:00,0.0,-750.8635616438405,-853186.83081939,0.0
2024-01-08 14:00:00,0.0,-750.8635616438405,-853186.83081939,0.0
2024-01-08 15:00:00,0.0,-750.8635616438405,-853186.83081939,0.0
2024-01-08 16:00:00,0.0,-750.8635616438405,-855034.5339811493,0.0
2024-01-08 17:00:00,0.0,-750.8635616438405,-862670.743216921,0.0
2024-01-08 18:00:00,0.0,-750.8635616438405,-872356.445751262,0.0
2024-01-08 19:00:00,0.0,-750.8635616438405,-881909.628254701,0.0
2024-01-08 20:00:00,0.0,-750.8635616438405,-890581.2768157165,0.0
2024-01-08 21:00:00,0.0,-750.8635616438405,-896833.3769111574,0.0
2024-01-08 22:00:00,0.0,-750.8635616438405,-899073.9133750137,0.0
2024-01-08 23:00:00,0.0,-750.8635616438405,-899073.9133750137,0.0
2024-01-09 00:00:00,0.0,-750.8635616438405,-899073.9133750137,0.0
2024-01-09 01:00:00,0.0,-750.8635616438405,-899073.9133750137,0.0
2024-01-09 02:00:00,0.0,-750.8635616438405,-899073.9133750137,0.0
2024-01-09 03:00:00,0.0,-750.8635616438405,-899073.9133750137,0.0
2024-01-09 04:00:00,0.0,-750.8635616438405,-899073.9133750137,0.0
2024-01-09 05:00:00,0.0,-750.8635616438405,-899073.9133750137,0.0
2024-01-09 06:00:00,0.0,-750.8635616438405,-899760.7026729388,0.0
2024-01-09 07:00:00,0.0,-750.8635616438405,-905658.0830809254,0.0
2024-01-09 08:00:00,0.0,-750.8635616438405,-913047.0453963992,0.0
2024-01-09 09:00:00,0.0,-750.8635616438405,-921008.5800396433,0.0
2024-01-09 10:00:00,0.0,-1704.3531506849395,-929656.6770354605,0.0
2024-01-09 11:00:00,0.0,-5718.895616438385,-938211.3259938436,0.0
2024-01-09 12:00:00,0.0,-6324.895616438385,-946531.5160895984,0.0
2024-01-09 13:00:00,0.0,-8914.192054794548,-954440.2360408563,0.0
2024-01-09 14:00:00,0.0,-10903.95863013703,-961119.4740864143,0.0
2024-01-09 15:00:00,0.0,-14801.95863013703,-967204.2179618314,0.0
2024-01-09 16:00:00,0.0,-15959.410958904147,-974203.4548742111,0.0
2024-01-09 17:00:00,0.0,-15959.410958904147,-983033.1714755907,0.0
2024-01-09 18:00:00,0.0,-15959.410958904147,-991042.3538348564,0.0
2024-01-09 19:00:00,0.0,-15959.410958904147,-996682.9874080983,0.0
2024-01-09 20:00:00,0.0,-15959.410958904147,-999493.0570073103,0.0
2024-01-09 21:00:00,0.0,-15959.410958904147,-999493.0570073103,0.0
2024-01-09 22:00:00,0.0,-15959.410958904147,-999493.0570073103,0.0
2024-01-09 23:00:00,0.0,-15959.410958904147,-999493.0570073103,0.0
2024-01-10 00:00:00,0.0,-15959.410958904147,-999493.0570073103,0.0
2024-01-10 01:00:00,0.0,-15959.410958904147,-999493.0570073103,0.0
2024-01-10 02:00:00,0.0,-15959.410958904147,-999493.0570073103,0.0
2024-01-10 03:00:00,0.0,-15959.410958904147,-999493.0570073103,0.0
2024-01-10 04:00:00,0.0,-15959.410958904147,-999493.0570073103,0.0
2024-01-10 05:00:00,0.0,-15959.410958904147,-999493.0570073103,0.0
2024-01-10 06:00:00,0.0,-15959.410958904147,-999493.0570073103,0.0
2024-01-10 07:00:00,0.0,-15959.410958904147,-1001081.1275544761,0.0
2024-01-10 08:00:00,0.0,-15959.410958904147,-1004339.7602840385,0.0
2024-01-10 09:00:00,0.0,-15959.410958904147,-1006823.9447929095,0.0
2024-01-10 10:00:00,0.0,-15959.410958904147,-1009143.6702420367,0.0
2024-01-10 11:00:00,0.0,-15959.410958904147,-1011753.9253348701,0.0
2024-01-10 12:00:00,0.0,-15959.410958904147,-1015755.6982946523,0.0
2024-01-10 13:00:00,0.0,-15959.410958904147,-1020568.9768404631,0.0
2024-01-10 14:00:00,0.0,-15959.410958904147,-1025151.7481619463,0.0
2024-01-10 15:00:00,0.0,-15959.410958904147,-1030433.9988926402,0.0
2024-01-10 16:00:00,0.0,-15959.410958904147,-1038240.7150818307,0.0
2024-01-10 17:00:00,0.0,-15959.410958904147,-1049814.8821648394,0.0
2024-01-10 18:00:00,0.0,-15959.410958904147,-1062167.4849316534,0.0
2024-01-10 19:00:00,0.0,-15959.410958904147,-1073883.5074938003,0.0
2024-01-10 20:00:00,0.0,-15959.410958904147,-1084158.9332493625,0.0
2024-01-10 21:00:00,0.0,-15959.410958904147,-1091836.744846021,0.0
2024-01-10 22:00:00,0.0,-15959.410958904147,-1095559.9241420098,0.0
2024-01-10 23:00:00,0.0,-15959.410958904147,-1095559.9241420098,0.0
2024-01-11 00:00:00,0.0,-15959.410958904147,-1095559.9241420098,0.0
2024-01-11 01:00:00,0.0,-15959.410958904147,-1095559.9241420098,0.0
2024-01-11 02:00:00,0.0,-15959.410958904147,-1095559.9241420098,0.0
2024-01-11 03:00:00,0.0,-15959.410958904147,-1095559.9241420098,0.0
2024-01-11 04:00:00,0.0,-15959.410958904147,-1095559.9241420098,0.0
2024-01-11 05:00:00,0.0,-15959.410958904147,-1095559.9241420098,0.0
2024-01-11 06:00:00,0.0,-15959.410958904147,-1101116.0926345263,0.0
2024-01-11 07:00:00,0.0,-15959.410958904147,-1111791.8127234369,0.0
2024-01-11 08:00:00,0.0,-15959.410958904147,-1122472.073555828,0.0
2024-01-11 09:00:00,0.0,-15959.410958904147,-1129932.8638204648,0.0
2024-01-11 10:00:00,0.0,-15959.410958904147,-1134691.171725031,0.0
2024-01-11 11:00:00,0.0,-15959.410958904147,-1137269.9849721224,0.0
2024-01-11 12:00:00,0.0,-15959.410958904147,-1137682.290733917,0.0
2024-01-11 13:00:00,0.0,-15959.410958904147,-1137682.290733917,0.0
2024-01-11 14:00:00,0.0,-15959.410958904147,-1137682.290733917,0.0
2024-01-11 15:00:00,0.0,-15959.410958904147,-1137682.290733917,0.0
2024-01-11 16:00:00,0.0,-15959.410958904147,-1139965.4267007418,0.0
2024-01-11 17:00:00,0.0,-15959.410958904147,-1147764.982097688,0.0
2024-01-11 18:00:00,0.0,-15959.410958904147,-1157915.9402981114,0.0
2024-01-11 19:00:00,0.0,-15959.410958904147,-1168176.2839234879,0.0
2024-01-11 20:00:00,0.0,-15959.410958904147,-1177942.9948042773,0.0
2024-01-11 21:00:00,0.0,-15959.410958904147,-1185667.0539385707,0.0
2024-01-11 22:00:00,0.0,-15959.410958904147,-1189961.4414483823,0.0
2024-01-11 23:00:00,0.0,-15959.410958904147,-1191134.1365334506,0.0
2024-01-12 00:00:00,0.0,-15959.410958904147,-1191134.1365334506,0.0
2024-01-12 01:00:00,0.0,-15959.410958904147,-1191134.1365334506,0.0
2024-01-12 02:00:00,0.0,-15959.410958904147,-1191134.1365334506,0.0
2024-01-12 03:00:00,0.0,-16256.410958904147,-1191134.1365334506,0.0
2024-01-12 04:00:00,0.0,-16256.410958904147,-1191134.1365334506,0.0
2024-01-12 05:00:00,0.0,-16256.410958904147,-1191877.3922320749,0.0
2024-01-12 06:00:00,0.0,-16256.410958904147,-1200219.188477748,0.0
2024-01-12 07:00:00,0.0,-16256.410958904147,-1213808.513944547,0.0
2024-01-12 08:00:00,0.0,-16256.410958904147,-1226922.3568245925,0.0
2024-01-12 09:00:00,0.0,-16256.410958904147,-1236505.704803991,0.0
2024-01-12 10:00:00,0.0,-16256.410958904147,-1243278.5450374484,0.0
2024-01-12 11:00:00,0.0,-16256.410958904147,-1248205.8641214848,0.0
2024-01-12 12:00:00,0.0,-16256.410958904147,-1252619.6480661607,0.0
2024-01-12 13:00:00,0.0,-16256.410958904147,-1257125.8822652323,0.0
2024-01-12 14:00:00,0.0,-16256.410958904147,-1262291.5514646412,0.0
2024-01-12 15:00:00,0.0,-16256.410958904147,-1268284.6397292388,0.0
2024-01-12 16:00:00,0.0,-16256.410958904147,-1276638.1304076412,0.0
2024-01-12 17:00:00,0.0,-16256.410958904147,-1287861.0060951037,0.0
2024-01-12 18:00:00,0.0,-16256.410958904147,-1298559.2485942962,0.0
2024-01-12 19:00:00,0.0,-16256.410958904147,-1307246.8388738527,0.0
2024-01-12 20:00:00,0.0,-16256.410958904147,-1313590.7570245643,0.0
2024-01-12 21:00:00,0.0,-16256.410958904147,-1316778.9822130702,0.0
2024-01-12 22:00:00,0.0,-16256.410958904147,-1316778.9822130702,0.0
2024-01-12 23:00:00,0.0,-16256.410958904147,-1316778.9822130702,0.0
2024-01-13 00:00:00,0.0,-16256.410958904147,-1316778.9822130702,0.0
2024-01-13 01:00:00,0.0,-16256.410958904147,-1316778.9822130702,0.0
2024-01-13 02:00:00,0.0,-16256.410958904147,-1316778.9822130702,0.0
2024-01-13 03:00:00,0.0,-16256.410958904147,-1316778.9822130702,0.0
2024-01-13 04:00:00,0.0,-16256.410958904147,-1316778.9822130702,0.0
2024-01-13 05:00:00,0.0,-16256.410958904147,-1316778.9822130702,0.0
2024-01-13 06:00:00,0.0,-16256.410958904147,-1316778.9822130702,0.0
2024-01-13 07:00:00,0.0,-16256.410958904147,-1316778.9822130702,0.0
2024-01-13 08:00:00,0.0,-16256.410958904147,-1316778.9822130702,0.0
2024-01-13 09:00:00,0.0,-16256.410958904147,-1316778.9822130702,0.0
2024-01-13 10:00:00,0.0,-16256.410958904147,-1318722.3000836144,0.0
2024-01-13 11:00:00,0.0,-16256.410958904147,-1321552.0678893004,0.0
2024-01-13 12:00:00,0.0,-16256.410958904147,-1324728.2703540314,0.0
2024-01-13 13:00:00,0.0,-16256.410958904147,-1327047.8915193027,0.0
2024-01-13 14:00:00,0.0,-16256.410958904147,-1329488.9147089778,0.0
2024-01-13 15:00:00,0.0,-16256.410958904147,-1333299.322492077,0.0
2024-01-13 16:00:00,0.0,-16256.410958904147,-1340674.0966434628,0.0
2024-01-13 17:00:00,0.0,-16256.410958904147,-1352975.2181022947,0.0
2024-01-13 18:00:00,0.0,-16256.410958904147,-1367711.6669281197,0.0
2024-01-13 19:00:00,0.0,-16256.410958904147,-1382321.4222544553,0.0
2024-01-13 20:00:00,0.0,-16256.410958904147,-1396367.4622397162,0.0
2024-01-13 21:00:00,0.0,-16256.410958904147,-1408921.764015322,0.0
2024-01-13 22:00:00,0.0,-16256.410958904147,-1419502.3036308168,0.0
2024-01-13 23:00:00,0.0,-16256.410958904147,-1427646.0559958173,0.0
2024-01-14 00:00:00,0.0,-16256.410958904147,-1427646.0559958173,0.0
2024-01-14 01:00:00,0.0,-16256.410958904147,-1427646.0559958173,0.0
2024-01-14 02:00:00,0.0,-16256.410958904147,-1427646.0559958173,0.0
2024-01-14 03:00:00,0.0,-16256.410958904147,-1427646.0559958173,0.0
2024-01-14 04:00:00,0.0,-16256.410958904147,-1428354.96891945,0.0
2024-01-14 05:00:00,0.0,-16256.410958904147,-1431131.3864571026,0.0
2024-01-14 06:00:00,0.0,-16256.410958904147,-1437115.2957285217,0.0
2024-01-14 07:00:00,0.0,-16256.410958904147,-1446757.6832931808,0.0
2024-01-14 08:00:00,0.0,-16256.410958904147,-1457946.535121884,0.0
2024-01-14 09:00:00,0.0,-16256.410958904147,-1468623.8365667865,0.0
2024-01-14 10:00:00,0.0,-16256.410958904147,-1478001.5723297433,0.0
2024-01-14 11:00:00,0.0,-16256.410958904147,-1487336.7264288822,0.0
2024-01-14 12:00:00,0.0,-16256.410958904147,-1498359.2821633008,0.0
2024-01-14 13:00:00,0.0,-16256.410958904147,-1508975.22207577,0.0
2024-01-14 14:00:00,0.0,-16256.410958904147,-1518965.527913329,0.0
2024-01-14 15:00:00,0.0,-16256.410958904147,-1530020.1805856444,0.0
2024-01-14 16:00:00,0.0,-16256.410958904147,-1545852.1601209987,0.0
2024-01-14 17:00:00,0.0,-16256.410958904147,-1567967.4456197657,0.0
2024-01-14 18:00:00,0.0,-16256.410958904147,-1592989.0152052215,0.0
2024-01-14 19:00:00,0.0,-16256.410958904147,-1617793.8459715303,0.0
2024-01-14 20:00:00,0.0,-16256.410958904147,-1642326.9139287341,0.0
2024-01-14 21:00:00,0.0,-16256.410958904147,-1665337.193944563,0.0
2024-01-14 22:00:00,0.0,-16256.410958904147,-1685514.6596828746,0.0
2024-01-14 23:00:00,0.0,-16256.410958904147,-1702983.2835385173,0.0
2024-01-15 00:00:00,0.0,-16256.410958904147,-1702983.2835385173,0.0
2024-01-15 01:00:00,0.0,-16256.410958904147,-1702983.2835385173,0.0
2024-01-15 02:00:00,0.0,-16256.410958904147,-1702983.2835385173,0.0
2024-01-15 03:00:00,0.0,-16256.410958904147,-1702983.2835385173,0.0
2024-01-15 04:00:00,0.0,-16256.410958904147,-1703745.6739163927,0.0
2024-01-15 05:00:00,0.0,-16256.410958904147,-1708397.6350454402,0.0
2024-01-15 06:00:00,0.0,-16256.410958904147,-1718249.156889395,0.0
2024-01-15 07:00:00,0.0,-16256.410958904147,-1732530.2289942857,0.0
2024-01-15 08:00:00,0.0,-16256.410958904147,-1749456.8404679,0.0
2024-01-15 09:00:00,0.0,-16256.410958904147,-1768158.9799581354,0.0
2024-01-15 10:00:00,0.0,-16256.410958904147,-1787525.6356301645,0.0
2024-01-15 11:00:00,0.0,-16256.410958904147,-1806822.79514235,0.0
2024-01-15 12:00:00,0.0,-16256.410958904147,-1825686.445620832,0.0
2024-01-15 13:00:00,0.0,-16256.410958904147,-1844550.5736327132,0.0
2024-01-15 14:00:00,0.0,-16256.410958904147,-1863211.1651577572,0.0
2024-01-15 15:00:00,0.0,-16256.410958904147,-1882430.2055585133,0.0
2024-01-15 16:00:00,0.0,-16256.410958904147,-1903877.679548774,0.0
2024-01-15 17:00:00,0.0,-16256.410958904147,-1929145.5711602676,0.0
2024-01-15 18:00:00,0.0,-16256.410958904147,-1955674.863707479,0.0
2024-01-15 19:00:00,0.0,-16256.410958904147,-1981114.5397504899,0.0
2024-01-15 20:00:00,0.0,-16256.410958904147,-2005210.5810557164,0.0
2024-01-15 21:00:00,0.0,-16256.410958904147,-2026171.9685544227,0.0
2024-01-15 22:00:00,0.0,-16256.410958904147,-2042989.682298874,0.0
2024-01-15 23:00:00,0.0,-16256.410958904147,-2055978.7014159875,0.0
2024-01-16 00:00:00,0.0,-16256.410958904147,-2059900.4580571908,0.0
2024-01-16 01:00:00,0.0,-16256.410958904147,-2062411.8042085883,0.0
2024-01-16 02:00:00,0.0,-16256.410958904147,-2064457.730600794,0.0
2024-01-16 03:00:00,0.0,-16256.410958904147,-2066877.2275840067,0.0
2024-01-16 04:00:00,0.0,-16256.410958904147,-2071403.2851094923,0.0
2024-01-16 05:00:00,0.0,-16256.410958904147,-2080187.8927100687,0.0
2024-01-16 06:00:00,0.0,-16256.410958904147,-2094784.0394795295,0.0
2024-01-16 07:00:00,0.0,-16256.410958904147,-2113998.714050946,0.0
2024-01-16 08:00:00,0.0,-16256.410958904147,-2136189.9045737833,0.0
2024-01-16 09:00:00,0.0,-16256.410958904147,-2159729.598689764,0.0
2024-01-16 10:00:00,0.0,-16256.410958904147,-2184109.7835073974,0.0
2024-01-16 11:00:00,0.0,-16256.410958904147,-2208700.445575108,0.0
2024-01-16 12:00:00,0.0,-16256.410958904147,-2232948.570852867,0.0
2024-01-16 13:00:00,0.0,-16256.410958904147,-2256941.144682254,0.0
2024-01-16 14:00:00,0.0,-16256.410958904147,-2280084.151754842,0.0
2024-01-16 15:00:00,0.0,-16256.410958904147,-2303214.5760788135,0.0
2024-01-16 16:00:00,0.0,-16256.410958904147,-2328577.4009437016,0.0
2024-01-16 17:00:00,0.0,-16256.410958904147,-2358968.6088831453,0.0
2024-01-16 18:00:00,0.0,-16256.410958904147,-2392110.1816355367,0.0
2024-01-16 19:00:00,0.0,-16256.410958904147,-2425186.100102438,0.0
2024-01-16 20:00:00,0.0,-16256.410958904147,-2457398.3443046333,0.0
2024-01-16 21:00:00,0.0,-16256.410958904147,-2487511.8933356698,0.0
2024-01-16 22:00:00,0.0,-16256.410958904147,-2513929.725312742,0.0
2024-01-16 23:00:00,0.0,-16256.410958904147,-2537616.8173247566,0.0
2024-01-17 00:00:00,0.0,-16256.410958904147,-2553430.2797597884,0.0
2024-01-17 01:00:00,0.0,-16256.410958904147,-2568793.312626005,0.0
2024-01-17 02:00:00,0.0,-16256.410958904147,-2584670.905862202,0.0
2024-01-17 03:00:00,0.0,-16256.410958904147,-2601735.048987984,0.0
2024-01-17 04:00:00,0.0,-16256.410958904147,-2621382.7310831477,0.0
2024-01-17 05:00:00,0.0,-16256.410958904147,-2645671.9407659336,0.0
2024-01-17 06:00:00,0.0,-16256.410958904147,-2676443.666170096,0.0
2024-01-17 07:00:00,0.0,-16256.410958904147,-2712543.8949207114,0.0
2024-01-17 08:00:00,0.0,-16256.410958904147,-2749373.614108653,0.0
2024-01-17 09:00:00,0.0,-16256.410958904147,-2783085.8102636575,0.0
2024-01-17 10:00:00,0.0,-16256.410958904147,-2813698.4693258977,0.0
2024-01-17 11:00:00,0.0,-16256.410958904147,-2842119.5766159734,0.0
2024-01-17 12:00:00,0.0,-16256.410958904147,-2868284.116803225,0.0
2024-01-17 13:00:00,0.0,-16256.410958904147,-2892584.0738722775,0.0
2024-01-17 14:00:00,0.0,-16256.410958904147,-2915400.4310876983,0.0
2024-01-17 15:00:00,0.0,-16256.410958904147,-2938080.1709566684,0.0
2024-01-17 16:00:00,0.0,-16256.410958904147,-2963575.2751895385,0.0
2024-01-17 17:00:00,0.0,-16256.410958904147,-2994831.7246581498,0.0
2024-01-17 18:00:00,0.0,-16256.410958904147,-3028725.4993517827,0.0
2024-01-17 19:00:00,0.0,-16256.410958904147,-3062182.5783305913,0.0
2024-01-17 20:00:00,0.0,-16256.410958904147,-3094392.9396763695,0.0
2024-01-17 21:00:00,0.0,-16256.410958904147,-3124007.560440495,0.0
2024-01-17 22:00:00,0.0,-16256.410958904147,-3149291.4165888713,0.0
2024-01-17 23:00:00,0.0,-16256.410958904147,-3170840.48294369,0.0
2024-01-18 00:00:00,0.0,-16256.410958904147,-3183526.6119198976,0.0
2024-01-18 01:00:00,0.0,-16256.410958904147,-3195089.2906005285,0.0
2024-01-18 02:00:00,0.0,-16256.410958904147,-3206645.5080513777,0.0
2024-01-18 03:00:00,0.0,-16256.410958904147,-3218722.2528758533,0.0
2024-01-18 04:00:00,0.0,-16256.410958904147,-3232646.513191994,0.0
2024-01-18 05:00:00,0.0,-16256.410958904147,-3251060.2766082236,0.0
2024-01-18 06:00:00,0.0,-16256.410958904147,-3276388.5301977736,0.0
2024-01-18 07:00:00,0.0,-16256.410958904147,-3306134.2604716867,0.0
2024-01-18 08:00:00,0.0,-16256.410958904147,-3335393.453350328,0.0
2024-01-18 09:00:00,0.0,-16256.410958904147,-3362662.0941333068,0.0
2024-01-18 10:00:00,0.0,-16256.410958904147,-3387222.1674677227,0.0
2024-01-18 11:00:00,0.0,-16256.410958904147,-3409648.6573146293,0.0
2024-01-18 12:00:00,0.0,-16256.410958904147,-3430482.5469136154,0.0
2024-01-18 13:00:00,0.0,-16794.53726027401,-3450286.8187453877,0.0
2024-01-18 14:00:00,0.0,-16794.53726027401,-3468988.4544922384,0.0
2024-01-18 15:00:00,0.0,-16794.53726027401,-3487693.4349962682,0.0
2024-01-18 16:00:00,0.0,-16794.53726027401,-3508177.7402152335,0.0
2024-01-18 17:00:00,0.0,-16794.53726027401,-3532369.3491758704,0.0
2024-01-18 18:00:00,0.0,-16794.53726027401,-3557619.2399245477,0.0
2024-01-18 19:00:00,0.0,-16794.53726027401,-3581943.3894750853,0.0
2024-01-18 20:00:00,0.0,-16794.53726027401,-3604839.7737535667,0.0
2024-01-18 21:00:00,0.0,-16794.53726027401,-3624903.367539962,0.0
2024-01-18 22:00:00,0.0,-16794.53726027401,-3641000.144406371,0.0
2024-01-18 23:00:00,0.0,-16794.53726027401,-3653653.076651676,0.0
2024-01-19 00:00:00,0.0,-16794.53726027401,-3657501.829488322,0.0
2024-01-19 01:00:00,0.0,-16794.53726027401,-3660082.1094849394,0.0
2024-01-19 02:00:00,0.0,-16794.53726027401,-3662178.904743846,0.0
2024-01-19 03:00:00,0.0,-16794.53726027401,-3664739.2028568103,0.0
2024-01-19 04:00:00,0.0,-16794.53726027401,-3669378.990879414,0.0
2024-01-19 05:00:00,0.0,-16794.53726027401,-3678009.255304,0.0
2024-01-19 06:00:00,0.0,-16794.53726027401,-3692371.9820311163,0.0
2024-01-19 07:00:00,0.0,-16794.53726027401,-3711762.1563393744,0.0
2024-01-19 08:00:00,0.0,-16794.53726027401,-3733747.7628536206,0.0
2024-01-19 09:00:00,0.0,-16794.53726027401,-3757179.7855113256,0.0
2024-01-19 10:00:00,0.0,-16794.53726027401,-3781458.207527085,0.0
2024-01-19 11:00:00,0.0,-16794.53726027401,-3805429.0113551174,0.0
2024-01-19 12:00:00,0.0,-16794.53726027401,-3829058.178649639,0.0
2024-01-19 13:00:00,0.0,-16794.53726027401,-3852301.6902229907,0.0
2024-01-19 14:00:00,0.0,-16794.53726027401,-3875248.526001384,0.0
2024-01-19 15:00:00,0.0,-16794.53726027401,-3898300.664978115,0.0
2024-01-19 16:00:00,0.0,-16794.53726027401,-3923349.0851641004,0.0
2024-01-19 17:00:00,0.0,-16794.53726027401,-3952595.7635355745,0.0
2024-01-19 18:00:00,0.0,-16794.53726027401,-3983337.67597877,0.0
2024-01-19 19:00:00,0.0,-16794.53726027401,-4012947.7972314013,0.0
2024-01-19 20:00:00,0.0,-16794.53726027401,-4041065.1008207602,0.0
2024-01-19 21:00:00,0.0,-16794.53726027401,-4066982.5589982127,0.0
2024-01-19 22:00:00,0.0,-16794.53726027401,-4090011.142669876,0.0
2024-01-19 23:00:00,0.0,-16794.53726027401,-4110212.8213232495,0.0
2024-01-20 00:00:00,0.0,-16794.53726027401,-4122304.1515558474,0.0
2024-01-20 01:00:00,0.0,-16794.53726027401,-4133511.9843968074,0.0
2024-01-20 02:00:00,0.0,-16794.53726027401,-4144779.3068840564,0.0
2024-01-20 03:00:00,0.0,-16794.53726027401,-4156932.1054912293,0.0
2024-01-20 04:00:00,0.0,-16794.53726027401,-4170616.3660990507,0.0
2024-01-20 05:00:00,0.0,-16794.53726027401,-4186731.073965124,0.0
2024-01-20 06:00:00,0.0,-16794.53726027401,-4206604.213692032,0.0
2024-01-20 07:00:00,0.0,-16794.53726027401,-4230359.769193651,0.0
2024-01-20 08:00:00,0.0,-16794.53726027401,-4256278.72365957,0.0
2024-01-20 09:00:00,0.0,-16794.53726027401,-4282982.059517505,0.0
2024-01-20 10:00:00,0.0,-16794.53726027401,-4309873.758393576,0.0
2024-01-20 11:00:00,0.0,-16794.53726027401,-4335877.801070351,0.0
2024-01-20 12:00:00,0.0,-16794.53726027401,-4360649.167442473,0.0
2024-01-20 13:00:00,0.0,-16794.53726027401,-4384172.836469773,0.0
2024-01-20 14:00:00,0.0,-16794.53726027401,-4407378.786127694,0.0
2024-01-20 15:00:00,0.0,-16794.53726027401,-4431259.993354854,0.0
2024-01-20 16:00:00,0.0,-16794.53726027401,-4458191.433997606,0.0
2024-01-20 17:00:00,0.0,-16794.53726027401,-4490307.082751374,0.0
2024-01-20 18:00:00,0.0,-16794.53726027401,-4525529.913098606,0.0
2024-01-20 19:00:00,0.0,-16794.53726027401,-4560720.8972431095,0.0
2024-01-20 20:00:00,0.0,-16794.53726027401,-4595352.006040564,0.0
2024-01-20 21:00:00,0.0,-16794.53726027401,-4628386.208924971,0.0
2024-01-20 22:00:00,0.0,-16794.53726027401,-4658632.473830791,0.0
2024-01-20 23:00:00,0.0,-16794.53726027401,-4686311.767110514,0.0
2024-01-21 00:00:00,,,,
2024-01-21 01:00:00,,,,
2024-01-21 02:00:00,,,,
2024-01-21 03:00:00,,,,
2024-01-21 04:00:00,0.0,-16794.53726027401,-4704719.440083082,0.0
2024-01-21 05:00:00,0.0,-16794.53726027401,-4724850.528461902,0.0
2024-01-21 06:00:00,0.0,-16794.53726027401,-4747731.0154115455,0.0
2024-01-21 07:00:00,0.0,-16794.53726027401,-4773452.883333207,0.0
2024-01-21 08:00:00,0.0,-16794.53726027401,-4800308.113824901,0.0
2024-01-21 09:00:00,0.0,-16794.53726027401,-4825783.687639395,0.0
2024-01-21 10:00:00,0.0,-16794.53726027401,-4849166.584639748,0.0
2024-01-21 11:00:00,0.0,-16794.53726027401,-4870472.7837523045,0.0
2024-01-21 12:00:00,0.0,-16794.53726027401,-4889826.262917005,0.0
2024-01-21 13:00:00,0.0,-16794.53726027401,-4907204.9990348285,0.0
2024-01-21 14:00:00,0.0,-16794.53726027401,-4923132.967912213,0.0
2024-01-21 15:00:00,0.0,-16794.53726027401,-4939567.144202262,0.0
2024-01-21 16:00:00,0.0,-16794.53726027401,-4959596.501342542,0.0
2024-01-21 17:00:00,0.0,-16794.53726027401,-4986147.011489262,0.0
2024-01-21 18:00:00,0.0,-16794.53726027401,-5016928.645447619,0.0
2024-01-21 19:00:00,0.0,-16794.53726027401,-5048340.37259807,0.0
2024-01-21 20:00:00,0.0,-16794.53726027401,-5079474.160818278,0.0
2024-01-21 21:00:00,0.0,-16794.53726027401,-5108726.976400479,0.0
2024-01-21 22:00:00,0.0,-16794.53726027401,-5135300.783963971,0.0
2024-01-21 23:00:00,0.0,-16794.53726027401,-5159029.546362437,0.0
2024-01-22 00:00:00,0.0,-16794.53726027401,-5164949.028432882,0.0
2024-01-22 01:00:00,0.0,-16794.53726027401,-5170511.058864745,0.0
2024-01-22 02:00:00,0.0,-16794.53726027401,-5176854.626684222,0.0
2024-01-22 03:00:00,0.0,-16794.53726027401,-5184609.72045354,0.0
2024-01-22 04:00:00,0.0,-16794.53726027401,-5195442.328247895,0.0
2024-01-22 05:00:00,0.0,-16794.53726027401,-5211627.437631134,0.0
2024-01-22 06:00:00,0.0,-16794.53726027401,-5235645.0356300855,0.0
2024-01-22 07:00:00,0.0,-16794.53726027401,-5264867.108707485,0.0
2024-01-22 08:00:00,0.0,-16794.53726027401,-5293254.642733383,0.0
2024-01-22 09:00:00,0.0,-16881.370136986327,-5316672.622954979,0.0
2024-01-22 10:00:00,0.0,-17024.615616438386,-5335596.033964755,0.0
2024-01-22 11:00:00,0.0,-17024.615616438386,-5351168.859666837,0.0
2024-01-22 12:00:00,0.0,-17024.615616438386,-5363684.083241461,0.0
2024-01-22 13:00:00,0.0,-17024.615616438386,-5374052.687107431,0.0
2024-01-22 14:00:00,0.0,-17024.615616438386,-5383140.652882462,0.0
2024-01-22 15:00:00,0.0,-17024.615616438386,-5392512.961341271,0.0
2024-01-22 16:00:00,0.0,-17024.615616438386,-5404226.592371275,0.0
2024-01-22 17:00:00,0.0,-17024.615616438386,-5420404.524925771,0.0
2024-01-22 18:00:00,0.0,-17024.615616438386,-5439097.73697443,0.0
2024-01-22 19:00:00,0.0,-17024.615616438386,-5457407.205450948,0.0
2024-01-22 20:00:00,0.0,-17024.615616438386,-5474121.90619768,0.0
2024-01-22 21:00:00,0.0,-17024.615616438386,-5488013.81390708,0.0
2024-01-22 22:00:00,0.0,-17024.615616438386,-5497775.902059748,0.0
2024-01-22 23:00:00,0.0,-17024.615616438386,-5503400.142858869,0.0
2024-01-23 00:00:00,0.0,-17024.615616438386,-5503400.142858869,0.0
2024-01-23 01:00:00,0.0,-17024.615616438386,-5503400.142858869,0.0
2024-01-23 02:00:00,0.0,-17024.615616438386,-5503400.142858869,0.0
2024-01-23 03:00:00,0.0,-17024.615616438386,-5503400.142858869,0.0
2024-01-23 04:00:00,0.0,-17024.615616438386,-5503400.142858869,0.0
2024-01-23 05:00:00,0.0,-17024.615616438386,-5505787.749949433,0.0
2024-01-23 06:00:00,0.0,-17024.615616438386,-5515218.817681923,0.0
2024-01-23 07:00:00,0.0,-17024.615616438386,-5529459.331282353,0.0
2024-01-23 08:00:00,0.0,-17024.615616438386,-5543787.275320762,0.0
2024-01-23 09:00:00,0.0,-17024.615616438386,-5556241.633677488,0.0
2024-01-23 10:00:00,0.0,-17024.615616438386,-5566833.389507559,0.0
2024-01-23 11:00:00,0.0,-17024.615616438386,-5575570.525203068,0.0
2024-01-23 12:00:00,0.0,-17024.615616438386,-5582571.022353417,0.0
2024-01-23 13:00:00,0.0,-17024.615616438386,-5588528.861703316,0.0
2024-01-23 14:00:00,0.0,-17024.615616438386,-5593862.023108376,0.0
2024-01-23 15:00:00,0.0,-17024.615616438386,-5599648.485488181,0.0
2024-01-23 16:00:00,0.0,-17024.615616438386,-5607209.226776662,0.0
2024-01-23 17:00:00,0.0,-17024.615616438386,-5618822.223869626,0.0
2024-01-23 18:00:00,0.0,-17024.615616438386,-5631770.45256926,0.0
2024-01-23 19:00:00,0.0,-17024.615616438386,-5643975.887525428,0.0
2024-01-23 20:00:00,0.0,-17024.615616438386,-5654314.502173568,0.0
2024-01-23 21:00:00,0.0,-17024.615616438386,-5661454.268668979,0.0
2024-01-23 22:00:00,0.0,-17024.615616438386,-5664078.157817282,0.0
2024-01-23 23:00:00,0.0,-17024.615616438386,-5664078.157817282,0.0
2024-01-24 00:00:00,0.0,-17024.615616438386,-5664078.157817282,0.0
2024-01-24 01:00:00,0.0,-17024.615616438386,-5664078.157817282,0.0
2024-01-24 02:00:00,0.0,-17024.615616438386,-5664078.157817282,0.0
2024-01-24 03:00:00,0.0,-17024.615616438386,-5664078.157817282,0.0
2024-01-24 04:00:00,0.0,-17024.615616438386,-5664078.157817282,0.0
2024-01-24 05:00:00,0.0,-17024.615616438386,-5664078.157817282,0.0
2024-01-24 06:00:00,0.0,-17024.615616438386,-5664078.157817282,0.0
2024-01-24 07:00:00,0.0,-17024.615616438386,-5668699.048861343,0.0
2024-01-24 08:00:00,0.0,-17024.615616438386,-5673981.336979807,0.0
2024-01-24 09:00:00,0.0,-17024.615616438386,-5678824.004538035,0.0
2024-01-24 10:00:00,0.0,-17024.615616438386,-5683073.033097101,0.0
2024-01-24 11:00:00,0.0,-17024.615616438386,-5686459.403371688,0.0
2024-01-24 12:00:00,0.0,-17024.615616438386,-5689160.095185579,0.0
2024-01-24 13:00:00,0.0,-17024.615616438386,-5691238.08742462,0.0
2024-01-24 14:00:00,0.0,-17024.615616438386,-5692684.357986977,0.0
2024-01-24 15:00:00,0.0,-17024.615616438386,-5694247.883730539,0.0
2024-01-24 16:00:00,0.0,-17024.615616438386,-5697358.640417292,0.0
2024-01-24 17:00:00,0.0,-17024.615616438386,-5704035.602654473,0.0
2024-01-24 18:00:00,0.0,-17024.615616438386,-5711608.743832323,0.0
2024-01-24 19:00:00,0.0,-17024.615616438386,-5717931.036058211,0.0
2024-01-24 20:00:00,0.0,-17024.615616438386,-5722558.450086925,0.0
2024-01-24 21:00:00,0.0,-17024.615616438386,-5723949.955246891,0.0
2024-01-24 22:00:00,0.0,-17024.615616438386,-5723949.955246891,0.0
2024-01-24 23:00:00,0.0,-17024.615616438386,-5723949.955246891,0.0
2024-01-25 00:00:00,0.0,-17024.615616438386,-5723949.955246891,0.0
2024-01-25 01:00:00,0.0,-17024.615616438386,-5723949.955246891,0.0
2024-01-25 02:00:00,0.0,-17024.615616438386,-5723949.955246891,0.0
2024-01-25 03:00:00,0.0,-17024.615616438386,-5723949.955246891,0.0
2024-01-25 04:00:00,0.0,-17024.615616438386,-5723949.955246891,0.0
2024-01-25 05:00:00,0.0,-17024.615616438386,-5723949.955246891,0.0
2024-01-25 06:00:00,0.0,-17024.615616438386,-5723949.955246891,0.0
2024-01-25 07:00:00,0.0,-17024.615616438386,-5723949.955246891,0.0
2024-01-25 08:00:00,0.0,-17024.615616438386,-5723949.955246891,0.0
2024-01-25 09:00:00,0.0,-17024.615616438386,-5723949.955246891,0.0
2024-01-25 10:00:00,0.0,-17024.615616438386,-5723949.955246891,0.0
2024-01-25 11:00:00,0.0,-17024.615616438386,-5723949.955246891,0.0
2024-01-25 12:00:00,0.0,-17024.615616438386,-5723949.955246891,0.0
2024-01-25 13:00:00,0.0,-17024.615616438386,-5723949.955246891,0.0
2024-01-25 14:00:00,0.0,-17024.615616438386,-5723949.955246891,0.0
2024-01-25 15:00:00,0.0,-17024.615616438386,-5723949.955246891,0.0
2024-01-25 16:00:00,0.0,-17024.615616438386,-5723949.955246891,0.0
2024-01-25 17:00:00,0.0,-17024.615616438386,-5726435.7732377,0.0
2024-01-25 18:00:00,0.0,-17024.615616438386,-5729916.7121811835,0.0
2024-01-25 19:00:00,0.0,-17024.615616438386,-5732350.7413518075,0.0
2024-01-25 20:00:00,0.0,-17024.615616438386,-5733139.82851629,0.0
2024-01-25 21:00:00,0.0,-17024.615616438386,-5733139.82851629,0.0
2024-01-25 22:00:00,0.0,-17024.615616438386,-5733139.82851629,0.0
2024-01-25 23:00:00,0.0,-17024.615616438386,-5733139.82851629,0.0
2024-01-26 00:00:00,0.0,-17024.615616438386,-5733139.82851629,0.0
2024-01-26 01:00:00,0.0,-17024.615616438386,-5733139.82851629,0.0
2024-01-26 02:00:00,0.0,-17024.615616438386,-5733139.82851629,0.0
2024-01-26 03:00:00,0.0,-17024.615616438386,-5733139.82851629,0.0
2024-01-26 04:00:00,0.0,-17024.615616438386,-5733139.82851629,0.0
2024-01-26 05:00:00,0.0,-17024.615616438386,-5733139.82851629,0.0
2024-01-26 06:00:00,0.0,-17024.615616438386,-5733139.82851629,0.0
2024-01-26 07:00:00,0.0,-17024.615616438386,-5733139.82851629,0.0
2024-01-26 08:00:00,0.0,-17024.615616438386,-5733139.82851629,0.0
2024-01-26 09:00:00,0.0,-17024.615616438386,-5733139.82851629,0.0
2024-01-26 10:00:00,0.0,-17024.615616438386,-5733139.82851629,0.0
2024-01-26 11:00:00,0.0,-17024.615616438386,-5733139.82851629,0.0
2024-01-26 12:00:00,0.0,-17024.615616438386,-5733139.82851629,0.0
2024-01-26 13:00:00,0.0,-17024.615616438386,-5733139.82851629,0.0
2024-01-26 14:00:00,0.0,-17024.615616438386,-5733139.82851629,0.0
2024-01-26 15:00:00,0.0,-17024.615616438386,-5733139.82851629,0.0
2024-01-26 16:00:00,0.0,-17024.615616438386,-5733139.82851629,0.0
2024-01-26 17:00:00,0.0,-17024.615616438386,-5734601.381732073,0.0
2024-01-26 18:00:00,0.0,-17024.615616438386,-5736841.991980187,0.0
2024-01-26 19:00:00,0.0,-17024.615616438386,-5737674.625375931,0.0
2024-01-26 20:00:00,0.0,-17024.615616438386,-5737674.625375931,0.0
2024-01-26 21:00:00,0.0,-17024.615616438386,-5737674.625375931,0.0
2024-01-26 22:00:00,0.0,-17024.615616438386,-5737674.625375931,0.0
2024-01-26 23:00:00,0.0,-17024.615616438386,-5737674.625375931,0.0
2024-01-27 00:00:00,0.0,-17024.615616438386,-5737674.625375931,0.0
2024-01-27 01:00:00,0.0,-17024.615616438386,-5737674.625375931,0.0
2024-01-27 02:00:00,0.0,-17024.615616438386,-5737674.625375931,0.0
2024-01-27 03:00:00,0.0,-17024.615616438386,-5737674.625375931,0.0
2024-01-27 04:00:00,0.0,-17024.615616438386,-5737674.625375931,0.0
2024-01-27 05:00:00,0.0,-17024.615616438386,-5737674.625375931,0.0
2024-01-27 06:00:00,0.0,-17024.615616438386,-5737674.625375931,0.0
2024-01-27 07:00:00,0.0,-17024.615616438386,-5737674.625375931,0.0
2024-01-27 08:00:00,0.0,-17024.615616438386,-5737674.625375931,0.0
2024-01-27 09:00:00,0.0,-17024.615616438386,-5737674.625375931,0.0
2024-01-27 10:00:00,0.0,-17024.615616438386,-5737674.625375931,0.0
2024-01-27 11:00:00,0.0,-17024.615616438386,-5737674.625375931,0.0
2024-01-27 12:00:00,0.0,-17024.615616438386,-5737674.625375931,0.0
2024-01-27 13:00:00,0.0,-17024.615616438386,-5737674.625375931,0.0
2024-01-27 14:00:00,0.0,-17024.615616438386,-5737674.625375931,0.0
2024-01-27 15:00:00,0.0,-17024.615616438386,-5737674.625375931,0.0
2024-01-27 16:00:00,0.0,-17024.615616438386,-5737674.625375931,0.0
2024-01-27 17:00:00,0.0,-17024.615616438386,-5737674.625375931,0.0
2024-01-27 18:00:00,0.0,-17024.615616438386,-5738906.7673611315,0.0
2024-01-27 19:00:00,0.0,-17024.615616438386,-5739524.858429432,0.0
2024-01-27 20:00:00,0.0,-17024.615616438386,-5739524.858429432,0.0
2024-01-27 21:00:00,0.0,-17024.615616438386,-5739524.858429432,0.0
2024-01-27 22:00:00,0.0,-17024.615616438386,-5739524.858429432,0.0
2024-01-27 23:00:00,0.0,-17024.615616438386,-5739524.858429432,0.0
2024-01-28 00:00:00,0.0,-17024.615616438386,-5739524.858429432,0.0
2024-01-28 01:00:00,0.0,-17024.615616438386,-5739524.858429432,0.0
2024-01-28 02:00:00,0.0,-17024.615616438386,-5739524.858429432,0.0
2024-01-28 03:00:00,0.0,-17024.615616438386,-5739524.858429432,0.0
2024-01-28 04:00:00,0.0,-17024.615616438386,-5739524.858429432,0.0
2024-01-28 05:00:00,0.0,-17024.615616438386,-5739524.858429432,0.0
2024-01-28 06:00:00,0.0,-17024.615616438386,-5739524.858429432,0.0
2024-01-28 07:00:00,0.0,-17024.615616438386,-5739524.858429432,0.0
2024-01-28 08:00:00,0.0,-17024.615616438386,-5739524.858429432,0.0
2024-01-28 09:00:00,0.0,-17024.615616438386,-5739524.858429432,0.0
2024-01-28 10:00:00,0.0,-17024.615616438386,-5739524.858429432,0.0
2024-01-28 11:00:00,0.0,-17024.615616438386,-5740404.253924278,0.0
2024-01-28 12:00:00,0.0,-17024.615616438386,-5742247.767820917,0.0
2024-01-28 13:00:00,0.0,-17024.615616438386,-5744457.369231642,0.0
2024-01-28 14:00:00,0.0,-17024.615616438386,-5747023.025751147,0.0
2024-01-28 15:00:00,0.0,-17024.615616438386,-5750609.703373016,0.0
2024-01-28 16:00:00,0.0,-17024.615616438386,-5756399.366401285,0.0
2024-01-28 17:00:00,0.0,-17024.615616438386,-5765367.977356782,0.0
2024-01-28 18:00:00,0.0,-17024.615616438386,-5776464.496877909,0.0
2024-01-28 19:00:00,0.0,-17024.615616438386,-5787319.88361553,0.0
2024-01-28 20:00:00,0.0,-17024.615616438386,-5796937.094121603,0.0
2024-01-28 21:00:00,0.0,-17024.615616438386,-5804012.0827311585,0.0
2024-01-28 22:00:00,0.0,-17024.615616438386,-5808072.801437208,0.0
2024-01-28 23:00:00,0.0,-17024.615616438386,-5808661.199758159,0.0
2024-01-29 00:00:00,0.0,-17024.615616438386,-5808661.199758159,0.0
2024-01-29 01:00:00,0.0,-17024.615616438386,-5808661.199758159,0.0
2024-01-29 02:00:00,0.0,-17024.615616438386,-5808661.199758159,0.0
2024-01-29 03:00:00,0.0,-17024.615616438386,-5808661.199758159,0.0
2024-01-29 04:00:00,0.0,-17024.615616438386,-5808661.199758159,0.0
2024-01-29 05:00:00,0.0,-17024.615616438386,-5808661.199758159,0.0
2024-01-29 06:00:00,0.0,-17024.615616438386,-5808661.199758159,0.0
2024-01-29 07:00:00,0.0,-17024.615616438386,-5811338.7308607735,0.0
2024-01-29 08:00:00,0.0,-17024.615616438386,-5815436.620491506,0.0
2024-01-29 09:00:00,0.0,-17024.615616438386,-5819462.849267039,0.0
2024-01-29 10:00:00,0.0,-17024.615616438386,-5823286.396908381,0.0
2024-01-29 11:00:00,0.0,-17024.615616438386,-5827149.242193549,0.0
2024-01-29 12:00:00,0.0,-17024.615616438386,-5830427.362907563,0.0
2024-01-29 13:00:00,0.0,-17024.615616438386,-5833628.735789553,0.0
2024-01-29 14:00:00,0.0,-17024.615616438386,-5835985.336476818,0.0
2024-01-29 15:00:00,0.0,-17024.615616438386,-5838218.139445656,0.0
2024-01-29 16:00:00,0.0,-17024.615616438386,-5842642.117948768,0.0
2024-01-29 17:00:00,0.0,-17024.615616438386,-5851413.24394901,0.0
2024-01-29 18:00:00,0.0,-17024.615616438386,-5862517.4880493,0.0
2024-01-29 19:00:00,0.0,-17024.615616438386,-5873170.8194184145,0.0
2024-01-29 20:00:00,0.0,-17024.615616438386,-5882434.205712443,0.0
2024-01-29 21:00:00,0.0,-17024.615616438386,-5888825.612991626,0.0
2024-01-29 22:00:00,0.0,-17024.615616438386,-5890940.005632293,0.0
2024-01-29 23:00:00,0.0,-17024.615616438386,-5890940.005632293,0.0
2024-01-30 00:00:00,0.0,-17024.615616438386,-5890940.005632293,0.0
2024-01-30 01:00:00,0.0,-17024.615616438386,-5890940.005632293,0.0
2024-01-30 02:00:00,0.0,-17024.615616438386,-5890940.005632293,0.0
2024-01-30 03:00:00,0.0,-17024.615616438386,-5890940.005632293,0.0
2024-01-30 04:00:00,0.0,-17024.615616438386,-5890940.005632293,0.0
2024-01-30 05:00:00,0.0,-17024.615616438386,-5890940.005632293,0.0
2024-01-30 06:00:00,0.0,-17024.615616438386,-5894753.426565631,0.0
2024-01-30 07:00:00,0.0,-17024.615616438386,-5903661.1861542305,0.0
2024-01-30 08:00:00,0.0,-17024.615616438386,-5913039.264086963,0.0
2024-01-30 09:00:00,0.0,-17024.615616438386,-5921399.639107785,0.0
2024-01-30 10:00:00,0.0,-17024.615616438386,-5928544.288965609,0.0
2024-01-30 11:00:00,0.0,-17024.615616438386,-5934519.190361282,0.0
2024-01-30 12:00:00,0.0,-17024.615616438386,-5939686.318891519,0.0
2024-01-30 13:00:00,0.0,-17024.615616438386,-5944890.648989585,0.0
2024-01-30 14:00:00,0.0,-17024.615616438386,-5949725.153862551,0.0
2024-01-30 15:00:00,0.0,-17024.615616438386,-5955026.805424885,0.0
2024-01-30 16:00:00,0.0,-17024.615616438386,-5962544.574228188,0.0
2024-01-30 17:00:00,0.0,-17024.615616438386,-5973667.429386813,0.0
2024-01-30 18:00:00,0.0,-17024.615616438386,-5986618.338499125,0.0
2024-01-30 19:00:00,0.0,-17024.615616438386,-5998730.267564133,0.0
2024-01-30 20:00:00,0.0,-17024.615616438386,-6009345.180893208,0.0
2024-01-30 21:00:00,0.0,-17024.615616438386,-6016889.04101659,0.0
2024-01-30 22:00:00,0.0,-17024.615616438386,-6019968.80858435,0.0
2024-01-30 23:00:00,0.0,-17024.615616438386,-6019968.80858435,0.0
2024-01-31 00:00:00,0.0,-17024.615616438386,-6019968.80858435,0.0
2024-01-31 01:00:00,0.0,-17024.615616438386,-6019968.80858435,0.0
2024-01-31 02:00:00,0.0,-17024.615616438386,-6019968.80858435,0.0
2024-01-31 03:00:00,0.0,-17024.615616438386,-6019968.80858435,0.0
2024-01-31 04:00:00,0.0,-17024.615616438386,-6019968.80858435,0.0
2024-01-31 05:00:00,0.0,-17024.615616438386,-6019968.80858435,0.0
2024-01-31 06:00:00,0.0,-17024.615616438386,-6022088.416842329,0.0
2024-01-31 07:00:00,0.0,-17024.615616438386,-6029152.321632813,0.0
2024-01-31 08:00:00,0.0,-17024.615616438386,-6037524.500668576,0.0
2024-01-31 09:00:00,0.0,-17024.615616438386,-6045466.930612157,0.0
2024-01-31 10:00:00,0.0,-17024.615616438386,-6052530.587019651,0.0
2024-01-31 11:00:00,0.0,-17024.615616438386,-6058843.444281257,0.0
2024-01-31 12:00:00,0.0,-17024.615616438386,-6064622.475558373,0.0
2024-01-31 13:00:00,0.0,-17024.615616438386,-6070291.65271704,0.0
2024-01-31 14:00:00,0.0,-17024.615616438386,-6075410.946257497,0.0
2024-01-31 15:00:00,0.0,-17024.615616438386,-6080646.325239621,0.0
2024-01-31 16:00:00,0.0,-17024.615616438386,-6087666.757203996,0.0
2024-01-31 17:00:00,0.0,-17024.615616438386,-6098011.208088339,0.0
2024-01-31 18:00:00,0.0,-17024.615616438386,-6110240.642139003,0.0
2024-01-31 19:00:00,0.0,-17024.615616438386,-6122228.021817245,0.0
2024-01-31 20:00:00,0.0,-17024.615616438386,-6133331.307699946,0.0
2024-01-31 21:00:00,0.0,-17024.615616438386,-6142050.45837443,0.0
2024-01-31 22:00:00,0.0,-17024.615616438386,-6147058.430327024,0.0
2024-01-31 23:00:00,0.0,-17024.615616438386,-6148647.177824955,0.0
2024-02-01 00:00:00,0.0,-17024.615616438386,-6148647.177824955,0.0
2024-02-01 01:00:00,0.0,-17024.615616438386,-6148647.177824955,0.0
2024-02-01 02:00:00,0.0,-17024.615616438386,-6148647.177824955,0.0
2024-02-01 03:00:00,0.0,-17024.615616438386,-6148647.177824955,0.0
2024-02-01 04:00:00,0.0,-17024.615616438386,-6148647.177824955,0.0
2024-02-01 05:00:00,0.0,-17024.615616438386,-6148647.177824955,0.0
2024-02-01 06:00:00,0.0,-17024.615616438386,-6155589.904041132,0.0
2024-02-01 07:00:00,0.0,-17024.615616438386,-6167485.193573654,0.0
2024-02-01 08:00:00,0.0,-17024.615616438386,-6177781.03605276,0.0
2024-02-01 09:00:00,0.0,-17024.615616438386,-6183933.420674055,0.0
2024-02-01 10:00:00,0.0,-17024.615616438386,-6186564.336177039,0.0
2024-02-01 11:00:00,0.0,-17024.615616438386,-6186564.336177039,0.0
2024-02-01 12:00:00,0.0,-17024.615616438386,-6186564.336177039,0.0
2024-02-01 13:00:00,0.0,-17024.615616438386,-6186564.336177039,0.0
2024-02-01 14:00:00,0.0,-17024.615616438386,-6186564.336177039,0.0
2024-02-01 15:00:00,0.0,-17024.615616438386,-6186564.336177039,0.0
2024-02-01 16:00:00,0.0,-17024.615616438386,-6186564.336177039,0.0
2024-02-01 17:00:00,0.0,-17024.615616438386,-6188959.609161263,0.0
2024-02-01 18:00:00,0.0,-17024.615616438386,-6194622.303526162,0.0
2024-02-01 19:00:00,0.0,-17024.615616438386,-6200028.40272188,0.0
2024-02-01 20:00:00,0.0,-17024.615616438386,-6204668.889450405,0.0
2024-02-01 21:00:00,0.0,-17024.615616438386,-6206942.74562664,0.0
2024-02-01 22:00:00,0.0,-17024.615616438386,-6206942.74562664,0.0
2024-02-01 23:00:00,0.0,-17024.615616438386,-6206942.74562664,0.0
2024-02-02 00:00:00,0.0,-17024.615616438386,-6206942.74562664,0.0
2024-02-02 01:00:00,0.0,-17024.615616438386,-6206942.74562664,0.0
2024-02-02 02:00:00,0.0,-17024.615616438386,-6206942.74562664,0.0
2024-02-02 03:00:00,0.0,-17024.615616438386,-6206942.74562664,0.0
2024-02-02 04:00:00,0.0,-17024.615616438386,-6206942.74562664,0.0
2024-02-02 05:00:00,0.0,-17024.615616438386,-6206942.74562664,0.0
2024-02-02 06:00:00,0.0,-17024.615616438386,-6206942.74562664,0.0
2024-02-02 07:00:00,0.0,-17024.615616438386,-6209791.665732111,0.0
2024-02-02 08:00:00,0.0,-17024.615616438386,-6213704.116510877,0.0
2024-02-02 09:00:00,0.0,-17024.615616438386,-6217331.086208259,0.0
2024-02-02 10:00:00,0.0,-17024.615616438386,-6220746.562566022,0.0
2024-02-02 11:00:00,0.0,-17024.615616438386,-6223318.532797129,0.0
2024-02-02 12:00:00,0.0,-17024.615616438386,-6225248.983559081,0.0
2024-02-02 13:00:00,0.0,-17024.615616438386,-6226733.900925799,0.0
2024-02-02 14:00:00,0.0,-17024.615616438386,-6227406.270357928,0.0
2024-02-02 15:00:00,0.0,-17024.615616438386,-6227890.076671488,0.0
2024-02-02 16:00:00,0.0,-17024.615616438386,-6229946.30400477,0.0
2024-02-02 17:00:00,0.0,-17024.615616438386,-6235237.935783377,0.0
2024-02-02 18:00:00,0.0,-17024.615616438386,-6242694.954683286,0.0
2024-02-02 19:00:00,0.0,-17024.615616438386,-6249829.34259183,0.0
2024-02-02 20:00:00,0.0,-17024.615616438386,-6256172.0805664575,0.0
2024-02-02 21:00:00,0.0,-17024.615616438386,-6260747.14879116,0.0
2024-02-02 22:00:00,0.0,-17024.615616438386,-6262737.526530402,0.0
2024-02-02 23:00:00,0.0,-17024.615616438386,-6262737.526530402,0.0
2024-02-03 00:00:00,0.0,-17024.615616438386,-6262737.526530402,0.0
2024-02-03 01:00:00,0.0,-17024.615616438386,-6262737.526530402,0.0
2024-02-03 02:00:00,0.0,-17024.615616438386,-6262737.526530402,0.0
2024-02-03 03:00:00,0.0,-17024.615616438386,-6262737.526530402,0.0
2024-02-03 04:00:00,0.0,-17024.615616438386,-6262737.526530402,0.0
2024-02-03 05:00:00,0.0,-17024.615616438386,-6262737.526530402,0.0
2024-02-03 06:00:00,0.0,-17024.615616438386,-6262737.526530402,0.0
2024-02-03 07:00:00,0.0,-17024.615616438386,-6263676.031310702,0.0
2024-02-03 08:00:00,0.0,-17024.615616438386,-6265711.042511546,0.0
2024-02-03 09:00:00,0.0,-17024.615616438386,-6265868.5473285625,0.0
2024-02-03 10:00:00,0.0,-17024.615616438386,-6265868.5473285625,0.0
2024-02-03 11:00:00,0.0,-17024.615616438386,-6265868.5473285625,0.0
2024-02-03 12:00:00,0.0,-17024.615616438386,-6265868.5473285625,0.0
2024-02-03 13:00:00,0.0,-17024.615616438386,-6265868.5473285625,0.0
2024-02-03 14:00:00,0.0,-17024.615616438386,-6265868.5473285625,0.0
2024-02-03 15:00:00,0.0,-17024.615616438386,-6265868.5473285625,0.0
2024-02-03 16:00:00,0.0,-17024.615616438386,-6265868.5473285625,0.0
2024-02-03 17:00:00,0.0,-17024.615616438386,-6265868.5473285625,0.0
2024-02-03 18:00:00,0.0,-17024.615616438386,-6269183.816601442,0.0
2024-02-03 19:00:00,0.0,-17024.615616438386,-6273453.415625332,0.0
2024-02-03 20:00:00,0.0,-17024.615616438386,-6277882.323631834,0.0
2024-02-03 21:00:00,0.0,-17024.615616438386,-6281771.518882341,0.0
2024-02-03 22:00:00,0.0,-17024.615616438386,-6284189.978616415,0.0
2024-02-03 23:00:00,0.0,-17024.615616438386,-6284812.678997195,0.0
2024-02-04 00:00:00,0.0,-17024.615616438386,-6284812.678997195,0.0
2024-02-04 01:00:00,0.0,-17024.615616438386,-6284812.678997195,0.0
2024-02-04 02:00:00,0.0,-17024.615616438386,-6284812.678997195,0.0
2024-02-04 03:00:00,0.0,-17024.615616438386,-6284812.678997195,0.0
2024-02-04 04:00:00,0.0,-17024.615616438386,-6284812.678997195,0.0
2024-02-04 05:00:00,0.0,-17024.615616438386,-6284812.678997195,0.0
2024-02-04 06:00:00,0.0,-17024.615616438386,-6284812.678997195,0.0
2024-02-04 07:00:00,0.0,-17024.615616438386,-6287751.71843191,0.0
2024-02-04 08:00:00,0.0,-17024.615616438386,-6290307.23784673,0.0
2024-02-04 09:00:00,0.0,-17024.615616438386,-6290307.23784673,0.0
2024-02-04 10:00:00,0.0,-17024.615616438386,-6290307.23784673,0.0
2024-02-04 11:00:00,0.0,-17024.615616438386,-6290307.23784673,0.0
2024-02-04 12:00:00,0.0,-17024.615616438386,-6290307.23784673,0.0
2024-02-04 13:00:00,0.0,-17024.615616438386,-6290307.23784673,0.0
2024-02-04 14:00:00,0.0,-17024.615616438386,-6290307.23784673,0.0
2024-02-04 15:00:00,0.0,-17024.615616438386,-6290307.23784673,0.0
2024-02-04 16:00:00,0.0,-17024.615616438386,-6290307.23784673,0.0
2024-02-04 17:00:00,0.0,-17024.615616438386,-6290386.367704466,0.0
2024-02-04 18:00:00,0.0,-17024.615616438386,-6295737.806013086,0.0
2024-02-04 19:00:00,0.0,-17024.615616438386,-6302574.530999119,0.0
2024-02-04 20:00:00,0.0,-17024.615616438386,-6309329.5198651645,0.0
2024-02-04 21:00:00,0.0,-17024.615616438386,-6314641.748735166,0.0
2024-02-04 22:00:00,0.0,-17024.615616438386,-6317777.192596533,0.0
2024-02-04 23:00:00,0.0,-17024.615616438386,-6318649.8252389,0.0
2024-02-05 00:00:00,0.0,-17024.615616438386,-6318649.8252389,0.0
2024-02-05 01:00:00,0.0,-17024.615616438386,-6318649.8252389,0.0
2024-02-05 02:00:00,0.0,-17024.615616438386,-6318649.8252389,0.0
2024-02-05 03:00:00,0.0,-17024.615616438386,-6318649.8252389,0.0
2024-02-05 04:00:00,0.0,-17024.615616438386,-6318649.8252389,0.0
2024-02-05 05:00:00,0.0,-17024.615616438386,-6318649.8252389,0.0
2024-02-05 06:00:00,0.0,-17024.615616438386,-6321563.906152009,0.0
2024-02-05 07:00:00,0.0,-17024.615616438386,-6329559.5490851505,0.0
2024-02-05 08:00:00,0.0,-17024.615616438386,-6335475.743630814,0.0
2024-02-05 09:00:00,0.0,-17024.615616438386,-6336567.4789453605,0.0
2024-02-05 10:00:00,0.0,-17024.615616438386,-6336567.4789453605,0.0
2024-02-05 11:00:00,0.0,-17024.615616438386,-6336567.4789453605,0.0
2024-02-05 12:00:00,0.0,-17024.615616438386,-6336567.4789453605,0.0
2024-02-05 13:00:00,0.0,-17024.615616438386,-6336567.4789453605,0.0
2024-02-05 14:00:00,0.0,-17024.615616438386,-6336567.4789453605,0.0
2024-02-05 15:00:00,0.0,-17024.615616438386,-6336567.4789453605,0.0
2024-02-05 16:00:00,0.0,-17024.615616438386,-6336567.4789453605,0.0
2024-02-05 17:00:00,0.0,-17024.615616438386,-6336567.4789453605,0.0
2024-02-05 18:00:00,0.0,-17024.615616438386,-6340625.5095927855,0.0
2024-02-05 19:00:00,0.0,-17024.615616438386,-6345331.943205424,0.0
2024-02-05 20:00:00,0.0,-17024.615616438386,-6349479.7624239605,0.0
2024-02-05 21:00:00,0.0,-17024.615616438386,-6351605.949099349,0.0
2024-02-05 22:00:00,0.0,-17024.615616438386,-6351605.949099349,0.0
2024-02-05 23:00:00,0.0,-17024.615616438386,-6351605.949099349,0.0
2024-02-06 00:00:00,0.0,-17024.615616438386,-6351605.949099349,0.0
2024-02-06 01:00:00,0.0,-17024.615616438386,-6351605.949099349,0.0
2024-02-06 02:00:00,0.0,-17024.615616438386,-6351605.949099349,0.0
2024-02-06 03:00:00,0.0,-17024.615616438386,-6351605.949099349,0.0
2024-02-06 04:00:00,0.0,-17024.615616438386,-6351605.949099349,0.0
2024-02-06 05:00:00,0.0,-17024.615616438386,-6351605.949099349,0.0
2024-02-06 06:00:00,0.0,-17024.615616438386,-6356466.679209119,0.0
2024-02-06 07:00:00,0.0,-17024.615616438386,-6365952.94989054,0.0
2024-02-06 08:00:00,0.0,-17024.615616438386,-6373751.749827598,0.0
2024-02-06 09:00:00,0.0,-17024.615616438386,-6377639.067223018,0.0
2024-02-06 10:00:00,0.0,-17024.615616438386,-6378144.889774244,0.0
2024-02-06 11:00:00,0.0,-17024.615616438386,-6378144.889774244,0.0
2024-02-06 12:00:00,0.0,-17024.615616438386,-6378144.889774244,0.0
2024-02-06 13:00:00,0.0,-17024.615616438386,-6378144.889774244,0.0
2024-02-06 14:00:00,0.0,-17024.615616438386,-6378144.889774244,0.0
2024-02-06 15:00:00,0.0,-17024.615616438386,-6378144.889774244,0.0
2024-02-06 16:00:00,0.0,-17024.615616438386,-6378144.889774244,0.0
2024-02-06 17:00:00,0.0,-17024.615616438386,-6380557.855809671,0.0
2024-02-06 18:00:00,0.0,-17024.615616438386,-6387960.207034148,0.0
2024-02-06 19:00:00,0.0,-17024.615616438386,-6396449.925270826,0.0
2024-02-06 20:00:00,0.0,-17024.615616438386,-6404643.991510183,0.0
2024-02-06 21:00:00,0.0,-17024.615616438386,-6410956.385866307,0.0
2024-02-06 22:00:00,0.0,-17024.615616438386,-6413870.087530679,0.0
2024-02-06 23:00:00,0.0,-17024.615616438386,-6413870.087530679,0.0
2024-02-07 00:00:00,0.0,-17024.615616438386,-6413870.087530679,0.0
2024-02-07 01:00:00,0.0,-17024.615616438386,-6413870.087530679,0.0
2024-02-07 02:00:00,0.0,-17024.615616438386,-6413870.087530679,0.0
2024-02-07 03:00:00,0.0,-17024.615616438386,-6413870.087530679,0.0
2024-02-07 04:00:00,0.0,-17024.615616438386,-6413870.087530679,0.0
2024-02-07 05:00:00,0.0,-17024.615616438386,-6414836.893608951,0.0
2024-02-07 06:00:00,0.0,-17024.615616438386,-6423795.228731265,0.0
2024-02-07 07:00:00,0.0,-17024.615616438386,-6437522.081084764,0.0
2024-02-07 08:00:00,0.0,-17024.615616438386,-6448689.438350383,0.0
2024-02-07 09:00:00,0.0,-17024.615616438386,-6454230.287677461,0.0
2024-02-07 10:00:00,0.0,-17024.615616438386,-6455171.615656939,0.0
2024-02-07 11:00:00,0.0,-17024.615616438386,-6455171.615656939,0.0
2024-02-07 12:00:00,0.0,-17024.615616438386,-6455171.615656939,0.0
2024-02-07 13:00:00,0.0,-17024.615616438386,-6455171.615656939,0.0
2024-02-07 14:00:00,0.0,-17024.615616438386,-6455171.615656939,0.0
2024-02-07 15:00:00,0.0,-17024.615616438386,-6455171.615656939,0.0
2024-02-07 16:00:00,0.0,-17024.615616438386,-6455171.615656939,0.0
2024-02-07 17:00:00,0.0,-17024.615616438386,-6455805.865488439,0.0
2024-02-07 18:00:00,0.0,-17024.615616438386,-6460824.46284871,0.0
2024-02-07 19:00:00,0.0,-17024.615616438386,-6466835.387820584,0.0
2024-02-07 20:00:00,0.0,-17024.615616438386,-6472685.619562409,0.0
2024-02-07 21:00:00,0.0,-17024.615616438386,-6476806.136259073,0.0
2024-02-07 22:00:00,0.0,-17024.615616438386,-6477758.91507022,0.0
2024-02-07 23:00:00,0.0,-17024.615616438386,-6477758.91507022,0.0
2024-02-08 00:00:00,0.0,-17024.615616438386,-6477758.91507022,0.0
2024-02-08 01:00:00,0.0,-17024.615616438386,-6477758.91507022,0.0
2024-02-08 02:00:00,0.0,-17024.615616438386,-6477758.91507022,0.0
2024-02-08 03:00:00,0.0,-17024.615616438386,-6477758.91507022,0.0
2024-02-08 04:00:00,0.0,-17024.615616438386,-6477758.91507022,0.0
2024-02-08 05:00:00,0.0,-17024.615616438386,-6477758.91507022,0.0
2024-02-08 06:00:00,0.0,-17024.615616438386,-6483690.807081352,0.0
2024-02-08 07:00:00,0.0,-17024.615616438386,-6493942.190893093,0.0
2024-02-08 08:00:00,0.0,-17024.615616438386,-6502416.053077844,0.0
2024-02-08 09:00:00,0.0,-17024.615616438386,-6505973.379620221,0.0
2024-02-08 10:00:00,0.0,-17024.615616438386,-6505973.379620221,0.0
2024-02-08 11:00:00,0.0,-17024.615616438386,-6505973.379620221,0.0
2024-02-08 12:00:00,0.0,-17024.615616438386,-6505973.379620221,0.0
2024-02-08 13:00:00,0.0,-17024.615616438386,-6505973.379620221,0.0
2024-02-08 14:00:00,0.0,-17024.615616438386,-6505973.379620221,0.0
2024-02-08 15:00:00,0.0,-17024.615616438386,-6505973.379620221,0.0
2024-02-08 16:00:00,0.0,-17024.615616438386,-6505973.379620221,0.0
2024-02-08 17:00:00,0.0,-17024.615616438386,-6506138.835241984,0.0
2024-02-08 18:00:00,0.0,-17024.615616438386,-6509737.597095574,0.0
2024-02-08 19:00:00,0.0,-17024.615616438386,-6513514.643330731,0.0
2024-02-08 20:00:00,0.0,-17024.615616438386,-6516449.951069831,0.0
2024-02-08 21:00:00,0.0,-17024.615616438386,-6516974.496352989,0.0
2024-02-08 22:00:00,0.0,-17024.615616438386,-6516974.496352989,0.0
2024-02-08 23:00:00,0.0,-17024.615616438386,-6516974.496352989,0.0
2024-02-09 00:00:00,0.0,-17024.615616438386,-6516974.496352989,0.0
2024-02-09 01:00:00,0.0,-17024.615616438386,-6516974.496352989,0.0
2024-02-09 02:00:00,0.0,-17024.615616438386,-6516974.496352989,0.0
2024-02-09 03:00:00,0.0,-17024.615616438386,-6516974.496352989,0.0
2024-02-09 04:00:00,0.0,-17024.615616438386,-6516974.496352989,0.0
2024-02-09 05:00:00,0.0,-17024.615616438386,-6516974.496352989,0.0
2024-02-09 06:00:00,0.0,-17024.615616438386,-6516974.496352989,0.0
2024-02-09 07:00:00,0.0,-17024.615616438386,-6517196.356833838,0.0
2024-02-09 08:00:00,0.0,-17024.615616438386,-6518128.666719677,0.0
2024-02-09 09:00:00,0.0,-17024.615616438386,-6518128.666719677,0.0
2024-02-09 10:00:00,0.0,-17024.615616438386,-6518128.666719677,0.0
2024-02-09 11:00:00,0.0,-17024.615616438386,-6518128.666719677,0.0
2024-02-09 12:00:00,0.0,-17024.615616438386,-6518128.666719677,0.0
2024-02-09 13:00:00,0.0,-17024.615616438386,-6518128.666719677,0.0
2024-02-09 14:00:00,0.0,-17024.615616438386,-6518128.666719677,0.0
2024-02-09 15:00:00,0.0,-17024.615616438386,-6518128.666719677,0.0
2024-02-09 16:00:00,0.0,-17024.615616438386,-6518128.666719677,0.0
2024-02-09 17:00:00,0.0,-17024.615616438386,-6518128.666719677,0.0
2024-02-09 18:00:00,0.0,-17024.615616438386,-6518128.666719677,0.0
2024-02-09 19:00:00,0.0,-17024.615616438386,-6518128.666719677,0.0
2024-02-09 20:00:00,0.0,-17024.615616438386,-6518128.666719677,0.0
2024-02-09 21:00:00,0.0,-17024.615616438386,-6518128.666719677,0.0
2024-02-09 22:00:00,0.0,-17024.615616438386,-6518128.666719677,0.0
2024-02-09 23:00:00,0.0,-17024.615616438386,-6518128.666719677,0.0
2024-02-10 00:00:00,0.0,-17024.615616438386,-6518128.666719677,0.0
2024-02-10 01:00:00,0.0,-17024.615616438386,-6518128.666719677,0.0
2024-02-10 02:00:00,0.0,-17024.615616438386,-6518128.666719677,0.0
2024-02-10 03:00:00,0.0,-17024.615616438386,-6518128.666719677,0.0
2024-02-10 04:00:00,0.0,-17024.615616438386,-6518128.666719677,0.0
2024-02-10 05:00:00,0.0,-17024.615616438386,-6518128.666719677,0.0
2024-02-10 06:00:00,0.0,-17024.615616438386,-6518128.666719677,0.0
2024-02-10 07:00:00,0.0,-17024.615616438386,-6518128.666719677,0.0
2024-02-10 08:00:00,0.0,-17024.615616438386,-6518128.666719677,0.0
2024-02-10 09:00:00,0.0,-17024.615616438386,-6518128.666719677,0.0
2024-02-10 10:00:00,0.0,-17024.615616438386,-6518128.666719677,0.0
2024-02-10 11:00:00,0.0,-17024.615616438386,-6518128.666719677,0.0
2024-02-10 12:00:00,0.0,-17024.615616438386,-6518128.666719677,0.0
2024-02-10 13:00:00,0.0,-17024.615616438386,-6518128.666719677,0.0
2024-02-10 14:00:00,0.0,-17024.615616438386,-6518128.666719677,0.0
2024-02-10 15:00:00,0.0,-17024.615616438386,-6518128.666719677,0.0
2024-02-10 16:00:00,0.0,-17024.615616438386,-6518128.666719677,0.0
2024-02-10 17:00:00,0.0,-17024.615616438386,-6518128.666719677,0.0
2024-02-10 18:00:00,0.0,-17024.615616438386,-6518128.666719677,0.0
2024-02-10 19:00:00,0.0,-17024.615616438386,-6518128.666719677,0.0
2024-02-10 20:00:00,0.0,-17024.615616438386,-6518128.666719677,0.0
2024-02-10 21:00:00,0.0,-17024.615616438386,-6518128.666719677,0.0
2024-02-10 22:00:00,0.0,-17024.615616438386,-6518128.666719677,0.0
2024-02-10 23:00:00,0.0,-17024.615616438386,-6518128.666719677,0.0
2024-02-11 00:00:00,0.0,-17024.615616438386,-6518128.666719677,0.0
2024-02-11 01:00:00,0.0,-17024.615616438386,-6518128.666719677,0.0
2024-02-11 02:00:00,0.0,-17024.615616438386,-6518128.666719677,0.0
2024-02-11 03:00:00,0.0,-17024.615616438386,-6518128.666719677,0.0
2024-02-11 04:00:00,0.0,-17024.615616438386,-6518128.666719677,0.0
2024-02-11 05:00:00,0.0,-17024.615616438386,-6518128.666719677,0.0
2024-02-11 06:00:00,0.0,-17024.615616438386,-6518128.666719677,0.0
2024-02-11 07:00:00,0.0,-17024.615616438386,-6518128.666719677,0.0
2024-02-11 08:00:00,0.0,-17024.615616438386,-6518128.666719677,0.0
2024-02-11 09:00:00,0.0,-17024.615616438386,-6518128.666719677,0.0
2024-02-11 10:00:00,0.0,-17024.615616438386,-6518128.666719677,0.0
2024-02-11 11:00:00,0.0,-17024.615616438386,-6518128.666719677,0.0
2024-02-11 12:00:00,0.0,-17024.615616438386,-6518128.666719677,0.0
2024-02-11 13:00:00,0.0,-17024.615616438386,-6518128.666719677,0.0
2024-02-11 14:00:00,0.0,-17024.615616438386,-6518128.666719677,0.0
2024-02-11 15:00:00,0.0,-17024.615616438386,-6518128.666719677,0.0
2024-02-11 16:00:00,0.0,-17024.615616438386,-6518128.666719677,0.0
2024-02-11 17:00:00,0.0,-17024.615616438386,-6518128.666719677,0.0
2024-02-11 18:00:00,0.0,-17024.615616438386,-6519395.34757096,0.0
2024-02-11 19:00:00,0.0,-17024.615616438386,-6519395.34757096,0.0
2024-02-11 20:00:00,0.0,-17024.615616438386,-6519395.34757096,0.0
2024-02-11 21:00:00,0.0,-17024.615616438386,-6519395.34757096,0.0
2024-02-11 22:00:00,0.0,-17024.615616438386,-6519395.34757096,0.0
2024-02-11 23:00:00,0.0,-17024.615616438386,-6519395.34757096,0.0
2024-02-12 00:00:00,0.0,-17024.615616438386,-6519395.34757096,0.0
2024-02-12 01:00:00,0.0,-17024.615616438386,-6519395.34757096,0.0
2024-02-12 02:00:00,0.0,-17024.615616438386,-6519395.34757096,0.0
2024-02-12 03:00:00,0.0,-17024.615616438386,-6519395.34757096,0.0
2024-02-12 04:00:00,0.0,-17024.615616438386,-6519395.34757096,0.0
2024-02-12 05:00:00,0.0,-17024.615616438386,-6519395.34757096,0.0
2024-02-12 06:00:00,0.0,-17024.615616438386,-6519395.34757096,0.0
2024-02-12 07:00:00,0.0,-17024.615616438386,-6519395.34757096,0.0
2024-02-12 08:00:00,0.0,-17024.615616438386,-6519395.34757096,0.0
2024-02-12 09:00:00,0.0,-17024.615616438386,-6519395.34757096,0.0
2024-02-12 10:00:00,0.0,-17024.615616438386,-6519395.34757096,0.0
2024-02-12 11:00:00,0.0,-17024.615616438386,-6519395.34757096,0.0
2024-02-12 12:00:00,0.0,-17024.615616438386,-6519395.34757096,0.0
2024-02-12 13:00:00,0.0,-17024.615616438386,-6519395.34757096,0.0
2024-02-12 14:00:00,0.0,-17024.615616438386,-6519395.34757096,0.0
2024-02-12 15:00:00,0.0,-17024.615616438386,-6519395.34757096,0.0
2024-02-12 16:00:00,0.0,-17024.615616438386,-6519395.34757096,0.0
2024-02-12 17:00:00,0.0,-17024.615616438386,-6519395.34757096,0.0
2024-02-12 18:00:00,0.0,-17024.615616438386,-6520771.433101298,0.0
2024-02-12 19:00:00,0.0,-17024.615616438386,-6522064.800722118,0.0
2024-02-12 20:00:00,0.0,-17024.615616438386,-6522064.800722118,0.0
2024-02-12 21:00:00,0.0,-17024.615616438386,-6522064.800722118,0.0
2024-02-12 22:00:00,0.0,-17024.615616438386,-6522064.800722118,0.0
2024-02-12 23:00:00,0.0,-17024.615616438386,-6522064.800722118,0.0
2024-02-13 00:00:00,0.0,-17024.615616438386,-6522064.800722118,0.0
2024-02-13 01:00:00,0.0,-17024.615616438386,-6522064.800722118,0.0
2024-02-13 02:00:00,0.0,-17024.615616438386,-6522064.800722118,0.0
2024-02-13 03:00:00,0.0,-17024.615616438386,-6522064.800722118,0.0
2024-02-13 04:00:00,0.0,-17081.615616438386,-6522064.800722118,0.0
2024-02-13 05:00:00,0.0,-17081.615616438386,-6522064.800722118,0.0
2024-02-13 06:00:00,0.0,-17081.615616438386,-6522064.800722118,0.0
2024-02-13 07:00:00,0.0,-17081.615616438386,-6523299.002270897,0.0
2024-02-13 08:00:00,0.0,-17081.615616438386,-6526393.651513396,0.0
2024-02-13 09:00:00,0.0,-17081.615616438386,-6529183.733090425,0.0
2024-02-13 10:00:00,0.0,-17081.615616438386,-6531119.230956498,0.0
2024-02-13 11:00:00,0.0,-17081.615616438386,-6531282.128344399,0.0
2024-02-13 12:00:00,0.0,-17081.615616438386,-6531282.128344399,0.0
2024-02-13 13:00:00,0.0,-17081.615616438386,-6531282.128344399,0.0
2024-02-13 14:00:00,0.0,-17081.615616438386,-6531282.128344399,0.0
2024-02-13 15:00:00,0.0,-17081.615616438386,-6531282.128344399,0.0
2024-02-13 16:00:00,0.0,-17081.615616438386,-6531282.128344399,0.0
2024-02-13 17:00:00,0.0,-17081.615616438386,-6533571.025341166,0.0
2024-02-13 18:00:00,0.0,-17081.615616438386,-6540065.180853387,0.0
2024-02-13 19:00:00,0.0,-17081.615616438386,-6547222.570797719,0.0
2024-02-13 20:00:00,0.0,-17081.615616438386,-6553412.1699443,0.0
2024-02-13 21:00:00,0.0,-17081.615616438386,-6557203.951854975,0.0
2024-02-13 22:00:00,0.0,-17081.615616438386,-6557241.888817926,0.0
2024-02-13 23:00:00,0.0,-17081.615616438386,-6557241.888817926,0.0
2024-02-14 00:00:00,0.0,-17081.615616438386,-6557241.888817926,0.0
2024-02-14 01:00:00,0.0,-17081.615616438386,-6557241.888817926,0.0
2024-02-14 02:00:00,0.0,-17081.615616438386,-6557241.888817926,0.0
2024-02-14 03:00:00,0.0,-17081.615616438386,-6557241.888817926,0.0
2024-02-14 04:00:00,0.0,-17081.615616438386,-6557241.888817926,0.0
2024-02-14 05:00:00,0.0,-17081.615616438386,-6557241.888817926,0.0
2024-02-14 06:00:00,0.0,-17081.615616438386,-6560392.071565403,0.0
2024-02-14 07:00:00,0.0,-17081.615616438386,-6568281.686301329,0.0
2024-02-14 08:00:00,0.0,-17081.615616438386,-6574854.716956611,0.0
2024-02-14 09:00:00,0.0,-17081.615616438386,-6578225.146739013,0.0
2024-02-14 10:00:00,0.0,-17081.615616438386,-6578978.958095643,0.0
2024-02-14 11:00:00,0.0,-17081.615616438386,-6578978.958095643,0.0
2024-02-14 12:00:00,0.0,-17081.615616438386,-6578978.958095643,0.0
2024-02-14 13:00:00,0.0,-17081.615616438386,-6578978.958095643,0.0
2024-02-14 14:00:00,0.0,-17081.615616438386,-6578978.958095643,0.0
2024-02-14 15:00:00,0.0,-17081.615616438386,-6578978.958095643,0.0
2024-02-14 16:00:00,0.0,-17081.615616438386,-6578978.958095643,0.0
2024-02-14 17:00:00,0.0,-17081.615616438386,-6581207.876175779,0.0
2024-02-14 18:00:00,0.0,-17081.615616438386,-6588274.002758686,0.0
2024-02-14 19:00:00,0.0,-17081.615616438386,-6596427.311361358,0.0
2024-02-14 20:00:00,0.0,-17081.615616438386,-6604510.77422441,0.0
2024-02-14 21:00:00,0.0,-17081.615616438386,-6611076.362242742,0.0
2024-02-14 22:00:00,0.0,-17081.615616438386,-6614459.0448921425,0.0
2024-02-14 23:00:00,0.0,-17081.615616438386,-6615088.790151587,0.0
2024-02-15 00:00:00,0.0,-17081.615616438386,-6615088.790151587,0.0
2024-02-15 01:00:00,0.0,-17081.615616438386,-6615088.790151587,0.0
2024-02-15 02:00:00,0.0,-17081.615616438386,-6615088.790151587,0.0
2024-02-15 03:00:00,0.0,-17081.615616438386,-6615088.790151587,0.0
2024-02-15 04:00:00,0.0,-17081.615616438386,-6615088.790151587,0.0
2024-02-15 05:00:00,0.0,-17081.615616438386,-6617065.938079184,0.0
2024-02-15 06:00:00,0.0,-17081.615616438386,-6626901.501556729,0.0
2024-02-15 07:00:00,0.0,-17081.615616438386,-6640984.463766952,0.0
2024-02-15 08:00:00,0.0,-17081.615616438386,-6652590.80713043,0.0
2024-02-15 09:00:00,0.0,-17081.615616438386,-6659966.513265857,0.0
2024-02-15 10:00:00,0.0,-17081.615616438386,-6664571.562948059,0.0
2024-02-15 11:00:00,0.0,-17081.615616438386,-6666934.936063625,0.0
2024-02-15 12:00:00,0.0,-17081.615616438386,-6667522.611563992,0.0
2024-02-15 13:00:00,0.0,-17081.615616438386,-6667522.611563992,0.0
2024-02-15 14:00:00,0.0,-17081.615616438386,-6667522.611563992,0.0
2024-02-15 15:00:00,0.0,-17081.615616438386,-6667522.611563992,0.0
2024-02-15 16:00:00,0.0,-17081.615616438386,-6667806.265618033,0.0
2024-02-15 17:00:00,0.0,-17081.615616438386,-6672008.1009475235,0.0
2024-02-15 18:00:00,0.0,-17081.615616438386,-6679990.089745478,0.0
2024-02-15 19:00:00,0.0,-17081.615616438386,-6688523.202856306,0.0
2024-02-15 20:00:00,0.0,-17081.615616438386,-6695799.409702246,0.0
2024-02-15 21:00:00,0.0,-17081.615616438386,-6700439.678205474,0.0
2024-02-15 22:00:00,0.0,-17081.615616438386,-6701548.974705644,0.0
2024-02-15 23:00:00,0.0,-17081.615616438386,-6701548.974705644,0.0
2024-02-16 00:00:00,0.0,-17081.615616438386,-6701548.974705644,0.0
2024-02-16 01:00:00,0.0,-17081.615616438386,-6701548.974705644,0.0
2024-02-16 02:00:00,0.0,-17081.615616438386,-6701548.974705644,0.0
2024-02-16 03:00:00,0.0,-17081.615616438386,-6701548.974705644,0.0
2024-02-16 04:00:00,0.0,-17081.615616438386,-6701548.974705644,0.0
2024-02-16 05:00:00,0.0,-17081.615616438386,-6701548.974705644,0.0
2024-02-16 06:00:00,0.0,-17081.615616438386,-6705123.850109729,0.0
2024-02-16 07:00:00,0.0,-17081.615616438386,-6713030.087836908,0.0
2024-02-16 08:00:00,0.0,-17081.615616438386,-6720874.66863218,0.0
2024-02-16 09:00:00,0.0,-17081.615616438386,-6727125.572350513,0.0
2024-02-16 10:00:00,0.0,-17081.615616438386,-6731768.777909823,0.0
2024-02-16 11:00:00,0.0,-17081.615616438386,-6734751.263241263,0.0
2024-02-16 12:00:00,0.0,-17081.615616438386,-6736166.005236656,0.0
2024-02-16 13:00:00,0.0,-17081.615616438386,-6736944.979692892,0.0
2024-02-16 14:00:00,0.0,-17081.615616438386,-6737280.161253115,0.0
2024-02-16 15:00:00,0.0,-17081.615616438386,-6738429.523344502,0.0
2024-02-16 16:00:00,0.0,-17081.615616438386,-6742248.03811242,0.0
2024-02-16 17:00:00,0.0,-17081.615616438386,-6749859.676350748,0.0
2024-02-16 18:00:00,0.0,-17081.615616438386,-6760388.407428127,0.0
2024-02-16 19:00:00,0.0,-17081.615616438386,-6770923.199209878,0.0
2024-02-16 20:00:00,0.0,-17081.615616438386,-6780587.017975346,0.0
2024-02-16 21:00:00,0.0,-17081.615616438386,-6788583.828330357,0.0
2024-02-16 22:00:00,0.0,-17081.615616438386,-6793787.593114511,0.0
2024-02-16 23:00:00,0.0,-17081.615616438386,-6795801.273302987,0.0
2024-02-17 00:00:00,0.0,-17081.615616438386,-6795801.273302987,0.0
2024-02-17 01:00:00,0.0,-17081.615616438386,-6795801.273302987,0.0
2024-02-17 02:00:00,0.0,-17081.615616438386,-6795801.273302987,0.0
2024-02-17 03:00:00,0.0,-17081.615616438386,-6795801.273302987,0.0
2024-02-17 04:00:00,0.0,-17081.615616438386,-6795801.273302987,0.0
2024-02-17 05:00:00,0.0,-17081.615616438386,-6795801.273302987,0.0
2024-02-17 06:00:00,0.0,-17081.615616438386,-6795801.273302987,0.0
2024-02-17 07:00:00,0.0,-17081.615616438386,-6798815.707658719,0.0
2024-02-17 08:00:00,0.0,-17081.615616438386,-6804541.443311792,0.0
2024-02-17 09:00:00,0.0,-17081.615616438386,-6811739.4581577955,0.0
2024-02-17 10:00:00,0.0,-17081.615616438386,-6818890.729050843,0.0
2024-02-17 11:00:00,0.0,-17081.615616438386,-6825790.231747842,0.0
2024-02-17 12:00:00,0.0,-17081.615616438386,-6832353.94084954,0.0
2024-02-17 13:00:00,0.0,-17081.615616438386,-6837790.829738149,0.0
2024-02-17 14:00:00,0.0,-17081.615616438386,-6841920.870511354,0.0
2024-02-17 15:00:00,0.0,-17081.615616438386,-6846071.033912457,0.0
2024-02-17 16:00:00,0.0,-17081.615616438386,-6852364.289256452,0.0
2024-02-17 17:00:00,0.0,-17081.615616438386,-6863015.604351758,0.0
2024-02-17 18:00:00,0.0,-17081.615616438386,-6878580.945417351,0.0
2024-02-17 19:00:00,0.0,-17081.615616438386,-6895210.2769950135,0.0
2024-02-17 20:00:00,0.0,-17081.615616438386,-6911627.561856396,0.0
2024-02-17 21:00:00,0.0,-17081.615616438386,-6927003.760904574,0.0
2024-02-17 22:00:00,0.0,-17081.615616438386,-6940376.833069761,0.0
2024-02-17 23:00:00,0.0,-17081.615616438386,-6951712.735198803,0.0
2024-02-18 00:00:00,0.0,-17081.615616438386,-6955145.897343188,0.0
2024-02-18 01:00:00,0.0,-17081.615616438386,-6957992.457038593,0.0
2024-02-18 02:00:00,0.0,-17081.615616438386,-6960705.396625909,0.0
2024-02-18 03:00:00,0.0,-17081.615616438386,-6964003.697639362,0.0
2024-02-18 04:00:00,0.0,-17081.615616438386,-6968601.34076424,0.0
2024-02-18 05:00:00,0.0,-17081.615616438386,-6975157.305792211,0.0
2024-02-18 06:00:00,0.0,-17081.615616438386,-6984571.571574079,0.0
2024-02-18 07:00:00,0.0,-17081.615616438386,-6996594.115969848,0.0
2024-02-18 08:00:00,0.0,-17081.615616438386,-7008725.915795896,0.0
2024-02-18 09:00:00,0.0,-17081.615616438386,-7018296.946769118,0.0
2024-02-18 10:00:00,0.0,-17081.615616438386,-7025108.183447829,0.0
2024-02-18 11:00:00,0.0,-17081.615616438386,-7029241.599169245,0.0
2024-02-18 12:00:00,0.0,-17081.615616438386,-7031085.165983323,0.0
2024-02-18 13:00:00,0.0,-17081.615616438386,-7031085.165983323,0.0
2024-02-18 14:00:00,0.0,-17081.615616438386,-7031085.165983323,0.0
2024-02-18 15:00:00,0.0,-17081.615616438386,-7031085.165983323,0.0
2024-02-18 16:00:00,0.0,-17081.615616438386,-7031900.029384173,0.0
2024-02-18 17:00:00,0.0,-17081.615616438386,-7037488.882219365,0.0
2024-02-18 18:00:00,0.0,-17081.615616438386,-7048096.687192531,0.0
2024-02-18 19:00:00,0.0,-17081.615616438386,-7060178.405134577,0.0
2024-02-18 20:00:00,0.0,-17081.615616438386,-7071845.994899127,0.0
2024-02-18 21:00:00,0.0,-17081.615616438386,-7082041.413251746,0.0
2024-02-18 22:00:00,0.0,-17081.615616438386,-7089604.614752554,0.0
2024-02-18 23:00:00,0.0,-17081.615616438386,-7094670.551631803,0.0
2024-02-19 00:00:00,0.0,-17081.615616438386,-7094670.551631803,0.0
2024-02-19 01:00:00,0.0,-17081.615616438386,-7094670.551631803,0.0
2024-02-19 02:00:00,0.0,-17081.615616438386,-7094670.551631803,0.0
2024-02-19 03:00:00,0.0,-17081.615616438386,-7094670.551631803,0.0
2024-02-19 04:00:00,0.0,-17081.615616438386,-7094670.551631803,0.0
2024-02-19 05:00:00,0.0,-17081.615616438386,-7094670.551631803,0.0
2024-02-19 06:00:00,0.0,-17081.615616438386,-7097913.450671709,0.0
2024-02-19 07:00:00,0.0,-17081.615616438386,-7105063.7465550685,0.0
2024-02-19 08:00:00,0.0,-17081.615616438386,-7110462.421640136,0.0
2024-02-19 09:00:00,0.0,-17081.615616438386,-7111957.457480588,0.0
2024-02-19 10:00:00,0.0,-17081.615616438386,-7111957.457480588,0.0
2024-02-19 11:00:00,0.0,-17081.615616438386,-7111957.457480588,0.0
2024-02-19 12:00:00,0.0,-17081.615616438386,-7111957.457480588,0.0
2024-02-19 13:00:00,0.0,-17081.615616438386,-7111957.457480588,0.0
2024-02-19 14:00:00,0.0,-17081.615616438386,-7111957.457480588,0.0
2024-02-19 15:00:00,0.0,-17081.615616438386,-7111957.457480588,0.0
2024-02-19 16:00:00,0.0,-17081.615616438386,-7111957.457480588,0.0
2024-02-19 17:00:00,0.0,-17081.615616438386,-7111957.457480588,0.0
2024-02-19 18:00:00,0.0,-17081.615616438386,-7115715.754390277,0.0
2024-02-19 19:00:00,0.0,-17081.615616438386,-7121173.172763869,0.0
2024-02-19 20:00:00,0.0,-17081.615616438386,-7126745.68191808,0.0
2024-02-19 21:00:00,0.0,-17081.615616438386,-7130662.249664634,0.0
2024-02-19 22:00:00,0.0,-17081.615616438386,-7131584.842227539,0.0
2024-02-19 23:00:00,0.0,-17081.615616438386,-7131584.842227539,0.0
2024-02-20 00:00:00,0.0,-17081.615616438386,-7131584.842227539,0.0
2024-02-20 01:00:00,0.0,-17081.615616438386,-7131584.842227539,0.0
2024-02-20 02:00:00,0.0,-17081.615616438386,-7131584.842227539,0.0
2024-02-20 03:00:00,0.0,-17081.615616438386,-7131584.842227539,0.0
2024-02-20 04:00:00,0.0,-17081.615616438386,-7131584.842227539,0.0
2024-02-20 05:00:00,0.0,-17081.615616438386,-7132669.670410066,0.0
2024-02-20 06:00:00,0.0,-17081.615616438386,-7142121.877368154,0.0
2024-02-20 07:00:00,0.0,-17081.615616438386,-7155628.444627102,0.0
2024-02-20 08:00:00,0.0,-17081.615616438386,-7165218.35286381,0.0
2024-02-20 09:00:00,0.0,-17081.615616438386,-7168748.581862157,0.0
2024-02-20 10:00:00,0.0,-17081.615616438386,-7168748.581862157,0.0
2024-02-20 11:00:00,0.0,-17081.615616438386,-7168748.581862157,0.0
2024-02-20 12:00:00,0.0,-17081.615616438386,-7168748.581862157,0.0
2024-02-20 13:00:00,0.0,-17081.615616438386,-7168748.581862157,0.0
2024-02-20 14:00:00,0.0,-17081.615616438386,-7168748.581862157,0.0
2024-02-20 15:00:00,0.0,-17081.615616438386,-7168748.581862157,0.0
2024-02-20 16:00:00,0.0,-17081.615616438386,-7168748.581862157,0.0
2024-02-20 17:00:00,0.0,-17081.615616438386,-7168748.581862157,0.0
2024-02-20 18:00:00,0.0,-17081.615616438386,-7172836.614992519,0.0
2024-02-20 19:00:00,0.0,-17081.615616438386,-7178563.705752624,0.0
2024-02-20 20:00:00,0.0,-17081.615616438386,-7184185.820305711,0.0
2024-02-20 21:00:00,0.0,-17081.615616438386,-7188143.923136008,0.0
2024-02-20 22:00:00,0.0,-17081.615616438386,-7188675.976955731,0.0
2024-02-20 23:00:00,0.0,-17081.615616438386,-7188675.976955731,0.0
2024-02-21 00:00:00,0.0,-17081.615616438386,-7188675.976955731,0.0
2024-02-21 01:00:00,0.0,-17081.615616438386,-7188675.976955731,0.0
2024-02-21 02:00:00,0.0,-17081.615616438386,-7188675.976955731,0.0
2024-02-21 03:00:00,0.0,-17081.615616438386,-7188675.976955731,0.0
2024-02-21 04:00:00,0.0,-17081.615616438386,-7188675.976955731,0.0
2024-02-21 05:00:00,0.0,-17081.615616438386,-7188675.976955731,0.0
2024-02-21 06:00:00,0.0,-17081.615616438386,-7196855.416160251,0.0
2024-02-21 07:00:00,0.0,-17081.615616438386,-7208922.175610113,0.0
2024-02-21 08:00:00,0.0,-17081.615616438386,-7217932.234115186,0.0
2024-02-21 09:00:00,0.0,-17081.615616438386,-7222011.5694932435,0.0
2024-02-21 10:00:00,0.0,-17081.615616438386,-7222056.158517096,0.0
2024-02-21 11:00:00,0.0,-17081.615616438386,-7222056.158517096,0.0
2024-02-21 12:00:00,0.0,-17081.615616438386,-7222056.158517096,0.0
2024-02-21 13:00:00,0.0,-17081.615616438386,-7222056.158517096,0.0
2024-02-21 14:00:00,0.0,-17081.615616438386,-7222056.158517096,0.0
2024-02-21 15:00:00,0.0,-17081.615616438386,-7222056.158517096,0.0
2024-02-21 16:00:00,0.0,-17081.615616438386,-7222056.158517096,0.0
2024-02-21 17:00:00,0.0,-17081.615616438386,-7222056.158517096,0.0
2024-02-21 18:00:00,0.0,-17081.615616438386,-7225503.795094322,0.0
2024-02-21 19:00:00,0.0,-17081.615616438386,-7229862.418860613,0.0
2024-02-21 20:00:00,0.0,-17081.615616438386,-7233673.992459722,0.0
2024-02-21 21:00:00,0.0,-17081.615616438386,-7235449.476660701,0.0
2024-02-21 22:00:00,0.0,-17081.615616438386,-7235449.476660701,0.0
2024-02-21 23:00:00,0.0,-17081.615616438386,-7235449.476660701,0.0
2024-02-22 00:00:00,0.0,-17081.615616438386,-7235449.476660701,0.0
2024-02-22 01:00:00,0.0,-17081.615616438386,-7235449.476660701,0.0
2024-02-22 02:00:00,0.0,-17081.615616438386,-7235449.476660701,0.0
2024-02-22 03:00:00,0.0,-17081.615616438386,-7235449.476660701,0.0
2024-02-22 04:00:00,0.0,-17081.615616438386,-7235449.476660701,0.0
2024-02-22 05:00:00,0.0,-17081.615616438386,-7235449.476660701,0.0
2024-02-22 06:00:00,0.0,-17081.615616438386,-7237500.0651016515,0.0
2024-02-22 07:00:00,0.0,-17081.615616438386,-7243617.929829757,0.0
2024-02-22 08:00:00,0.0,-17081.615616438386,-7247874.047579787,0.0
2024-02-22 09:00:00,0.0,-17081.615616438386,-7249235.393983346,0.0
2024-02-22 10:00:00,0.0,-17081.615616438386,-7249235.393983346,0.0
2024-02-22 11:00:00,0.0,-17081.615616438386,-7249235.393983346,0.0
2024-02-22 12:00:00,0.0,-17081.615616438386,-7249235.393983346,0.0
2024-02-22 13:00:00,0.0,-17081.615616438386,-7249235.393983346,0.0
2024-02-22 14:00:00,0.0,-17081.615616438386,-7249235.393983346,0.0
2024-02-22 15:00:00,0.0,-17081.615616438386,-7249235.393983346,0.0
2024-02-22 16:00:00,0.0,-17081.615616438386,-7249424.55261897,0.0
2024-02-22 17:00:00,0.0,-17081.615616438386,-7252166.697355218,0.0
2024-02-22 18:00:00,0.0,-17081.615616438386,-7257395.790767311,0.0
2024-02-22 19:00:00,0.0,-17081.615616438386,-7262445.793551586,0.0
2024-02-22 20:00:00,0.0,-17081.615616438386,-7266048.664420612,0.0
2024-02-22 21:00:00,0.0,-17081.615616438386,-7266722.359992068,0.0
2024-02-22 22:00:00,0.0,-17081.615616438386,-7266722.359992068,0.0
2024-02-22 23:00:00,0.0,-17081.615616438386,-7266722.359992068,0.0
2024-02-23 00:00:00,0.0,-17081.615616438386,-7266722.359992068,0.0
2024-02-23 01:00:00,0.0,-17081.615616438386,-7266722.359992068,0.0
2024-02-23 02:00:00,0.0,-17081.615616438386,-7266722.359992068,0.0
2024-02-23 03:00:00,0.0,-17081.615616438386,-7266722.359992068,0.0
2024-02-23 04:00:00,0.0,-17081.615616438386,-7266722.359992068,0.0
2024-02-23 05:00:00,0.0,-17081.615616438386,-7266722.359992068,0.0
2024-02-23 06:00:00,0.0,-17081.615616438386,-7266722.359992068,0.0
2024-02-23 07:00:00,0.0,-17081.615616438386,-7266722.359992068,0.0
2024-02-23 08:00:00,0.0,-17081.615616438386,-7267653.436908427,0.0
2024-02-23 09:00:00,0.0,-17081.615616438386,-7267970.68943914,0.0
2024-02-23 10:00:00,0.0,-17081.615616438386,-7267970.68943914,0.0
2024-02-23 11:00:00,0.0,-17081.615616438386,-7267970.68943914,0.0
2024-02-23 12:00:00,0.0,-17081.615616438386,-7267970.68943914,0.0
2024-02-23 13:00:00,0.0,-17081.615616438386,-7267970.68943914,0.0
2024-02-23 14:00:00,0.0,-17081.615616438386,-7267970.68943914,0.0
2024-02-23 15:00:00,0.0,-17081.615616438386,-7267970.68943914,0.0
2024-02-23 16:00:00,0.0,-17081.615616438386,-7267970.68943914,0.0
2024-02-23 17:00:00,0.0,-17081.615616438386,-7268133.210840207,0.0
2024-02-23 18:00:00,0.0,-17081.615616438386,-7270953.59901867,0.0
2024-02-23 19:00:00,0.0,-17081.615616438386,-7274092.810510236,0.0
2024-02-23 20:00:00,0.0,-17081.615616438386,-7276577.799632929,0.0
2024-02-23 21:00:00,0.0,-17081.615616438386,-7277396.518361964,0.0
2024-02-23 22:00:00,0.0,-17081.615616438386,-7277396.518361964,0.0
2024-02-23 23:00:00,0.0,-17081.615616438386,-7277396.518361964,0.0
2024-02-24 00:00:00,0.0,-17081.615616438386,-7277396.518361964,0.0
2024-02-24 01:00:00,0.0,-17081.615616438386,-7277396.518361964,0.0
2024-02-24 02:00:00,0.0,-17081.615616438386,-7277396.518361964,0.0
2024-02-24 03:00:00,0.0,-17081.615616438386,-7277396.518361964,0.0
2024-02-24 04:00:00,0.0,-17081.615616438386,-7277396.518361964,0.0
2024-02-24 05:00:00,0.0,-17081.615616438386,-7277396.518361964,0.0
2024-02-24 06:00:00,0.0,-17081.615616438386,-7277396.518361964,0.0
2024-02-24 07:00:00,0.0,-17081.615616438386,-7277396.518361964,0.0
2024-02-24 08:00:00,0.0,-17081.615616438386,-7277396.518361964,0.0
2024-02-24 09:00:00,0.0,-17081.615616438386,-7277396.518361964,0.0
2024-02-24 10:00:00,0.0,-17081.615616438386,-7277396.518361964,0.0
2024-02-24 11:00:00,0.0,-17081.615616438386,-7277396.518361964,0.0
2024-02-24 12:00:00,0.0,-17081.615616438386,-7277396.518361964,0.0
2024-02-24 13:00:00,0.0,-17081.615616438386,-7277396.518361964,0.0
2024-02-24 14:00:00,0.0,-17081.615616438386,-7277396.518361964,0.0
2024-02-24 15:00:00,0.0,-17081.615616438386,-7277396.518361964,0.0
2024-02-24 16:00:00,0.0,-17081.615616438386,-7277396.518361964,0.0
2024-02-24 17:00:00,0.0,-17081.615616438386,-7279157.245806404,0.0
2024-02-24 18:00:00,0.0,-17081.615616438386,-7285618.749404977,0.0
2024-02-24 19:00:00,0.0,-17081.615616438386,-7293673.98104046,0.0
2024-02-24 20:00:00,0.0,-17081.615616438386,-7301799.890114503,0.0
2024-02-24 21:00:00,0.0,-17081.615616438386,-7309146.4234066615,0.0
2024-02-24 22:00:00,0.0,-17081.615616438386,-7314792.524924927,0.0
2024-02-24 23:00:00,0.0,-17081.615616438386,-7318551.13574723,0.0
2024-02-25 00:00:00,0.0,-17081.615616438386,-7318551.13574723,0.0
2024-02-25 01:00:00,0.0,-17081.615616438386,-7318551.13574723,0.0
2024-02-25 02:00:00,0.0,-17081.615616438386,-7318551.13574723,0.0
2024-02-25 03:00:00,0.0,-17081.615616438386,-7318551.13574723,0.0
2024-02-25 04:00:00,0.0,-17081.615616438386,-7318551.13574723,0.0
2024-02-25 05:00:00,0.0,-17081.615616438386,-7319291.441659991,0.0
2024-02-25 06:00:00,0.0,-17081.615616438386,-7323237.8934904765,0.0
2024-02-25 07:00:00,0.0,-17081.615616438386,-7329237.461676036,0.0
2024-02-25 08:00:00,0.0,-17081.615616438386,-7333791.115208579,0.0
2024-02-25 09:00:00,0.0,-17081.615616438386,-7334944.821555296,0.0
2024-02-25 10:00:00,0.0,-17081.615616438386,-7334944.821555296,0.0
2024-02-25 11:00:00,0.0,-17081.615616438386,-7334944.821555296,0.0
2024-02-25 12:00:00,0.0,-17081.615616438386,-7334944.821555296,0.0
2024-02-25 13:00:00,0.0,-17081.615616438386,-7334944.821555296,0.0
2024-02-25 14:00:00,0.0,-17081.615616438386,-7334944.821555296,0.0
2024-02-25 15:00:00,0.0,-17081.615616438386,-7334944.821555296,0.0
2024-02-25 16:00:00,0.0,-17081.615616438386,-7334944.821555296,0.0
2024-02-25 17:00:00,0.0,-17081.615616438386,-7334944.821555296,0.0
2024-02-25 18:00:00,0.0,-17081.615616438386,-7340353.241899078,0.0
2024-02-25 19:00:00,0.0,-17081.615616438386,-7347930.284688271,0.0
2024-02-25 20:00:00,0.0,-17081.615616438386,-7355379.893820152,0.0
2024-02-25 21:00:00,0.0,-17081.615616438386,-7360929.0102550965,0.0
2024-02-25 22:00:00,0.0,-17081.615616438386,-7363630.571848045,0.0
2024-02-25 23:00:00,0.0,-17081.615616438386,-7363630.571848045,0.0
2024-02-26 00:00:00,0.0,-17081.615616438386,-7363630.571848045,0.0
2024-02-26 01:00:00,0.0,-17081.615616438386,-7363630.571848045,0.0
2024-02-26 02:00:00,0.0,-17081.615616438386,-7363630.571848045,0.0
2024-02-26 03:00:00,0.0,-17081.615616438386,-7363630.571848045,0.0
2024-02-26 04:00:00,0.0,-17081.615616438386,-7363630.571848045,0.0
2024-02-26 05:00:00,0.0,-17081.615616438386,-7363630.571848045,0.0
2024-02-26 06:00:00,0.0,-17081.615616438386,-7363630.571848045,0.0
2024-02-26 07:00:00,0.0,-17081.615616438386,-7364242.757046924,0.0
2024-02-26 08:00:00,0.0,-17081.615616438386,-7364242.757046924,0.0
2024-02-26 09:00:00,0.0,-17081.615616438386,-7364242.757046924,0.0
2024-02-26 10:00:00,0.0,-17081.615616438386,-7364242.757046924,0.0
2024-02-26 11:00:00,0.0,-17081.615616438386,-7364242.757046924,0.0
2024-02-26 12:00:00,0.0,-17081.615616438386,-7364242.757046924,0.0
2024-02-26 13:00:00,0.0,-17081.615616438386,-7364242.757046924,0.0
2024-02-26 14:00:00,0.0,-17081.615616438386,-7364242.757046924,0.0
2024-02-26 15:00:00,0.0,-17081.615616438386,-7364242.757046924,0.0
2024-02-26 16:00:00,0.0,-17081.615616438386,-7364242.757046924,0.0
2024-02-26 17:00:00,0.0,-17081.615616438386,-7364242.757046924,0.0
2024-02-26 18:00:00,0.0,-17081.615616438386,-7364242.757046924,0.0
2024-02-26 19:00:00,0.0,-17081.615616438386,-7364242.757046924,0.0
2024-02-26 20:00:00,0.0,-17081.615616438386,-7364242.757046924,0.0
2024-02-26 21:00:00,0.0,-17081.615616438386,-7364242.757046924,0.0
2024-02-26 22:00:00,0.0,-17081.615616438386,-7364242.757046924,0.0
2024-02-26 23:00:00,0.0,-17081.615616438386,-7364242.757046924,0.0
2024-02-27 00:00:00,0.0,-17081.615616438386,-7364242.757046924,0.0
2024-02-27 01:00:00,0.0,-17081.615616438386,-7364242.757046924,0.0
2024-02-27 02:00:00,0.0,-17081.615616438386,-7364242.757046924,0.0
2024-02-27 03:00:00,0.0,-17081.615616438386,-7364242.757046924,0.0
2024-02-27 04:00:00,0.0,-17081.615616438386,-7364242.757046924,0.0
2024-02-27 05:00:00,0.0,-17081.615616438386,-7364242.757046924,0.0
2024-02-27 06:00:00,0.0,-17081.615616438386,-7364242.757046924,0.0
2024-02-27 07:00:00,0.0,-17081.615616438386,-7364242.757046924,0.0
2024-02-27 08:00:00,0.0,-17081.615616438386,-7364242.757046924,0.0
2024-02-27 09:00:00,0.0,-17081.615616438386,-7364242.757046924,0.0
2024-02-27 10:00:00,0.0,-17081.615616438386,-7364242.757046924,0.0
2024-02-27 11:00:00,0.0,-17081.615616438386,-7364242.757046924,0.0
2024-02-27 12:00:00,0.0,-17081.615616438386,-7364242.757046924,0.0
2024-02-27 13:00:00,0.0,-17081.615616438386,-7364242.757046924,0.0
2024-02-27 14:00:00,0.0,-17081.615616438386,-7364242.757046924,0.0
2024-02-27 15:00:00,0.0,-17081.615616438386,-7364242.757046924,0.0
2024-02-27 16:00:00,0.0,-17081.615616438386,-7364242.757046924,0.0
2024-02-27 17:00:00,0.0,-17081.615616438386,-7364242.757046924,0.0
2024-02-27 18:00:00,0.0,-17081.615616438386,-7364242.757046924,0.0
2024-02-27 19:00:00,0.0,-17081.615616438386,-7364242.757046924,0.0
2024-02-27 20:00:00,0.0,-17081.615616438386,-7364242.757046924,0.0
2024-02-27 21:00:00,0.0,-17081.615616438386,-7364242.757046924,0.0
2024-02-27 22:00:00,0.0,-17081.615616438386,-7364242.757046924,0.0
2024-02-27 23:00:00,0.0,-17081.615616438386,-7364242.757046924,0.0
2024-02-28 00:00:00,0.0,-17081.615616438386,-7364242.757046924,0.0
2024-02-28 01:00:00,0.0,-17081.615616438386,-7364242.757046924,0.0
2024-02-28 02:00:00,0.0,-17081.615616438386,-7364242.757046924,0.0
2024-02-28 03:00:00,0.0,-17081.615616438386,-7364242.757046924,0.0
2024-02-28 04:00:00,0.0,-17081.615616438386,-7364242.757046924,0.0
2024-02-28 05:00:00,0.0,-17081.615616438386,-7364242.757046924,0.0
2024-02-28 06:00:00,0.0,-17081.615616438386,-7364242.757046924,0.0
2024-02-28 07:00:00,0.0,-17081.615616438386,-7364242.757046924,0.0
2024-02-28 08:00:00,0.0,-17081.615616438386,-7364242.757046924,0.0
2024-02-28 09:00:00,0.0,-17081.615616438386,-7364242.757046924,0.0
2024-02-28 10:00:00,0.0,-17081.615616438386,-7364242.757046924,0.0
2024-02-28 11:00:00,0.0,-17081.615616438386,-7364242.757046924,0.0
2024-02-28 12:00:00,0.0,-17081.615616438386,-7364242.757046924,0.0
2024-02-28 13:00:00,0.0,-17460.615616438386,-7364242.757046924,0.0
2024-02-28 14:00:00,0.0,-17542.392876712358,-7364242.757046924,0.0
2024-02-28 15:00:00,0.0,-17990.943013698663,-7364242.757046924,0.0
2024-02-28 16:00:00,0.0,-17990.943013698663,-7364242.757046924,0.0
2024-02-28 17:00:00,0.0,-17990.943013698663,-7364553.761272805,0.0
2024-02-28 18:00:00,0.0,-17990.943013698663,-7367648.5375946285,0.0
2024-02-28 19:00:00,0.0,-17990.943013698663,-7371535.037731616,0.0
2024-02-28 20:00:00,0.0,-17990.943013698663,-7374585.210913796,0.0
2024-02-28 21:00:00,0.0,-17990.943013698663,-7375682.003740596,0.0
2024-02-28 22:00:00,0.0,-18818.711506849344,-7375682.003740596,0.0
2024-02-28 23:00:00,0.0,-20937.711506849344,-7375682.003740596,0.0
2024-02-29 00:00:00,0.0,-21446.711506849344,-7375682.003740596,0.0
2024-02-29 01:00:00,0.0,-21446.711506849344,-7375682.003740596,0.0
2024-02-29 02:00:00,0.0,-21536.71287671235,-7375682.003740596,0.0
2024-02-29 03:00:00,0.0,-22467.51424657536,-7375682.003740596,0.0
2024-02-29 04:00:00,0.0,-22467.51424657536,-7375682.003740596,0.0
2024-02-29 05:00:00,0.0,-24288.541917808237,-7375682.003740596,0.0
2024-02-29 06:00:00,0.0,-24288.541917808237,-7382599.762416421,0.0
2024-02-29 07:00:00,0.0,-24288.541917808237,-7393465.634551282,0.0
2024-02-29 08:00:00,0.0,-24288.541917808237,-7401717.5890293615,0.0
2024-02-29 09:00:00,0.0,-24288.541917808237,-7406455.593205075,0.0
2024-02-29 10:00:00,0.0,-24288.541917808237,-7408704.612818848,0.0
2024-02-29 11:00:00,0.0,-24288.541917808237,-7408704.612818848,0.0
2024-02-29 12:00:00,0.0,-24288.541917808237,-7408704.612818848,0.0
2024-02-29 13:00:00,0.0,-24288.541917808237,-7408704.612818848,0.0
2024-02-29 14:00:00,0.0,-24288.541917808237,-7408704.612818848,0.0
2024-02-29 15:00:00,0.0,-24288.541917808237,-7408704.612818848,0.0
2024-02-29 16:00:00,0.0,-24288.541917808237,-7408704.612818848,0.0
2024-02-29 17:00:00,0.0,-24288.541917808237,-7411305.625527433,0.0
2024-02-29 18:00:00,0.0,-24288.541917808237,-7419259.309597681,0.0
2024-02-29 19:00:00,0.0,-24288.541917808237,-7429491.61152398,0.0
2024-02-29 20:00:00,0.0,-24288.541917808237,-7439701.475013702,0.0
2024-02-29 21:00:00,0.0,-24288.541917808237,-7448166.840827797,0.0
2024-02-29 22:00:00,0.0,-24288.541917808237,-7453344.646611729,0.0
2024-02-29 23:00:00,0.0,-24288.541917808237,-7455483.826716152,0.0
2024-03-01 00:00:00,0.0,-24288.541917808237,-7455483.826716152,0.0
2024-03-01 01:00:00,0.0,-24288.541917808237,-7455483.826716152,0.0
2024-03-01 02:00:00,0.0,-24288.541917808237,-7455483.826716152,0.0
2024-03-01 03:00:00,0.0,-24288.541917808237,-7455483.826716152,0.0
2024-03-01 04:00:00,0.0,-24288.541917808237,-7455483.826716152,0.0
2024-03-01 05:00:00,0.0,-24288.541917808237,-7456212.918284403,0.0
2024-03-01 06:00:00,0.0,-24288.541917808237,-7464483.478997359,0.0
2024-03-01 07:00:00,0.0,-24288.541917808237,-7475125.494415133,0.0
2024-03-01 08:00:00,0.0,-24288.541917808237,-7482088.949458016,0.0
2024-03-01 09:00:00,0.0,-24288.541917808237,-7484859.82837363,0.0
2024-03-01 10:00:00,0.0,-24288.541917808237,-7484859.82837363,0.0
2024-03-01 11:00:00,0.0,-24288.541917808237,-7484859.82837363,0.0
2024-03-01 12:00:00,0.0,-24288.541917808237,-7484859.82837363,0.0
2024-03-01 13:00:00,0.0,-24288.541917808237,-7484859.82837363,0.0
2024-03-01 14:00:00,0.0,-24288.541917808237,-7484859.82837363,0.0
2024-03-01 15:00:00,0.0,-24288.541917808237,-7484859.82837363,0.0
2024-03-01 16:00:00,0.0,-24288.541917808237,-7484859.82837363,0.0
2024-03-01 17:00:00,0.0,-24288.541917808237,-7487266.438059096,0.0
2024-03-01 18:00:00,0.0,-24288.541917808237,-7492085.293150012,0.0
2024-03-01 19:00:00,0.0,-24288.541917808237,-7496615.3688949505,0.0
2024-03-01 20:00:00,0.0,-24288.541917808237,-7499725.63935889,0.0
2024-03-01 21:00:00,0.0,-24288.541917808237,-7500473.077359248,0.0
2024-03-01 22:00:00,0.0,-24288.541917808237,-7500473.077359248,0.0
2024-03-01 23:00:00,0.0,-24288.541917808237,-7500473.077359248,0.0
2024-03-02 00:00:00,0.0,-24288.541917808237,-7500473.077359248,0.0
2024-03-02 01:00:00,0.0,-24288.541917808237,-7500473.077359248,0.0
2024-03-02 02:00:00,0.0,-24288.541917808237,-7500473.077359248,0.0
2024-03-02 03:00:00,0.0,-24288.541917808237,-7500473.077359248,0.0
2024-03-02 04:00:00,0.0,-24288.541917808237,-7500473.077359248,0.0
2024-03-02 05:00:00,0.0,-24288.541917808237,-7500473.077359248,0.0
2024-03-02 06:00:00,0.0,-24288.541917808237,-7500473.077359248,0.0
2024-03-02 07:00:00,0.0,-24288.541917808237,-7500473.077359248,0.0
2024-03-02 08:00:00,0.0,-24288.541917808237,-7500473.077359248,0.0
2024-03-02 09:00:00,0.0,-24288.541917808237,-7500473.077359248,0.0
2024-03-02 10:00:00,0.0,-24288.541917808237,-7500473.077359248,0.0
2024-03-02 11:00:00,0.0,-24288.541917808237,-7500473.077359248,0.0
2024-03-02 12:00:00,0.0,-24288.541917808237,-7500473.077359248,0.0
2024-03-02 13:00:00,0.0,-24288.541917808237,-7500473.077359248,0.0
2024-03-02 14:00:00,0.0,-24288.541917808237,-7500473.077359248,0.0
2024-03-02 15:00:00,0.0,-24288.541917808237,-7500473.077359248,0.0
2024-03-02 16:00:00,0.0,-24288.541917808237,-7500473.077359248,0.0
2024-03-02 17:00:00,0.0,-24288.541917808237,-7500473.077359248,0.0
2024-03-02 18:00:00,0.0,-24288.541917808237,-7500473.077359248,0.0
2024-03-02 19:00:00,0.0,-24288.541917808237,-7500473.077359248,0.0
2024-03-02 20:00:00,0.0,-24288.541917808237,-7500473.077359248,0.0
2024-03-02 21:00:00,0.0,-24288.541917808237,-7500473.077359248,0.0
2024-03-02 22:00:00,0.0,-24288.541917808237,-7500473.077359248,0.0
2024-03-02 23:00:00,0.0,-24288.541917808237,-7500473.077359248,0.0
2024-03-03 00:00:00,0.0,-24288.541917808237,-7500473.077359248,0.0
2024-03-03 01:00:00,0.0,-24288.541917808237,-7500473.077359248,0.0
2024-03-03 02:00:00,0.0,-24288.541917808237,-7500473.077359248,0.0
2024-03-03 03:00:00,0.0,-24288.541917808237,-7500473.077359248,0.0
2024-03-03 04:00:00,0.0,-24288.541917808237,-7500473.077359248,0.0
2024-03-03 05:00:00,0.0,-24288.541917808237,-7500473.077359248,0.0
2024-03-03 06:00:00,0.0,-24288.541917808237,-7500473.077359248,0.0
2024-03-03 07:00:00,0.0,-24288.541917808237,-7500473.077359248,0.0
2024-03-03 08:00:00,0.0,-24288.541917808237,-7500473.077359248,0.0
2024-03-03 09:00:00,0.0,-24288.541917808237,-7500473.077359248,0.0
2024-03-03 10:00:00,0.0,-24288.541917808237,-7500473.077359248,0.0
2024-03-03 11:00:00,0.0,-24288.541917808237,-7500473.077359248,0.0
2024-03-03 12:00:00,0.0,-24288.541917808237,-7500473.077359248,0.0
2024-03-03 13:00:00,0.0,-24288.541917808237,-7500473.077359248,0.0
2024-03-03 14:00:00,0.0,-24288.541917808237,-7500473.077359248,0.0
2024-03-03 15:00:00,0.0,-24288.541917808237,-7500473.077359248,0.0
2024-03-03 16:00:00,0.0,-24288.541917808237,-7500473.077359248,0.0
2024-03-03 17:00:00,0.0,-24288.541917808237,-7500473.077359248,0.0
2024-03-03 18:00:00,0.0,-24288.541917808237,-7500473.077359248,0.0
2024-03-03 19:00:00,0.0,-24288.541917808237,-7500473.077359248,0.0
2024-03-03 20:00:00,0.0,-24288.541917808237,-7500473.077359248,0.0
2024-03-03 21:00:00,0.0,-24288.541917808237,-7500473.077359248,0.0
2024-03-03 22:00:00,0.0,-24288.541917808237,-7500473.077359248,0.0
2024-03-03 23:00:00,0.0,-24288.541917808237,-7500473.077359248,0.0
2024-03-04 00:00:00,0.0,-24288.541917808237,-7500473.077359248,0.0
2024-03-04 01:00:00,0.0,-24288.541917808237,-7500473.077359248,0.0
2024-03-04 02:00:00,0.0,-24288.541917808237,-7500473.077359248,0.0
2024-03-04 03:00:00,0.0,-24288.541917808237,-7500473.077359248,0.0
2024-03-04 04:00:00,0.0,-24288.541917808237,-7500473.077359248,0.0
2024-03-04 05:00:00,0.0,-24288.541917808237,-7500473.077359248,0.0
2024-03-04 06:00:00,0.0,-24288.541917808237,-7500473.077359248,0.0
2024-03-04 07:00:00,0.0,-24288.541917808237,-7500473.077359248,0.0
2024-03-04 08:00:00,0.0,-24288.541917808237,-7500473.077359248,0.0
2024-03-04 09:00:00,0.0,-24288.541917808237,-7500473.077359248,0.0
2024-03-04 10:00:00,0.0,-24288.541917808237,-7500473.077359248,0.0
2024-03-04 11:00:00,0.0,-24288.541917808237,-7500473.077359248,0.0
2024-03-04 12:00:00,0.0,-24288.541917808237,-7500473.077359248,0.0
2024-03-04 13:00:00,0.0,-24288.541917808237,-7500473.077359248,0.0
2024-03-04 14:00:00,0.0,-24288.541917808237,-7500473.077359248,0.0
2024-03-04 15:00:00,0.0,-24288.541917808237,-7500473.077359248,0.0
2024-03-04 16:00:00,0.0,-24288.541917808237,-7500473.077359248,0.0
2024-03-04 17:00:00,0.0,-24288.541917808237,-7500473.077359248,0.0
2024-03-04 18:00:00,0.0,-24288.541917808237,-7500473.077359248,0.0
2024-03-04 19:00:00,0.0,-24288.541917808237,-7500473.077359248,0.0
2024-03-04 20:00:00,0.0,-24288.541917808237,-7500473.077359248,0.0
2024-03-04 21:00:00,0.0,-24288.541917808237,-7500473.077359248,0.0
2024-03-04 22:00:00,0.0,-24288.541917808237,-7500473.077359248,0.0
2024-03-04 23:00:00,0.0,-24288.541917808237,-7500473.077359248,0.0
2024-03-05 00:00:00,0.0,-24288.541917808237,-7500473.077359248,0.0
2024-03-05 01:00:00,0.0,-24288.541917808237,-7500473.077359248,0.0
2024-03-05 02:00:00,0.0,-24288.541917808237,-7500473.077359248,0.0
2024-03-05 03:00:00,0.0,-24288.541917808237,-7500473.077359248,0.0
2024-03-05 04:00:00,0.0,-24288.541917808237,-7500473.077359248,0.0
2024-03-05 05:00:00,0.0,-24288.541917808237,-7500473.077359248,0.0
2024-03-05 06:00:00,0.0,-24288.541917808237,-7500473.077359248,0.0
2024-03-05 07:00:00,0.0,-24288.541917808237,-7500473.077359248,0.0
2024-03-05 08:00:00,0.0,-24288.541917808237,-7500473.077359248,0.0
2024-03-05 09:00:00,0.0,-24288.541917808237,-7500473.077359248,0.0
2024-03-05 10:00:00,0.0,-24288.541917808237,-7500473.077359248,0.0
2024-03-05 11:00:00,0.0,-24288.541917808237,-7500473.077359248,0.0
2024-03-05 12:00:00,0.0,-24288.541917808237,-7500473.077359248,0.0
2024-03-05 13:00:00,0.0,-24288.541917808237,-7500473.077359248,0.0
2024-03-05 14:00:00,0.0,-24288.541917808237,-7500473.077359248,0.0
2024-03-05 15:00:00,0.0,-24288.541917808237,-7500473.077359248,0.0
2024-03-05 16:00:00,0.0,-24288.541917808237,-7500473.077359248,0.0
2024-03-05 17:00:00,0.0,-24288.541917808237,-7500473.077359248,0.0
2024-03-05 18:00:00,0.0,-24288.541917808237,-7500473.077359248,0.0
2024-03-05 19:00:00,0.0,-24288.541917808237,-7500473.077359248,0.0
2024-03-05 20:00:00,0.0,-24288.541917808237,-7500473.077359248,0.0
2024-03-05 21:00:00,0.0,-24288.541917808237,-7500473.077359248,0.0
2024-03-05 22:00:00,0.0,-24288.541917808237,-7500473.077359248,0.0
2024-03-05 23:00:00,0.0,-24288.541917808237,-7500473.077359248,0.0
2024-03-06 00:00:00,0.0,-24288.541917808237,-7500473.077359248,0.0
2024-03-06 01:00:00,0.0,-24288.541917808237,-7500473.077359248,0.0
2024-03-06 02:00:00,0.0,-24288.541917808237,-7500473.077359248,0.0
2024-03-06 03:00:00,0.0,-24288.541917808237,-7500473.077359248,0.0
2024-03-06 04:00:00,0.0,-24288.541917808237,-7500473.077359248,0.0
2024-03-06 05:00:00,0.0,-24288.541917808237,-7500473.077359248,0.0
2024-03-06 06:00:00,0.0,-24288.541917808237,-7500473.077359248,0.0
2024-03-06 07:00:00,0.0,-24288.541917808237,-7500473.077359248,0.0
2024-03-06 08:00:00,0.0,-24288.541917808237,-7500473.077359248,0.0
2024-03-06 09:00:00,0.0,-24288.541917808237,-7500473.077359248,0.0
2024-03-06 10:00:00,0.0,-24288.541917808237,-7500473.077359248,0.0
2024-03-06 11:00:00,0.0,-24288.541917808237,-7500473.077359248,0.0
2024-03-06 12:00:00,0.0,-24288.541917808237,-7500473.077359248,0.0
2024-03-06 13:00:00,0.0,-24288.541917808237,-7500473.077359248,0.0
2024-03-06 14:00:00,0.0,-24288.541917808237,-7500473.077359248,0.0
2024-03-06 15:00:00,0.0,-24288.541917808237,-7500473.077359248,0.0
2024-03-06 16:00:00,0.0,-24288.541917808237,-7500473.077359248,0.0
2024-03-06 17:00:00,0.0,-24288.541917808237,-7500473.077359248,0.0
2024-03-06 18:00:00,0.0,-24288.541917808237,-7500473.077359248,0.0
2024-03-06 19:00:00,0.0,-25207.364109589078,-7500473.077359248,0.0
2024-03-06 20:00:00,0.0,-25207.364109589078,-7500473.077359248,0.0
2024-03-06 21:00:00,0.0,-25207.364109589078,-7500473.077359248,0.0
2024-03-06 22:00:00,0.0,-25207.364109589078,-7500473.077359248,0.0
2024-03-06 23:00:00,0.0,-25207.364109589078,-7500473.077359248,0.0
2024-03-07 00:00:00,0.0,-25207.364109589078,-7500473.077359248,0.0
2024-03-07 01:00:00,0.0,-25207.364109589078,-7500473.077359248,0.0
2024-03-07 02:00:00,0.0,-25207.364109589078,-7500473.077359248,0.0
2024-03-07 03:00:00,0.0,-25207.364109589078,-7500473.077359248,0.0
2024-03-07 04:00:00,0.0,-25207.364109589078,-7500473.077359248,0.0
2024-03-07 05:00:00,0.0,-25207.364109589078,-7500473.077359248,0.0
2024-03-07 06:00:00,0.0,-25207.364109589078,-7500473.077359248,0.0
2024-03-07 07:00:00,0.0,-25207.364109589078,-7500473.077359248,0.0
2024-03-07 08:00:00,0.0,-25207.364109589078,-7500473.077359248,0.0
2024-03-07 09:00:00,0.0,-25207.364109589078,-7500473.077359248,0.0
2024-03-07 10:00:00,0.0,-25207.364109589078,-7500473.077359248,0.0
2024-03-07 11:00:00,0.0,-25207.364109589078,-7500473.077359248,0.0
2024-03-07 12:00:00,0.0,-25207.364109589078,-7500473.077359248,0.0
2024-03-07 13:00:00,0.0,-25207.364109589078,-7500473.077359248,0.0
2024-03-07 14:00:00,0.0,-25207.364109589078,-7500473.077359248,0.0
2024-03-07 15:00:00,0.0,-25207.364109589078,-7500473.077359248,0.0
2024-03-07 16:00:00,0.0,-25207.364109589078,-7500473.077359248,0.0
2024-03-07 17:00:00,0.0,-25207.364109589078,-7500473.077359248,0.0
2024-03-07 18:00:00,0.0,-25207.364109589078,-7500473.077359248,0.0
2024-03-07 19:00:00,0.0,-25207.364109589078,-7500473.077359248,0.0
2024-03-07 20:00:00,0.0,-25207.364109589078,-7500473.077359248,0.0
2024-03-07 21:00:00,0.0,-25207.364109589078,-7500473.077359248,0.0
2024-03-07 22:00:00,0.0,-25207.364109589078,-7500473.077359248,0.0
2024-03-07 23:00:00,0.0,-25207.364109589078,-7500473.077359248,0.0
2024-03-08 00:00:00,0.0,-25207.364109589078,-7500473.077359248,0.0
2024-03-08 01:00:00,0.0,-25207.364109589078,-7500473.077359248,0.0
2024-03-08 02:00:00,0.0,-25207.364109589078,-7500473.077359248,0.0
2024-03-08 03:00:00,0.0,-25207.364109589078,-7500473.077359248,0.0
2024-03-08 04:00:00,0.0,-25207.364109589078,-7500473.077359248,0.0
2024-03-08 05:00:00,0.0,-25207.364109589078,-7500473.077359248,0.0
2024-03-08 06:00:00,0.0,-25207.364109589078,-7500473.077359248,0.0
2024-03-08 07:00:00,0.0,-25207.364109589078,-7500473.077359248,0.0
2024-03-08 08:00:00,0.0,-25207.364109589078,-7500473.077359248,0.0
2024-03-08 09:00:00,0.0,-25207.364109589078,-7500473.077359248,0.0
2024-03-08 10:00:00,0.0,-25207.364109589078,-7500473.077359248,0.0
2024-03-08 11:00:00,0.0,-25207.364109589078,-7500473.077359248,0.0
2024-03-08 12:00:00,0.0,-25207.364109589078,-7500473.077359248,0.0
2024-03-08 13:00:00,0.0,-25207.364109589078,-7500473.077359248,0.0
2024-03-08 14:00:00,0.0,-25207.364109589078,-7500473.077359248,0.0
2024-03-08 15:00:00,0.0,-25207.364109589078,-7500473.077359248,0.0
2024-03-08 16:00:00,0.0,-25207.364109589078,-7500473.077359248,0.0
2024-03-08 17:00:00,0.0,-25207.364109589078,-7500473.077359248,0.0
2024-03-08 18:00:00,0.0,-25207.364109589078,-7500473.077359248,0.0
2024-03-08 19:00:00,0.0,-25207.364109589078,-7500473.077359248,0.0
2024-03-08 20:00:00,0.0,-25207.364109589078,-7500473.077359248,0.0
2024-03-08 21:00:00,0.0,-25207.364109589078,-7500473.077359248,0.0
2024-03-08 22:00:00,0.0,-25207.364109589078,-7500473.077359248,0.0
2024-03-08 23:00:00,0.0,-25207.364109589078,-7500473.077359248,0.0
2024-03-09 00:00:00,0.0,-25207.364109589078,-7500473.077359248,0.0
2024-03-09 01:00:00,0.0,-25207.364109589078,-7500473.077359248,0.0
2024-03-09 02:00:00,0.0,-25207.364109589078,-7500473.077359248,0.0
2024-03-09 03:00:00,0.0,-25207.364109589078,-7500473.077359248,0.0
2024-03-09 04:00:00,0.0,-25207.364109589078,-7500473.077359248,0.0
2024-03-09 05:00:00,0.0,-25207.364109589078,-7500473.077359248,0.0
2024-03-09 06:00:00,0.0,-25207.364109589078,-7500473.077359248,0.0
2024-03-09 07:00:00,0.0,-25207.364109589078,-7500473.077359248,0.0
2024-03-09 08:00:00,0.0,-25207.364109589078,-7500473.077359248,0.0
2024-03-09 09:00:00,0.0,-26201.364109589078,-7500473.077359248,0.0
2024-03-09 10:00:00,0.0,-26201.364109589078,-7500473.077359248,0.0
2024-03-09 11:00:00,0.0,-26270.049589041126,-7500473.077359248,0.0
2024-03-09 12:00:00,0.0,-27318.973698630158,-7500473.077359248,0.0
2024-03-09 13:00:00,0.0,-29239.5375342466,-7500473.077359248,0.0
2024-03-09 14:00:00,0.0,-30719.2876712329,-7500473.077359248,0.0
2024-03-09 15:00:00,0.0,-31891.037808219204,-7500473.077359248,0.0
2024-03-09 16:00:00,0.0,-33403.037808219204,-7500473.077359248,0.0
2024-03-09 17:00:00,0.0,-34111.37315068496,-7500473.077359248,0.0
2024-03-09 18:00:00,0.0,-34111.37315068496,-7500473.077359248,0.0
2024-03-09 19:00:00,0.0,-35402.90986301373,-7500473.077359248,0.0
2024-03-09 20:00:00,0.0,-35402.90986301373,-7500473.077359248,0.0
2024-03-09 21:00:00,0.0,-35402.90986301373,-7500473.077359248,0.0
2024-03-09 22:00:00,0.0,-35535.90986301373,-7500473.077359248,0.0
2024-03-09 23:00:00,0.0,-35535.90986301373,-7500473.077359248,0.0
2024-03-10 00:00:00,0.0,-35535.90986301373,-7500473.077359248,0.0
2024-03-10 01:00:00,0.0,-35535.90986301373,-7500473.077359248,0.0
2024-03-10 03:00:00,0.0,-35535.90986301373,-7500473.077359248,0.0
2024-03-10 04:00:00,0.0,-35535.90986301373,-7500473.077359248,0.0
2024-03-10 05:00:00,0.0,-35535.90986301373,-7500473.077359248,0.0
2024-03-10 06:00:00,0.0,-35535.90986301373,-7500473.077359248,0.0
2024-03-10 07:00:00,0.0,-35535.90986301373,-7500473.077359248,0.0
2024-03-10 08:00:00,0.0,-35535.90986301373,-7500473.077359248,0.0
2024-03-10 09:00:00,0.0,-35535.90986301373,-7500473.077359248,0.0
2024-03-10 10:00:00,0.0,-35535.90986301373,-7500473.077359248,0.0
2024-03-10 11:00:00,0.0,-35535.90986301373,-7500473.077359248,0.0
2024-03-10 12:00:00,0.0,-35535.90986301373,-7500473.077359248,0.0
2024-03-10 13:00:00,0.0,-35535.90986301373,-7500473.077359248,0.0
2024-03-10 14:00:00,0.0,-35535.90986301373,-7500473.077359248,0.0
2024-03-10 15:00:00,0.0,-35535.90986301373,-7500473.077359248,0.0
2024-03-10 16:00:00,0.0,-35535.90986301373,-7500473.077359248,0.0
2024-03-10 17:00:00,0.0,-35535.90986301373,-7500473.077359248,0.0
2024-03-10 18:00:00,0.0,-35535.90986301373,-7502043.690840415,0.0
2024-03-10 19:00:00,0.0,-35535.90986301373,-7508625.190499474,0.0
2024-03-10 20:00:00,0.0,-35535.90986301373,-7517595.533810023,0.0
2024-03-10 21:00:00,0.0,-35535.90986301373,-7525236.676079487,0.0
2024-03-10 22:00:00,0.0,-35535.90986301373,-7529868.570327038,0.0
2024-03-10 23:00:00,0.0,-35535.90986301373,-7531241.1671541855,0.0
2024-03-11 00:00:00,0.0,-37458.39232876715,-7531241.1671541855,0.0
2024-03-11 01:00:00,0.0,-38150.59205479454,-7531241.1671541855,0.0
2024-03-11 02:00:00,0.0,-38150.59205479454,-7531241.1671541855,0.0
2024-03-11 03:00:00,0.0,-38618.39287671234,-7531241.1671541855,0.0
2024-03-11 04:00:00,0.0,-38618.39287671234,-7531241.1671541855,0.0
2024-03-11 05:00:00,0.0,-38618.39287671234,-7531241.1671541855,0.0
2024-03-11 06:00:00,0.0,-38618.39287671234,-7531241.1671541855,0.0
2024-03-11 07:00:00,0.0,-38618.39287671234,-7534480.572814345,0.0
2024-03-11 08:00:00,0.0,-38618.39287671234,-7537844.345830903,0.0
2024-03-11 09:00:00,0.0,-38618.39287671234,-7537844.345830903,0.0
2024-03-11 10:00:00,0.0,-38618.39287671234,-7537844.345830903,0.0
2024-03-11 11:00:00,0.0,-38618.39287671234,-7537844.345830903,0.0
2024-03-11 12:00:00,0.0,-38618.39287671234,-7537844.345830903,0.0
2024-03-11 13:00:00,0.0,-38618.39287671234,-7537844.345830903,0.0
2024-03-11 14:00:00,0.0,-38618.39287671234,-7537844.345830903,0.0
2024-03-11 15:00:00,0.0,-38618.39287671234,-7537844.345830903,0.0
2024-03-11 16:00:00,0.0,-38618.39287671234,-7537844.345830903,0.0
2024-03-11 17:00:00,0.0,-38618.39287671234,-7537844.345830903,0.0
2024-03-11 18:00:00,0.0,-38618.39287671234,-7537844.345830903,0.0
2024-03-11 19:00:00,0.0,-38618.39287671234,-7537844.345830903,0.0
2024-03-11 20:00:00,0.0,-38618.39287671234,-7537844.345830903,0.0
2024-03-11 21:00:00,0.0,-38618.39287671234,-7537844.345830903,0.0
2024-03-11 22:00:00,0.0,-38618.39287671234,-7537844.345830903,0.0
2024-03-11 23:00:00,0.0,-38618.39287671234,-7537844.345830903,0.0
2024-03-12 00:00:00,0.0,-38618.39287671234,-7537844.345830903,0.0
2024-03-12 01:00:00,0.0,-38618.39287671234,-7537844.345830903,0.0
2024-03-12 02:00:00,0.0,-38618.39287671234,-7537844.345830903,0.0
2024-03-12 03:00:00,0.0,-38618.39287671234,-7537844.345830903,0.0
2024-03-12 04:00:00,0.0,-38618.39287671234,-7537844.345830903,0.0
2024-03-12 05:00:00,0.0,-38618.39287671234,-7537844.345830903,0.0
2024-03-12 06:00:00,0.0,-38618.39287671234,-7537844.345830903,0.0
2024-03-12 07:00:00,0.0,-38618.39287671234,-7537844.345830903,0.0
2024-03-12 08:00:00,0.0,-38618.39287671234,-7537844.345830903,0.0
2024-03-12 09:00:00,0.0,-38618.39287671234,-7537844.345830903,0.0
2024-03-12 10:00:00,0.0,-38618.39287671234,-7537844.345830903,0.0
2024-03-12 11:00:00,0.0,-38618.39287671234,-7537844.345830903,0.0
2024-03-12 12:00:00,0.0,-38618.39287671234,-7537844.345830903,0.0
2024-03-12 13:00:00,0.0,-38618.39287671234,-7537844.345830903,0.0
2024-03-12 14:00:00,0.0,-38618.39287671234,-7537844.345830903,0.0
2024-03-12 15:00:00,0.0,-38618.39287671234,-7537844.345830903,0.0
2024-03-12 16:00:00,0.0,-38618.39287671234,-7537844.345830903,0.0
2024-03-12 17:00:00,0.0,-38618.39287671234,-7537844.345830903,0.0
2024-03-12 18:00:00,0.0,-38618.39287671234,-7537844.345830903,0.0
2024-03-12 19:00:00,0.0,-38618.39287671234,-7537844.345830903,0.0
2024-03-12 20:00:00,0.0,-38618.39287671234,-7537844.345830903,0.0
2024-03-12 21:00:00,0.0,-38618.39287671234,-7537844.345830903,0.0
2024-03-12 22:00:00,0.0,-38618.39287671234,-7537844.345830903,0.0
2024-03-12 23:00:00,0.0,-38618.39287671234,-7537844.345830903,0.0
2024-03-13 00:00:00,0.0,-38618.39287671234,-7537844.345830903,0.0
2024-03-13 01:00:00,0.0,-38618.39287671234,-7537844.345830903,0.0
2024-03-13 02:00:00,0.0,-38618.39287671234,-7537844.345830903,0.0
2024-03-13 03:00:00,0.0,-38618.39287671234,-7537844.345830903,0.0
2024-03-13 04:00:00,0.0,-38618.39287671234,-7537844.345830903,0.0
2024-03-13 05:00:00,0.0,-38618.39287671234,-7537844.345830903,0.0
2024-03-13 06:00:00,0.0,-38618.39287671234,-7537844.345830903,0.0
2024-03-13 07:00:00,0.0,-38618.39287671234,-7537844.345830903,0.0
2024-03-13 08:00:00,0.0,-38618.39287671234,-7537844.345830903,0.0
2024-03-13 09:00:00,0.0,-38618.39287671234,-7537844.345830903,0.0
2024-03-13 10:00:00,0.0,-38618.39287671234,-7537844.345830903,0.0
2024-03-13 11:00:00,0.0,-38618.39287671234,-7537844.345830903,0.0
2024-03-13 12:00:00,0.0,-38618.39287671234,-7537844.345830903,0.0
2024-03-13 13:00:00,0.0,-38618.39287671234,-7537844.345830903,0.0
2024-03-13 14:00:00,0.0,-38618.39287671234,-7537844.345830903,0.0
2024-03-13 15:00:00,0.0,-38618.39287671234,-7537844.345830903,0.0
2024-03-13 16:00:00,0.0,-38618.39287671234,-7537844.345830903,0.0
2024-03-13 17:00:00,0.0,-38618.39287671234,-7537844.345830903,0.0
2024-03-13 18:00:00,0.0,-38618.39287671234,-7537844.345830903,0.0
2024-03-13 19:00:00,0.0,-38618.39287671234,-7537844.345830903,0.0
2024-03-13 20:00:00,0.0,-38618.39287671234,-7537844.345830903,0.0
2024-03-13 21:00:00,0.0,-38618.39287671234,-7537844.345830903,0.0
2024-03-13 22:00:00,0.0,-38618.39287671234,-7537844.345830903,0.0
2024-03-13 23:00:00,0.0,-38618.39287671234,-7537844.345830903,0.0
2024-03-14 00:00:00,0.0,-38618.39287671234,-7537844.345830903,0.0
2024-03-14 01:00:00,0.0,-38618.39287671234,-7537844.345830903,0.0
2024-03-14 02:00:00,0.0,-38618.39287671234,-7537844.345830903,0.0
2024-03-14 03:00:00,0.0,-38618.39287671234,-7537844.345830903,0.0
2024-03-14 04:00:00,0.0,-38618.39287671234,-7537844.345830903,0.0
2024-03-14 05:00:00,0.0,-38618.39287671234,-7537844.345830903,0.0
2024-03-14 06:00:00,0.0,-38618.39287671234,-7537844.345830903,0.0
2024-03-14 07:00:00,0.0,-38618.39287671234,-7537844.345830903,0.0
2024-03-14 08:00:00,0.0,-38618.39287671234,-7537844.345830903,0.0
2024-03-14 09:00:00,0.0,-38618.39287671234,-7537844.345830903,0.0
2024-03-14 10:00:00,0.0,-38618.39287671234,-7537844.345830903,0.0
2024-03-14 11:00:00,0.0,-38618.39287671234,-7537844.345830903,0.0
2024-03-14 12:00:00,0.0,-38618.39287671234,-7537844.345830903,0.0
2024-03-14 13:00:00,0.0,-38618.39287671234,-7537844.345830903,0.0
2024-03-14 14:00:00,0.0,-38618.39287671234,-7537844.345830903,0.0
2024-03-14 15:00:00,0.0,-38618.39287671234,-7537844.345830903,0.0
2024-03-14 16:00:00,0.0,-38618.39287671234,-7537844.345830903,0.0
2024-03-14 17:00:00,0.0,-38618.39287671234,-7537844.345830903,0.0
2024-03-14 18:00:00,0.0,-38618.39287671234,-7537844.345830903,0.0
2024-03-14 19:00:00,0.0,-38618.39287671234,-7537844.345830903,0.0
2024-03-14 20:00:00,0.0,-38618.39287671234,-7537844.345830903,0.0
2024-03-14 21:00:00,0.0,-38618.39287671234,-7537844.345830903,0.0
2024-03-14 22:00:00,0.0,-38618.39287671234,-7537844.345830903,0.0
2024-03-14 23:00:00,0.0,-38618.39287671234,-7537844.345830903,0.0
2024-03-15 00:00:00,0.0,-38618.39287671234,-7537844.345830903,0.0
2024-03-15 01:00:00,0.0,-38618.39287671234,-7537844.345830903,0.0
2024-03-15 02:00:00,0.0,-38618.39287671234,-7537844.345830903,0.0
2024-03-15 03:00:00,0.0,-38618.39287671234,-7537844.345830903,0.0
2024-03-15 04:00:00,0.0,-38618.39287671234,-7537844.345830903,0.0
2024-03-15 05:00:00,0.0,-38618.39287671234,-7537844.345830903,0.0
2024-03-15 06:00:00,0.0,-38618.39287671234,-7537844.345830903,0.0
2024-03-15 07:00:00,0.0,-38618.39287671234,-7537844.345830903,0.0
2024-03-15 08:00:00,0.0,-38618.39287671234,-7537844.345830903,0.0
2024-03-15 09:00:00,0.0,-38618.39287671234,-7537844.345830903,0.0
2024-03-15 10:00:00,0.0,-38618.39287671234,-7537844.345830903,0.0
2024-03-15 11:00:00,0.0,-38618.39287671234,-7537844.345830903,0.0
2024-03-15 12:00:00,0.0,-38618.39287671234,-7537844.345830903,0.0
2024-03-15 13:00:00,0.0,-38618.39287671234,-7537844.345830903,0.0
2024-03-15 14:00:00,0.0,-38618.39287671234,-7537844.345830903,0.0
2024-03-15 15:00:00,0.0,-38618.39287671234,-7537844.345830903,0.0
2024-03-15 16:00:00,0.0,-38618.39287671234,-7537844.345830903,0.0
2024-03-15 17:00:00,0.0,-38618.39287671234,-7537844.345830903,0.0
2024-03-15 18:00:00,0.0,-38618.39287671234,-7537844.345830903,0.0
2024-03-15 19:00:00,0.0,-38618.39287671234,-7537844.345830903,0.0
2024-03-15 20:00:00,0.0,-38618.39287671234,-7537844.345830903,0.0
2024-03-15 21:00:00,0.0,-38618.39287671234,-7537844.345830903,0.0
2024-03-15 22:00:00,0.0,-38618.39287671234,-7537844.345830903,0.0
2024-03-15 23:00:00,0.0,-38618.39287671234,-7537844.345830903,0.0
2024-03-16 00:00:00,0.0,-38618.39287671234,-7537844.345830903,0.0
2024-03-16 01:00:00,0.0,-38618.39287671234,-7537844.345830903,0.0
2024-03-16 02:00:00,0.0,-38618.39287671234,-7537844.345830903,0.0
2024-03-16 03:00:00,0.0,-38618.39287671234,-7537844.345830903,0.0
2024-03-16 04:00:00,0.0,-38618.39287671234,-7537844.345830903,0.0
2024-03-16 05:00:00,0.0,-38618.39287671234,-7537844.345830903,0.0
2024-03-16 06:00:00,0.0,-38618.39287671234,-7537844.345830903,0.0
2024-03-16 07:00:00,0.0,-38618.39287671234,-7537844.345830903,0.0
2024-03-16 08:00:00,0.0,-38618.39287671234,-7537844.345830903,0.0
2024-03-16 09:00:00,0.0,-38618.39287671234,-7537844.345830903,0.0
2024-03-16 10:00:00,0.0,-38618.39287671234,-7537844.345830903,0.0
2024-03-16 11:00:00,0.0,-38618.39287671234,-7537844.345830903,0.0
2024-03-16 12:00:00,0.0,-38618.39287671234,-7537844.345830903,0.0
2024-03-16 13:00:00,0.0,-38618.39287671234,-7537844.345830903,0.0
2024-03-16 14:00:00,0.0,-38618.39287671234,-7537844.345830903,0.0
2024-03-16 15:00:00,0.0,-38618.39287671234,-7537844.345830903,0.0
2024-03-16 16:00:00,0.0,-38618.39287671234,-7537844.345830903,0.0
2024-03-16 17:00:00,0.0,-38618.39287671234,-7537844.345830903,0.0
2024-03-16 18:00:00,0.0,-38618.39287671234,-7537844.345830903,0.0
2024-03-16 19:00:00,0.0,-38618.39287671234,-7537844.345830903,0.0
2024-03-16 20:00:00,0.0,-38618.39287671234,-7537844.345830903,0.0
2024-03-16 21:00:00,0.0,-38618.39287671234,-7537844.345830903,0.0
2024-03-16 22:00:00,0.0,-38618.39287671234,-7537844.345830903,0.0
2024-03-16 23:00:00,0.0,-38618.39287671234,-7537844.345830903,0.0
2024-03-17 00:00:00,0.0,-38618.39287671234,-7537844.345830903,0.0
2024-03-17 01:00:00,0.0,-38618.39287671234,-7537844.345830903,0.0
2024-03-17 02:00:00,0.0,-38618.39287671234,-7537844.345830903,0.0
2024-03-17 03:00:00,0.0,-38618.39287671234,-7537844.345830903,0.0
2024-03-17 04:00:00,0.0,-38618.39287671234,-7537844.345830903,0.0
2024-03-17 05:00:00,0.0,-38618.39287671234,-7537844.345830903,0.0
2024-03-17 06:00:00,0.0,-38618.39287671234,-7537844.345830903,0.0
2024-03-17 07:00:00,0.0,-38618.39287671234,-7537844.345830903,0.0
2024-03-17 08:00:00,0.0,-38618.39287671234,-7537844.345830903,0.0
2024-03-17 09:00:00,0.0,-38618.39287671234,-7537844.345830903,0.0
2024-03-17 10:00:00,0.0,-38618.39287671234,-7537844.345830903,0.0
2024-03-17 11:00:00,0.0,-38618.39287671234,-7537844.345830903,0.0
2024-03-17 12:00:00,0.0,-38618.39287671234,-7537844.345830903,0.0
2024-03-17 13:00:00,0.0,-38618.39287671234,-7537844.345830903,0.0
2024-03-17 14:00:00,0.0,-38618.39287671234,-7537844.345830903,0.0
2024-03-17 15:00:00,0.0,-38618.39287671234,-7537844.345830903,0.0
2024-03-17 16:00:00,0.0,-38618.39287671234,-7537844.345830903,0.0
2024-03-17 17:00:00,0.0,-38618.39287671234,-7537844.345830903,0.0
2024-03-17 18:00:00,0.0,-38618.39287671234,-7537844.345830903,0.0
2024-03-17 19:00:00,0.0,-38618.39287671234,-7537844.345830903,0.0
2024-03-17 20:00:00,0.0,-38618.39287671234,-7537844.345830903,0.0
2024-03-17 21:00:00,0.0,-38618.39287671234,-7537844.345830903,0.0
2024-03-17 22:00:00,0.0,-38618.39287671234,-7537844.345830903,0.0
2024-03-17 23:00:00,0.0,-38618.39287671234,-7537844.345830903,0.0
2024-03-18 00:00:00,0.0,-38618.39287671234,-7537844.345830903,0.0
2024-03-18 01:00:00,0.0,-38618.39287671234,-7537844.345830903,0.0
2024-03-18 02:00:00,0.0,-38618.39287671234,-7537844.345830903,0.0
2024-03-18 03:00:00,0.0,-38618.39287671234,-7537844.345830903,0.0
2024-03-18 04:00:00,0.0,-38618.39287671234,-7537844.345830903,0.0
2024-03-18 05:00:00,0.0,-38618.39287671234,-7537844.345830903,0.0
2024-03-18 06:00:00,0.0,-38618.39287671234,-7537844.345830903,0.0
2024-03-18 07:00:00,0.0,-38618.39287671234,-7537844.345830903,0.0
2024-03-18 08:00:00,0.0,-38618.39287671234,-7537844.345830903,0.0
2024-03-18 09:00:00,0.0,-38618.39287671234,-7537844.345830903,0.0
2024-03-18 10:00:00,0.0,-38618.39287671234,-7537844.345830903,0.0
2024-03-18 11:00:00,0.0,-38618.39287671234,-7537844.345830903,0.0
2024-03-18 12:00:00,0.0,-38618.39287671234,-7537844.345830903,0.0
2024-03-18 13:00:00,0.0,-38618.39287671234,-7537844.345830903,0.0
2024-03-18 14:00:00,0.0,-38618.39287671234,-7537844.345830903,0.0
2024-03-18 15:00:00,0.0,-38618.39287671234,-7537844.345830903,0.0
2024-03-18 16:00:00,0.0,-38618.39287671234,-7537844.345830903,0.0
2024-03-18 17:00:00,0.0,-38618.39287671234,-7537844.345830903,0.0
2024-03-18 18:00:00,0.0,-38618.39287671234,-7537844.345830903,0.0
2024-03-18 19:00:00,0.0,-38618.39287671234,-7539420.409941841,0.0
2024-03-18 20:00:00,0.0,-38618.39287671234,-7542279.310021992,0.0
2024-03-18 21:00:00,0.0,-38618.39287671234,-7543093.001072931,0.0
2024-03-18 22:00:00,0.0,-38618.39287671234,-7543093.001072931,0.0
2024-03-18 23:00:00,0.0,-38618.39287671234,-7543093.001072931,0.0
2024-03-19 00:00:00,0.0,-38618.39287671234,-7543093.001072931,0.0
2024-03-19 01:00:00,0.0,-38618.39287671234,-7543093.001072931,0.0
2024-03-19 02:00:00,0.0,-38618.39287671234,-7543093.001072931,0.0
2024-03-19 03:00:00,0.0,-38618.39287671234,-7543093.001072931,0.0
2024-03-19 04:00:00,0.0,-38618.39287671234,-7543093.001072931,0.0
2024-03-19 05:00:00,0.0,-38618.39287671234,-7543093.001072931,0.0
2024-03-19 06:00:00,0.0,-38618.39287671234,-7543093.001072931,0.0
2024-03-19 07:00:00,0.0,-38618.39287671234,-7548000.185207666,0.0
2024-03-19 08:00:00,0.0,-38618.39287671234,-7552351.551773687,0.0
2024-03-19 09:00:00,0.0,-38618.39287671234,-7554218.073020549,0.0
2024-03-19 10:00:00,0.0,-38618.39287671234,-7554218.073020549,0.0
2024-03-19 11:00:00,0.0,-38618.39287671234,-7554218.073020549,0.0
2024-03-19 12:00:00,0.0,-38618.39287671234,-7554218.073020549,0.0
2024-03-19 13:00:00,0.0,-38618.39287671234,-7554218.073020549,0.0
2024-03-19 14:00:00,0.0,-38618.39287671234,-7554218.073020549,0.0
2024-03-19 15:00:00,0.0,-38618.39287671234,-7554218.073020549,0.0
2024-03-19 16:00:00,0.0,-38618.39287671234,-7554218.073020549,0.0
2024-03-19 17:00:00,0.0,-38618.39287671234,-7554218.073020549,0.0
2024-03-19 18:00:00,0.0,-38618.39287671234,-7554218.073020549,0.0
2024-03-19 19:00:00,0.0,-38618.39287671234,-7554218.073020549,0.0
2024-03-19 20:00:00,0.0,-38618.39287671234,-7554763.02091831,0.0
2024-03-19 21:00:00,0.0,-38618.39287671234,-7554763.02091831,0.0
2024-03-19 22:00:00,0.0,-38618.39287671234,-7554763.02091831,0.0
2024-03-19 23:00:00,0.0,-38618.39287671234,-7554763.02091831,0.0
2024-03-20 00:00:00,0.0,-38618.39287671234,-7554763.02091831,0.0
2024-03-20 01:00:00,0.0,-38618.39287671234,-7554763.02091831,0.0
2024-03-20 02:00:00,0.0,-38618.39287671234,-7554763.02091831,0.0
2024-03-20 03:00:00,0.0,-38618.39287671234,-7554763.02091831,0.0
2024-03-20 04:00:00,0.0,-38618.39287671234,-7554763.02091831,0.0
2024-03-20 05:00:00,0.0,-38618.39287671234,-7554763.02091831,0.0
2024-03-20 06:00:00,0.0,-38618.39287671234,-7554763.02091831,0.0
2024-03-20 07:00:00,0.0,-38618.39287671234,-7554763.02091831,0.0
2024-03-20 08:00:00,0.0,-38618.39287671234,-7554763.02091831,0.0
2024-03-20 09:00:00,0.0,-38618.39287671234,-7554763.02091831,0.0
2024-03-20 10:00:00,0.0,-38618.39287671234,-7554763.02091831,0.0
2024-03-20 11:00:00,0.0,-38618.39287671234,-7554763.02091831,0.0
2024-03-20 12:00:00,0.0,-38618.39287671234,-7554763.02091831,0.0
2024-03-20 13:00:00,0.0,-38618.39287671234,-7554763.02091831,0.0
2024-03-20 14:00:00,0.0,-38618.39287671234,-7554763.02091831,0.0
2024-03-20 15:00:00,0.0,-38618.39287671234,-7554763.02091831,0.0
2024-03-20 16:00:00,0.0,-38618.39287671234,-7554763.02091831,0.0
2024-03-20 17:00:00,0.0,-38618.39287671234,-7554763.02091831,0.0
2024-03-20 18:00:00,0.0,-38618.39287671234,-7554763.02091831,0.0
2024-03-20 19:00:00,0.0,-38618.39287671234,-7554763.02091831,0.0
2024-03-20 20:00:00,0.0,-38618.39287671234,-7554974.810802981,0.0
2024-03-20 21:00:00,0.0,-38618.39287671234,-7554974.810802981,0.0
2024-03-20 22:00:00,0.0,-38618.39287671234,-7554974.810802981,0.0
2024-03-20 23:00:00,0.0,-38618.39287671234,-7554974.810802981,0.0
2024-03-21 00:00:00,0.0,-38618.39287671234,-7554974.810802981,0.0
2024-03-21 01:00:00,0.0,-38618.39287671234,-7554974.810802981,0.0
2024-03-21 02:00:00,0.0,-38618.39287671234,-7554974.810802981,0.0
2024-03-21 03:00:00,0.0,-38618.39287671234,-7554974.810802981,0.0
2024-03-21 04:00:00,0.0,-38618.39287671234,-7554974.810802981,0.0
2024-03-21 05:00:00,0.0,-38618.39287671234,-7554974.810802981,0.0
2024-03-21 06:00:00,0.0,-38618.39287671234,-7557332.507992282,0.0
2024-03-21 07:00:00,0.0,-38618.39287671234,-7565153.298463939,0.0
2024-03-21 08:00:00,0.0,-38618.39287671234,-7571821.150093033,0.0
2024-03-21 09:00:00,0.0,-38618.39287671234,-7575172.0291688945,0.0
2024-03-21 10:00:00,0.0,-38618.39287671234,-7575721.900307569,0.0
2024-03-21 11:00:00,0.0,-38618.39287671234,-7575721.900307569,0.0
2024-03-21 12:00:00,0.0,-38618.39287671234,-7575721.900307569,0.0
2024-03-21 13:00:00,0.0,-38618.39287671234,-7575721.900307569,0.0
2024-03-21 14:00:00,0.0,-38618.39287671234,-7575721.900307569,0.0
2024-03-21 15:00:00,0.0,-38618.39287671234,-7575721.900307569,0.0
2024-03-21 16:00:00,0.0,-38618.39287671234,-7575721.900307569,0.0
2024-03-21 17:00:00,0.0,-38618.39287671234,-7575721.900307569,0.0
2024-03-21 18:00:00,0.0,-38618.39287671234,-7575721.900307569,0.0
2024-03-21 19:00:00,0.0,-38618.39287671234,-7577098.781070963,0.0
2024-03-21 20:00:00,0.0,-38618.39287671234,-7581441.184622753,0.0
2024-03-21 21:00:00,0.0,-38618.39287671234,-7584653.049659131,0.0
2024-03-21 22:00:00,0.0,-38618.39287671234,-7584667.311641266,0.0
2024-03-21 23:00:00,0.0,-38618.39287671234,-7584667.311641266,0.0
2024-03-22 00:00:00,0.0,-38618.39287671234,-7584667.311641266,0.0
2024-03-22 01:00:00,0.0,-38618.39287671234,-7584667.311641266,0.0
2024-03-22 02:00:00,0.0,-38618.39287671234,-7584667.311641266,0.0
2024-03-22 03:00:00,0.0,-38618.39287671234,-7584667.311641266,0.0
2024-03-22 04:00:00,0.0,-38618.39287671234,-7584667.311641266,0.0
2024-03-22 05:00:00,0.0,-38618.39287671234,-7584667.311641266,0.0
2024-03-22 06:00:00,0.0,-38618.39287671234,-7588386.686657545,0.0
2024-03-22 07:00:00,0.0,-38618.39287671234,-7596880.088109531,0.0
2024-03-22 08:00:00,0.0,-38618.39287671234,-7604454.480549324,0.0
2024-03-22 09:00:00,0.0,-38618.39287671234,-7609182.826759133,0.0
2024-03-22 10:00:00,0.0,-38618.39287671234,-7611177.087652835,0.0
2024-03-22 11:00:00,0.0,-38618.39287671234,-7611177.087652835,0.0
2024-03-22 12:00:00,0.0,-38618.39287671234,-7611177.087652835,0.0
2024-03-22 13:00:00,0.0,-38618.39287671234,-7611177.087652835,0.0
2024-03-22 14:00:00,0.0,-38618.39287671234,-7611177.087652835,0.0
2024-03-22 15:00:00,0.0,-38618.39287671234,-7611177.087652835,0.0
2024-03-22 16:00:00,0.0,-38618.39287671234,-7611177.087652835,0.0
2024-03-22 17:00:00,0.0,-38842.39287671234,-7611177.087652835,0.0
2024-03-22 18:00:00,0.0,-38842.39287671234,-7611203.99724649,0.0
2024-03-22 19:00:00,0.0,-38842.39287671234,-7612749.366226695,0.0
2024-03-22 20:00:00,0.0,-38842.39287671234,-7614476.129923807,0.0
2024-03-22 21:00:00,0.0,-38842.39287671234,-7614476.129923807,0.0
2024-03-22 22:00:00,0.0,-38842.39287671234,-7614476.129923807,0.0
2024-03-22 23:00:00,0.0,-38842.39287671234,-7614476.129923807,0.0
2024-03-23 00:00:00,0.0,-38842.39287671234,-7614476.129923807,0.0
2024-03-23 01:00:00,0.0,-38842.39287671234,-7614476.129923807,0.0
2024-03-23 02:00:00,0.0,-38842.39287671234,-7614476.129923807,0.0
2024-03-23 03:00:00,0.0,-38842.39287671234,-7614476.129923807,0.0
2024-03-23 04:00:00,0.0,-38842.39287671234,-7614476.129923807,0.0
2024-03-23 05:00:00,0.0,-38842.39287671234,-7614476.129923807,0.0
2024-03-23 06:00:00,0.0,-38842.39287671234,-7614476.129923807,0.0
2024-03-23 07:00:00,0.0,-38842.39287671234,-7614476.129923807,0.0
2024-03-23 08:00:00,0.0,-38842.39287671234,-7614476.129923807,0.0
2024-03-23 09:00:00,0.0,-38842.39287671234,-7614476.129923807,0.0
2024-03-23 10:00:00,0.0,-39023.20356164385,-7614476.129923807,0.0
2024-03-23 11:00:00,0.0,-40755.8287671233,-7614476.129923807,0.0
2024-03-23 12:00:00,0.0,-40755.8287671233,-7614476.129923807,0.0
2024-03-23 13:00:00,0.0,-41578.57671232878,-7614476.129923807,0.0
2024-03-23 14:00:00,0.0,-41578.57671232878,-7614476.129923807,0.0
2024-03-23 15:00:00,0.0,-41578.57671232878,-7614476.129923807,0.0
2024-03-23 16:00:00,0.0,-41578.57671232878,-7614476.129923807,0.0
2024-03-23 17:00:00,0.0,-41578.57671232878,-7614476.129923807,0.0
2024-03-23 18:00:00,0.0,-41578.57671232878,-7614476.129923807,0.0
2024-03-23 19:00:00,0.0,-41578.57671232878,-7614476.129923807,0.0
2024-03-23 20:00:00,0.0,-41580.43534246576,-7617090.971981858,0.0
2024-03-23 21:00:00,0.0,-41580.43534246576,-7619278.990689096,0.0
2024-03-23 22:00:00,0.0,-41580.43534246576,-7620228.106249835,0.0
2024-03-23 23:00:00,0.0,-42747.43534246576,-7620228.106249835,0.0
2024-03-24 00:00:00,0.0,-42747.43534246576,-7620228.106249835,0.0
2024-03-24 01:00:00,0.0,-42747.43534246576,-7620228.106249835,0.0
2024-03-24 02:00:00,0.0,-42747.43534246576,-7620228.106249835,0.0
2024-03-24 03:00:00,0.0,-42747.43534246576,-7620228.106249835,0.0
2024-03-24 04:00:00,0.0,-42747.43534246576,-7620228.106249835,0.0
2024-03-24 05:00:00,0.0,-42747.43534246576,-7620228.106249835,0.0
2024-03-24 06:00:00,0.0,-42747.43534246576,-7620228.106249835,0.0
2024-03-24 07:00:00,0.0,-42747.43534246576,-7620228.106249835,0.0
2024-03-24 08:00:00,0.0,-42747.43534246576,-7620229.103912599,0.0
2024-03-24 09:00:00,0.0,-42747.43534246576,-7620229.103912599,0.0
2024-03-24 10:00:00,0.0,-42747.43534246576,-7620229.103912599,0.0
2024-03-24 11:00:00,0.0,-42747.43534246576,-7620229.103912599,0.0
2024-03-24 12:00:00,0.0,-42747.43534246576,-7620229.103912599,0.0
2024-03-24 13:00:00,0.0,-42747.43534246576,-7620229.103912599,0.0
2024-03-24 14:00:00,0.0,-42747.43534246576,-7620229.103912599,0.0
2024-03-24 15:00:00,0.0,-42747.43534246576,-7620229.103912599,0.0
2024-03-24 16:00:00,0.0,-42747.43534246576,-7620229.103912599,0.0
2024-03-24 17:00:00,0.0,-42747.43534246576,-7620229.103912599,0.0
2024-03-24 18:00:00,0.0,-42747.43534246576,-7620229.103912599,0.0
2024-03-24 19:00:00,0.0,-42747.43534246576,-7620229.103912599,0.0
2024-03-24 20:00:00,0.0,-42747.43534246576,-7622342.710829993,0.0
2024-03-24 21:00:00,0.0,-42747.43534246576,-7623800.327474793,0.0
2024-03-24 22:00:00,0.0,-42747.43534246576,-7623800.327474793,0.0
2024-03-24 23:00:00,0.0,-42747.43534246576,-7623800.327474793,0.0
2024-03-25 00:00:00,0.0,-42747.43534246576,-7623800.327474793,0.0
2024-03-25 01:00:00,0.0,-42747.43534246576,-7623800.327474793,0.0
2024-03-25 02:00:00,0.0,-42747.43534246576,-7623800.327474793,0.0
2024-03-25 03:00:00,0.0,-42747.43534246576,-7623800.327474793,0.0
2024-03-25 04:00:00,0.0,-42747.43534246576,-7623800.327474793,0.0
2024-03-25 05:00:00,0.0,-42747.43534246576,-7623800.327474793,0.0
2024-03-25 06:00:00,0.0,-42747.43534246576,-7623800.327474793,0.0
2024-03-25 07:00:00,0.0,-42747.43534246576,-7623800.327474793,0.0
2024-03-25 08:00:00,0.0,-42747.43534246576,-7623800.327474793,0.0
2024-03-25 09:00:00,0.0,-42747.43534246576,-7623800.327474793,0.0
2024-03-25 10:00:00,0.0,-42747.43534246576,-7623800.327474793,0.0
2024-03-25 11:00:00,0.0,-42747.43534246576,-7623800.327474793,0.0
2024-03-25 12:00:00,0.0,-42747.43534246576,-7623800.327474793,0.0
2024-03-25 13:00:00,0.0,-42747.43534246576,-7623800.327474793,0.0
2024-03-25 14:00:00,0.0,-42747.43534246576,-7623800.327474793,0.0
2024-03-25 15:00:00,0.0,-42747.43534246576,-7623800.327474793,0.0
2024-03-25 16:00:00,0.0,-42747.43534246576,-7623800.327474793,0.0
2024-03-25 17:00:00,0.0,-42747.43534246576,-7623800.327474793,0.0
2024-03-25 18:00:00,0.0,-42747.43534246576,-7623800.327474793,0.0
2024-03-25 19:00:00,0.0,-42747.43534246576,-7623800.327474793,0.0
2024-03-25 20:00:00,0.0,-42747.43534246576,-7623800.327474793,0.0
2024-03-25 21:00:00,0.0,-42747.43534246576,-7623800.327474793,0.0
2024-03-25 22:00:00,0.0,-42747.43534246576,-7623800.327474793,0.0
2024-03-25 23:00:00,0.0,-42747.43534246576,-7623800.327474793,0.0
2024-03-26 00:00:00,0.0,-42747.43534246576,-7623800.327474793,0.0
2024-03-26 01:00:00,0.0,-42747.43534246576,-7623800.327474793,0.0
2024-03-26 02:00:00,0.0,-42747.43534246576,-7623800.327474793,0.0
2024-03-26 03:00:00,0.0,-42747.43534246576,-7623800.327474793,0.0
2024-03-26 04:00:00,0.0,-42747.43534246576,-7623800.327474793,0.0
2024-03-26 05:00:00,0.0,-42747.43534246576,-7623800.327474793,0.0
2024-03-26 06:00:00,0.0,-42747.43534246576,-7623800.327474793,0.0
2024-03-26 07:00:00,0.0,-42747.43534246576,-7623800.327474793,0.0
2024-03-26 08:00:00,0.0,-42747.43534246576,-7623800.327474793,0.0
2024-03-26 09:00:00,0.0,-42747.43534246576,-7623800.327474793,0.0
2024-03-26 10:00:00,0.0,-42747.43534246576,-7623800.327474793,0.0
2024-03-26 11:00:00,0.0,-42747.43534246576,-7623800.327474793,0.0
2024-03-26 12:00:00,0.0,-42747.43534246576,-7623800.327474793,0.0
2024-03-26 13:00:00,0.0,-42747.43534246576,-7623800.327474793,0.0
2024-03-26 14:00:00,0.0,-42747.43534246576,-7623800.327474793,0.0
2024-03-26 15:00:00,0.0,-42747.43534246576,-7623800.327474793,0.0
2024-03-26 16:00:00,0.0,-42747.43534246576,-7623800.327474793,0.0
2024-03-26 17:00:00,0.0,-42747.43534246576,-7623800.327474793,0.0
2024-03-26 18:00:00,0.0,-42747.43534246576,-7623800.327474793,0.0
2024-03-26 19:00:00,0.0,-42747.43534246576,-7623800.327474793,0.0
2024-03-26 20:00:00,0.0,-42747.43534246576,-7623800.327474793,0.0
2024-03-26 21:00:00,0.0,-42747.43534246576,-7623800.327474793,0.0
2024-03-26 22:00:00,0.0,-42747.43534246576,-7623800.327474793,0.0
2024-03-26 23:00:00,0.0,-42747.43534246576,-7623800.327474793,0.0
2024-03-27 00:00:00,0.0,-42747.43534246576,-7623800.327474793,0.0
2024-03-27 01:00:00,0.0,-42747.43534246576,-7623800.327474793,0.0
2024-03-27 02:00:00,0.0,-42747.43534246576,-7623800.327474793,0.0
2024-03-27 03:00:00,0.0,-42747.43534246576,-7623800.327474793,0.0
2024-03-27 04:00:00,0.0,-42747.43534246576,-7623800.327474793,0.0
2024-03-27 05:00:00,0.0,-42747.43534246576,-7623800.327474793,0.0
2024-03-27 06:00:00,0.0,-42747.43534246576,-7623800.327474793,0.0
2024-03-27 07:00:00,0.0,-42747.43534246576,-7623800.327474793,0.0
2024-03-27 08:00:00,0.0,-42747.43534246576,-7623800.327474793,0.0
2024-03-27 09:00:00,0.0,-42747.43534246576,-7623800.327474793,0.0
2024-03-27 10:00:00,0.0,-42747.43534246576,-7623800.327474793,0.0
2024-03-27 11:00:00,0.0,-42747.43534246576,-7623800.327474793,0.0
2024-03-27 12:00:00,0.0,-42747.43534246576,-7623800.327474793,0.0
2024-03-27 13:00:00,0.0,-43530.57589041097,-7623800.327474793,0.0
2024-03-27 14:00:00,0.0,-45143.35315068494,-7623800.327474793,0.0
2024-03-27 15:00:00,0.0,-45143.35315068494,-7623800.327474793,0.0
2024-03-27 16:00:00,0.0,-45315.951232876716,-7623800.327474793,0.0
2024-03-27 17:00:00,0.0,-45315.951232876716,-7623800.327474793,0.0
2024-03-27 18:00:00,0.0,-45315.951232876716,-7623800.327474793,0.0
2024-03-27 19:00:00,0.0,-45315.951232876716,-7623800.327474793,0.0
2024-03-27 20:00:00,0.0,-45315.951232876716,-7623800.327474793,0.0
2024-03-27 21:00:00,0.0,-45315.951232876716,-7623800.327474793,0.0
2024-03-27 22:00:00,0.0,-45315.951232876716,-7623800.327474793,0.0
2024-03-27 23:00:00,0.0,-45315.951232876716,-7623800.327474793,0.0
2024-03-28 00:00:00,0.0,-45315.951232876716,-7623800.327474793,0.0
2024-03-28 01:00:00,0.0,-45315.951232876716,-7623800.327474793,0.0
2024-03-28 02:00:00,0.0,-45315.951232876716,-7623800.327474793,0.0
2024-03-28 03:00:00,0.0,-45315.951232876716,-7623800.327474793,0.0
2024-03-28 04:00:00,0.0,-45315.951232876716,-7623800.327474793,0.0
2024-03-28 05:00:00,0.0,-45315.951232876716,-7623800.327474793,0.0
2024-03-28 06:00:00,0.0,-45315.951232876716,-7623800.327474793,0.0
2024-03-28 07:00:00,0.0,-45315.951232876716,-7623800.327474793,0.0
2024-03-28 08:00:00,0.0,-45315.951232876716,-7623800.327474793,0.0
2024-03-28 09:00:00,0.0,-45315.951232876716,-7623800.327474793,0.0
2024-03-28 10:00:00,0.0,-45315.951232876716,-7623800.327474793,0.0
2024-03-28 11:00:00,0.0,-45315.951232876716,-7623800.327474793,0.0
2024-03-28 12:00:00,0.0,-45315.951232876716,-7623800.327474793,0.0
2024-03-28 13:00:00,0.0,-45315.951232876716,-7623800.327474793,0.0
2024-03-28 14:00:00,0.0,-45315.951232876716,-7623800.327474793,0.0
2024-03-28 15:00:00,0.0,-45315.951232876716,-7623800.327474793,0.0
2024-03-28 16:00:00,0.0,-45315.951232876716,-7623800.327474793,0.0
2024-03-28 17:00:00,0.0,-45315.951232876716,-7623800.327474793,0.0
2024-03-28 18:00:00,0.0,-45315.951232876716,-7623800.327474793,0.0
2024-03-28 19:00:00,0.0,-45315.951232876716,-7623800.327474793,0.0
2024-03-28 20:00:00,0.0,-45315.951232876716,-7623800.327474793,0.0
2024-03-28 21:00:00,0.0,-45315.951232876716,-7623800.327474793,0.0
2024-03-28 22:00:00,0.0,-45315.951232876716,-7623800.327474793,0.0
2024-03-28 23:00:00,0.0,-45315.951232876716,-7623800.327474793,0.0
2024-03-29 00:00:00,0.0,-45315.951232876716,-7623800.327474793,0.0
2024-03-29 01:00:00,0.0,-45315.951232876716,-7623800.327474793,0.0
2024-03-29 02:00:00,0.0,-45315.951232876716,-7623800.327474793,0.0
2024-03-29 03:00:00,0.0,-45315.951232876716,-7623800.327474793,0.0
2024-03-29 04:00:00,0.0,-45315.951232876716,-7623800.327474793,0.0
2024-03-29 05:00:00,0.0,-45315.951232876716,-7623800.327474793,0.0
2024-03-29 06:00:00,0.0,-45315.951232876716,-7623800.327474793,0.0
2024-03-29 07:00:00,0.0,-45315.951232876716,-7623800.327474793,0.0
2024-03-29 08:00:00,0.0,-45315.951232876716,-7623800.327474793,0.0
2024-03-29 09:00:00,0.0,-45315.951232876716,-7623800.327474793,0.0
2024-03-29 10:00:00,0.0,-45315.951232876716,-7623800.327474793,0.0
2024-03-29 11:00:00,0.0,-45315.951232876716,-7623800.327474793,0.0
2024-03-29 12:00:00,0.0,-45315.951232876716,-7623800.327474793,0.0
2024-03-29 13:00:00,0.0,-45315.951232876716,-7623800.327474793,0.0
2024-03-29 14:00:00,0.0,-45315.951232876716,-7623800.327474793,0.0
2024-03-29 15:00:00,0.0,-45315.951232876716,-7623800.327474793,0.0
2024-03-29 16:00:00,0.0,-45315.951232876716,-7623800.327474793,0.0
2024-03-29 17:00:00,0.0,-45315.951232876716,-7623800.327474793,0.0
2024-03-29 18:00:00,0.0,-45315.951232876716,-7623800.327474793,0.0
2024-03-29 19:00:00,0.0,-45315.951232876716,-7623800.327474793,0.0
2024-03-29 20:00:00,0.0,-45315.951232876716,-7623800.327474793,0.0
2024-03-29 21:00:00,0.0,-45315.951232876716,-7623800.327474793,0.0
2024-03-29 22:00:00,0.0,-45315.951232876716,-7623800.327474793,0.0
2024-03-29 23:00:00,0.0,-45315.951232876716,-7623800.327474793,0.0
2024-03-30 00:00:00,0.0,-45315.951232876716,-7623800.327474793,0.0
2024-03-30 01:00:00,0.0,-45315.951232876716,-7623800.327474793,0.0
2024-03-30 02:00:00,0.0,-45315.951232876716,-7623800.327474793,0.0
2024-03-30 03:00:00,0.0,-45315.951232876716,-7623800.327474793,0.0
2024-03-30 04:00:00,0.0,-45315.951232876716,-7623800.327474793,0.0
2024-03-30 05:00:00,0.0,-45315.951232876716,-7623800.327474793,0.0
2024-03-30 06:00:00,0.0,-45315.951232876716,-7623800.327474793,0.0
2024-03-30 07:00:00,0.0,-45315.951232876716,-7623800.327474793,0.0
2024-03-30 08:00:00,0.0,-45315.951232876716,-7623800.327474793,0.0
2024-03-30 09:00:00,0.0,-45315.951232876716,-7623800.327474793,0.0
2024-03-30 10:00:00,0.0,-45315.951232876716,-7623800.327474793,0.0
2024-03-30 11:00:00,0.0,-45315.951232876716,-7623800.327474793,0.0
2024-03-30 12:00:00,0.0,-45315.951232876716,-7623800.327474793,0.0
2024-03-30 13:00:00,0.0,-45315.951232876716,-7623800.327474793,0.0
2024-03-30 14:00:00,0.0,-45315.951232876716,-7623800.327474793,0.0
2024-03-30 15:00:00,0.0,-45315.951232876716,-7623800.327474793,0.0
2024-03-30 16:00:00,0.0,-45315.951232876716,-7623800.327474793,0.0
2024-03-30 17:00:00,0.0,-45315.951232876716,-7623800.327474793,0.0
2024-03-30 18:00:00,0.0,-45315.951232876716,-7623800.327474793,0.0
2024-03-30 19:00:00,0.0,-45315.951232876716,-7623800.327474793,0.0
2024-03-30 20:00:00,0.0,-45315.951232876716,-7623800.327474793,0.0
2024-03-30 21:00:00,0.0,-45315.951232876716,-7623800.327474793,0.0
2024-03-30 22:00:00,0.0,-45315.951232876716,-7623800.327474793,0.0
2024-03-30 23:00:00,0.0,-45315.951232876716,-7623800.327474793,0.0
2024-03-31 00:00:00,0.0,-45315.951232876716,-7623800.327474793,0.0
2024-03-31 01:00:00,0.0,-45315.951232876716,-7623800.327474793,0.0
2024-03-31 02:00:00,0.0,-45315.951232876716,-7623800.327474793,0.0
2024-03-31 03:00:00,0.0,-45315.951232876716,-7623800.327474793,0.0
2024-03-31 04:00:00,0.0,-45315.951232876716,-7623800.327474793,0.0
2024-03-31 05:00:00,0.0,-45315.951232876716,-7623800.327474793,0.0
2024-03-31 06:00:00,0.0,-45315.951232876716,-7623800.327474793,0.0
2024-03-31 07:00:00,0.0,-45315.951232876716,-7623800.327474793,0.0
2024-03-31 08:00:00,0.0,-45315.951232876716,-7623800.327474793,0.0
2024-03-31 09:00:00,0.0,-45315.951232876716,-7623800.327474793,0.0
2024-03-31 10:00:00,0.0,-45315.951232876716,-7623800.327474793,0.0
2024-03-31 11:00:00,0.0,-45315.951232876716,-7623800.327474793,0.0
2024-03-31 12:00:00,0.0,-45315.951232876716,-7623800.327474793,0.0
2024-03-31 13:00:00,0.0,-45315.951232876716,-7623800.327474793,0.0
2024-03-31 14:00:00,0.0,-45315.951232876716,-7623800.327474793,0.0
2024-03-31 15:00:00,0.0,-45315.951232876716,-7623800.327474793,0.0
2024-03-31 16:00:00,0.0,-45315.951232876716,-7623800.327474793,0.0
2024-03-31 17:00:00,0.0,-45315.951232876716,-7623800.327474793,0.0
2024-03-31 18:00:00,0.0,-45315.951232876716,-7623800.327474793,0.0
2024-03-31 19:00:00,0.0,-45315.951232876716,-7623800.327474793,0.0
2024-03-31 20:00:00,0.0,-45315.951232876716,-7623800.327474793,0.0
2024-03-31 21:00:00,0.0,-45315.951232876716,-7623800.327474793,0.0
2024-03-31 22:00:00,0.0,-45315.951232876716,-7623800.327474793,0.0
2024-03-31 23:00:00,0.0,-45315.951232876716,-7623800.327474793,0.0
2024-04-01 00:00:00,0.0,-45315.951232876716,-7623800.327474793,0.0
2024-04-01 01:00:00,0.0,-45315.951232876716,-7623800.327474793,0.0
2024-04-01 02:00:00,0.0,-45315.951232876716,-7623800.327474793,0.0
2024-04-01 03:00:00,0.0,-45315.951232876716,-7623800.327474793,0.0
2024-04-01 04:00:00,0.0,-45315.951232876716,-7623800.327474793,0.0
2024-04-01 05:00:00,0.0,-45315.951232876716,-7623800.327474793,0.0
2024-04-01 06:00:00,0.0,-45315.951232876716,-7623800.327474793,0.0
2024-04-01 07:00:00,0.0,-45315.951232876716,-7623800.327474793,0.0
2024-04-01 08:00:00,0.0,-45315.951232876716,-7623800.327474793,0.0
2024-04-01 09:00:00,0.0,-45315.951232876716,-7623800.327474793,0.0
2024-04-01 10:00:00,0.0,-45478.96904109589,-7623800.327474793,0.0
2024-04-01 11:00:00,0.0,-45478.96904109589,-7623800.327474793,0.0
2024-04-01 12:00:00,0.0,-45478.96904109589,-7623800.327474793,0.0
2024-04-01 13:00:00,0.0,-45478.96904109589,-7623800.327474793,0.0
2024-04-01 14:00:00,0.0,-46670.17671232876,-7623800.327474793,0.0
2024-04-01 15:00:00,0.0,-46670.17671232876,-7623800.327474793,0.0
2024-04-01 16:00:00,0.0,-46670.17671232876,-7623800.327474793,0.0
2024-04-01 17:00:00,0.0,-46670.17671232876,-7623800.327474793,0.0
2024-04-01 18:00:00,0.0,-46670.17671232876,-7623800.327474793,0.0
2024-04-01 19:00:00,0.0,-46670.17671232876,-7623800.327474793,0.0
2024-04-01 20:00:00,0.0,-46670.17671232876,-7623800.327474793,0.0
2024-04-01 21:00:00,0.0,-46670.17671232876,-7623800.327474793,0.0
2024-04-01 22:00:00,0.0,-46670.17671232876,-7623800.327474793,0.0
2024-04-01 23:00:00,0.0,-46670.17671232876,-7623800.327474793,0.0
2024-04-02 00:00:00,0.0,-46670.17671232876,-7623800.327474793,0.0
2024-04-02 01:00:00,0.0,-46847.17671232876,-7623800.327474793,0.0
2024-04-02 02:00:00,0.0,-47001.82547945205,-7623800.327474793,0.0
2024-04-02 03:00:00,0.0,-47001.82547945205,-7623800.327474793,0.0
2024-04-02 04:00:00,0.0,-47145.82547945205,-7623800.327474793,0.0
2024-04-02 05:00:00,0.0,-47145.82547945205,-7623800.327474793,0.0
2024-04-02 06:00:00,0.0,-47145.82547945205,-7623800.327474793,0.0
2024-04-02 07:00:00,0.0,-47145.82547945205,-7623800.327474793,0.0
2024-04-02 08:00:00,0.0,-47145.82547945205,-7623800.327474793,0.0
2024-04-02 09:00:00,0.0,-47657.82547945205,-7623800.327474793,0.0
2024-04-02 10:00:00,0.0,-48315.24438356163,-7623800.327474793,0.0
2024-04-02 11:00:00,0.0,-48315.24438356163,-7623800.327474793,0.0
2024-04-02 12:00:00,0.0,-49861.063013698615,-7623800.327474793,0.0
2024-04-02 13:00:00,0.0,-50579.063013698615,-7623800.327474793,0.0
2024-04-02 14:00:00,0.0,-50579.063013698615,-7623800.327474793,0.0
2024-04-02 15:00:00,0.0,-52032.09643835615,-7623800.327474793,0.0
2024-04-02 16:00:00,0.0,-53285.15424657533,-7623800.327474793,0.0
2024-04-02 17:00:00,0.0,-54683.785205479435,-7623800.327474793,0.0
2024-04-02 18:00:00,0.0,-54683.785205479435,-7623800.327474793,0.0
2024-04-02 19:00:00,0.0,-54683.785205479435,-7623800.327474793,0.0
2024-04-02 20:00:00,0.0,-54683.785205479435,-7623800.327474793,0.0
2024-04-02 21:00:00,0.0,-54683.785205479435,-7623800.327474793,0.0
2024-04-02 22:00:00,0.0,-54683.785205479435,-7623800.327474793,0.0
2024-04-02 23:00:00,0.0,-54683.785205479435,-7623800.327474793,0.0
2024-04-03 00:00:00,0.0,-54683.785205479435,-7623800.327474793,0.0
2024-04-03 01:00:00,0.0,-54683.785205479435,-7623800.327474793,0.0
2024-04-03 02:00:00,0.0,-54927.11835616437,-7623800.327474793,0.0
2024-04-03 03:00:00,0.0,-55967.11835616437,-7623800.327474793,0.0
2024-04-03 04:00:00,0.0,-56165.715616438334,-7623800.327474793,0.0
2024-04-03 05:00:00,0.0,-56165.715616438334,-7623800.327474793,0.0
2024-04-03 06:00:00,0.0,-56165.715616438334,-7623800.327474793,0.0
2024-04-03 07:00:00,0.0,-56165.715616438334,-7623800.327474793,0.0
2024-04-03 08:00:00,0.0,-56165.715616438334,-7623800.327474793,0.0
2024-04-03 09:00:00,0.0,-56165.715616438334,-7623800.327474793,0.0
2024-04-03 10:00:00,0.0,-56165.715616438334,-7623800.327474793,0.0
2024-04-03 11:00:00,0.0,-57987.715616438334,-7623800.327474793,0.0
2024-04-03 12:00:00,0.0,-57987.715616438334,-7623800.327474793,0.0
2024-04-03 13:00:00,0.0,-59860.82109589038,-7623800.327474793,0.0
2024-04-03 14:00:00,0.0,-61281.82109589038,-7623800.327474793,0.0
2024-04-03 15:00:00,0.0,-61281.82109589038,-7623800.327474793,0.0
2024-04-03 16:00:00,0.0,-61778.82109589038,-7623800.327474793,0.0
2024-04-03 17:00:00,0.0,-61778.82109589038,-7623800.327474793,0.0
2024-04-03 18:00:00,0.0,-61778.82109589038,-7623800.327474793,0.0
2024-04-03 19:00:00,0.0,-61778.82109589038,-7623800.327474793,0.0
2024-04-03 20:00:00,0.0,-64123.4720547945,-7623800.327474793,0.0
2024-04-03 21:00:00,0.0,-64123.4720547945,-7623800.327474793,0.0
2024-04-03 22:00:00,0.0,-64123.4720547945,-7623800.327474793,0.0
2024-04-03 23:00:00,0.0,-64123.4720547945,-7623800.327474793,0.0
2024-04-04 00:00:00,0.0,-64123.4720547945,-7623800.327474793,0.0
2024-04-04 01:00:00,0.0,-64123.4720547945,-7623800.327474793,0.0
2024-04-04 02:00:00,0.0,-64123.4720547945,-7623800.327474793,0.0
2024-04-04 03:00:00,0.0,-64123.4720547945,-7623800.327474793,0.0
2024-04-04 04:00:00,0.0,-64956.67616438355,-7623800.327474793,0.0
2024-04-04 05:00:00,0.0,-64956.67616438355,-7623800.327474793,0.0
2024-04-04 06:00:00,0.0,-65857.57835616438,-7623800.327474793,0.0
2024-04-04 07:00:00,0.0,-65857.57835616438,-7623800.327474793,0.0
2024-04-04 08:00:00,0.0,-65857.57835616438,-7623800.327474793,0.0
2024-04-04 09:00:00,0.0,-65857.57835616438,-7623800.327474793,0.0
2024-04-04 10:00:00,0.0,-65857.57835616438,-7623800.327474793,0.0
2024-04-04 11:00:00,0.0,-65857.57835616438,-7623800.327474793,0.0
2024-04-04 12:00:00,0.0,-65857.57835616438,-7623800.327474793,0.0
2024-04-04 13:00:00,0.0,-65857.57835616438,-7623800.327474793,0.0
2024-04-04 14:00:00,0.0,-65857.57835616438,-7623800.327474793,0.0
2024-04-04 15:00:00,0.0,-65857.57835616438,-7623800.327474793,0.0
2024-04-04 16:00:00,0.0,-65857.57835616438,-7623800.327474793,0.0
2024-04-04 17:00:00,0.0,-65857.57835616438,-7623800.327474793,0.0
2024-04-04 18:00:00,0.0,-65857.57835616438,-7623800.327474793,0.0
2024-04-04 19:00:00,0.0,-65857.57835616438,-7623800.327474793,0.0
2024-04-04 20:00:00,0.0,-65857.57835616438,-7625203.310579216,0.0
2024-04-04 21:00:00,0.0,-65857.57835616438,-7625203.310579216,0.0
2024-04-04 22:00:00,0.0,-65857.57835616438,-7625203.310579216,0.0
2024-04-04 23:00:00,0.0,-65871.57835616438,-7625203.310579216,0.0
2024-04-05 00:00:00,0.0,-65871.57835616438,-7625203.310579216,0.0
2024-04-05 01:00:00,0.0,-65871.57835616438,-7625203.310579216,0.0
2024-04-05 02:00:00,0.0,-65871.57835616438,-7625203.310579216,0.0
2024-04-05 03:00:00,0.0,-65871.57835616438,-7625203.310579216,0.0
2024-04-05 04:00:00,0.0,-65871.57835616438,-7625203.310579216,0.0
2024-04-05 05:00:00,0.0,-65871.57835616438,-7625203.310579216,0.0
2024-04-05 06:00:00,0.0,-65871.57835616438,-7625203.310579216,0.0
2024-04-05 07:00:00,0.0,-65871.57835616438,-7625203.310579216,0.0
2024-04-05 08:00:00,0.0,-65871.57835616438,-7625203.310579216,0.0
2024-04-05 09:00:00,0.0,-65871.57835616438,-7625203.310579216,0.0
2024-04-05 10:00:00,0.0,-65871.57835616438,-7625203.310579216,0.0
2024-04-05 11:00:00,0.0,-65871.57835616438,-7625203.310579216,0.0
2024-04-05 12:00:00,0.0,-65871.57835616438,-7625203.310579216,0.0
2024-04-05 13:00:00,0.0,-65871.57835616438,-7625203.310579216,0.0
2024-04-05 14:00:00,0.0,-65871.57835616438,-7625203.310579216,0.0
2024-04-05 15:00:00,0.0,-65871.57835616438,-7625203.310579216,0.0
2024-04-05 16:00:00,0.0,-65871.57835616438,-7625203.310579216,0.0
2024-04-05 17:00:00,0.0,-65871.57835616438,-7625203.310579216,0.0
2024-04-05 18:00:00,0.0,-65871.57835616438,-7625203.310579216,0.0
2024-04-05 19:00:00,0.0,-65871.57835616438,-7625203.310579216,0.0
2024-04-05 20:00:00,0.0,-65871.57835616438,-7625816.453490038,0.0
2024-04-05 21:00:00,0.0,-65871.57835616438,-7625816.453490038,0.0
2024-04-05 22:00:00,0.0,-65871.57835616438,-7625816.453490038,0.0
2024-04-05 23:00:00,0.0,-65871.57835616438,-7625816.453490038,0.0
2024-04-06 00:00:00,0.0,-65871.57835616438,-7625816.453490038,0.0
2024-04-06 01:00:00,0.0,-65871.57835616438,-7625816.453490038,0.0
2024-04-06 02:00:00,0.0,-65871.57835616438,-7625816.453490038,0.0
2024-04-06 03:00:00,0.0,-65871.57835616438,-7625816.453490038,0.0
2024-04-06 04:00:00,0.0,-65871.57835616438,-7625816.453490038,0.0
2024-04-06 05:00:00,0.0,-65871.57835616438,-7625816.453490038,0.0
2024-04-06 06:00:00,0.0,-65871.57835616438,-7625816.453490038,0.0
2024-04-06 07:00:00,0.0,-65871.57835616438,-7625816.453490038,0.0
2024-04-06 08:00:00,0.0,-65871.57835616438,-7625816.453490038,0.0
2024-04-06 09:00:00,0.0,-65871.57835616438,-7625816.453490038,0.0
2024-04-06 10:00:00,0.0,-65871.57835616438,-7625816.453490038,0.0
2024-04-06 11:00:00,0.0,-65871.57835616438,-7625816.453490038,0.0
2024-04-06 12:00:00,0.0,-65871.57835616438,-7625816.453490038,0.0
2024-04-06 13:00:00,0.0,-65871.57835616438,-7625816.453490038,0.0
2024-04-06 14:00:00,0.0,-65871.57835616438,-7625816.453490038,0.0
2024-04-06 15:00:00,0.0,-65871.57835616438,-7625816.453490038,0.0
2024-04-06 16:00:00,0.0,-65871.57835616438,-7625816.453490038,0.0
2024-04-06 17:00:00,0.0,-65871.57835616438,-7625816.453490038,0.0
2024-04-06 18:00:00,0.0,-65871.57835616438,-7625816.453490038,0.0
2024-04-06 19:00:00,0.0,-65871.57835616438,-7625816.453490038,0.0
2024-04-06 20:00:00,0.0,-65871.57835616438,-7625816.453490038,0.0
2024-04-06 21:00:00,0.0,-65871.57835616438,-7625816.453490038,0.0
2024-04-06 22:00:00,0.0,-65871.57835616438,-7625816.453490038,0.0
2024-04-06 23:00:00,0.0,-65871.57835616438,-7625816.453490038,0.0
2024-04-07 00:00:00,0.0,-65871.57835616438,-7625816.453490038,0.0
2024-04-07 01:00:00,0.0,-65871.57835616438,-7625816.453490038,0.0
2024-04-07 02:00:00,0.0,-65871.57835616438,-7625816.453490038,0.0
2024-04-07 03:00:00,0.0,-65871.57835616438,-7625816.453490038,0.0
2024-04-07 04:00:00,0.0,-65871.57835616438,-7625816.453490038,0.0
2024-04-07 05:00:00,0.0,-65871.57835616438,-7625816.453490038,0.0
2024-04-07 06:00:00,0.0,-65871.57835616438,-7625816.453490038,0.0
2024-04-07 07:00:00,0.0,-65871.57835616438,-7625816.453490038,0.0
2024-04-07 08:00:00,0.0,-65871.57835616438,-7625816.453490038,0.0
2024-04-07 09:00:00,0.0,-65871.57835616438,-7625816.453490038,0.0
2024-04-07 10:00:00,0.0,-65871.57835616438,-7625816.453490038,0.0
2024-04-07 11:00:00,0.0,-65871.57835616438,-7625816.453490038,0.0
2024-04-07 12:00:00,0.0,-65871.57835616438,-7625816.453490038,0.0
2024-04-07 13:00:00,0.0,-65871.57835616438,-7625816.453490038,0.0
2024-04-07 14:00:00,0.0,-65871.57835616438,-7625816.453490038,0.0
2024-04-07 15:00:00,0.0,-65871.57835616438,-7625816.453490038,0.0
2024-04-07 16:00:00,0.0,-65871.57835616438,-7625816.453490038,0.0
2024-04-07 17:00:00,0.0,-65871.57835616438,-7625816.453490038,0.0
2024-04-07 18:00:00,0.0,-65871.57835616438,-7625816.453490038,0.0
2024-04-07 19:00:00,0.0,-65871.57835616438,-7625816.453490038,0.0
2024-04-07 20:00:00,0.0,-65871.57835616438,-7625816.453490038,0.0
2024-04-07 21:00:00,0.0,-65871.57835616438,-7625816.453490038,0.0
2024-04-07 22:00:00,0.0,-65871.57835616438,-7625816.453490038,0.0
2024-04-07 23:00:00,0.0,-65871.57835616438,-7625816.453490038,0.0
2024-04-08 00:00:00,0.0,-65871.57835616438,-7625816.453490038,0.0
2024-04-08 01:00:00,0.0,-65871.57835616438,-7625816.453490038,0.0
2024-04-08 02:00:00,0.0,-65871.57835616438,-7625816.453490038,0.0
2024-04-08 03:00:00,0.0,-65871.57835616438,-7625816.453490038,0.0
2024-04-08 04:00:00,0.0,-65871.57835616438,-7625816.453490038,0.0
2024-04-08 05:00:00,0.0,-65871.57835616438,-7625816.453490038,0.0
2024-04-08 06:00:00,0.0,-65871.57835616438,-7625816.453490038,0.0
2024-04-08 07:00:00,0.0,-65871.57835616438,-7625816.453490038,0.0
2024-04-08 08:00:00,0.0,-65871.57835616438,-7625816.453490038,0.0
2024-04-08 09:00:00,0.0,-65871.57835616438,-7625816.453490038,0.0
2024-04-08 10:00:00,0.0,-65871.57835616438,-7625816.453490038,0.0
2024-04-08 11:00:00,0.0,-65871.57835616438,-7625816.453490038,0.0
2024-04-08 12:00:00,0.0,-65871.57835616438,-7625816.453490038,0.0
2024-04-08 13:00:00,0.0,-65871.57835616438,-7625816.453490038,0.0
2024-04-08 14:00:00,0.0,-65871.57835616438,-7625816.453490038,0.0
2024-04-08 15:00:00,0.0,-65871.57835616438,-7625816.453490038,0.0
2024-04-08 16:00:00,0.0,-65871.57835616438,-7625816.453490038,0.0
2024-04-08 17:00:00,0.0,-65871.57835616438,-7625816.453490038,0.0
2024-04-08 18:00:00,0.0,-65871.57835616438,-7625816.453490038,0.0
2024-04-08 19:00:00,0.0,-65871.57835616438,-7625816.453490038,0.0
2024-04-08 20:00:00,0.0,-65871.57835616438,-7625816.453490038,0.0
2024-04-08 21:00:00,0.0,-65871.57835616438,-7625816.453490038,0.0
2024-04-08 22:00:00,0.0,-65871.57835616438,-7625816.453490038,0.0
2024-04-08 23:00:00,0.0,-65871.57835616438,-7625816.453490038,0.0
2024-04-09 00:00:00,0.0,-65871.57835616438,-7625816.453490038,0.0
2024-04-09 01:00:00,0.0,-65871.57835616438,-7625816.453490038,0.0
2024-04-09 02:00:00,0.0,-65871.57835616438,-7625816.453490038,0.0
2024-04-09 03:00:00,0.0,-65871.57835616438,-7625816.453490038,0.0
2024-04-09 04:00:00,0.0,-65871.57835616438,-7625816.453490038,0.0
2024-04-09 05:00:00,0.0,-65871.57835616438,-7625816.453490038,0.0
2024-04-09 06:00:00,0.0,-65871.57835616438,-7625816.453490038,0.0
2024-04-09 07:00:00,0.0,-65871.57835616438,-7625816.453490038,0.0
2024-04-09 08:00:00,0.0,-65871.57835616438,-7625816.453490038,0.0
2024-04-09 09:00:00,0.0,-65871.57835616438,-7625816.453490038,0.0
2024-04-09 10:00:00,0.0,-65871.57835616438,-7625816.453490038,0.0
2024-04-09 11:00:00,0.0,-65871.57835616438,-7625816.453490038,0.0
2024-04-09 12:00:00,0.0,-65871.57835616438,-7625816.453490038,0.0
2024-04-09 13:00:00,0.0,-65871.57835616438,-7625816.453490038,0.0
2024-04-09 14:00:00,0.0,-65871.57835616438,-7625816.453490038,0.0
2024-04-09 15:00:00,0.0,-65871.57835616438,-7625816.453490038,0.0
2024-04-09 16:00:00,0.0,-65871.57835616438,-7625816.453490038,0.0
2024-04-09 17:00:00,0.0,-65871.57835616438,-7625816.453490038,0.0
2024-04-09 18:00:00,0.0,-65871.57835616438,-7625816.453490038,0.0
2024-04-09 19:00:00,0.0,-65871.57835616438,-7625816.453490038,0.0
2024-04-09 20:00:00,0.0,-65871.57835616438,-7625816.453490038,0.0
2024-04-09 21:00:00,0.0,-65871.57835616438,-7625816.453490038,0.0
2024-04-09 22:00:00,0.0,-65871.57835616438,-7625816.453490038,0.0
2024-04-09 23:00:00,0.0,-65871.57835616438,-7625816.453490038,0.0
2024-04-10 00:00:00,0.0,-65871.57835616438,-7625816.453490038,0.0
2024-04-10 01:00:00,0.0,-65871.57835616438,-7625816.453490038,0.0
2024-04-10 02:00:00,0.0,-65871.57835616438,-7625816.453490038,0.0
2024-04-10 03:00:00,0.0,-65871.57835616438,-7625816.453490038,0.0
2024-04-10 04:00:00,0.0,-65871.57835616438,-7625816.453490038,0.0
2024-04-10 05:00:00,0.0,-65871.57835616438,-7625816.453490038,0.0
2024-04-10 06:00:00,0.0,-65871.57835616438,-7625816.453490038,0.0
2024-04-10 07:00:00,0.0,-65871.57835616438,-7625816.453490038,0.0
2024-04-10 08:00:00,0.0,-65871.57835616438,-7625816.453490038,0.0
2024-04-10 09:00:00,0.0,-65871.57835616438,-7625816.453490038,0.0
2024-04-10 10:00:00,0.0,-65871.57835616438,-7625816.453490038,0.0
2024-04-10 11:00:00,0.0,-65871.57835616438,-7625816.453490038,0.0
2024-04-10 12:00:00,0.0,-65871.57835616438,-7625816.453490038,0.0
2024-04-10 13:00:00,0.0,-65871.57835616438,-7625816.453490038,0.0
2024-04-10 14:00:00,0.0,-65871.57835616438,-7625816.453490038,0.0
2024-04-10 15:00:00,0.0,-65871.57835616438,-7625816.453490038,0.0
2024-04-10 16:00:00,0.0,-65871.57835616438,-7625816.453490038,0.0
2024-04-10 17:00:00,0.0,-65871.57835616438,-7625816.453490038,0.0
2024-04-10 18:00:00,0.0,-65871.57835616438,-7625816.453490038,0.0
2024-04-10 19:00:00,0.0,-65871.57835616438,-7625816.453490038,0.0
2024-04-10 20:00:00,0.0,-65871.57835616438,-7625816.453490038,0.0
2024-04-10 21:00:00,0.0,-65871.57835616438,-7625816.453490038,0.0
2024-04-10 22:00:00,0.0,-65871.57835616438,-7625816.453490038,0.0
2024-04-10 23:00:00,0.0,-65871.57835616438,-7625816.453490038,0.0
2024-04-11 00:00:00,0.0,-65871.57835616438,-7625816.453490038,0.0
2024-04-11 01:00:00,0.0,-65871.57835616438,-7625816.453490038,0.0
2024-04-11 02:00:00,0.0,-65871.57835616438,-7625816.453490038,0.0
2024-04-11 03:00:00,0.0,-65871.57835616438,-7625816.453490038,0.0
2024-04-11 04:00:00,0.0,-65871.57835616438,-7625816.453490038,0.0
2024-04-11 05:00:00,0.0,-65871.57835616438,-7625816.453490038,0.0
2024-04-11 06:00:00,0.0,-65871.57835616438,-7625816.453490038,0.0
2024-04-11 07:00:00,0.0,-65871.57835616438,-7625816.453490038,0.0
2024-04-11 08:00:00,0.0,-65871.57835616438,-7625816.453490038,0.0
2024-04-11 09:00:00,0.0,-65871.57835616438,-7625816.453490038,0.0
2024-04-11 10:00:00,0.0,-65871.57835616438,-7625816.453490038,0.0
2024-04-11 11:00:00,0.0,-65871.57835616438,-7625816.453490038,0.0
2024-04-11 12:00:00,0.0,-65871.57835616438,-7625816.453490038,0.0
2024-04-11 13:00:00,0.0,-65871.57835616438,-7625816.453490038,0.0
2024-04-11 14:00:00,0.0,-65871.57835616438,-7625816.453490038,0.0
2024-04-11 15:00:00,0.0,-65871.57835616438,-7625816.453490038,0.0
2024-04-11 16:00:00,0.0,-65871.57835616438,-7625816.453490038,0.0
2024-04-11 17:00:00,0.0,-65871.57835616438,-7625816.453490038,0.0
2024-04-11 18:00:00,0.0,-65871.57835616438,-7625816.453490038,0.0
2024-04-11 19:00:00,0.0,-65871.57835616438,-7625816.453490038,0.0
2024-04-11 20:00:00,0.0,-65871.57835616438,-7625816.453490038,0.0
2024-04-11 21:00:00,0.0,-65871.57835616438,-7625816.453490038,0.0
2024-04-11 22:00:00,0.0,-65871.57835616438,-7625816.453490038,0.0
2024-04-11 23:00:00,0.0,-65871.57835616438,-7625816.453490038,0.0
2024-04-12 00:00:00,0.0,-65871.57835616438,-7625816.453490038,0.0
2024-04-12 01:00:00,0.0,-65871.57835616438,-7625816.453490038,0.0
2024-04-12 02:00:00,0.0,-65871.57835616438,-7625816.453490038,0.0
2024-04-12 03:00:00,0.0,-65871.57835616438,-7625816.453490038,0.0
2024-04-12 04:00:00,0.0,-65871.57835616438,-7625816.453490038,0.0
2024-04-12 05:00:00,0.0,-65871.57835616438,-7625816.453490038,0.0
2024-04-12 06:00:00,0.0,-65871.57835616438,-7625816.453490038,0.0
2024-04-12 07:00:00,0.0,-65871.57835616438,-7625816.453490038,0.0
2024-04-12 08:00:00,0.0,-65871.57835616438,-7625816.453490038,0.0
2024-04-12 09:00:00,0.0,-65871.57835616438,-7625816.453490038,0.0
2024-04-12 10:00:00,0.0,-65871.57835616438,-7625816.453490038,0.0
2024-04-12 11:00:00,0.0,-65871.57835616438,-7625816.453490038,0.0
2024-04-12 12:00:00,0.0,-65871.57835616438,-7625816.453490038,0.0
2024-04-12 13:00:00,0.0,-65871.57835616438,-7625816.453490038,0.0
2024-04-12 14:00:00,0.0,-65871.57835616438,-7625816.453490038,0.0
2024-04-12 15:00:00,0.0,-65871.57835616438,-7625816.453490038,0.0
2024-04-12 16:00:00,0.0,-65871.57835616438,-7625816.453490038,0.0
2024-04-12 17:00:00,0.0,-65871.57835616438,-7625816.453490038,0.0
2024-04-12 18:00:00,0.0,-65871.57835616438,-7625816.453490038,0.0
2024-04-12 19:00:00,0.0,-65871.57835616438,-7625816.453490038,0.0
2024-04-12 20:00:00,0.0,-65871.57835616438,-7625816.453490038,0.0
2024-04-12 21:00:00,0.0,-65871.57835616438,-7625816.453490038,0.0
2024-04-12 22:00:00,0.0,-65871.57835616438,-7625816.453490038,0.0
2024-04-12 23:00:00,0.0,-65871.57835616438,-7625816.453490038,0.0
2024-04-13 00:00:00,0.0,-65871.57835616438,-7625816.453490038,0.0
2024-04-13 01:00:00,0.0,-65871.57835616438,-7625816.453490038,0.0
2024-04-13 02:00:00,0.0,-65871.57835616438,-7625816.453490038,0.0
2024-04-13 03:00:00,0.0,-65871.57835616438,-7625816.453490038,0.0
2024-04-13 04:00:00,0.0,-65871.57835616438,-7625816.453490038,0.0
2024-04-13 05:00:00,0.0,-65871.57835616438,-7625816.453490038,0.0
2024-04-13 06:00:00,0.0,-65871.57835616438,-7625816.453490038,0.0
2024-04-13 07:00:00,0.0,-65871.57835616438,-7625816.453490038,0.0
2024-04-13 08:00:00,0.0,-65871.57835616438,-7625816.453490038,0.0
2024-04-13 09:00:00,0.0,-65871.57835616438,-7625816.453490038,0.0
2024-04-13 10:00:00,0.0,-65871.57835616438,-7625816.453490038,0.0
2024-04-13 11:00:00,0.0,-65871.57835616438,-7625816.453490038,0.0
2024-04-13 12:00:00,0.0,-65871.57835616438,-7625816.453490038,0.0
2024-04-13 13:00:00,0.0,-65871.57835616438,-7625816.453490038,0.0
2024-04-13 14:00:00,0.0,-65871.57835616438,-7625816.453490038,0.0
2024-04-13 15:00:00,0.0,-65871.57835616438,-7625816.453490038,0.0
2024-04-13 16:00:00,0.0,-65871.57835616438,-7625816.453490038,0.0
2024-04-13 17:00:00,0.0,-65871.57835616438,-7625816.453490038,0.0
2024-04-13 18:00:00,0.0,-65871.57835616438,-7625816.453490038,0.0
2024-04-13 19:00:00,0.0,-65871.57835616438,-7625816.453490038,0.0
2024-04-13 20:00:00,0.0,-65871.57835616438,-7625816.453490038,0.0
2024-04-13 21:00:00,0.0,-65871.57835616438,-7625816.453490038,0.0
2024-04-13 22:00:00,0.0,-65871.57835616438,-7625816.453490038,0.0
2024-04-13 23:00:00,0.0,-65871.57835616438,-7625816.453490038,0.0
2024-04-14 00:00:00,0.0,-65871.57835616438,-7625816.453490038,0.0
2024-04-14 01:00:00,0.0,-65871.57835616438,-7625816.453490038,0.0
2024-04-14 02:00:00,0.0,-65871.57835616438,-7625816.453490038,0.0
2024-04-14 03:00:00,0.0,-65871.57835616438,-7625816.453490038,0.0
2024-04-14 04:00:00,0.0,-65871.57835616438,-7625816.453490038,0.0
2024-04-14 05:00:00,0.0,-65871.57835616438,-7625816.453490038,0.0
2024-04-14 06:00:00,0.0,-65871.57835616438,-7625816.453490038,0.0
2024-04-14 07:00:00,0.0,-65871.57835616438,-7625816.453490038,0.0
2024-04-14 08:00:00,0.0,-65871.57835616438,-7625816.453490038,0.0
2024-04-14 09:00:00,0.0,-65871.57835616438,-7625816.453490038,0.0
2024-04-14 10:00:00,0.0,-65871.57835616438,-7625816.453490038,0.0
2024-04-14 11:00:00,0.0,-65871.57835616438,-7625816.453490038,0.0
2024-04-14 12:00:00,0.0,-65871.57835616438,-7625816.453490038,0.0
2024-04-14 13:00:00,0.0,-65871.57835616438,-7625816.453490038,0.0
2024-04-14 14:00:00,0.0,-65871.57835616438,-7625816.453490038,0.0
2024-04-14 15:00:00,0.0,-65871.57835616438,-7625816.453490038,0.0
2024-04-14 16:00:00,0.0,-65871.57835616438,-7625816.453490038,0.0
2024-04-14 17:00:00,0.0,-65871.57835616438,-7625816.453490038,0.0
2024-04-14 18:00:00,0.0,-65871.57835616438,-7625816.453490038,0.0
2024-04-14 19:00:00,0.0,-65871.57835616438,-7625816.453490038,0.0
2024-04-14 20:00:00,0.0,-65871.57835616438,-7625816.453490038,0.0
2024-04-14 21:00:00,0.0,-65871.57835616438,-7625816.453490038,0.0
2024-04-14 22:00:00,0.0,-66173.57835616438,-7625816.453490038,0.0
2024-04-14 23:00:00,0.0,-66173.57835616438,-7625816.453490038,0.0
2024-04-15 00:00:00,0.0,-66173.57835616438,-7625816.453490038,0.0
2024-04-15 01:00:00,0.0,-66173.57835616438,-7625816.453490038,0.0
2024-04-15 02:00:00,0.0,-66173.57835616438,-7625816.453490038,0.0
2024-04-15 03:00:00,0.0,-66173.57835616438,-7625816.453490038,0.0
2024-04-15 04:00:00,0.0,-66173.57835616438,-7625816.453490038,0.0
2024-04-15 05:00:00,0.0,-66173.57835616438,-7625816.453490038,0.0
2024-04-15 06:00:00,0.0,-66173.57835616438,-7625816.453490038,0.0
2024-04-15 07:00:00,0.0,-66173.57835616438,-7625816.453490038,0.0
2024-04-15 08:00:00,0.0,-66173.57835616438,-7625816.453490038,0.0
2024-04-15 09:00:00,0.0,-66173.57835616438,-7625816.453490038,0.0
2024-04-15 10:00:00,0.0,-66173.57835616438,-7625816.453490038,0.0
2024-04-15 11:00:00,0.0,-66173.57835616438,-7625816.453490038,0.0
2024-04-15 12:00:00,0.0,-66173.57835616438,-7625816.453490038,0.0
2024-04-15 13:00:00,0.0,-66173.57835616438,-7625816.453490038,0.0
2024-04-15 14:00:00,0.0,-66173.57835616438,-7625816.453490038,0.0
2024-04-15 15:00:00,0.0,-66173.57835616438,-7625816.453490038,0.0
2024-04-15 16:00:00,0.0,-66173.57835616438,-7625816.453490038,0.0
2024-04-15 17:00:00,0.0,-66173.57835616438,-7625816.453490038,0.0
2024-04-15 18:00:00,0.0,-66173.57835616438,-7625816.453490038,0.0
2024-04-15 19:00:00,0.0,-66173.57835616438,-7625816.453490038,0.0
2024-04-15 20:00:00,0.0,-66173.57835616438,-7625816.453490038,0.0
2024-04-15 21:00:00,0.0,-66173.57835616438,-7625816.453490038,0.0
2024-04-15 22:00:00,0.0,-66173.57835616438,-7625816.453490038,0.0
2024-04-15 23:00:00,0.0,-66245.57835616438,-7625816.453490038,0.0
2024-04-16 00:00:00,0.0,-66245.57835616438,-7625816.453490038,0.0
2024-04-16 01:00:00,0.0,-66245.57835616438,-7625816.453490038,0.0
2024-04-16 02:00:00,0.0,-66245.57835616438,-7625816.453490038,0.0
2024-04-16 03:00:00,0.0,-66245.57835616438,-7625816.453490038,0.0
2024-04-16 04:00:00,0.0,-66245.57835616438,-7625816.453490038,0.0
2024-04-16 05:00:00,0.0,-66245.57835616438,-7625816.453490038,0.0
2024-04-16 06:00:00,0.0,-66245.57835616438,-7625816.453490038,0.0
2024-04-16 07:00:00,0.0,-66245.57835616438,-7625816.453490038,0.0
2024-04-16 08:00:00,0.0,-66245.57835616438,-7625816.453490038,0.0
2024-04-16 09:00:00,0.0,-66245.57835616438,-7625816.453490038,0.0
2024-04-16 10:00:00,0.0,-66245.57835616438,-7625816.453490038,0.0
2024-04-16 11:00:00,0.0,-66245.57835616438,-7625816.453490038,0.0
2024-04-16 12:00:00,0.0,-66245.57835616438,-7625816.453490038,0.0
2024-04-16 13:00:00,0.0,-66245.57835616438,-7625816.453490038,0.0
2024-04-16 14:00:00,0.0,-66245.57835616438,-7625816.453490038,0.0
2024-04-16 15:00:00,0.0,-66245.57835616438,-7625816.453490038,0.0
2024-04-16 16:00:00,0.0,-66245.57835616438,-7625816.453490038,0.0
2024-04-16 17:00:00,0.0,-66245.57835616438,-7625816.453490038,0.0
2024-04-16 18:00:00,0.0,-66245.57835616438,-7625816.453490038,0.0
2024-04-16 19:00:00,0.0,-66245.57835616438,-7625816.453490038,0.0
2024-04-16 20:00:00,0.0,-66245.57835616438,-7625816.453490038,0.0
2024-04-16 21:00:00,0.0,-66245.57835616438,-7625816.453490038,0.0
2024-04-16 22:00:00,0.0,-66245.57835616438,-7625816.453490038,0.0
2024-04-16 23:00:00,0.0,-66245.57835616438,-7625816.453490038,0.0
2024-04-17 00:00:00,0.0,-66245.57835616438,-7625816.453490038,0.0
2024-04-17 01:00:00,0.0,-66245.57835616438,-7625816.453490038,0.0
2024-04-17 02:00:00,0.0,-66245.57835616438,-7625816.453490038,0.0
2024-04-17 03:00:00,0.0,-66245.57835616438,-7625816.453490038,0.0
2024-04-17 04:00:00,0.0,-66245.57835616438,-7625816.453490038,0.0
2024-04-17 05:00:00,0.0,-66245.57835616438,-7625816.453490038,0.0
2024-04-17 06:00:00,0.0,-66245.57835616438,-7625816.453490038,0.0
2024-04-17 07:00:00,0.0,-66245.57835616438,-7625816.453490038,0.0
2024-04-17 08:00:00,0.0,-66245.57835616438,-7625816.453490038,0.0
2024-04-17 09:00:00,0.0,-66245.57835616438,-7625816.453490038,0.0
2024-04-17 10:00:00,0.0,-66245.57835616438,-7625816.453490038,0.0
2024-04-17 11:00:00,0.0,-66245.57835616438,-7625816.453490038,0.0
2024-04-17 12:00:00,0.0,-66245.57835616438,-7625816.453490038,0.0
2024-04-17 13:00:00,0.0,-66245.57835616438,-7625816.453490038,0.0
2024-04-17 14:00:00,0.0,-66245.57835616438,-7625816.453490038,0.0
2024-04-17 15:00:00,0.0,-66245.57835616438,-7625816.453490038,0.0
2024-04-17 16:00:00,0.0,-66245.57835616438,-7625816.453490038,0.0
2024-04-17 17:00:00,0.0,-66245.57835616438,-7625816.453490038,0.0
2024-04-17 18:00:00,0.0,-66245.57835616438,-7625816.453490038,0.0
2024-04-17 19:00:00,0.0,-66245.57835616438,-7625816.453490038,0.0
2024-04-17 20:00:00,0.0,-66245.57835616438,-7625816.453490038,0.0
2024-04-17 21:00:00,0.0,-66245.57835616438,-7625816.453490038,0.0
2024-04-17 22:00:00,0.0,-66245.57835616438,-7625816.453490038,0.0
2024-04-17 23:00:00,0.0,-66245.57835616438,-7625816.453490038,0.0
2024-04-18 00:00:00,0.0,-66245.57835616438,-7625816.453490038,0.0
2024-04-18 01:00:00,0.0,-66245.57835616438,-7625816.453490038,0.0
2024-04-18 02:00:00,0.0,-66245.57835616438,-7625816.453490038,0.0
2024-04-18 03:00:00,0.0,-66245.57835616438,-7625816.453490038,0.0
2024-04-18 04:00:00,0.0,-66245.57835616438,-7625816.453490038,0.0
2024-04-18 05:00:00,0.0,-66245.57835616438,-7625816.453490038,0.0
2024-04-18 06:00:00,0.0,-66245.57835616438,-7625816.453490038,0.0
2024-04-18 07:00:00,0.0,-66245.57835616438,-7625816.453490038,0.0
2024-04-18 08:00:00,0.0,-66245.57835616438,-7625816.453490038,0.0
2024-04-18 09:00:00,0.0,-66245.57835616438,-7625816.453490038,0.0
2024-04-18 10:00:00,0.0,-66245.57835616438,-7625816.453490038,0.0
2024-04-18 11:00:00,0.0,-66245.57835616438,-7625816.453490038,0.0
2024-04-18 12:00:00,0.0,-66245.57835616438,-7625816.453490038,0.0
2024-04-18 13:00:00,0.0,-66245.57835616438,-7625816.453490038,0.0
2024-04-18 14:00:00,0.0,-66245.57835616438,-7625816.453490038,0.0
2024-04-18 15:00:00,0.0,-66245.57835616438,-7625816.453490038,0.0
2024-04-18 16:00:00,0.0,-66245.57835616438,-7625816.453490038,0.0
2024-04-18 17:00:00,0.0,-66245.57835616438,-7625816.453490038,0.0
2024-04-18 18:00:00,0.0,-66245.57835616438,-7625816.453490038,0.0
2024-04-18 19:00:00,0.0,-66245.57835616438,-7625816.453490038,0.0
2024-04-18 20:00:00,0.0,-66245.57835616438,-7625816.453490038,0.0
2024-04-18 21:00:00,0.0,-66245.57835616438,-7625816.453490038,0.0
2024-04-18 22:00:00,0.0,-66245.57835616438,-7625816.453490038,0.0
2024-04-18 23:00:00,0.0,-66245.57835616438,-7625816.453490038,0.0
2024-04-19 00:00:00,0.0,-66245.57835616438,-7625816.453490038,0.0
2024-04-19 01:00:00,0.0,-66245.57835616438,-7625816.453490038,0.0
2024-04-19 02:00:00,0.0,-66245.57835616438,-7625816.453490038,0.0
2024-04-19 03:00:00,0.0,-66245.57835616438,-7625816.453490038,0.0
2024-04-19 04:00:00,0.0,-66245.57835616438,-7625816.453490038,0.0
2024-04-19 05:00:00,0.0,-66245.57835616438,-7625816.453490038,0.0
2024-04-19 06:00:00,0.0,-66245.57835616438,-7625816.453490038,0.0
2024-04-19 07:00:00,0.0,-66245.57835616438,-7625816.453490038,0.0
2024-04-19 08:00:00,0.0,-66245.57835616438,-7625816.453490038,0.0
2024-04-19 09:00:00,0.0,-66245.57835616438,-7625816.453490038,0.0
2024-04-19 10:00:00,0.0,-66245.57835616438,-7625816.453490038,0.0
2024-04-19 11:00:00,0.0,-66245.57835616438,-7625816.453490038,0.0
2024-04-19 12:00:00,0.0,-66245.57835616438,-7625816.453490038,0.0
2024-04-19 13:00:00,0.0,-66245.57835616438,-7625816.453490038,0.0
2024-04-19 14:00:00,0.0,-66245.57835616438,-7625816.453490038,0.0
2024-04-19 15:00:00,0.0,-66245.57835616438,-7625816.453490038,0.0
2024-04-19 16:00:00,0.0,-66245.57835616438,-7625816.453490038,0.0
2024-04-19 17:00:00,0.0,-66245.57835616438,-7625816.453490038,0.0
2024-04-19 18:00:00,0.0,-66245.57835616438,-7625816.453490038,0.0
2024-04-19 19:00:00,0.0,-66245.57835616438,-7625816.453490038,0.0
2024-04-19 20:00:00,0.0,-66245.57835616438,-7625816.453490038,0.0
2024-04-19 21:00:00,0.0,-66245.57835616438,-7625816.453490038,0.0
2024-04-19 22:00:00,0.0,-66245.57835616438,-7625816.453490038,0.0
2024-04-19 23:00:00,0.0,-66245.57835616438,-7625816.453490038,0.0
2024-04-20 00:00:00,0.0,-66245.57835616438,-7625816.453490038,0.0
2024-04-20 01:00:00,0.0,-66245.57835616438,-7625816.453490038,0.0
2024-04-20 02:00:00,0.0,-66245.57835616438,-7625816.453490038,0.0
2024-04-20 03:00:00,0.0,-66245.57835616438,-7625816.453490038,0.0
2024-04-20 04:00:00,0.0,-66245.57835616438,-7625816.453490038,0.0
2024-04-20 05:00:00,0.0,-66245.57835616438,-7625816.453490038,0.0
2024-04-20 06:00:00,0.0,-66245.57835616438,-7625816.453490038,0.0
2024-04-20 07:00:00,0.0,-66245.57835616438,-7625816.453490038,0.0
2024-04-20 08:00:00,0.0,-66245.57835616438,-7625816.453490038,0.0
2024-04-20 09:00:00,0.0,-66245.57835616438,-7625816.453490038,0.0
2024-04-20 10:00:00,0.0,-66245.57835616438,-7625816.453490038,0.0
2024-04-20 11:00:00,0.0,-66245.57835616438,-7625816.453490038,0.0
2024-04-20 12:00:00,0.0,-66245.57835616438,-7625816.453490038,0.0
2024-04-20 13:00:00,0.0,-66245.57835616438,-7625816.453490038,0.0
2024-04-20 14:00:00,0.0,-66245.57835616438,-7625816.453490038,0.0
2024-04-20 15:00:00,0.0,-66245.57835616438,-7625816.453490038,0.0
2024-04-20 16:00:00,0.0,-66245.57835616438,-7625816.453490038,0.0
2024-04-20 17:00:00,0.0,-66245.57835616438,-7625816.453490038,0.0
2024-04-20 18:00:00,0.0,-66245.57835616438,-7625816.453490038,0.0
2024-04-20 19:00:00,0.0,-66245.57835616438,-7625816.453490038,0.0
2024-04-20 20:00:00,0.0,-66245.57835616438,-7625816.453490038,0.0
2024-04-20 21:00:00,0.0,-66245.57835616438,-7625816.453490038,0.0
2024-04-20 22:00:00,0.0,-66245.57835616438,-7625816.453490038,0.0
2024-04-20 23:00:00,0.0,-66245.57835616438,-7625816.453490038,0.0
2024-04-21 00:00:00,0.0,-66245.57835616438,-7625816.453490038,0.0
2024-04-21 01:00:00,0.0,-66245.57835616438,-7625816.453490038,0.0
2024-04-21 02:00:00,0.0,-66245.57835616438,-7625816.453490038,0.0
2024-04-21 03:00:00,0.0,-66245.57835616438,-7625816.453490038,0.0
2024-04-21 04:00:00,0.0,-66245.57835616438,-7625816.453490038,0.0
2024-04-21 05:00:00,0.0,-66245.57835616438,-7625816.453490038,0.0
2024-04-21 06:00:00,0.0,-66245.57835616438,-7625816.453490038,0.0
2024-04-21 07:00:00,0.0,-66245.57835616438,-7625816.453490038,0.0
2024-04-21 08:00:00,0.0,-66245.57835616438,-7625816.453490038,0.0
2024-04-21 09:00:00,0.0,-66245.57835616438,-7625816.453490038,0.0
2024-04-21 10:00:00,0.0,-66245.57835616438,-7625816.453490038,0.0
2024-04-21 11:00:00,0.0,-66245.57835616438,-7625816.453490038,0.0
2024-04-21 12:00:00,0.0,-66863.41917808219,-7625816.453490038,0.0
2024-04-21 13:00:00,0.0,-67426.02301369862,-7625816.453490038,0.0
2024-04-21 14:00:00,0.0,-67426.02301369862,-7625816.453490038,0.0
2024-04-21 15:00:00,0.0,-67426.02301369862,-7625816.453490038,0.0
2024-04-21 16:00:00,0.0,-67426.02301369862,-7625816.453490038,0.0
2024-04-21 17:00:00,0.0,-67426.02301369862,-7625816.453490038,0.0
2024-04-21 18:00:00,0.0,-67426.02301369862,-7625816.453490038,0.0
2024-04-21 19:00:00,0.0,-67426.02301369862,-7625816.453490038,0.0
2024-04-21 20:00:00,0.0,-67426.02301369862,-7625816.453490038,0.0
2024-04-21 21:00:00,0.0,-67426.02301369862,-7625816.453490038,0.0
2024-04-21 22:00:00,0.0,-67426.02301369862,-7625816.453490038,0.0
2024-04-21 23:00:00,0.0,-67426.02301369862,-7625816.453490038,0.0
2024-04-22 00:00:00,0.0,-67426.02301369862,-7625816.453490038,0.0
2024-04-22 01:00:00,0.0,-67426.02301369862,-7625816.453490038,0.0
2024-04-22 02:00:00,0.0,-67643.87808219178,-7625816.453490038,0.0
2024-04-22 03:00:00,0.0,-67643.87808219178,-7625816.453490038,0.0
2024-04-22 04:00:00,0.0,-67643.87808219178,-7625816.453490038,0.0
2024-04-22 05:00:00,0.0,-67643.87808219178,-7625816.453490038,0.0
2024-04-22 06:00:00,0.0,-67643.87808219178,-7625816.453490038,0.0
2024-04-22 07:00:00,0.0,-67643.87808219178,-7625816.453490038,0.0
2024-04-22 08:00:00,0.0,-67643.87808219178,-7625816.453490038,0.0
2024-04-22 09:00:00,0.0,-67643.87808219178,-7625816.453490038,0.0
2024-04-22 10:00:00,0.0,-67643.87808219178,-7625816.453490038,0.0
2024-04-22 11:00:00,0.0,-67643.87808219178,-7625816.453490038,0.0
2024-04-22 12:00:00,0.0,-67643.87808219178,-7625816.453490038,0.0
2024-04-22 13:00:00,0.0,-67643.87808219178,-7625816.453490038,0.0
2024-04-22 14:00:00,0.0,-67643.87808219178,-7625816.453490038,0.0
2024-04-22 15:00:00,0.0,-67643.87808219178,-7625816.453490038,0.0
2024-04-22 16:00:00,0.0,-67643.87808219178,-7625816.453490038,0.0
2024-04-22 17:00:00,0.0,-67643.87808219178,-7625816.453490038,0.0
2024-04-22 18:00:00,0.0,-67643.87808219178,-7625816.453490038,0.0
2024-04-22 19:00:00,0.0,-67643.87808219178,-7625816.453490038,0.0
2024-04-22 20:00:00,0.0,-67643.87808219178,-7625816.453490038,0.0
2024-04-22 21:00:00,0.0,-67643.87808219178,-7625816.453490038,0.0
2024-04-22 22:00:00,0.0,-67643.87808219178,-7625816.453490038,0.0
2024-04-22 23:00:00,0.0,-67643.87808219178,-7625816.453490038,0.0
2024-04-23 00:00:00,0.0,-67643.87808219178,-7625816.453490038,0.0
2024-04-23 01:00:00,0.0,-67643.87808219178,-7625816.453490038,0.0
2024-04-23 02:00:00,0.0,-67643.87808219178,-7625816.453490038,0.0
2024-04-23 03:00:00,0.0,-67643.87808219178,-7625816.453490038,0.0
2024-04-23 04:00:00,0.0,-67643.87808219178,-7625816.453490038,0.0
2024-04-23 05:00:00,0.0,-67643.87808219178,-7625816.453490038,0.0
2024-04-23 06:00:00,0.0,-67643.87808219178,-7625816.453490038,0.0
2024-04-23 07:00:00,0.0,-67643.87808219178,-7625816.453490038,0.0
2024-04-23 08:00:00,0.0,-67643.87808219178,-7625816.453490038,0.0
2024-04-23 09:00:00,0.0,-67643.87808219178,-7625816.453490038,0.0
2024-04-23 10:00:00,0.0,-67643.87808219178,-7625816.453490038,0.0
2024-04-23 11:00:00,0.0,-67643.87808219178,-7625816.453490038,0.0
2024-04-23 12:00:00,0.0,-67643.87808219178,-7625816.453490038,0.0
2024-04-23 13:00:00,0.0,-67643.87808219178,-7625816.453490038,0.0
2024-04-23 14:00:00,0.0,-67643.87808219178,-7625816.453490038,0.0
2024-04-23 15:00:00,0.0,-67643.87808219178,-7625816.453490038,0.0
2024-04-23 16:00:00,0.0,-67643.87808219178,-7625816.453490038,0.0
2024-04-23 17:00:00,0.0,-67643.87808219178,-7625816.453490038,0.0
2024-04-23 18:00:00,0.0,-67643.87808219178,-7625816.453490038,0.0
2024-04-23 19:00:00,0.0,-67643.87808219178,-7625816.453490038,0.0
2024-04-23 20:00:00,0.0,-67643.87808219178,-7625816.453490038,0.0
2024-04-23 21:00:00,0.0,-67643.87808219178,-7625816.453490038,0.0
2024-04-23 22:00:00,0.0,-67643.87808219178,-7625816.453490038,0.0
2024-04-23 23:00:00,0.0,-67643.87808219178,-7625816.453490038,0.0
2024-04-24 00:00:00,0.0,-67643.87808219178,-7625816.453490038,0.0
2024-04-24 01:00:00,0.0,-67643.87808219178,-7625816.453490038,0.0
2024-04-24 02:00:00,0.0,-67643.87808219178,-7625816.453490038,0.0
2024-04-24 03:00:00,0.0,-67643.87808219178,-7625816.453490038,0.0
2024-04-24 04:00:00,0.0,-67643.87808219178,-7625816.453490038,0.0
2024-04-24 05:00:00,0.0,-67643.87808219178,-7625816.453490038,0.0
2024-04-24 06:00:00,0.0,-67643.87808219178,-7625816.453490038,0.0
2024-04-24 07:00:00,0.0,-67643.87808219178,-7625816.453490038,0.0
2024-04-24 08:00:00,0.0,-67643.87808219178,-7625816.453490038,0.0
2024-04-24 09:00:00,0.0,-67643.87808219178,-7625816.453490038,0.0
2024-04-24 10:00:00,0.0,-67643.87808219178,-7625816.453490038,0.0
2024-04-24 11:00:00,0.0,-67643.87808219178,-7625816.453490038,0.0
2024-04-24 12:00:00,0.0,-67643.87808219178,-7625816.453490038,0.0
2024-04-24 13:00:00,0.0,-67643.87808219178,-7625816.453490038,0.0
2024-04-24 14:00:00,0.0,-67643.87808219178,-7625816.453490038,0.0
2024-04-24 15:00:00,0.0,-67643.87808219178,-7625816.453490038,0.0
2024-04-24 16:00:00,0.0,-67643.87808219178,-7625816.453490038,0.0
2024-04-24 17:00:00,0.0,-67643.87808219178,-7625816.453490038,0.0
2024-04-24 18:00:00,0.0,-67643.87808219178,-7625816.453490038,0.0
2024-04-24 19:00:00,0.0,-67643.87808219178,-7625816.453490038,0.0
2024-04-24 20:00:00,0.0,-67643.87808219178,-7625816.453490038,0.0
2024-04-24 21:00:00,0.0,-67643.87808219178,-7625816.453490038,0.0
2024-04-24 22:00:00,0.0,-67643.87808219178,-7625816.453490038,0.0
2024-04-24 23:00:00,0.0,-67643.87808219178,-7625816.453490038,0.0
2024-04-25 00:00:00,0.0,-67643.87808219178,-7625816.453490038,0.0
2024-04-25 01:00:00,0.0,-67643.87808219178,-7625816.453490038,0.0
2024-04-25 02:00:00,0.0,-67643.87808219178,-7625816.453490038,0.0
2024-04-25 03:00:00,0.0,-67643.87808219178,-7625816.453490038,0.0
2024-04-25 04:00:00,0.0,-67643.87808219178,-7625816.453490038,0.0
2024-04-25 05:00:00,0.0,-67643.87808219178,-7625816.453490038,0.0
2024-04-25 06:00:00,0.0,-67643.87808219178,-7625816.453490038,0.0
2024-04-25 07:00:00,0.0,-67643.87808219178,-7625816.453490038,0.0
2024-04-25 08:00:00,0.0,-67643.87808219178,-7625816.453490038,0.0
2024-04-25 09:00:00,0.0,-67643.87808219178,-7625816.453490038,0.0
2024-04-25 10:00:00,0.0,-67643.87808219178,-7625816.453490038,0.0
2024-04-25 11:00:00,0.0,-67643.87808219178,-7625816.453490038,0.0
2024-04-25 12:00:00,0.0,-67643.87808219178,-7625816.453490038,0.0
2024-04-25 13:00:00,0.0,-67643.87808219178,-7625816.453490038,0.0
2024-04-25 14:00:00,0.0,-67643.87808219178,-7625816.453490038,0.0
2024-04-25 15:00:00,0.0,-67643.87808219178,-7625816.453490038,0.0
2024-04-25 16:00:00,0.0,-67643.87808219178,-7625816.453490038,0.0
2024-04-25 17:00:00,0.0,-67643.87808219178,-7625816.453490038,0.0
2024-04-25 18:00:00,0.0,-67643.87808219178,-7625816.453490038,0.0
2024-04-25 19:00:00,0.0,-67643.87808219178,-7625816.453490038,0.0
2024-04-25 20:00:00,0.0,-67643.87808219178,-7625816.453490038,0.0
2024-04-25 21:00:00,0.0,-67643.87808219178,-7625816.453490038,0.0
2024-04-25 22:00:00,0.0,-67643.87808219178,-7625816.453490038,0.0
2024-04-25 23:00:00,0.0,-67643.87808219178,-7625816.453490038,0.0
2024-04-26 00:00:00,0.0,-67643.87808219178,-7625816.453490038,0.0
2024-04-26 01:00:00,0.0,-67643.87808219178,-7625816.453490038,0.0
2024-04-26 02:00:00,0.0,-67643.87808219178,-7625816.453490038,0.0
2024-04-26 03:00:00,0.0,-67643.87808219178,-7625816.453490038,0.0
2024-04-26 04:00:00,0.0,-67643.87808219178,-7625816.453490038,0.0
2024-04-26 05:00:00,0.0,-67643.87808219178,-7625816.453490038,0.0
2024-04-26 06:00:00,0.0,-67643.87808219178,-7625816.453490038,0.0
2024-04-26 07:00:00,0.0,-67643.87808219178,-7625816.453490038,0.0
2024-04-26 08:00:00,0.0,-67643.87808219178,-7625816.453490038,0.0
2024-04-26 09:00:00,0.0,-67643.87808219178,-7625816.453490038,0.0
2024-04-26 10:00:00,0.0,-67643.87808219178,-7625816.453490038,0.0
2024-04-26 11:00:00,0.0,-67643.87808219178,-7625816.453490038,0.0
2024-04-26 12:00:00,0.0,-67643.87808219178,-7625816.453490038,0.0
2024-04-26 13:00:00,0.0,-67643.87808219178,-7625816.453490038,0.0
2024-04-26 14:00:00,0.0,-67643.87808219178,-7625816.453490038,0.0
2024-04-26 15:00:00,0.0,-67643.87808219178,-7625816.453490038,0.0
2024-04-26 16:00:00,0.0,-67643.87808219178,-7625816.453490038,0.0
2024-04-26 17:00:00,0.0,-67643.87808219178,-7625816.453490038,0.0
2024-04-26 18:00:00,0.0,-67643.87808219178,-7625816.453490038,0.0
2024-04-26 19:00:00,0.0,-67643.87808219178,-7625816.453490038,0.0
2024-04-26 20:00:00,0.0,-67643.87808219178,-7625816.453490038,0.0
2024-04-26 21:00:00,0.0,-67643.87808219178,-7625816.453490038,0.0
2024-04-26 22:00:00,0.0,-67643.87808219178,-7625816.453490038,0.0
2024-04-26 23:00:00,0.0,-67643.87808219178,-7625816.453490038,0.0
2024-04-27 00:00:00,0.0,-67643.87808219178,-7625816.453490038,0.0
2024-04-27 01:00:00,0.0,-67643.87808219178,-7625816.453490038,0.0
2024-04-27 02:00:00,0.0,-67643.87808219178,-7625816.453490038,0.0
2024-04-27 03:00:00,0.0,-67643.87808219178,-7625816.453490038,0.0
2024-04-27 04:00:00,0.0,-67643.87808219178,-7625816.453490038,0.0
2024-04-27 05:00:00,0.0,-67643.87808219178,-7625816.453490038,0.0
2024-04-27 06:00:00,0.0,-67643.87808219178,-7625816.453490038,0.0
2024-04-27 07:00:00,0.0,-67643.87808219178,-7625816.453490038,0.0
2024-04-27 08:00:00,0.0,-67643.87808219178,-7625816.453490038,0.0
2024-04-27 09:00:00,0.0,-67643.87808219178,-7625816.453490038,0.0
2024-04-27 10:00:00,0.0,-67643.87808219178,-7625816.453490038,0.0
2024-04-27 11:00:00,0.0,-67643.87808219178,-7625816.453490038,0.0
2024-04-27 12:00:00,0.0,-68666.87808219178,-7625816.453490038,0.0
2024-04-27 13:00:00,0.0,-68666.87808219178,-7625816.453490038,0.0
2024-04-27 14:00:00,0.0,-68666.87808219178,-7625816.453490038,0.0
2024-04-27 15:00:00,0.0,-68666.87808219178,-7625816.453490038,0.0
2024-04-27 16:00:00,0.0,-68666.87808219178,-7625816.453490038,0.0
2024-04-27 17:00:00,0.0,-68666.87808219178,-7625816.453490038,0.0
2024-04-27 18:00:00,0.0,-68666.87808219178,-7625816.453490038,0.0
2024-04-27 19:00:00,0.0,-68666.87808219178,-7625816.453490038,0.0
2024-04-27 20:00:00,0.0,-68666.87808219178,-7625816.453490038,0.0
2024-04-27 21:00:00,0.0,-68763.44767123288,-7625816.453490038,0.0
2024-04-27 22:00:00,0.0,-68763.44767123288,-7625816.453490038,0.0
2024-04-27 23:00:00,0.0,-68763.44767123288,-7625816.453490038,0.0
2024-04-28 00:00:00,0.0,-68763.44767123288,-7625816.453490038,0.0
2024-04-28 01:00:00,0.0,-68763.44767123288,-7625816.453490038,0.0
2024-04-28 02:00:00,0.0,-68763.44767123288,-7625816.453490038,0.0
2024-04-28 03:00:00,0.0,-68763.44767123288,-7625816.453490038,0.0
2024-04-28 04:00:00,0.0,-68763.44767123288,-7625816.453490038,0.0
2024-04-28 05:00:00,0.0,-68763.44767123288,-7625816.453490038,0.0
2024-04-28 06:00:00,0.0,-68763.44767123288,-7625816.453490038,0.0
2024-04-28 07:00:00,0.0,-68763.44767123288,-7625816.453490038,0.0
2024-04-28 08:00:00,0.0,-68763.44767123288,-7625816.453490038,0.0
2024-04-28 09:00:00,0.0,-68763.44767123288,-7625816.453490038,0.0
2024-04-28 10:00:00,0.0,-68763.44767123288,-7625816.453490038,0.0
2024-04-28 11:00:00,0.0,-68763.44767123288,-7625816.453490038,0.0
2024-04-28 12:00:00,0.0,-68763.44767123288,-7625816.453490038,0.0
2024-04-28 13:00:00,0.0,-68763.44767123288,-7625816.453490038,0.0
2024-04-28 14:00:00,0.0,-68763.44767123288,-7625816.453490038,0.0
2024-04-28 15:00:00,0.0,-68763.44767123288,-7625816.453490038,0.0
2024-04-28 16:00:00,0.0,-68763.44767123288,-7625816.453490038,0.0
2024-04-28 17:00:00,0.0,-68763.44767123288,-7625816.453490038,0.0
2024-04-28 18:00:00,0.0,-68763.44767123288,-7627778.909534432,0.0
2024-04-28 19:00:00,0.0,-68763.44767123288,-7630678.337492059,0.0
2024-04-28 20:00:00,0.0,-68763.44767123288,-7634325.590845314,0.0
2024-04-28 21:00:00,0.0,-68763.44767123288,-7636119.5147931175,0.0
2024-04-28 22:00:00,0.0,-68763.44767123288,-7636119.5147931175,0.0
2024-04-28 23:00:00,0.0,-68763.44767123288,-7636119.5147931175,0.0
2024-04-29 00:00:00,0.0,-68763.44767123288,-7636119.5147931175,0.0
2024-04-29 01:00:00,0.0,-68763.44767123288,-7636119.5147931175,0.0
2024-04-29 02:00:00,0.0,-68763.44767123288,-7636119.5147931175,0.0
2024-04-29 03:00:00,0.0,-68763.44767123288,-7636119.5147931175,0.0
2024-04-29 04:00:00,0.0,-68763.44767123288,-7636119.5147931175,0.0
2024-04-29 05:00:00,0.0,-68763.44767123288,-7636119.5147931175,0.0
2024-04-29 06:00:00,0.0,-68763.44767123288,-7636119.5147931175,0.0
2024-04-29 07:00:00,0.0,-68763.44767123288,-7636119.5147931175,0.0
2024-04-29 08:00:00,0.0,-68763.44767123288,-7636119.5147931175,0.0
2024-04-29 09:00:00,0.0,-68763.44767123288,-7636119.5147931175,0.0
2024-04-29 10:00:00,0.0,-68763.44767123288,-7636119.5147931175,0.0
2024-04-29 11:00:00,0.0,-68763.44767123288,-7636119.5147931175,0.0
2024-04-29 12:00:00,0.0,-68763.44767123288,-7636119.5147931175,0.0
2024-04-29 13:00:00,0.0,-68763.44767123288,-7636290.296489145,0.0
2024-04-29 14:00:00,0.0,-68763.44767123288,-7638882.233788372,0.0
2024-04-29 15:00:00,0.0,-68763.44767123288,-7644080.245825501,0.0
2024-04-29 16:00:00,0.0,-68763.44767123288,-7651713.247364437,0.0
2024-04-29 17:00:00,0.0,-68763.44767123288,-7661090.14854213,0.0
2024-04-29 18:00:00,0.0,-68763.44767123288,-7670552.854596635,0.0
2024-04-29 19:00:00,0.0,-68763.44767123288,-7678627.265578373,0.0
2024-04-29 20:00:00,0.0,-68763.44767123288,-7685187.276043535,0.0
2024-04-29 21:00:00,0.0,-68763.44767123288,-7687864.774728479,0.0
2024-04-29 22:00:00,0.0,-68763.44767123288,-7687864.774728479,0.0
2024-04-29 23:00:00,0.0,-68763.44767123288,-7687864.774728479,0.0
2024-04-30 00:00:00,0.0,-68763.44767123288,-7687864.774728479,0.0
2024-04-30 01:00:00,0.0,-68763.44767123288,-7687864.774728479,0.0
2024-04-30 02:00:00,0.0,-68763.44767123288,-7687864.774728479,0.0
2024-04-30 03:00:00,0.0,-68763.44767123288,-7687864.774728479,0.0
2024-04-30 04:00:00,0.0,-68763.44767123288,-7687864.774728479,0.0
2024-04-30 05:00:00,0.0,-68763.44767123288,-7687864.774728479,0.0
2024-04-30 06:00:00,0.0,-68763.44767123288,-7687864.774728479,0.0
2024-04-30 07:00:00,0.0,-68763.44767123288,-7687864.774728479,0.0
2024-04-30 08:00:00,0.0,-68763.44767123288,-7687864.774728479,0.0
2024-04-30 09:00:00,0.0,-68763.44767123288,-7687864.774728479,0.0
2024-04-30 10:00:00,0.0,-68763.44767123288,-7687864.774728479,0.0
2024-04-30 11:00:00,0.0,-68763.44767123288,-7687864.774728479,0.0
2024-04-30 12:00:00,0.0,-68763.44767123288,-7687864.774728479,0.0
2024-04-30 13:00:00,0.0,-68763.44767123288,-7687864.774728479,0.0
2024-04-30 14:00:00,0.0,-68763.44767123288,-7687864.774728479,0.0
2024-04-30 15:00:00,0.0,-68763.44767123288,-7687864.774728479,0.0
2024-04-30 16:00:00,0.0,-68763.44767123288,-7688988.961171237,0.0
2024-04-30 17:00:00,0.0,-68763.44767123288,-7691741.848847796,0.0
2024-04-30 18:00:00,0.0,-68763.44767123288,-7694236.332084089,0.0
2024-04-30 19:00:00,0.0,-68763.44767123288,-7695994.299371757,0.0
2024-04-30 20:00:00,0.0,-68763.44767123288,-7697163.633021401,0.0
2024-04-30 21:00:00,0.0,-68763.44767123288,-7697163.633021401,0.0
2024-04-30 22:00:00,0.0,-68763.44767123288,-7697163.633021401,0.0
2024-04-30 23:00:00,0.0,-68763.44767123288,-7697163.633021401,0.0
2024-05-01 00:00:00,0.0,-68763.44767123288,-7697163.633021401,0.0
2024-05-01 01:00:00,0.0,-68763.44767123288,-7697163.633021401,0.0
2024-05-01 02:00:00,0.0,-68763.44767123288,-7697163.633021401,0.0
2024-05-01 03:00:00,0.0,-68763.44767123288,-7697163.633021401,0.0
2024-05-01 04:00:00,0.0,-68763.44767123288,-7697163.633021401,0.0
2024-05-01 05:00:00,0.0,-68763.44767123288,-7697163.633021401,0.0
2024-05-01 06:00:00,0.0,-68763.44767123288,-7697163.633021401,0.0
2024-05-01 07:00:00,0.0,-68763.44767123288,-7697163.633021401,0.0
2024-05-01 08:00:00,0.0,-68763.44767123288,-7697163.633021401,0.0
2024-05-01 09:00:00,0.0,-68763.44767123288,-7697163.633021401,0.0
2024-05-01 10:00:00,0.0,-68763.44767123288,-7697163.633021401,0.0
2024-05-01 11:00:00,0.0,-68763.44767123288,-7697163.633021401,0.0
2024-05-01 12:00:00,0.0,-68763.44767123288,-7697163.633021401,0.0
2024-05-01 13:00:00,0.0,-68763.44767123288,-7697163.633021401,0.0
2024-05-01 14:00:00,0.0,-68763.44767123288,-7697163.633021401,0.0
2024-05-01 15:00:00,0.0,-68763.44767123288,-7698165.098503596,0.0
2024-05-01 16:00:00,0.0,-68763.44767123288,-7702359.4541382585,0.0
2024-05-01 17:00:00,0.0,-68763.44767123288,-7708693.65761231,0.0
2024-05-01 18:00:00,0.0,-68763.44767123288,-7715256.664458803,0.0
2024-05-01 19:00:00,0.0,-68763.44767123288,-7720193.427935585,0.0
2024-05-01 20:00:00,0.0,-68763.44767123288,-7723709.898896688,0.0
2024-05-01 21:00:00,0.0,-68763.44767123288,-7723981.025655989,0.0
2024-05-01 22:00:00,0.0,-68763.44767123288,-7723981.025655989,0.0
2024-05-01 23:00:00,0.0,-68763.44767123288,-7723981.025655989,0.0
2024-05-02 00:00:00,0.0,-68763.44767123288,-7723981.025655989,0.0
2024-05-02 01:00:00,0.0,-68763.44767123288,-7723981.025655989,0.0
2024-05-02 02:00:00,0.0,-68763.44767123288,-7723981.025655989,0.0
2024-05-02 03:00:00,0.0,-68763.44767123288,-7723981.025655989,0.0
2024-05-02 04:00:00,0.0,-68763.44767123288,-7723981.025655989,0.0
2024-05-02 05:00:00,0.0,-68763.44767123288,-7723981.025655989,0.0
2024-05-02 06:00:00,0.0,-68763.44767123288,-7723981.025655989,0.0
2024-05-02 07:00:00,0.0,-68763.44767123288,-7723981.025655989,0.0
2024-05-02 08:00:00,0.0,-68763.44767123288,-7723981.025655989,0.0
2024-05-02 09:00:00,0.0,-68763.44767123288,-7723981.025655989,0.0
2024-05-02 10:00:00,0.0,-68763.44767123288,-7723981.025655989,0.0
2024-05-02 11:00:00,0.0,-68763.44767123288,-7723981.025655989,0.0
2024-05-02 12:00:00,0.0,-68763.44767123288,-7723981.025655989,0.0
2024-05-02 13:00:00,0.0,-68763.44767123288,-7725770.010659327,0.0
2024-05-02 14:00:00,0.0,-68763.44767123288,-7731440.884555712,0.0
2024-05-02 15:00:00,0.0,-68763.44767123288,-7740757.604952845,0.0
2024-05-02 16:00:00,0.0,-68763.44767123288,-7753828.127299697,0.0
2024-05-02 17:00:00,0.0,-68763.44767123288,-7769196.40476487,0.0
2024-05-02 18:00:00,0.0,-68763.44767123288,-7784545.388107662,0.0
2024-05-02 19:00:00,0.0,-68763.44767123288,-7797535.025541384,0.0
2024-05-02 20:00:00,0.0,-68763.44767123288,-7807970.262588445,0.0
2024-05-02 21:00:00,0.0,-68763.44767123288,-7814469.041926692,0.0
2024-05-02 22:00:00,0.0,-68763.44767123288,-7814469.041926692,0.0
2024-05-02 23:00:00,0.0,-68763.44767123288,-7814469.041926692,0.0
2024-05-03 00:00:00,0.0,-68763.44767123288,-7814469.041926692,0.0
2024-05-03 01:00:00,0.0,-68763.44767123288,-7814469.041926692,0.0
2024-05-03 02:00:00,0.0,-68763.44767123288,-7814469.041926692,0.0
2024-05-03 03:00:00,0.0,-68763.44767123288,-7814469.041926692,0.0
2024-05-03 04:00:00,0.0,-68763.44767123288,-7814469.041926692,0.0
2024-05-03 05:00:00,0.0,-68763.44767123288,-7814469.041926692,0.0
2024-05-03 06:00:00,0.0,-68763.44767123288,-7814469.041926692,0.0
2024-05-03 07:00:00,0.0,-68763.44767123288,-7814469.041926692,0.0
2024-05-03 08:00:00,0.0,-68763.44767123288,-7814469.041926692,0.0
2024-05-03 09:00:00,0.0,-68763.44767123288,-7814469.041926692,0.0
2024-05-03 10:00:00,0.0,-68763.44767123288,-7814469.041926692,0.0
2024-05-03 11:00:00,0.0,-68763.44767123288,-7814469.041926692,0.0
2024-05-03 12:00:00,0.0,-68763.44767123288,-7814469.041926692,0.0
2024-05-03 13:00:00,0.0,-68763.44767123288,-7814469.041926692,0.0
2024-05-03 14:00:00,0.0,-68763.44767123288,-7814469.041926692,0.0
2024-05-03 15:00:00,0.0,-68763.44767123288,-7814469.041926692,0.0
2024-05-03 16:00:00,0.0,-68763.44767123288,-7814469.041926692,0.0
2024-05-03 17:00:00,0.0,-68763.44767123288,-7814469.041926692,0.0
2024-05-03 18:00:00,0.0,-68763.44767123288,-7814469.041926692,0.0
2024-05-03 19:00:00,0.0,-68763.44767123288,-7814469.041926692,0.0
2024-05-03 20:00:00,0.0,-68763.44767123288,-7814469.041926692,0.0
2024-05-03 21:00:00,0.0,-68763.44767123288,-7814469.041926692,0.0
2024-05-03 22:00:00,0.0,-68763.44767123288,-7814469.041926692,0.0
2024-05-03 23:00:00,0.0,-68763.44767123288,-7814469.041926692,0.0
2024-05-04 00:00:00,0.0,-68763.44767123288,-7814469.041926692,0.0
2024-05-04 01:00:00,0.0,-68763.44767123288,-7814469.041926692,0.0
2024-05-04 02:00:00,0.0,-68763.44767123288,-7814469.041926692,0.0
2024-05-04 03:00:00,0.0,-68763.44767123288,-7814469.041926692,0.0
2024-05-04 04:00:00,0.0,-68763.44767123288,-7814469.041926692,0.0
2024-05-04 05:00:00,0.0,-68763.44767123288,-7814469.041926692,0.0
2024-05-04 06:00:00,0.0,-68763.44767123288,-7814469.041926692,0.0
2024-05-04 07:00:00,0.0,-68763.44767123288,-7814469.041926692,0.0
2024-05-04 08:00:00,0.0,-68763.44767123288,-7814469.041926692,0.0
2024-05-04 09:00:00,0.0,-68763.44767123288,-7814469.041926692,0.0
2024-05-04 10:00:00,0.0,-68763.44767123288,-7814469.041926692,0.0
2024-05-04 11:00:00,0.0,-68763.44767123288,-7814469.041926692,0.0
2024-05-04 12:00:00,0.0,-68763.44767123288,-7814469.041926692,0.0
2024-05-04 13:00:00,0.0,-68763.44767123288,-7814469.041926692,0.0
2024-05-04 14:00:00,0.0,-68763.44767123288,-7814469.041926692,0.0
2024-05-04 15:00:00,0.0,-68763.44767123288,-7814469.041926692,0.0
2024-05-04 16:00:00,0.0,-68763.44767123288,-7814469.041926692,0.0
2024-05-04 17:00:00,0.0,-68763.44767123288,-7814469.041926692,0.0
2024-05-04 18:00:00,0.0,-68763.44767123288,-7814469.041926692,0.0
2024-05-04 19:00:00,0.0,-68763.44767123288,-7814469.041926692,0.0
2024-05-04 20:00:00,0.0,-68763.44767123288,-7814469.041926692,0.0
2024-05-04 21:00:00,0.0,-68763.44767123288,-7814469.041926692,0.0
2024-05-04 22:00:00,0.0,-68763.44767123288,-7814469.041926692,0.0
2024-05-04 23:00:00,0.0,-68763.44767123288,-7814469.041926692,0.0
2024-05-05 00:00:00,0.0,-68763.44767123288,-7814469.041926692,0.0
2024-05-05 01:00:00,0.0,-68763.44767123288,-7814469.041926692,0.0
2024-05-05 02:00:00,0.0,-68763.44767123288,-7814469.041926692,0.0
2024-05-05 03:00:00,0.0,-68763.44767123288,-7814469.041926692,0.0
2024-05-05 04:00:00,0.0,-68763.44767123288,-7814469.041926692,0.0
2024-05-05 05:00:00,0.0,-68763.44767123288,-7814469.041926692,0.0
2024-05-05 06:00:00,0.0,-68763.44767123288,-7814469.041926692,0.0
2024-05-05 07:00:00,0.0,-68763.44767123288,-7814469.041926692,0.0
2024-05-05 08:00:00,0.0,-68763.44767123288,-7814469.041926692,0.0
2024-05-05 09:00:00,0.0,-69361.59753424657,-7814469.041926692,0.0
2024-05-05 10:00:00,0.0,-69361.59753424657,-7814469.041926692,0.0
2024-05-05 11:00:00,0.0,-69361.59753424657,-7814469.041926692,0.0
2024-05-05 12:00:00,0.0,-69828.59753424657,-7814469.041926692,0.0
2024-05-05 13:00:00,0.0,-69828.59753424657,-7814469.041926692,0.0
2024-05-05 14:00:00,0.0,-69828.59753424657,-7814469.041926692,0.0
2024-05-05 15:00:00,0.0,-69828.59753424657,-7814469.041926692,0.0
2024-05-05 16:00:00,0.0,-69828.59753424657,-7814469.041926692,0.0
2024-05-05 17:00:00,0.0,-70258.15424657533,-7814469.041926692,0.0
2024-05-05 18:00:00,0.0,-70258.15424657533,-7814469.041926692,0.0
2024-05-05 19:00:00,0.0,-70258.15424657533,-7814469.041926692,0.0
2024-05-05 20:00:00,0.0,-70258.15424657533,-7814469.041926692,0.0
2024-05-05 21:00:00,0.0,-70258.15424657533,-7814469.041926692,0.0
2024-05-05 22:00:00,0.0,-70258.15424657533,-7814469.041926692,0.0
2024-05-05 23:00:00,0.0,-70258.15424657533,-7814469.041926692,0.0
2024-05-06 00:00:00,0.0,-70258.15424657533,-7814469.041926692,0.0
2024-05-06 01:00:00,0.0,-70258.15424657533,-7814469.041926692,0.0
2024-05-06 02:00:00,0.0,-70258.15424657533,-7814469.041926692,0.0
2024-05-06 03:00:00,0.0,-70258.15424657533,-7814469.041926692,0.0
2024-05-06 04:00:00,0.0,-70258.15424657533,-7814469.041926692,0.0
2024-05-06 05:00:00,0.0,-70624.64958904109,-7814469.041926692,0.0
2024-05-06 06:00:00,0.0,-70624.64958904109,-7814469.041926692,0.0
2024-05-06 07:00:00,0.0,-70624.64958904109,-7814469.041926692,0.0
2024-05-06 08:00:00,0.0,-71056.17561643836,-7814469.041926692,0.0
2024-05-06 09:00:00,0.0,-71056.17561643836,-7814469.041926692,0.0
2024-05-06 10:00:00,0.0,-71417.93643835616,-7814469.041926692,0.0
2024-05-06 11:00:00,0.0,-71906.66876712328,-7814469.041926692,0.0
2024-05-06 12:00:00,0.0,-71906.66876712328,-7814469.041926692,0.0
2024-05-06 13:00:00,0.0,-71906.66876712328,-7814469.041926692,0.0
2024-05-06 14:00:00,0.0,-71906.66876712328,-7814469.041926692,0.0
2024-05-06 15:00:00,0.0,-71906.66876712328,-7814469.041926692,0.0
2024-05-06 16:00:00,0.0,-71906.66876712328,-7814469.041926692,0.0
2024-05-06 17:00:00,0.0,-71906.66876712328,-7814469.041926692,0.0
2024-05-06 18:00:00,0.0,-71906.66876712328,-7814469.041926692,0.0
2024-05-06 19:00:00,0.0,-71906.66876712328,-7814469.041926692,0.0
2024-05-06 20:00:00,0.0,-71906.66876712328,-7814469.041926692,0.0
2024-05-06 21:00:00,0.0,-71906.66876712328,-7814469.041926692,0.0
2024-05-06 22:00:00,0.0,-71906.66876712328,-7814469.041926692,0.0
2024-05-06 23:00:00,0.0,-71906.66876712328,-7814469.041926692,0.0
2024-05-07 00:00:00,0.0,-71906.66876712328,-7814469.041926692,0.0
2024-05-07 01:00:00,0.0,-71906.66876712328,-7814469.041926692,0.0
2024-05-07 02:00:00,0.0,-71906.66876712328,-7814469.041926692,0.0
2024-05-07 03:00:00,0.0,-71906.66876712328,-7814469.041926692,0.0
2024-05-07 04:00:00,0.0,-71906.66876712328,-7814469.041926692,0.0
2024-05-07 05:00:00,0.0,-71906.66876712328,-7814469.041926692,0.0
2024-05-07 06:00:00,0.0,-71906.66876712328,-7814469.041926692,0.0
2024-05-07 07:00:00,0.0,-71906.66876712328,-7814469.041926692,0.0
2024-05-07 08:00:00,0.0,-71906.66876712328,-7814469.041926692,0.0
2024-05-07 09:00:00,0.0,-71906.66876712328,-7814469.041926692,0.0
2024-05-07 10:00:00,0.0,-71906.66876712328,-7814469.041926692,0.0
2024-05-07 11:00:00,0.0,-71906.66876712328,-7814469.041926692,0.0
2024-05-07 12:00:00,0.0,-71906.66876712328,-7814469.041926692,0.0
2024-05-07 13:00:00,0.0,-71906.66876712328,-7814469.041926692,0.0
2024-05-07 14:00:00,0.0,-71906.66876712328,-7814469.041926692,0.0
2024-05-07 15:00:00,0.0,-71906.66876712328,-7814469.041926692,0.0
2024-05-07 16:00:00,0.0,-71906.66876712328,-7815772.803319101,0.0
2024-05-07 17:00:00,0.0,-71906.66876712328,-7818942.212583122,0.0
2024-05-07 18:00:00,0.0,-71906.66876712328,-7822489.214948263,0.0
2024-05-07 19:00:00,0.0,-71906.66876712328,-7825285.752783565,0.0
2024-05-07 20:00:00,0.0,-71906.66876712328,-7827702.765433701,0.0
2024-05-07 21:00:00,0.0,-71906.66876712328,-7827702.765433701,0.0
2024-05-07 22:00:00,0.0,-71906.66876712328,-7827702.765433701,0.0
2024-05-07 23:00:00,0.0,-71906.66876712328,-7827702.765433701,0.0
2024-05-08 00:00:00,0.0,-71906.66876712328,-7827702.765433701,0.0
2024-05-08 01:00:00,0.0,-71906.66876712328,-7827702.765433701,0.0
2024-05-08 02:00:00,0.0,-71906.66876712328,-7827702.765433701,0.0
2024-05-08 03:00:00,0.0,-71906.66876712328,-7827702.765433701,0.0
2024-05-08 04:00:00,0.0,-71906.66876712328,-7827702.765433701,0.0
2024-05-08 05:00:00,0.0,-71906.66876712328,-7827702.765433701,0.0
2024-05-08 06:00:00,0.0,-71906.66876712328,-7827702.765433701,0.0
2024-05-08 07:00:00,0.0,-71906.66876712328,-7827702.765433701,0.0
2024-05-08 08:00:00,0.0,-71906.66876712328,-7827702.765433701,0.0
2024-05-08 09:00:00,0.0,-71906.66876712328,-7827702.765433701,0.0
2024-05-08 10:00:00,0.0,-71906.66876712328,-7827702.765433701,0.0
2024-05-08 11:00:00,0.0,-71906.66876712328,-7827702.765433701,0.0
2024-05-08 12:00:00,0.0,-71906.66876712328,-7829133.592670419,0.0
2024-05-08 13:00:00,0.0,-71906.66876712328,-7833809.167820264,0.0
2024-05-08 14:00:00,0.0,-71906.66876712328,-7841354.441283217,0.0
2024-05-08 15:00:00,0.0,-71906.66876712328,-7851610.360893187,0.0
2024-05-08 16:00:00,0.0,-71906.66876712328,-7864480.871771893,0.0
2024-05-08 17:00:00,0.0,-71906.66876712328,-7878470.916173931,0.0
2024-05-08 18:00:00,0.0,-71906.66876712328,-7891251.433322454,0.0
2024-05-08 19:00:00,0.0,-71906.66876712328,-7901488.359234891,0.0
2024-05-08 20:00:00,0.0,-71906.66876712328,-7910139.626538071,0.0
2024-05-08 21:00:00,0.0,-71906.66876712328,-7915212.164272078,0.0
2024-05-08 22:00:00,0.0,-71906.66876712328,-7915212.164272078,0.0
2024-05-08 23:00:00,0.0,-71906.66876712328,-7915212.164272078,0.0
2024-05-09 00:00:00,0.0,-71906.66876712328,-7915212.164272078,0.0
2024-05-09 01:00:00,0.0,-71906.66876712328,-7915212.164272078,0.0
2024-05-09 02:00:00,0.0,-71906.66876712328,-7915212.164272078,0.0
2024-05-09 03:00:00,0.0,-71906.66876712328,-7915212.164272078,0.0
2024-05-09 04:00:00,0.0,-71906.66876712328,-7915212.164272078,0.0
2024-05-09 05:00:00,0.0,-71906.66876712328,-7915212.164272078,0.0
2024-05-09 06:00:00,0.0,-71906.66876712328,-7915212.164272078,0.0
2024-05-09 07:00:00,0.0,-71906.66876712328,-7915212.164272078,0.0
2024-05-09 08:00:00,0.0,-71906.66876712328,-7915212.164272078,0.0
2024-05-09 09:00:00,0.0,-71906.66876712328,-7915212.164272078,0.0
2024-05-09 10:00:00,0.0,-71906.66876712328,-7915212.164272078,0.0
2024-05-09 11:00:00,0.0,-71906.66876712328,-7915212.164272078,0.0
2024-05-09 12:00:00,0.0,-71906.66876712328,-7915212.164272078,0.0
2024-05-09 13:00:00,0.0,-71906.66876712328,-7915212.164272078,0.0
2024-05-09 14:00:00,0.0,-71906.66876712328,-7915212.164272078,0.0
2024-05-09 15:00:00,0.0,-71906.66876712328,-7915212.164272078,0.0
2024-05-09 16:00:00,0.0,-71906.66876712328,-7915212.164272078,0.0
2024-05-09 17:00:00,0.0,-71906.66876712328,-7915212.164272078,0.0
2024-05-09 18:00:00,0.0,-71906.66876712328,-7915212.164272078,0.0
2024-05-09 19:00:00,0.0,-71906.66876712328,-7915212.164272078,0.0
2024-05-09 20:00:00,0.0,-71906.66876712328,-7915212.164272078,0.0
2024-05-09 21:00:00,0.0,-71906.66876712328,-7915212.164272078,0.0
2024-05-09 22:00:00,0.0,-71906.66876712328,-7915212.164272078,0.0
2024-05-09 23:00:00,0.0,-71906.66876712328,-7915212.164272078,0.0
2024-05-10 00:00:00,0.0,-71906.66876712328,-7915212.164272078,0.0
2024-05-10 01:00:00,0.0,-71906.66876712328,-7915212.164272078,0.0
2024-05-10 02:00:00,0.0,-71906.66876712328,-7915212.164272078,0.0
2024-05-10 03:00:00,0.0,-71906.66876712328,-7915212.164272078,0.0
2024-05-10 04:00:00,0.0,-71906.66876712328,-7915212.164272078,0.0
2024-05-10 05:00:00,0.0,-71906.66876712328,-7915212.164272078,0.0
2024-05-10 06:00:00,0.0,-71906.66876712328,-7915212.164272078,0.0
2024-05-10 07:00:00,0.0,-71906.66876712328,-7915212.164272078,0.0
2024-05-10 08:00:00,0.0,-71906.66876712328,-7915212.164272078,0.0
2024-05-10 09:00:00,0.0,-71906.66876712328,-7915212.164272078,0.0
2024-05-10 10:00:00,0.0,-71906.66876712328,-7915212.164272078,0.0
2024-05-10 11:00:00,0.0,-71906.66876712328,-7915212.164272078,0.0
2024-05-10 12:00:00,0.0,-71906.66876712328,-7915212.164272078,0.0
2024-05-10 13:00:00,0.0,-71906.66876712328,-7915212.164272078,0.0
2024-05-10 14:00:00,0.0,-71906.66876712328,-7915212.164272078,0.0
2024-05-10 15:00:00,0.0,-71906.66876712328,-7915212.164272078,0.0
2024-05-10 16:00:00,0.0,-71906.66876712328,-7915212.164272078,0.0
2024-05-10 17:00:00,0.0,-71906.66876712328,-7915212.164272078,0.0
2024-05-10 18:00:00,0.0,-71906.66876712328,-7915212.164272078,0.0
2024-05-10 19:00:00,0.0,-71906.66876712328,-7915212.164272078,0.0
2024-05-10 20:00:00,0.0,-71906.66876712328,-7915212.164272078,0.0
2024-05-10 21:00:00,0.0,-71906.66876712328,-7915212.164272078,0.0
2024-05-10 22:00:00,0.0,-71906.66876712328,-7915212.164272078,0.0
2024-05-10 23:00:00,0.0,-71906.66876712328,-7915212.164272078,0.0
2024-05-11 00:00:00,0.0,-71906.66876712328,-7915212.164272078,0.0
2024-05-11 01:00:00,0.0,-71906.66876712328,-7915212.164272078,0.0
2024-05-11 02:00:00,0.0,-71906.66876712328,-7915212.164272078,0.0
2024-05-11 03:00:00,0.0,-71906.66876712328,-7915212.164272078,0.0
2024-05-11 04:00:00,0.0,-71906.66876712328,-7915212.164272078,0.0
2024-05-11 05:00:00,0.0,-71906.66876712328,-7915212.164272078,0.0
2024-05-11 06:00:00,0.0,-71906.66876712328,-7915212.164272078,0.0
2024-05-11 07:00:00,0.0,-71906.66876712328,-7915212.164272078,0.0
2024-05-11 08:00:00,0.0,-71906.66876712328,-7915212.164272078,0.0
2024-05-11 09:00:00,0.0,-71906.66876712328,-7915212.164272078,0.0
2024-05-11 10:00:00,0.0,-71906.66876712328,-7915212.164272078,0.0
2024-05-11 11:00:00,0.0,-71906.66876712328,-7915212.164272078,0.0
2024-05-11 12:00:00,0.0,-71906.66876712328,-7915212.164272078,0.0
2024-05-11 13:00:00,0.0,-71906.66876712328,-7915212.164272078,0.0
2024-05-11 14:00:00,0.0,-71906.66876712328,-7915212.164272078,0.0
2024-05-11 15:00:00,0.0,-71906.66876712328,-7915212.164272078,0.0
2024-05-11 16:00:00,0.0,-71906.66876712328,-7915212.164272078,0.0
2024-05-11 17:00:00,0.0,-71906.66876712328,-7915212.164272078,0.0
2024-05-11 18:00:00,0.0,-71906.66876712328,-7915212.164272078,0.0
2024-05-11 19:00:00,0.0,-71906.66876712328,-7915212.164272078,0.0
2024-05-11 20:00:00,0.0,-71906.66876712328,-7915212.164272078,0.0
2024-05-11 21:00:00,0.0,-71906.66876712328,-7915212.164272078,0.0
2024-05-11 22:00:00,0.0,-71906.66876712328,-7915212.164272078,0.0
2024-05-11 23:00:00,0.0,-71906.66876712328,-7915212.164272078,0.0
2024-05-12 00:00:00,0.0,-71906.66876712328,-7915212.164272078,0.0
2024-05-12 01:00:00,0.0,-71906.66876712328,-7915212.164272078,0.0
2024-05-12 02:00:00,0.0,-71906.66876712328,-7915212.164272078,0.0
2024-05-12 03:00:00,0.0,-71906.66876712328,-7915212.164272078,0.0
2024-05-12 04:00:00,0.0,-71906.66876712328,-7915212.164272078,0.0
2024-05-12 05:00:00,0.0,-71906.66876712328,-7915212.164272078,0.0
2024-05-12 06:00:00,0.0,-71906.66876712328,-7915212.164272078,0.0
2024-05-12 07:00:00,0.0,-71906.66876712328,-7915212.164272078,0.0
2024-05-12 08:00:00,0.0,-71906.66876712328,-7915212.164272078,0.0
2024-05-12 09:00:00,0.0,-71906.66876712328,-7915212.164272078,0.0
2024-05-12 10:00:00,0.0,-71906.66876712328,-7915212.164272078,0.0
2024-05-12 11:00:00,0.0,-71906.66876712328,-7915212.164272078,0.0
2024-05-12 12:00:00,0.0,-71906.66876712328,-7915212.164272078,0.0
2024-05-12 13:00:00,0.0,-71906.66876712328,-7915212.164272078,0.0
2024-05-12 14:00:00,0.0,-71906.66876712328,-7915212.164272078,0.0
2024-05-12 15:00:00,0.0,-71906.66876712328,-7915212.164272078,0.0
2024-05-12 16:00:00,0.0,-71906.66876712328,-7915212.164272078,0.0
2024-05-12 17:00:00,0.0,-71906.66876712328,-7915212.164272078,0.0
2024-05-12 18:00:00,0.0,-71906.66876712328,-7915212.164272078,0.0
2024-05-12 19:00:00,0.0,-71906.66876712328,-7915212.164272078,0.0
2024-05-12 20:00:00,0.0,-71906.66876712328,-7915212.164272078,0.0
2024-05-12 21:00:00,0.0,-71906.66876712328,-7915212.164272078,0.0
2024-05-12 22:00:00,0.0,-71906.66876712328,-7915212.164272078,0.0
2024-05-12 23:00:00,0.0,-71906.66876712328,-7915212.164272078,0.0
2024-05-13 00:00:00,0.0,-71906.66876712328,-7915212.164272078,0.0
2024-05-13 01:00:00,0.0,-71906.66876712328,-7915212.164272078,0.0
2024-05-13 02:00:00,0.0,-71906.66876712328,-7915212.164272078,0.0
2024-05-13 03:00:00,0.0,-71906.66876712328,-7915212.164272078,0.0
2024-05-13 04:00:00,0.0,-71906.66876712328,-7915212.164272078,0.0
2024-05-13 05:00:00,0.0,-71906.66876712328,-7915212.164272078,0.0
2024-05-13 06:00:00,0.0,-71906.66876712328,-7915212.164272078,0.0
2024-05-13 07:00:00,0.0,-71906.66876712328,-7915212.164272078,0.0
2024-05-13 08:00:00,0.0,-71906.66876712328,-7915212.164272078,0.0
2024-05-13 09:00:00,0.0,-71906.66876712328,-7915212.164272078,0.0
2024-05-13 10:00:00,0.0,-72557.91287671232,-7915212.164272078,0.0
2024-05-13 11:00:00,0.0,-72557.91287671232,-7915212.164272078,0.0
2024-05-13 12:00:00,0.0,-72588.02136986301,-7915212.164272078,0.0
2024-05-13 13:00:00,0.0,-72588.02136986301,-7915212.164272078,0.0
2024-05-13 14:00:00,0.0,-72588.02136986301,-7915212.164272078,0.0
2024-05-13 15:00:00,0.0,-72588.02136986301,-7915212.164272078,0.0
2024-05-13 16:00:00,0.0,-72588.02136986301,-7915212.164272078,0.0
2024-05-13 17:00:00,0.0,-72588.02136986301,-7915212.164272078,0.0
2024-05-13 18:00:00,0.0,-72588.02136986301,-7915212.164272078,0.0
2024-05-13 19:00:00,0.0,-72588.02136986301,-7915212.164272078,0.0
2024-05-13 20:00:00,0.0,-72588.02136986301,-7915212.164272078,0.0
2024-05-13 21:00:00,0.0,-72588.02136986301,-7915212.164272078,0.0
2024-05-13 22:00:00,0.0,-72588.02136986301,-7915212.164272078,0.0
2024-05-13 23:00:00,0.0,-72588.02136986301,-7915212.164272078,0.0
2024-05-14 00:00:00,0.0,-72588.02136986301,-7915212.164272078,0.0
2024-05-14 01:00:00,0.0,-72667.65232876712,-7915212.164272078,0.0
2024-05-14 02:00:00,0.0,-72667.65232876712,-7915212.164272078,0.0
2024-05-14 03:00:00,0.0,-72700.97780821918,-7915212.164272078,0.0
2024-05-14 04:00:00,0.0,-72700.97780821918,-7915212.164272078,0.0
2024-05-14 05:00:00,0.0,-72700.97780821918,-7915212.164272078,0.0
2024-05-14 06:00:00,0.0,-72700.97780821918,-7915212.164272078,0.0
2024-05-14 07:00:00,0.0,-72700.97780821918,-7915212.164272078,0.0
2024-05-14 08:00:00,0.0,-72700.97780821918,-7915212.164272078,0.0
2024-05-14 09:00:00,0.0,-72700.97780821918,-7915212.164272078,0.0
2024-05-14 10:00:00,0.0,-72700.97780821918,-7915212.164272078,0.0
2024-05-14 11:00:00,0.0,-72700.97780821918,-7915212.164272078,0.0
2024-05-14 12:00:00,0.0,-73885.97780821918,-7915212.164272078,0.0
2024-05-14 13:00:00,0.0,-73885.97780821918,-7915212.164272078,0.0
2024-05-14 14:00:00,0.0,-73885.97780821918,-7915212.164272078,0.0
2024-05-14 15:00:00,0.0,-73885.97780821918,-7915212.164272078,0.0
2024-05-14 16:00:00,0.0,-73885.97780821918,-7915212.164272078,0.0
2024-05-14 17:00:00,0.0,-73885.97780821918,-7915212.164272078,0.0
2024-05-14 18:00:00,0.0,-73885.97780821918,-7915212.164272078,0.0
2024-05-14 19:00:00,0.0,-73885.97780821918,-7915212.164272078,0.0
2024-05-14 20:00:00,0.0,-73885.97780821918,-7915212.164272078,0.0
2024-05-14 21:00:00,0.0,-73885.97780821918,-7915212.164272078,0.0
2024-05-14 22:00:00,0.0,-73885.97780821918,-7915212.164272078,0.0
2024-05-14 23:00:00,0.0,-73885.97780821918,-7915212.164272078,0.0
2024-05-15 00:00:00,0.0,-74085.58164383561,-7915212.164272078,0.0
2024-05-15 01:00:00,0.0,-74085.58164383561,-7915212.164272078,0.0
2024-05-15 02:00:00,0.0,-74085.58164383561,-7915212.164272078,0.0
2024-05-15 03:00:00,0.0,-74085.58164383561,-7915212.164272078,0.0
2024-05-15 04:00:00,0.0,-74085.58164383561,-7915212.164272078,0.0
2024-05-15 05:00:00,0.0,-74085.58164383561,-7915212.164272078,0.0
2024-05-15 06:00:00,0.0,-74085.58164383561,-7915212.164272078,0.0
2024-05-15 07:00:00,0.0,-74085.58164383561,-7915212.164272078,0.0
2024-05-15 08:00:00,0.0,-74085.58164383561,-7915212.164272078,0.0
2024-05-15 09:00:00,0.0,-74085.58164383561,-7915212.164272078,0.0
2024-05-15 10:00:00,0.0,-74085.58164383561,-7915212.164272078,0.0
2024-05-15 11:00:00,0.0,-74085.58164383561,-7915212.164272078,0.0
2024-05-15 12:00:00,0.0,-74085.58164383561,-7915212.164272078,0.0
2024-05-15 13:00:00,0.0,-74085.58164383561,-7915212.164272078,0.0
2024-05-15 14:00:00,0.0,-74085.58164383561,-7915212.164272078,0.0
2024-05-15 15:00:00,0.0,-74085.58164383561,-7915212.164272078,0.0
2024-05-15 16:00:00,0.0,-74085.58164383561,-7915212.164272078,0.0
2024-05-15 17:00:00,0.0,-74085.58164383561,-7915212.164272078,0.0
2024-05-15 18:00:00,0.0,-74085.58164383561,-7915212.164272078,0.0
2024-05-15 19:00:00,0.0,-74085.58164383561,-7915212.164272078,0.0
2024-05-15 20:00:00,0.0,-74085.58164383561,-7915212.164272078,0.0
2024-05-15 21:00:00,0.0,-74085.58164383561,-7915212.164272078,0.0
2024-05-15 22:00:00,0.0,-74085.58164383561,-7915212.164272078,0.0
2024-05-15 23:00:00,0.0,-74085.58164383561,-7915212.164272078,0.0
2024-05-16 00:00:00,0.0,-74085.58164383561,-7915212.164272078,0.0
2024-05-16 01:00:00,0.0,-74085.58164383561,-7915212.164272078,0.0
2024-05-16 02:00:00,0.0,-74085.58164383561,-7915212.164272078,0.0
2024-05-16 03:00:00,0.0,-74085.58164383561,-7915212.164272078,0.0
2024-05-16 04:00:00,0.0,-74085.58164383561,-7915212.164272078,0.0
2024-05-16 05:00:00,0.0,-74085.58164383561,-7915212.164272078,0.0
2024-05-16 06:00:00,0.0,-74085.58164383561,-7915212.164272078,0.0
2024-05-16 07:00:00,0.0,-74085.58164383561,-7915212.164272078,0.0
2024-05-16 08:00:00,0.0,-74085.58164383561,-7915212.164272078,0.0
2024-05-16 09:00:00,0.0,-74085.58164383561,-7915212.164272078,0.0
2024-05-16 10:00:00,0.0,-74085.58164383561,-7915212.164272078,0.0
2024-05-16 11:00:00,0.0,-74085.58164383561,-7915212.164272078,0.0
2024-05-16 12:00:00,0.0,-74085.58164383561,-7915212.164272078,0.0
2024-05-16 13:00:00,0.0,-74085.58164383561,-7915212.164272078,0.0
2024-05-16 14:00:00,0.0,-74085.58164383561,-7915212.164272078,0.0
2024-05-16 15:00:00,0.0,-74085.58164383561,-7915212.164272078,0.0
2024-05-16 16:00:00,0.0,-74085.58164383561,-7915912.213405266,0.0
2024-05-16 17:00:00,0.0,-74085.58164383561,-7917779.189273381,0.0
2024-05-16 18:00:00,0.0,-74085.58164383561,-7919647.998491314,0.0
2024-05-16 19:00:00,0.0,-74839.96136986301,-7920682.542564578,0.0
2024-05-16 20:00:00,0.0,-74839.96136986301,-7921424.717587437,0.0
2024-05-16 21:00:00,0.0,-74839.96136986301,-7921424.717587437,0.0
2024-05-16 22:00:00,0.0,-74839.96136986301,-7921424.717587437,0.0
2024-05-16 23:00:00,0.0,-74839.96136986301,-7921424.717587437,0.0
2024-05-17 00:00:00,0.0,-74839.96136986301,-7921424.717587437,0.0
2024-05-17 01:00:00,0.0,-74839.96136986301,-7921424.717587437,0.0
2024-05-17 02:00:00,0.0,-74839.96136986301,-7921424.717587437,0.0
2024-05-17 03:00:00,0.0,-74839.96136986301,-7921424.717587437,0.0
2024-05-17 04:00:00,0.0,-74839.96136986301,-7921424.717587437,0.0
2024-05-17 05:00:00,0.0,-74839.96136986301,-7921424.717587437,0.0
2024-05-17 06:00:00,0.0,-74839.96136986301,-7921424.717587437,0.0
2024-05-17 07:00:00,0.0,-74839.96136986301,-7921424.717587437,0.0
2024-05-17 08:00:00,0.0,-74839.96136986301,-7921424.717587437,0.0
2024-05-17 09:00:00,0.0,-74839.96136986301,-7921424.717587437,0.0
2024-05-17 10:00:00,0.0,-74839.96136986301,-7921424.717587437,0.0
2024-05-17 11:00:00,0.0,-74839.96136986301,-7921424.717587437,0.0
2024-05-17 12:00:00,0.0,-74839.96136986301,-7921424.717587437,0.0
2024-05-17 13:00:00,0.0,-74839.96136986301,-7921424.717587437,0.0
2024-05-17 14:00:00,0.0,-74839.96136986301,-7921424.717587437,0.0
2024-05-17 15:00:00,0.0,-74839.96136986301,-7921424.717587437,0.0
2024-05-17 16:00:00,0.0,-74839.96136986301,-7921424.717587437,0.0
2024-05-17 17:00:00,0.0,-74839.96136986301,-7921424.717587437,0.0
2024-05-17 18:00:00,0.0,-74839.96136986301,-7921424.717587437,0.0
2024-05-17 19:00:00,0.0,-74839.96136986301,-7921424.717587437,0.0
2024-05-17 20:00:00,0.0,-74839.96136986301,-7921424.717587437,0.0
2024-05-17 21:00:00,0.0,-74839.96136986301,-7921424.717587437,0.0
2024-05-17 22:00:00,0.0,-74839.96136986301,-7921424.717587437,0.0
2024-05-17 23:00:00,0.0,-74839.96136986301,-7921424.717587437,0.0
2024-05-18 00:00:00,0.0,-74871.96136986301,-7921424.717587437,0.0
2024-05-18 01:00:00,0.0,-74871.96136986301,-7921424.717587437,0.0
2024-05-18 02:00:00,0.0,-74871.96136986301,-7921424.717587437,0.0
2024-05-18 03:00:00,0.0,-75335.96136986301,-7921424.717587437,0.0
2024-05-18 04:00:00,0.0,-75335.96136986301,-7921424.717587437,0.0
2024-05-18 05:00:00,0.0,-75335.96136986301,-7921424.717587437,0.0
2024-05-18 06:00:00,0.0,-75335.96136986301,-7921424.717587437,0.0
2024-05-18 07:00:00,0.0,-75335.96136986301,-7921424.717587437,0.0
2024-05-18 08:00:00,0.0,-75335.96136986301,-7921424.717587437,0.0
2024-05-18 09:00:00,0.0,-75335.96136986301,-7921424.717587437,0.0
2024-05-18 10:00:00,0.0,-75335.96136986301,-7921424.717587437,0.0
2024-05-18 11:00:00,0.0,-75803.96136986301,-7921424.717587437,0.0
2024-05-18 12:00:00,0.0,-76456.96136986301,-7921424.717587437,0.0
2024-05-18 13:00:00,0.0,-76606.96136986301,-7921424.717587437,0.0
2024-05-18 14:00:00,0.0,-78226.51808219177,-7921424.717587437,0.0
2024-05-18 15:00:00,0.0,-79454.51808219177,-7921424.717587437,0.0
2024-05-18 16:00:00,0.0,-79872.51808219177,-7921424.717587437,0.0
2024-05-18 17:00:00,0.0,-81444.51808219177,-7921424.717587437,0.0
2024-05-18 18:00:00,0.0,-82640.51808219177,-7921424.717587437,0.0
2024-05-18 19:00:00,0.0,-82640.51808219177,-7921424.717587437,0.0
2024-05-18 20:00:00,0.0,-82640.51808219177,-7921424.717587437,0.0
2024-05-18 21:00:00,0.0,-82640.51808219177,-7921424.717587437,0.0
2024-05-18 22:00:00,0.0,-82640.51808219177,-7921424.717587437,0.0
2024-05-18 23:00:00,0.0,-83943.51369863014,-7921424.717587437,0.0
2024-05-19 00:00:00,0.0,-83943.51369863014,-7921424.717587437,0.0
2024-05-19 01:00:00,0.0,-83943.51369863014,-7921424.717587437,0.0
2024-05-19 02:00:00,0.0,-83943.51369863014,-7921424.717587437,0.0
2024-05-19 03:00:00,0.0,-83943.51369863014,-7921424.717587437,0.0
2024-05-19 04:00:00,0.0,-83943.51369863014,-7921424.717587437,0.0
2024-05-19 05:00:00,0.0,-83988.51369863014,-7921424.717587437,0.0
2024-05-19 06:00:00,0.0,-83988.51369863014,-7921424.717587437,0.0
2024-05-19 07:00:00,0.0,-83988.51369863014,-7921424.717587437,0.0
2024-05-19 08:00:00,0.0,-83988.51369863014,-7921424.717587437,0.0
2024-05-19 09:00:00,0.0,-83988.51369863014,-7921424.717587437,0.0
2024-05-19 10:00:00,0.0,-83988.51369863014,-7921424.717587437,0.0
2024-05-19 11:00:00,0.0,-83988.51369863014,-7921424.717587437,0.0
2024-05-19 12:00:00,0.0,-84161.88767123288,-7921424.717587437,0.0
2024-05-19 13:00:00,0.0,-84161.88767123288,-7921424.717587437,0.0
2024-05-19 14:00:00,0.0,-84161.88767123288,-7921424.717587437,0.0
2024-05-19 15:00:00,0.0,-84214.9597260274,-7921937.825334548,0.0
2024-05-19 16:00:00,0.0,-84214.9597260274,-7925637.325683758,0.0
2024-05-19 17:00:00,0.0,-86125.9597260274,-7932574.095678105,0.0
2024-05-19 18:00:00,0.0,-87159.83726027397,-7940931.005491183,0.0
2024-05-19 19:00:00,0.0,-89523.83726027397,-7948968.918015641,0.0
2024-05-19 20:00:00,0.0,-89523.83726027397,-7955691.688425935,0.0
2024-05-19 21:00:00,0.0,-89523.83726027397,-7960176.163713666,0.0
2024-05-19 22:00:00,0.0,-89523.83726027397,-7960176.163713666,0.0
2024-05-19 23:00:00,0.0,-89523.83726027397,-7960176.163713666,0.0
2024-05-20 00:00:00,0.0,-89523.83726027397,-7960176.163713666,0.0
2024-05-20 01:00:00,0.0,-89523.83726027397,-7960176.163713666,0.0
2024-05-20 02:00:00,0.0,-89523.83726027397,-7960176.163713666,0.0
2024-05-20 03:00:00,0.0,-89523.83726027397,-7960176.163713666,0.0
2024-05-20 04:00:00,0.0,-89523.83726027397,-7960176.163713666,0.0
2024-05-20 05:00:00,0.0,-89523.83726027397,-7960176.163713666,0.0
2024-05-20 06:00:00,0.0,-89523.83726027397,-7960176.163713666,0.0
2024-05-20 07:00:00,0.0,-89523.83726027397,-7960176.163713666,0.0
2024-05-20 08:00:00,0.0,-89523.83726027397,-7960176.163713666,0.0
2024-05-20 09:00:00,0.0,-89523.83726027397,-7960176.163713666,0.0
2024-05-20 10:00:00,0.0,-89523.83726027397,-7960176.163713666,0.0
2024-05-20 11:00:00,0.0,-89523.83726027397,-7960176.163713666,0.0
2024-05-20 12:00:00,0.0,-89523.83726027397,-7960176.163713666,0.0
2024-05-20 13:00:00,0.0,-89523.83726027397,-7961388.147253856,0.0
2024-05-20 14:00:00,0.0,-89523.83726027397,-7965693.303682509,0.0
2024-05-20 15:00:00,0.0,-89523.83726027397,-7973270.5530349035,0.0
2024-05-20 16:00:00,0.0,-89523.83726027397,-7984348.81102732,0.0
2024-05-20 17:00:00,0.0,-89523.83726027397,-7997567.988804039,0.0
2024-05-20 18:00:00,0.0,-89523.83726027397,-8010821.992668747,0.0
2024-05-20 19:00:00,0.0,-89523.83726027397,-8022211.723799376,0.0
2024-05-20 20:00:00,0.0,-89523.83726027397,-8031033.077945297,0.0
2024-05-20 21:00:00,0.0,-89523.83726027397,-8036400.94510575,0.0
2024-05-20 22:00:00,0.0,-89523.83726027397,-8036400.94510575,0.0
2024-05-20 23:00:00,0.0,-89523.83726027397,-8036400.94510575,0.0
2024-05-21 00:00:00,0.0,-89523.83726027397,-8036400.94510575,0.0
2024-05-21 01:00:00,0.0,-89523.83726027397,-8036400.94510575,0.0
2024-05-21 02:00:00,0.0,-89523.83726027397,-8036400.94510575,0.0
2024-05-21 03:00:00,0.0,-89523.83726027397,-8036400.94510575,0.0
2024-05-21 04:00:00,0.0,-89523.83726027397,-8036400.94510575,0.0
2024-05-21 05:00:00,0.0,-89523.83726027397,-8036400.94510575,0.0
2024-05-21 06:00:00,0.0,-89523.83726027397,-8036400.94510575,0.0
2024-05-21 07:00:00,0.0,-89523.83726027397,-8036400.94510575,0.0
2024-05-21 08:00:00,0.0,-89523.83726027397,-8036400.94510575,0.0
2024-05-21 09:00:00,0.0,-89523.83726027397,-8036400.94510575,0.0
2024-05-21 10:00:00,0.0,-89523.83726027397,-8036400.94510575,0.0
2024-05-21 11:00:00,0.0,-89523.83726027397,-8038405.425229768,0.0
2024-05-21 12:00:00,0.0,-89523.83726027397,-8045347.075553008,0.0
2024-05-21 13:00:00,0.0,-89523.83726027397,-8056791.81594316,0.0
2024-05-21 14:00:00,0.0,-89523.83726027397,-8072185.561938465,0.0
2024-05-21 15:00:00,0.0,-89523.83726027397,-8091290.224494044,0.0
2024-05-21 16:00:00,0.0,-89523.83726027397,-8113931.709712601,0.0
2024-05-21 17:00:00,0.0,-90338.53095890408,-8139211.918558503,0.0
2024-05-21 18:00:00,0.0,-91825.53095890408,-8164413.74655416,0.0
2024-05-21 19:00:00,0.0,-94325.98465753422,-8186988.083457607,0.0
2024-05-21 20:00:00,0.0,-95870.34438356162,-8206129.8129200535,0.0
2024-05-21 21:00:00,0.0,-96155.98383561643,-8221899.812122128,0.0
2024-05-21 22:00:00,0.0,-96155.98383561643,-8229851.951387449,0.0
2024-05-21 23:00:00,0.0,-96155.98383561643,-8229894.0937720705,0.0
2024-05-22 00:00:00,0.0,-98496.67616438355,-8229894.0937720705,0.0
2024-05-22 01:00:00,0.0,-99858.5205479452,-8229894.0937720705,0.0
2024-05-22 02:00:00,0.0,-100544.34493150684,-8229894.0937720705,0.0
2024-05-22 03:00:00,0.0,-100544.34493150684,-8229894.0937720705,0.0
2024-05-22 04:00:00,0.0,-100544.34493150684,-8229894.0937720705,0.0
2024-05-22 05:00:00,0.0,-100544.34493150684,-8229894.0937720705,0.0
2024-05-22 06:00:00,0.0,-100544.34493150684,-8229894.0937720705,0.0
2024-05-22 07:00:00,0.0,-100544.34493150684,-8229894.0937720705,0.0
2024-05-22 08:00:00,0.0,-100544.34493150684,-8229894.0937720705,0.0
2024-05-22 09:00:00,0.0,-100544.34493150684,-8229894.0937720705,0.0
2024-05-22 10:00:00,0.0,-100544.34493150684,-8231374.238009605,0.0
2024-05-22 11:00:00,0.0,-100544.34493150684,-8237132.46945494,0.0
2024-05-22 12:00:00,0.0,-100544.34493150684,-8247001.70346805,0.0
2024-05-22 13:00:00,0.0,-100544.34493150684,-8261457.850814651,0.0
2024-05-22 14:00:00,0.0,-100569.34493150684,-8279663.817396198,0.0
2024-05-22 15:00:00,0.0,-100569.34493150684,-8301487.503963203,0.0
2024-05-22 16:00:00,0.0,-100569.34493150684,-8326134.805810812,0.0
2024-05-22 17:00:00,0.0,-100569.34493150684,-8352008.612455523,0.0
2024-05-22 18:00:00,0.0,-100569.34493150684,-8376797.807291818,0.0
2024-05-22 19:00:00,0.0,-102096.34493150684,-8398829.267227434,0.0
2024-05-22 20:00:00,0.0,-102100.34493150684,-8417821.862295892,0.0
2024-05-22 21:00:00,0.0,-102100.34493150684,-8433104.455244834,0.0
2024-05-22 22:00:00,0.0,-102100.34493150684,-8440828.90109859,0.0
2024-05-22 23:00:00,0.0,-102100.34493150684,-8440828.90109859,0.0
2024-05-23 00:00:00,0.0,-102100.34493150684,-8440828.90109859,0.0
2024-05-23 01:00:00,0.0,-102100.34493150684,-8440828.90109859,0.0
2024-05-23 02:00:00,0.0,-102100.34493150684,-8440828.90109859,0.0
2024-05-23 03:00:00,0.0,-102100.34493150684,-8440828.90109859,0.0
2024-05-23 04:00:00,0.0,-102100.34493150684,-8440828.90109859,0.0
2024-05-23 05:00:00,0.0,-102100.34493150684,-8440828.90109859,0.0
2024-05-23 06:00:00,0.0,-102100.34493150684,-8440828.90109859,0.0
2024-05-23 07:00:00,0.0,-102100.34493150684,-8440828.90109859,0.0
2024-05-23 08:00:00,0.0,-102100.34493150684,-8440828.90109859,0.0
2024-05-23 09:00:00,0.0,-102100.34493150684,-8440828.90109859,0.0
2024-05-23 10:00:00,0.0,-102100.34493150684,-8442443.62314504,0.0
2024-05-23 11:00:00,0.0,-102100.34493150684,-8446525.255295468,0.0
2024-05-23 12:00:00,0.0,-102100.34493150684,-8453803.703249816,0.0
2024-05-23 13:00:00,0.0,-102100.34493150684,-8464535.867544454,0.0
2024-05-23 14:00:00,0.0,-102100.34493150684,-8478184.643246956,0.0
2024-05-23 15:00:00,0.0,-102100.34493150684,-8494705.919631954,0.0
2024-05-23 16:00:00,0.0,-102100.34493150684,-8514169.579836851,0.0
2024-05-23 17:00:00,0.0,-102100.34493150684,-8535071.50049611,0.0
2024-05-23 18:00:00,0.0,-102100.34493150684,-8555109.551352743,0.0
2024-05-23 19:00:00,0.0,-102604.34493150684,-8572627.594845537,0.0
2024-05-23 20:00:00,0.0,-102604.34493150684,-8587443.48567044,0.0
2024-05-23 21:00:00,0.0,-102604.34493150684,-8599043.070314452,0.0
2024-05-23 22:00:00,0.0,-102604.34493150684,-8603967.186560249,0.0
2024-05-23 23:00:00,0.0,-102604.34493150684,-8603967.186560249,0.0
2024-05-24 00:00:00,0.0,-102604.34493150684,-8603967.186560249,0.0
2024-05-24 01:00:00,0.0,-102604.34493150684,-8603967.186560249,0.0
2024-05-24 02:00:00,0.0,-102604.34493150684,-8603967.186560249,0.0
2024-05-24 03:00:00,0.0,-102604.34493150684,-8603967.186560249,0.0
2024-05-24 04:00:00,0.0,-102604.34493150684,-8603967.186560249,0.0
2024-05-24 05:00:00,0.0,-102604.34493150684,-8603967.186560249,0.0
2024-05-24 06:00:00,0.0,-102604.34493150684,-8603967.186560249,0.0
2024-05-24 07:00:00,0.0,-102604.34493150684,-8603967.186560249,0.0
2024-05-24 08:00:00,0.0,-102604.34493150684,-8603967.186560249,0.0
2024-05-24 09:00:00,0.0,-102604.34493150684,-8603967.186560249,0.0
2024-05-24 10:00:00,0.0,-102604.34493150684,-8607178.115897879,0.0
2024-05-24 11:00:00,0.0,-102604.34493150684,-8613991.75792738,0.0
2024-05-24 12:00:00,0.0,-102604.34493150684,-8623912.007488452,0.0
2024-05-24 13:00:00,0.0,-102604.34493150684,-8636831.753613526,0.0
2024-05-24 14:00:00,0.0,-102604.34493150684,-8652594.879182573,0.0
2024-05-24 15:00:00,0.0,-102604.34493150684,-8671014.260556402,0.0
2024-05-24 16:00:00,0.0,-102604.34493150684,-8692246.767187111,0.0
2024-05-24 17:00:00,0.0,-102604.34493150684,-8714610.26120419,0.0
2024-05-24 18:00:00,0.0,-102604.34493150684,-8735722.59697473,0.0
2024-05-24 19:00:00,0.0,-102604.34493150684,-8753276.620636048,0.0
2024-05-24 20:00:00,0.0,-102604.34493150684,-8766620.169598956,0.0
2024-05-24 21:00:00,0.0,-102604.34493150684,-8776515.072019788,0.0
2024-05-24 22:00:00,0.0,-102604.34493150684,-8780144.14623914,0.0
2024-05-24 23:00:00,0.0,-102604.34493150684,-8780144.14623914,0.0
2024-05-25 00:00:00,0.0,-102604.34493150684,-8780144.14623914,0.0
2024-05-25 01:00:00,0.0,-102604.34493150684,-8780144.14623914,0.0
2024-05-25 02:00:00,0.0,-102604.34493150684,-8780144.14623914,0.0
2024-05-25 03:00:00,0.0,-102604.34493150684,-8780144.14623914,0.0
2024-05-25 04:00:00,0.0,-102604.34493150684,-8780144.14623914,0.0
2024-05-25 05:00:00,0.0,-102604.34493150684,-8780144.14623914,0.0
2024-05-25 06:00:00,0.0,-102604.34493150684,-8780144.14623914,0.0
2024-05-25 07:00:00,0.0,-102604.34493150684,-8780144.14623914,0.0
2024-05-25 08:00:00,0.0,-102604.34493150684,-8780144.14623914,0.0
2024-05-25 09:00:00,0.0,-102604.34493150684,-8780144.14623914,0.0
2024-05-25 10:00:00,0.0,-102604.34493150684,-8780144.14623914,0.0
2024-05-25 11:00:00,0.0,-102604.34493150684,-8780144.14623914,0.0
2024-05-25 12:00:00,0.0,-102604.34493150684,-8783934.737168686,0.0
2024-05-25 13:00:00,0.0,-102604.34493150684,-8791249.579248851,0.0
2024-05-25 14:00:00,0.0,-102604.34493150684,-8801443.541640406,0.0
2024-05-25 15:00:00,0.0,-102604.34493150684,-8814334.486163113,0.0
2024-05-25 16:00:00,0.0,-102604.34493150684,-8829752.266854731,0.0
2024-05-25 17:00:00,0.0,-102604.34493150684,-8846499.729502387,0.0
2024-05-25 18:00:00,0.0,-102604.34493150684,-8862406.711144488,0.0
2024-05-25 19:00:00,0.0,-102604.34493150684,-8875701.03954131,0.0
2024-05-25 20:00:00,0.0,-102604.34493150684,-8885660.532612197,0.0
2024-05-25 21:00:00,0.0,-102604.34493150684,-8892585.997837242,0.0
2024-05-25 22:00:00,0.0,-102604.34493150684,-8894543.231621109,0.0
2024-05-25 23:00:00,0.0,-102604.34493150684,-8894543.231621109,0.0
2024-05-26 00:00:00,0.0,-102604.34493150684,-8894543.231621109,0.0
2024-05-26 01:00:00,0.0,-102604.34493150684,-8894543.231621109,0.0
2024-05-26 02:00:00,0.0,-102604.34493150684,-8894543.231621109,0.0
2024-05-26 03:00:00,0.0,-102604.34493150684,-8894543.231621109,0.0
2024-05-26 04:00:00,0.0,-102604.34493150684,-8894543.231621109,0.0
2024-05-26 05:00:00,0.0,-102604.34493150684,-8894543.231621109,0.0
2024-05-26 06:00:00,0.0,-102604.34493150684,-8894543.231621109,0.0
2024-05-26 07:00:00,0.0,-102604.34493150684,-8894543.231621109,0.0
2024-05-26 08:00:00,0.0,-102604.34493150684,-8894543.231621109,0.0
2024-05-26 09:00:00,0.0,-102604.34493150684,-8894543.231621109,0.0
2024-05-26 10:00:00,0.0,-102604.34493150684,-8894543.231621109,0.0
2024-05-26 11:00:00,0.0,-102604.34493150684,-8895426.534400215,0.0
2024-05-26 12:00:00,0.0,-102604.34493150684,-8901097.952540265,0.0
2024-05-26 13:00:00,0.0,-102604.34493150684,-8910207.347550854,0.0
2024-05-26 14:00:00,0.0,-102604.34493150684,-8921525.573139945,0.0
2024-05-26 15:00:00,0.0,-102604.34493150684,-8934511.47474397,0.0
2024-05-26 16:00:00,0.0,-102604.34493150684,-8948531.889028389,0.0
2024-05-26 17:00:00,0.0,-102604.34493150684,-8962994.643356835,0.0
2024-05-26 18:00:00,0.0,-102604.34493150684,-8976073.555226782,0.0
2024-05-26 19:00:00,0.0,-102604.34493150684,-8986506.431669574,0.0
2024-05-26 20:00:00,0.0,-102604.34493150684,-8994734.068612512,0.0
2024-05-26 21:00:00,0.0,-102604.34493150684,-9000913.250200512,0.0
2024-05-26 22:00:00,0.0,-102604.34493150684,-9002670.74807472,0.0
2024-05-26 23:00:00,0.0,-102604.34493150684,-9002670.74807472,0.0
2024-05-27 00:00:00,0.0,-102604.34493150684,-9002670.74807472,0.0
2024-05-27 01:00:00,0.0,-102604.34493150684,-9002670.74807472,0.0
2024-05-27 02:00:00,0.0,-102604.34493150684,-9002670.74807472,0.0
2024-05-27 03:00:00,0.0,-102604.34493150684,-9002670.74807472,0.0
2024-05-27 04:00:00,0.0,-102604.34493150684,-9002670.74807472,0.0
2024-05-27 05:00:00,0.0,-102604.34493150684,-9002670.74807472,0.0
2024-05-27 06:00:00,0.0,-102604.34493150684,-9002670.74807472,0.0
2024-05-27 07:00:00,0.0,-102604.34493150684,-9002670.74807472,0.0
2024-05-27 08:00:00,0.0,-102604.34493150684,-9002670.74807472,0.0
2024-05-27 09:00:00,0.0,-102604.34493150684,-9002670.74807472,0.0
2024-05-27 10:00:00,0.0,-102604.34493150684,-9002670.74807472,0.0
2024-05-27 11:00:00,0.0,-102604.34493150684,-9002670.74807472,0.0
2024-05-27 12:00:00,0.0,-102604.34493150684,-9002670.74807472,0.0
2024-05-27 13:00:00,0.0,-102604.34493150684,-9002670.74807472,0.0
2024-05-27 14:00:00,0.0,-102604.34493150684,-9002670.74807472,0.0
2024-05-27 15:00:00,0.0,-102604.34493150684,-9002670.74807472,0.0
2024-05-27 16:00:00,0.0,-102604.34493150684,-9002670.74807472,0.0
2024-05-27 17:00:00,0.0,-102604.34493150684,-9003277.819974104,0.0
2024-05-27 18:00:00,0.0,-102604.34493150684,-9003653.01247734,0.0
2024-05-27 19:00:00,0.0,-102604.34493150684,-9003653.01247734,0.0
2024-05-27 20:00:00,0.0,-102604.34493150684,-9003653.01247734,0.0
2024-05-27 21:00:00,0.0,-102604.34493150684,-9003653.01247734,0.0
2024-05-27 22:00:00,0.0,-102604.34493150684,-9003653.01247734,0.0
2024-05-27 23:00:00,0.0,-102604.34493150684,-9003653.01247734,0.0
2024-05-28 00:00:00,0.0,-102604.34493150684,-9003653.01247734,0.0
2024-05-28 01:00:00,0.0,-102604.34493150684,-9003653.01247734,0.0
2024-05-28 02:00:00,0.0,-102604.34493150684,-9003653.01247734,0.0
2024-05-28 03:00:00,0.0,-102604.34493150684,-9003653.01247734,0.0
2024-05-28 04:00:00,0.0,-102604.34493150684,-9003653.01247734,0.0
2024-05-28 05:00:00,0.0,-102604.34493150684,-9003653.01247734,0.0
2024-05-28 06:00:00,0.0,-102604.34493150684,-9003653.01247734,0.0
2024-05-28 07:00:00,0.0,-102604.34493150684,-9003653.01247734,0.0
2024-05-28 08:00:00,0.0,-102604.34493150684,-9003653.01247734,0.0
2024-05-28 09:00:00,0.0,-102604.34493150684,-9003653.01247734,0.0
2024-05-28 10:00:00,0.0,-102604.34493150684,-9003653.01247734,0.0
2024-05-28 11:00:00,0.0,-102604.34493150684,-9003653.01247734,0.0
2024-05-28 12:00:00,0.0,-102604.34493150684,-9003653.01247734,0.0
2024-05-28 13:00:00,0.0,-102604.34493150684,-9005571.927031225,0.0
2024-05-28 14:00:00,0.0,-102604.34493150684,-9009473.212237652,0.0
2024-05-28 15:00:00,0.0,-102604.34493150684,-9015247.74404838,0.0
2024-05-28 16:00:00,0.0,-102604.34493150684,-9022849.391484417,0.0
2024-05-28 17:00:00,0.0,-102604.34493150684,-9031296.016220858,0.0
2024-05-28 18:00:00,0.0,-102604.34493150684,-9038869.472145718,0.0
2024-05-28 19:00:00,0.0,-102604.34493150684,-9044486.604891112,0.0
2024-05-28 20:00:00,0.0,-102604.34493150684,-9047148.251334999,0.0
2024-05-28 21:00:00,0.0,-102604.34493150684,-9047148.251334999,0.0
2024-05-28 22:00:00,0.0,-102604.34493150684,-9047148.251334999,0.0
2024-05-28 23:00:00,0.0,-102604.34493150684,-9047148.251334999,0.0
2024-05-29 00:00:00,0.0,-102604.34493150684,-9047148.251334999,0.0
2024-05-29 01:00:00,0.0,-102604.34493150684,-9047148.251334999,0.0
2024-05-29 02:00:00,0.0,-102604.34493150684,-9047148.251334999,0.0
2024-05-29 03:00:00,0.0,-102604.34493150684,-9047148.251334999,0.0
2024-05-29 04:00:00,0.0,-102604.34493150684,-9047148.251334999,0.0
2024-05-29 05:00:00,0.0,-102604.34493150684,-9047148.251334999,0.0
2024-05-29 06:00:00,0.0,-102604.34493150684,-9047148.251334999,0.0
2024-05-29 07:00:00,0.0,-102604.34493150684,-9047148.251334999,0.0
2024-05-29 08:00:00,0.0,-102604.34493150684,-9047148.251334999,0.0
2024-05-29 09:00:00,0.0,-102604.34493150684,-9047148.251334999,0.0
2024-05-29 10:00:00,0.0,-102604.34493150684,-9047148.251334999,0.0
2024-05-29 11:00:00,0.0,-102604.34493150684,-9047148.251334999,0.0
2024-05-29 12:00:00,0.0,-102604.34493150684,-9047148.251334999,0.0
2024-05-29 13:00:00,0.0,-102604.34493150684,-9047148.251334999,0.0
2024-05-29 14:00:00,0.0,-102604.34493150684,-9047148.251334999,0.0
2024-05-29 15:00:00,0.0,-102604.34493150684,-9047148.251334999,0.0
2024-05-29 16:00:00,0.0,-102604.34493150684,-9047424.151253574,0.0
2024-05-29 17:00:00,0.0,-102604.34493150684,-9048295.72201311,0.0
2024-05-29 18:00:00,0.0,-102604.34493150684,-9048326.800116688,0.0
2024-05-29 19:00:00,0.0,-102604.34493150684,-9048326.800116688,0.0
2024-05-29 20:00:00,0.0,-102604.34493150684,-9048326.800116688,0.0
2024-05-29 21:00:00,0.0,-102604.34493150684,-9048326.800116688,0.0
2024-05-29 22:00:00,0.0,-102604.34493150684,-9048326.800116688,0.0
2024-05-29 23:00:00,0.0,-102604.34493150684,-9048326.800116688,0.0
2024-05-30 00:00:00,0.0,-102604.34493150684,-9048326.800116688,0.0
2024-05-30 01:00:00,0.0,-102604.34493150684,-9048326.800116688,0.0
2024-05-30 02:00:00,0.0,-102604.34493150684,-9048326.800116688,0.0
2024-05-30 03:00:00,0.0,-102604.34493150684,-9048326.800116688,0.0
2024-05-30 04:00:00,0.0,-102604.34493150684,-9048326.800116688,0.0
2024-05-30 05:00:00,0.0,-102604.34493150684,-9048326.800116688,0.0
2024-05-30 06:00:00,0.0,-102604.34493150684,-9048326.800116688,0.0
2024-05-30 07:00:00,0.0,-102604.34493150684,-9048326.800116688,0.0
2024-05-30 08:00:00,0.0,-102604.34493150684,-9048326.800116688,0.0
2024-05-30 09:00:00,0.0,-102604.34493150684,-9048326.800116688,0.0
2024-05-30 10:00:00,0.0,-102604.34493150684,-9048326.800116688,0.0
2024-05-30 11:00:00,0.0,-102604.34493150684,-9048326.800116688,0.0
2024-05-30 12:00:00,0.0,-102604.34493150684,-9048326.800116688,0.0
2024-05-30 13:00:00,0.0,-102604.34493150684,-9048326.800116688,0.0
2024-05-30 14:00:00,0.0,-102604.34493150684,-9048326.800116688,0.0
2024-05-30 15:00:00,0.0,-102604.34493150684,-9048326.800116688,0.0
2024-05-30 16:00:00,0.0,-102604.34493150684,-9048326.800116688,0.0
2024-05-30 17:00:00,0.0,-102604.34493150684,-9048326.800116688,0.0
2024-05-30 18:00:00,0.0,-102604.34493150684,-9048326.800116688,0.0
2024-05-30 19:00:00,0.0,-102604.34493150684,-9048326.800116688,0.0
2024-05-30 20:00:00,0.0,-102604.34493150684,-9048326.800116688,0.0
2024-05-30 21:00:00,0.0,-102604.34493150684,-9048326.800116688,0.0
2024-05-30 22:00:00,0.0,-102604.34493150684,-9048326.800116688,0.0
2024-05-30 23:00:00,0.0,-102604.34493150684,-9048326.800116688,0.0
2024-05-31 00:00:00,0.0,-102604.34493150684,-9048326.800116688,0.0
2024-05-31 01:00:00,0.0,-102604.34493150684,-9048326.800116688,0.0
2024-05-31 02:00:00,0.0,-102604.34493150684,-9048326.800116688,0.0
2024-05-31 03:00:00,0.0,-102604.34493150684,-9048326.800116688,0.0
2024-05-31 04:00:00,0.0,-102604.34493150684,-9048326.800116688,0.0
2024-05-31 05:00:00,0.0,-102604.34493150684,-9048326.800116688,0.0
2024-05-31 06:00:00,0.0,-102604.34493150684,-9048326.800116688,0.0
2024-05-31 07:00:00,0.0,-102604.34493150684,-9048326.800116688,0.0
2024-05-31 08:00:00,0.0,-102604.34493150684,-9048326.800116688,0.0
2024-05-31 09:00:00,0.0,-102604.34493150684,-9048326.800116688,0.0
2024-05-31 10:00:00,0.0,-102604.34493150684,-9048326.800116688,0.0
2024-05-31 11:00:00,0.0,-102604.34493150684,-9048326.800116688,0.0
2024-05-31 12:00:00,0.0,-102604.34493150684,-9048326.800116688,0.0
2024-05-31 13:00:00,0.0,-102604.34493150684,-9048326.800116688,0.0
2024-05-31 14:00:00,0.0,-102604.34493150684,-9048326.800116688,0.0
2024-05-31 15:00:00,0.0,-102604.34493150684,-9048326.800116688,0.0
2024-05-31 16:00:00,0.0,-102604.34493150684,-9048375.199911589,0.0
2024-05-31 17:00:00,0.0,-102604.34493150684,-9050862.543137178,0.0
2024-05-31 18:00:00,0.0,-102604.34493150684,-9053975.624572454,0.0
2024-05-31 19:00:00,0.0,-102604.34493150684,-9055634.22714605,0.0
2024-05-31 20:00:00,0.0,-102604.34493150684,-9055634.22714605,0.0
2024-05-31 21:00:00,0.0,-102604.34493150684,-9055634.22714605,0.0
2024-05-31 22:00:00,0.0,-102604.34493150684,-9055634.22714605,0.0
2024-05-31 23:00:00,0.0,-102604.34493150684,-9055634.22714605,0.0
2024-06-01 00:00:00,0.0,-102604.34493150684,-9055634.22714605,0.0
2024-06-01 01:00:00,0.0,-102604.34493150684,-9055634.22714605,0.0
2024-06-01 02:00:00,0.0,-102604.34493150684,-9055634.22714605,0.0
2024-06-01 03:00:00,0.0,-102604.34493150684,-9055634.22714605,0.0
2024-06-01 04:00:00,0.0,-102604.34493150684,-9055634.22714605,0.0
2024-06-01 05:00:00,0.0,-102604.34493150684,-9055634.22714605,0.0
2024-06-01 06:00:00,0.0,-102604.34493150684,-9055634.22714605,0.0
2024-06-01 07:00:00,0.0,-102604.34493150684,-9055634.22714605,0.0
2024-06-01 08:00:00,0.0,-102604.34493150684,-9055634.22714605,0.0
2024-06-01 09:00:00,0.0,-102604.34493150684,-9055634.22714605,0.0
2024-06-01 10:00:00,0.0,-102604.34493150684,-9055634.22714605,0.0
2024-06-01 11:00:00,0.0,-102604.34493150684,-9055634.22714605,0.0
2024-06-01 12:00:00,0.0,-102604.34493150684,-9055634.22714605,0.0
2024-06-01 13:00:00,0.0,-102604.34493150684,-9055634.22714605,0.0
2024-06-01 14:00:00,0.0,-102604.34493150684,-9055634.22714605,0.0
2024-06-01 15:00:00,0.0,-102604.34493150684,-9055634.22714605,0.0
2024-06-01 16:00:00,0.0,-102604.34493150684,-9055678.526927132,0.0
2024-06-01 17:00:00,0.0,-102604.34493150684,-9057988.022506842,0.0
2024-06-01 18:00:00,0.0,-102604.34493150684,-9060677.635023559,0.0
2024-06-01 19:00:00,0.0,-102604.34493150684,-9061568.28135743,0.0
2024-06-01 20:00:00,0.0,-102604.34493150684,-9061568.28135743,0.0
2024-06-01 21:00:00,0.0,-102604.34493150684,-9061568.28135743,0.0
2024-06-01 22:00:00,0.0,-102604.34493150684,-9061568.28135743,0.0
2024-06-01 23:00:00,0.0,-102604.34493150684,-9061568.28135743,0.0
2024-06-02 00:00:00,0.0,-102604.34493150684,-9061568.28135743,0.0
2024-06-02 01:00:00,0.0,-102604.34493150684,-9061568.28135743,0.0
2024-06-02 02:00:00,0.0,-102604.34493150684,-9061568.28135743,0.0
2024-06-02 03:00:00,0.0,-102604.34493150684,-9061568.28135743,0.0
2024-06-02 04:00:00,0.0,-102604.34493150684,-9061568.28135743,0.0
2024-06-02 05:00:00,0.0,-102604.34493150684,-9061568.28135743,0.0
2024-06-02 06:00:00,0.0,-102604.34493150684,-9061568.28135743,0.0
2024-06-02 07:00:00,0.0,-102604.34493150684,-9061568.28135743,0.0
2024-06-02 08:00:00,0.0,-102604.34493150684,-9061568.28135743,0.0
2024-06-02 09:00:00,0.0,-102604.34493150684,-9061568.28135743,0.0
2024-06-02 10:00:00,0.0,-102604.34493150684,-9061568.28135743,0.0
2024-06-02 11:00:00,0.0,-102604.34493150684,-9061568.28135743,0.0
2024-06-02 12:00:00,0.0,-102604.34493150684,-9061568.28135743,0.0
2024-06-02 13:00:00,0.0,-102604.34493150684,-9061568.28135743,0.0
2024-06-02 14:00:00,0.0,-102604.34493150684,-9061568.28135743,0.0
2024-06-02 15:00:00,0.0,-102604.34493150684,-9061568.28135743,0.0
2024-06-02 16:00:00,0.0,-102604.34493150684,-9063944.38646639,0.0
2024-06-02 17:00:00,0.0,-102604.34493150684,-9068898.522433674,0.0
2024-06-02 18:00:00,0.0,-102604.34493150684,-9074646.601446874,0.0
2024-06-02 19:00:00,0.0,-102604.34493150684,-9080065.530909617,0.0
2024-06-02 20:00:00,0.0,-102604.34493150684,-9085336.213159716,0.0
2024-06-02 21:00:00,0.0,-102604.34493150684,-9089194.545169897,0.0
2024-06-02 22:00:00,0.0,-102604.34493150684,-9089194.545169897,0.0
2024-06-02 23:00:00,0.0,-102604.34493150684,-9089194.545169897,0.0
2024-06-03 00:00:00,0.0,-102604.34493150684,-9089194.545169897,0.0
2024-06-03 01:00:00,0.0,-102604.34493150684,-9089194.545169897,0.0
2024-06-03 02:00:00,0.0,-102604.34493150684,-9089194.545169897,0.0
2024-06-03 03:00:00,0.0,-102604.34493150684,-9089194.545169897,0.0
2024-06-03 04:00:00,0.0,-102604.34493150684,-9089194.545169897,0.0
2024-06-03 05:00:00,0.0,-102604.34493150684,-9089194.545169897,0.0
2024-06-03 06:00:00,0.0,-102604.34493150684,-9089194.545169897,0.0
2024-06-03 07:00:00,0.0,-102885.34493150684,-9089194.545169897,0.0
2024-06-03 08:00:00,0.0,-103695.34493150684,-9089194.545169897,0.0
2024-06-03 09:00:00,0.0,-103695.34493150684,-9089194.545169897,0.0
2024-06-03 10:00:00,0.0,-103695.34493150684,-9089194.545169897,0.0
2024-06-03 11:00:00,0.0,-103695.34493150684,-9089653.37302312,0.0
2024-06-03 12:00:00,0.0,-103695.34493150684,-9094515.948303087,0.0
2024-06-03 13:00:00,0.0,-103695.34493150684,-9104186.221391317,0.0
2024-06-03 14:00:00,0.0,-105185.34493150684,-9117880.140102386,0.0
2024-06-03 15:00:00,0.0,-107158.34493150684,-9134890.649537766,0.0
2024-06-03 16:00:00,0.0,-107158.34493150684,-9155188.691930834,0.0
2024-06-03 17:00:00,0.0,-107158.34493150684,-9177627.206482513,0.0
2024-06-03 18:00:00,0.0,-108444.42986301368,-9199363.129186926,0.0
2024-06-03 19:00:00,0.0,-111062.86438356164,-9219161.39264647,0.0
2024-06-03 20:00:00,0.0,-113010.86438356164,-9235265.925875599,0.0
2024-06-03 21:00:00,0.0,-113010.86438356164,-9247650.654092655,0.0
2024-06-03 22:00:00,0.0,-113010.86438356164,-9252651.498498933,0.0
2024-06-03 23:00:00,0.0,-113503.28904109588,-9252651.498498933,0.0
2024-06-04 00:00:00,0.0,-113503.28904109588,-9252651.498498933,0.0
2024-06-04 01:00:00,0.0,-113503.28904109588,-9252651.498498933,0.0
2024-06-04 02:00:00,0.0,-113503.28904109588,-9252651.498498933,0.0
2024-06-04 03:00:00,0.0,-113503.28904109588,-9252651.498498933,0.0
2024-06-04 04:00:00,0.0,-113503.28904109588,-9252651.498498933,0.0
2024-06-04 05:00:00,0.0,-113503.28904109588,-9252651.498498933,0.0
2024-06-04 06:00:00,0.0,-113503.28904109588,-9252651.498498933,0.0
2024-06-04 07:00:00,0.0,-113503.28904109588,-9252651.498498933,0.0
2024-06-04 08:00:00,0.0,-113503.28904109588,-9252651.498498933,0.0
2024-06-04 09:00:00,0.0,-113503.28904109588,-9252651.498498933,0.0
2024-06-04 10:00:00,0.0,-113503.28904109588,-9258508.587456835,0.0
2024-06-04 11:00:00,0.0,-113503.28904109588,-9270325.372597234,0.0
2024-06-04 12:00:00,0.0,-113503.28904109588,-9287432.80163297,0.0
2024-06-04 13:00:00,0.0,-113503.28904109588,-9309401.819557507,0.0
2024-06-04 14:00:00,0.0,-114336.28904109588,-9334783.368489543,0.0
2024-06-04 15:00:00,0.0,-114336.28904109588,-9362725.387508228,0.0
2024-06-04 16:00:00,0.0,-114336.28904109588,-9392573.812478377,0.0
2024-06-04 17:00:00,0.0,-114336.28904109588,-9422641.575865049,0.0
2024-06-04 18:00:00,0.0,-114336.28904109588,-9450575.606536847,0.0
2024-06-04 19:00:00,0.0,-114336.28904109588,-9474561.82955718,0.0
2024-06-04 20:00:00,0.0,-114336.28904109588,-9494359.165962772,0.0
2024-06-04 21:00:00,0.0,-114336.28904109588,-9510387.532528572,0.0
2024-06-04 22:00:00,0.0,-114336.28904109588,-9519244.841518227,0.0
2024-06-04 23:00:00,0.0,-114336.28904109588,-9520453.000419185,0.0
2024-06-05 00:00:00,0.0,-114336.28904109588,-9520453.000419185,0.0
2024-06-05 01:00:00,0.0,-114336.28904109588,-9520453.000419185,0.0
2024-06-05 02:00:00,0.0,-114336.28904109588,-9520453.000419185,0.0
2024-06-05 03:00:00,0.0,-114336.28904109588,-9520453.000419185,0.0
2024-06-05 04:00:00,0.0,-114336.28904109588,-9520453.000419185,0.0
2024-06-05 05:00:00,0.0,-114336.28904109588,-9520453.000419185,0.0
2024-06-05 06:00:00,0.0,-114336.28904109588,-9520453.000419185,0.0
2024-06-05 07:00:00,0.0,-114336.28904109588,-9520453.000419185,0.0
2024-06-05 08:00:00,0.0,-114336.28904109588,-9520453.000419185,0.0
2024-06-05 09:00:00,0.0,-114336.28904109588,-9521427.297643926,0.0
2024-06-05 10:00:00,0.0,-114336.28904109588,-9526078.237035606,0.0
2024-06-05 11:00:00,0.0,-114336.28904109588,-9534402.763479559,0.0
2024-06-05 12:00:00,0.0,-114336.28904109588,-9546960.818979671,0.0
2024-06-05 13:00:00,0.0,-114336.28904109588,-9563233.342493182,0.0
2024-06-05 14:00:00,0.0,-114336.28904109588,-9582280.26975544,0.0
2024-06-05 15:00:00,0.0,-114336.28904109588,-9603316.533094011,0.0
2024-06-05 16:00:00,0.0,-114336.28904109588,-9625259.061231459,0.0
2024-06-05 17:00:00,0.0,-114336.28904109588,-9647547.779076073,0.0
2024-06-05 18:00:00,0.0,-114336.28904109588,-9668266.607499799,0.0
2024-06-05 19:00:00,0.0,-114336.28904109588,-9687011.463102527,0.0
2024-06-05 20:00:00,0.0,-114336.28904109588,-9703653.257961914,0.0
2024-06-05 21:00:00,0.0,-114336.28904109588,-9716999.899367783,0.0
2024-06-05 22:00:00,0.0,-114336.28904109588,-9724493.289540142,0.0
2024-06-05 23:00:00,0.0,-114544.28904109588,-9725197.325329753,0.0
2024-06-06 00:00:00,0.0,-114612.42958904109,-9725197.325329753,0.0
2024-06-06 01:00:00,0.0,-114612.42958904109,-9725197.325329753,0.0
2024-06-06 02:00:00,0.0,-114612.42958904109,-9725197.325329753,0.0
2024-06-06 03:00:00,0.0,-114612.42958904109,-9725197.325329753,0.0
2024-06-06 04:00:00,0.0,-114612.42958904109,-9725197.325329753,0.0
2024-06-06 05:00:00,0.0,-114612.42958904109,-9725197.325329753,0.0
2024-06-06 06:00:00,0.0,-114612.42958904109,-9725197.325329753,0.0
2024-06-06 07:00:00,0.0,-114612.42958904109,-9725197.325329753,0.0
2024-06-06 08:00:00,0.0,-114612.42958904109,-9725329.775109088,0.0
2024-06-06 09:00:00,0.0,-114612.42958904109,-9729671.810103165,0.0
2024-06-06 10:00:00,0.0,-114612.42958904109,-9737998.372200934,0.0
2024-06-06 11:00:00,0.0,-114612.42958904109,-9750325.400237577,0.0
2024-06-06 12:00:00,0.0,-114612.42958904109,-9766043.829818826,0.0
2024-06-06 13:00:00,0.0,-114612.42958904109,-9784876.59313459,0.0
2024-06-06 14:00:00,0.0,-114612.42958904109,-9806319.618761215,0.0
2024-06-06 15:00:00,0.0,-114612.42958904109,-9829477.831451686,0.0
2024-06-06 16:00:00,0.0,-114612.42958904109,-9854199.151912957,0.0
2024-06-06 17:00:00,0.0,-114612.42958904109,-9879680.496569641,0.0
2024-06-06 18:00:00,0.0,-114612.42958904109,-9904547.777313165,0.0
2024-06-06 19:00:00,0.0,-114612.42958904109,-9926982.901235476,0.0
2024-06-06 20:00:00,0.0,-114612.42958904109,-9945333.770346304,0.0
2024-06-06 21:00:00,0.0,-114612.42958904109,-9959916.28127295,0.0
2024-06-06 22:00:00,0.0,-114612.42958904109,-9967932.32494146,0.0
2024-06-06 23:00:00,0.0,-114612.42958904109,-9968566.786238011,0.0
2024-06-07 00:00:00,0.0,-114612.42958904109,-9968566.786238011,0.0
2024-06-07 01:00:00,0.0,-114612.42958904109,-9968566.786238011,0.0
2024-06-07 02:00:00,0.0,-114612.42958904109,-9968566.786238011,0.0
2024-06-07 03:00:00,0.0,-114612.42958904109,-9968566.786238011,0.0
2024-06-07 04:00:00,0.0,-114612.42958904109,-9968566.786238011,0.0
2024-06-07 05:00:00,0.0,-114612.42958904109,-9968566.786238011,0.0
2024-06-07 06:00:00,0.0,-114612.42958904109,-9968566.786238011,0.0
2024-06-07 07:00:00,0.0,-114612.42958904109,-9968566.786238011,0.0
2024-06-07 08:00:00,0.0,-114612.42958904109,-9968566.786238011,0.0
2024-06-07 09:00:00,0.0,-114612.42958904109,-9968566.786238011,0.0
2024-06-07 10:00:00,0.0,-114612.42958904109,-9971666.718165642,0.0
2024-06-07 11:00:00,0.0,-114612.42958904109,-9977963.981484419,0.0
2024-06-07 12:00:00,0.0,-114612.42958904109,-9986959.504624303,0.0
2024-06-07 13:00:00,0.0,-114612.42958904109,-9998053.212182777,0.0
2024-06-07 14:00:00,0.0,-114612.42958904109,-10011354.024701603,0.0
2024-06-07 15:00:00,0.0,-114612.42958904109,-10026303.858429894,0.0
2024-06-07 16:00:00,0.0,-114612.42958904109,-10043052.62507261,0.0
2024-06-07 17:00:00,0.0,-114612.42958904109,-10060463.23152356,0.0
2024-06-07 18:00:00,0.0,-114612.42958904109,-10076099.57958193,0.0
2024-06-07 19:00:00,0.0,-114612.42958904109,-10087881.565651257,0.0
2024-06-07 20:00:00,0.0,-114612.42958904109,-10095577.080419771,0.0
2024-06-07 21:00:00,0.0,-114612.42958904109,-10100193.008520871,0.0
2024-06-07 22:00:00,0.0,-114612.42958904109,-10100193.008520871,0.0
2024-06-07 23:00:00,0.0,-114612.42958904109,-10100193.008520871,0.0
2024-06-08 00:00:00,0.0,-114612.42958904109,-10100193.008520871,0.0
2024-06-08 01:00:00,0.0,-114612.42958904109,-10100193.008520871,0.0
2024-06-08 02:00:00,0.0,-114612.42958904109,-10100193.008520871,0.0
2024-06-08 03:00:00,0.0,-114612.42958904109,-10100193.008520871,0.0
2024-06-08 04:00:00,0.0,-114612.42958904109,-10100193.008520871,0.0
2024-06-08 05:00:00,0.0,-114612.42958904109,-10100193.008520871,0.0
2024-06-08 06:00:00,0.0,-114612.42958904109,-10100193.008520871,0.0
2024-06-08 07:00:00,0.0,-114612.42958904109,-10100193.008520871,0.0
2024-06-08 08:00:00,0.0,-114612.42958904109,-10100193.008520871,0.0
2024-06-08 09:00:00,0.0,-114612.42958904109,-10100193.008520871,0.0
2024-06-08 10:00:00,0.0,-114612.42958904109,-10100193.008520871,0.0
2024-06-08 11:00:00,0.0,-114612.42958904109,-10100193.008520871,0.0
2024-06-08 12:00:00,0.0,-114612.42958904109,-10100193.008520871,0.0
2024-06-08 13:00:00,0.0,-114612.42958904109,-10100193.008520871,0.0
2024-06-08 14:00:00,0.0,-114612.42958904109,-10100193.008520871,0.0
2024-06-08 15:00:00,0.0,-114612.42958904109,-10103200.097513342,0.0
2024-06-08 16:00:00,0.0,-114612.42958904109,-10109482.92452903,0.0
2024-06-08 17:00:00,0.0,-114612.42958904109,-10117701.385747423,0.0
2024-06-08 18:00:00,0.0,-114612.42958904109,-10126188.371618612,0.0
2024-06-08 19:00:00,0.0,-114612.42958904109,-10132963.766522875,0.0
2024-06-08 20:00:00,0.0,-114612.42958904109,-10136901.448409066,0.0
2024-06-08 21:00:00,0.0,-114612.42958904109,-10138832.28841047,0.0
2024-06-08 22:00:00,0.0,-114612.42958904109,-10138832.28841047,0.0
2024-06-08 23:00:00,0.0,-114612.42958904109,-10138832.28841047,0.0
2024-06-09 00:00:00,0.0,-114612.42958904109,-10138832.28841047,0.0
2024-06-09 01:00:00,0.0,-114612.42958904109,-10138832.28841047,0.0
2024-06-09 02:00:00,0.0,-114612.42958904109,-10138832.28841047,0.0
2024-06-09 03:00:00,0.0,-114612.42958904109,-10138832.28841047,0.0
2024-06-09 04:00:00,0.0,-114612.42958904109,-10138832.28841047,0.0
2024-06-09 05:00:00,0.0,-114612.42958904109,-10138832.28841047,0.0
2024-06-09 06:00:00,0.0,-114612.42958904109,-10138832.28841047,0.0
2024-06-09 07:00:00,0.0,-114612.42958904109,-10138832.28841047,0.0
2024-06-09 08:00:00,0.0,-114612.42958904109,-10138832.28841047,0.0
2024-06-09 09:00:00,0.0,-114612.42958904109,-10138832.28841047,0.0
2024-06-09 10:00:00,0.0,-114612.42958904109,-10138832.28841047,0.0
2024-06-09 11:00:00,0.0,-114612.42958904109,-10138832.28841047,0.0
2024-06-09 12:00:00,0.0,-114612.42958904109,-10138832.28841047,0.0
2024-06-09 13:00:00,0.0,-114612.42958904109,-10138832.28841047,0.0
2024-06-09 14:00:00,0.0,-114612.42958904109,-10139910.594393967,0.0
2024-06-09 15:00:00,0.0,-114612.42958904109,-10143682.530768547,0.0
2024-06-09 16:00:00,0.0,-114612.42958904109,-10150221.98774585,0.0
2024-06-09 17:00:00,0.0,-114612.42958904109,-10159625.849452691,0.0
2024-06-09 18:00:00,0.0,-114612.42958904109,-10169818.99356849,0.0
2024-06-09 19:00:00,0.0,-114612.42958904109,-10178495.290940087,0.0
2024-06-09 20:00:00,0.0,-114612.42958904109,-10184336.605172517,0.0
2024-06-09 21:00:00,0.0,-114612.42958904109,-10187825.792194152,0.0
2024-06-09 22:00:00,0.0,-114612.42958904109,-10187825.792194152,0.0
2024-06-09 23:00:00,0.0,-114612.42958904109,-10187825.792194152,0.0
2024-06-10 00:00:00,0.0,-114612.42958904109,-10187825.792194152,0.0
2024-06-10 01:00:00,0.0,-114612.42958904109,-10187825.792194152,0.0
2024-06-10 02:00:00,0.0,-114612.42958904109,-10187825.792194152,0.0
2024-06-10 03:00:00,0.0,-114612.42958904109,-10187825.792194152,0.0
2024-06-10 04:00:00,0.0,-114612.42958904109,-10187825.792194152,0.0
2024-06-10 05:00:00,0.0,-114612.42958904109,-10187825.792194152,0.0
2024-06-10 06:00:00,0.0,-114612.42958904109,-10187825.792194152,0.0
2024-06-10 07:00:00,0.0,-114612.42958904109,-10187825.792194152,0.0
2024-06-10 08:00:00,0.0,-114612.42958904109,-10187825.792194152,0.0
2024-06-10 09:00:00,0.0,-114612.42958904109,-10187825.792194152,0.0
2024-06-10 10:00:00,0.0,-114612.42958904109,-10187825.792194152,0.0
2024-06-10 11:00:00,0.0,-114612.42958904109,-10187825.792194152,0.0
2024-06-10 12:00:00,0.0,-114612.42958904109,-10187825.792194152,0.0
2024-06-10 13:00:00,0.0,-114612.42958904109,-10187825.792194152,0.0
2024-06-10 14:00:00,0.0,-114612.42958904109,-10187825.792194152,0.0
2024-06-10 15:00:00,0.0,-114612.42958904109,-10187825.792194152,0.0
2024-06-10 16:00:00,0.0,-114612.42958904109,-10187825.792194152,0.0
2024-06-10 17:00:00,0.0,-114612.42958904109,-10187825.792194152,0.0
2024-06-10 18:00:00,0.0,-114612.42958904109,-10187825.792194152,0.0
2024-06-10 19:00:00,0.0,-114612.42958904109,-10187825.792194152,0.0
2024-06-10 20:00:00,0.0,-114612.42958904109,-10187825.792194152,0.0
2024-06-10 21:00:00,0.0,-114612.42958904109,-10187825.792194152,0.0
2024-06-10 22:00:00,0.0,-114612.42958904109,-10187825.792194152,0.0
2024-06-10 23:00:00,0.0,-114612.42958904109,-10187825.792194152,0.0
2024-06-11 00:00:00,0.0,-114612.42958904109,-10187825.792194152,0.0
2024-06-11 01:00:00,0.0,-114612.42958904109,-10187825.792194152,0.0
2024-06-11 02:00:00,0.0,-114612.42958904109,-10187825.792194152,0.0
2024-06-11 03:00:00,0.0,-114612.42958904109,-10187825.792194152,0.0
2024-06-11 04:00:00,0.0,-114612.42958904109,-10187825.792194152,0.0
2024-06-11 05:00:00,0.0,-114612.42958904109,-10187825.792194152,0.0
2024-06-11 06:00:00,0.0,-114612.42958904109,-10187825.792194152,0.0
2024-06-11 07:00:00,0.0,-114612.42958904109,-10187825.792194152,0.0
2024-06-11 08:00:00,0.0,-114612.42958904109,-10187825.792194152,0.0
2024-06-11 09:00:00,0.0,-114612.42958904109,-10187825.792194152,0.0
2024-06-11 10:00:00,0.0,-114612.42958904109,-10187825.792194152,0.0
2024-06-11 11:00:00,0.0,-114612.42958904109,-10187825.792194152,0.0
2024-06-11 12:00:00,0.0,-114612.42958904109,-10187825.792194152,0.0
2024-06-11 13:00:00,0.0,-114612.42958904109,-10187825.792194152,0.0
2024-06-11 14:00:00,0.0,-114612.42958904109,-10187825.792194152,0.0
2024-06-11 15:00:00,0.0,-114612.42958904109,-10187825.792194152,0.0
2024-06-11 16:00:00,0.0,-114612.42958904109,-10187870.760392308,0.0
2024-06-11 17:00:00,0.0,-114612.42958904109,-10189365.56112047,0.0
2024-06-11 18:00:00,0.0,-114612.42958904109,-10190889.095849356,0.0
2024-06-11 19:00:00,0.0,-114612.42958904109,-10191343.260636678,0.0
2024-06-11 20:00:00,0.0,-114612.42958904109,-10191343.260636678,0.0
2024-06-11 21:00:00,0.0,-114612.42958904109,-10191343.260636678,0.0
2024-06-11 22:00:00,0.0,-114612.42958904109,-10191343.260636678,0.0
2024-06-11 23:00:00,0.0,-114612.42958904109,-10191343.260636678,0.0
2024-06-12 00:00:00,0.0,-114612.42958904109,-10191343.260636678,0.0
2024-06-12 01:00:00,0.0,-114612.42958904109,-10191343.260636678,0.0
2024-06-12 02:00:00,0.0,-114612.42958904109,-10191343.260636678,0.0
2024-06-12 03:00:00,0.0,-114612.42958904109,-10191343.260636678,0.0
2024-06-12 04:00:00,0.0,-114612.42958904109,-10191343.260636678,0.0
2024-06-12 05:00:00,0.0,-114612.42958904109,-10191343.260636678,0.0
2024-06-12 06:00:00,0.0,-114612.42958904109,-10191343.260636678,0.0
2024-06-12 07:00:00,0.0,-114612.42958904109,-10191343.260636678,0.0
2024-06-12 08:00:00,0.0,-114612.42958904109,-10191343.260636678,0.0
2024-06-12 09:00:00,0.0,-114612.42958904109,-10191343.260636678,0.0
2024-06-12 10:00:00,0.0,-114612.42958904109,-10191343.260636678,0.0
2024-06-12 11:00:00,0.0,-114612.42958904109,-10191343.260636678,0.0
2024-06-12 12:00:00,0.0,-114612.42958904109,-10191343.260636678,0.0
2024-06-12 13:00:00,0.0,-114612.42958904109,-10195317.791394198,0.0
2024-06-12 14:00:00,0.0,-114612.42958904109,-10203282.24489876,0.0
2024-06-12 15:00:00,0.0,-114612.42958904109,-10214990.527532361,0.0
2024-06-12 16:00:00,0.0,-114612.42958904109,-10230551.540553432,0.0
2024-06-12 17:00:00,0.0,-114612.42958904109,-10249091.17979408,0.0
2024-06-12 18:00:00,0.0,-114612.42958904109,-10268015.335338568,0.0
2024-06-12 19:00:00,0.0,-114612.42958904109,-10285287.89118182,0.0
2024-06-12 20:00:00,0.0,-114612.42958904109,-10298823.724866679,0.0
2024-06-12 21:00:00,0.0,-114612.42958904109,-10309179.707098573,0.0
2024-06-12 22:00:00,0.0,-114612.42958904109,-10313165.70133609,0.0
2024-06-12 23:00:00,0.0,-114612.42958904109,-10313165.70133609,0.0
2024-06-13 00:00:00,0.0,-114612.42958904109,-10313165.70133609,0.0
2024-06-13 01:00:00,0.0,-114612.42958904109,-10313165.70133609,0.0
2024-06-13 02:00:00,0.0,-114612.42958904109,-10313165.70133609,0.0
2024-06-13 03:00:00,0.0,-114612.42958904109,-10313165.70133609,0.0
2024-06-13 04:00:00,0.0,-114612.42958904109,-10313165.70133609,0.0
2024-06-13 05:00:00,0.0,-114612.42958904109,-10313165.70133609,0.0
2024-06-13 06:00:00,0.0,-114612.42958904109,-10313165.70133609,0.0
2024-06-13 07:00:00,0.0,-114612.42958904109,-10313165.70133609,0.0
2024-06-13 08:00:00,0.0,-114612.42958904109,-10313165.70133609,0.0
2024-06-13 09:00:00,0.0,-114612.42958904109,-10313165.70133609,0.0
2024-06-13 10:00:00,0.0,-114612.42958904109,-10317710.71210696,0.0
2024-06-13 11:00:00,0.0,-114612.42958904109,-10328646.731388835,0.0
2024-06-13 12:00:00,0.0,-114612.42958904109,-10345478.6702139,0.0
2024-06-13 13:00:00,0.0,-114612.42958904109,-10367871.43476412,0.0
2024-06-13 14:00:00,0.0,-114612.42958904109,-10395159.926085357,0.0
2024-06-13 15:00:00,0.0,-114612.42958904109,-10426200.039783813,0.0
2024-06-13 16:00:00,0.0,-114612.42958904109,-10460444.665703652,0.0
2024-06-13 17:00:00,0.0,-114612.42958904109,-10496615.687584594,0.0
2024-06-13 18:00:00,0.0,-114612.42958904109,-10531776.982698208,0.0
2024-06-13 19:00:00,0.0,-114612.42958904109,-10564029.421461526,0.0
2024-06-13 20:00:00,0.0,-114612.42958904109,-10591553.86702653,0.0
2024-06-13 21:00:00,0.0,-114612.42958904109,-10614758.174843943,0.0
2024-06-13 22:00:00,0.0,-114612.42958904109,-10630763.192199683,0.0
2024-06-13 23:00:00,0.0,-114612.42958904109,-10638685.75772221,0.0
2024-06-14 00:00:00,0.0,-114612.42958904109,-10638685.75772221,0.0
2024-06-14 01:00:00,0.0,-114612.42958904109,-10638685.75772221,0.0
2024-06-14 02:00:00,0.0,-114612.42958904109,-10638685.75772221,0.0
2024-06-14 03:00:00,0.0,-114612.42958904109,-10638685.75772221,0.0
2024-06-14 04:00:00,0.0,-114612.42958904109,-10638685.75772221,0.0
2024-06-14 05:00:00,0.0,-114612.42958904109,-10638685.75772221,0.0
2024-06-14 06:00:00,0.0,-114612.42958904109,-10638685.75772221,0.0
2024-06-14 07:00:00,0.0,-114612.42958904109,-10638685.75772221,0.0
2024-06-14 08:00:00,0.0,-114612.42958904109,-10640051.26005281,0.0
2024-06-14 09:00:00,0.0,-114612.42958904109,-10647267.767876424,0.0
2024-06-14 10:00:00,0.0,-114612.42958904109,-10660453.192036744,0.0
2024-06-14 11:00:00,0.0,-114612.42958904109,-10679415.438515441,0.0
2024-06-14 12:00:00,0.0,-114612.42958904109,-10703761.408145532,0.0
2024-06-14 13:00:00,0.0,-114612.42958904109,-10732107.996307014,0.0
2024-06-14 14:00:00,0.0,-114612.42958904109,-10763457.092603628,0.0
2024-06-14 15:00:00,0.0,-114612.42958904109,-10796341.580519544,0.0
2024-06-14 16:00:00,0.0,-114612.42958904109,-10829897.337054677,0.0
2024-06-14 17:00:00,0.0,-114612.42958904109,-10861980.232337266,0.0
2024-06-14 18:00:00,0.0,-114612.42958904109,-10890009.129212253,0.0
2024-06-14 19:00:00,0.0,-114612.42958904109,-10913363.882803898,0.0
2024-06-14 20:00:00,0.0,-114612.42958904109,-10931812.340050979,0.0
2024-06-14 21:00:00,0.0,-114612.42958904109,-10945720.33921279,0.0
2024-06-14 22:00:00,0.0,-114612.42958904109,-10953511.709344078,0.0
2024-06-14 23:00:00,0.0,-114612.42958904109,-10954339.26973687,0.0
2024-06-15 00:00:00,0.0,-114612.42958904109,-10954339.26973687,0.0
2024-06-15 01:00:00,0.0,-114612.42958904109,-10954339.26973687,0.0
2024-06-15 02:00:00,0.0,-114612.42958904109,-10954339.26973687,0.0
2024-06-15 03:00:00,0.0,-114612.42958904109,-10954339.26973687,0.0
2024-06-15 04:00:00,0.0,-114612.42958904109,-10954339.26973687,0.0
2024-06-15 05:00:00,0.0,-114612.42958904109,-10954339.26973687,0.0
2024-06-15 06:00:00,0.0,-114612.42958904109,-10954339.26973687,0.0
2024-06-15 07:00:00,0.0,-114612.42958904109,-10954339.26973687,0.0
2024-06-15 08:00:00,0.0,-114612.42958904109,-10954339.26973687,0.0
2024-06-15 09:00:00,0.0,-114612.42958904109,-10954339.26973687,0.0
2024-06-15 10:00:00,0.0,-114612.42958904109,-10954339.26973687,0.0
2024-06-15 11:00:00,0.0,-114612.42958904109,-10954339.26973687,0.0
2024-06-15 12:00:00,0.0,-114612.42958904109,-10957067.836412454,0.0
2024-06-15 13:00:00,0.0,-114612.42958904109,-10963038.79036143,0.0
2024-06-15 14:00:00,0.0,-114612.42958904109,-10972185.008311689,0.0
2024-06-15 15:00:00,0.0,-114612.42958904109,-10984779.360102274,0.0
2024-06-15 16:00:00,0.0,-114612.42958904109,-11001337.708270656,0.0
2024-06-15 17:00:00,0.0,-114612.42958904109,-11020304.907614172,0.0
2024-06-15 18:00:00,0.0,-114612.42958904109,-11039545.804723956,0.0
2024-06-15 19:00:00,0.0,-114612.42958904109,-11056480.237489609,0.0
2024-06-15 20:00:00,0.0,-114612.42958904109,-11068527.034572693,0.0
2024-06-15 21:00:00,0.0,-114612.42958904109,-11076788.014847042,0.0
2024-06-15 22:00:00,0.0,-114612.42958904109,-11079589.986803738,0.0
2024-06-15 23:00:00,0.0,-114612.42958904109,-11079589.986803738,0.0
2024-06-16 00:00:00,0.0,-114612.42958904109,-11079589.986803738,0.0
2024-06-16 01:00:00,0.0,-114612.42958904109,-11079589.986803738,0.0
2024-06-16 02:00:00,0.0,-114612.42958904109,-11079589.986803738,0.0
2024-06-16 03:00:00,0.0,-114612.42958904109,-11079589.986803738,0.0
2024-06-16 04:00:00,0.0,-114612.42958904109,-11079589.986803738,0.0
2024-06-16 05:00:00,0.0,-114612.42958904109,-11079589.986803738,0.0
2024-06-16 06:00:00,0.0,-114612.42958904109,-11079589.986803738,0.0
2024-06-16 07:00:00,0.0,-114612.42958904109,-11079589.986803738,0.0
2024-06-16 08:00:00,0.0,-114612.42958904109,-11079589.986803738,0.0
2024-06-16 09:00:00,0.0,-114612.42958904109,-11079589.986803738,0.0
2024-06-16 10:00:00,0.0,-114612.42958904109,-11079589.986803738,0.0
2024-06-16 11:00:00,0.0,-114612.42958904109,-11079589.986803738,0.0
2024-06-16 12:00:00,0.0,-114612.42958904109,-11083958.666163573,0.0
2024-06-16 13:00:00,0.0,-114612.42958904109,-11093974.47445176,0.0
2024-06-16 14:00:00,0.0,-114612.42958904109,-11109606.27389787,0.0
2024-06-16 15:00:00,0.0,-114612.42958904109,-11130679.918971851,0.0
2024-06-16 16:00:00,0.0,-114612.42958904109,-11156180.255916703,0.0
2024-06-16 17:00:00,0.0,-114612.42958904109,-11184984.122251797,0.0
2024-06-16 18:00:00,0.0,-114612.42958904109,-11213469.34624494,0.0
2024-06-16 19:00:00,0.0,-114612.42958904109,-11239483.746351164,0.0
2024-06-16 20:00:00,0.0,-114612.42958904109,-11261928.13061606,0.0
2024-06-16 21:00:00,0.0,-114612.42958904109,-11281482.296041396,0.0
2024-06-16 22:00:00,0.0,-114612.42958904109,-11295356.027910527,0.0
2024-06-16 23:00:00,0.0,-114612.42958904109,-11302247.099071,0.0
2024-06-17 00:00:00,0.0,-114612.42958904109,-11302247.099071,0.0
2024-06-17 01:00:00,0.0,-114612.42958904109,-11302247.099071,0.0
2024-06-17 02:00:00,0.0,-114612.42958904109,-11302247.099071,0.0
2024-06-17 03:00:00,0.0,-114612.42958904109,-11302247.099071,0.0
2024-06-17 04:00:00,0.0,-114612.42958904109,-11302247.099071,0.0
2024-06-17 05:00:00,0.0,-114612.42958904109,-11302247.099071,0.0
2024-06-17 06:00:00,0.0,-114612.42958904109,-11302247.099071,0.0
2024-06-17 07:00:00,0.0,-114612.42958904109,-11302247.099071,0.0
2024-06-17 08:00:00,0.0,-114612.42958904109,-11302247.099071,0.0
2024-06-17 09:00:00,0.0,-114612.42958904109,-11308278.237834316,0.0
2024-06-17 10:00:00,0.0,-114612.42958904109,-11321940.463077461,0.0
2024-06-17 11:00:00,0.0,-114612.42958904109,-11342825.690130223,0.0
2024-06-17 12:00:00,0.0,-114612.42958904109,-11370659.829726629,0.0
2024-06-17 13:00:00,0.0,-114612.42958904109,-11404178.787734857,0.0
2024-06-17 14:00:00,0.0,-114612.42958904109,-11441754.46487046,0.0
2024-06-17 15:00:00,0.0,-114612.42958904109,-11481625.75639186,0.0
2024-06-17 16:00:00,0.0,-114612.42958904109,-11522944.551776962,0.0
2024-06-17 17:00:00,0.0,-114612.42958904109,-11565026.73437968,0.0
2024-06-17 18:00:00,0.0,-114612.42958904109,-11606664.181065101,0.0
2024-06-17 19:00:00,0.0,-114612.42958904109,-11646207.761821894,0.0
2024-06-17 20:00:00,0.0,-114612.42958904109,-11681365.339350522,0.0
2024-06-17 21:00:00,0.0,-114612.42958904109,-11711854.76862568,0.0
2024-06-17 22:00:00,0.0,-114612.42958904109,-11734948.896431321,0.0
2024-06-17 23:00:00,0.0,-114612.42958904109,-11749216.560866464,0.0
2024-06-18 00:00:00,0.0,-114612.42958904109,-11749700.569375979,0.0
2024-06-18 01:00:00,0.0,-114612.42958904109,-11749700.569375979,0.0
2024-06-18 02:00:00,0.0,-114612.42958904109,-11749700.569375979,0.0
2024-06-18 03:00:00,0.0,-114612.42958904109,-11749700.569375979,0.0
2024-06-18 04:00:00,0.0,-114612.42958904109,-11749700.569375979,0.0
2024-06-18 05:00:00,0.0,-114612.42958904109,-11749700.569375979,0.0
2024-06-18 06:00:00,0.0,-114612.42958904109,-11749700.569375979,0.0
2024-06-18 07:00:00,0.0,-114612.42958904109,-11750338.202003317,0.0
2024-06-18 08:00:00,0.0,-114612.42958904109,-11757484.918246107,0.0
2024-06-18 09:00:00,0.0,-114612.42958904109,-11771275.633255485,0.0
2024-06-18 10:00:00,0.0,-114612.42958904109,-11791983.257575668,0.0
2024-06-18 11:00:00,0.0,-114612.42958904109,-11819723.696873145,0.0
2024-06-18 12:00:00,0.0,-114612.42958904109,-11854361.851649152,0.0
2024-06-18 13:00:00,0.0,-114612.42958904109,-11894379.616934348,0.0
2024-06-18 14:00:00,0.0,-114612.42958904109,-11937922.881964566,0.0
2024-06-18 15:00:00,0.0,-114612.42958904109,-11983809.52983643,0.0
2024-06-18 16:00:00,0.0,-114612.42958904109,-12030593.437141523,0.0
2024-06-18 17:00:00,0.0,-114612.42958904109,-12078031.473577771,0.0
2024-06-18 18:00:00,0.0,-114612.42958904109,-12124613.50153653,0.0
2024-06-18 19:00:00,0.0,-114612.42958904109,-12167916.375663843,0.0
2024-06-18 20:00:00,0.0,-114612.42958904109,-12206189.9423942,0.0
2024-06-18 21:00:00,0.0,-114612.42958904109,-12239649.039455004,0.0
2024-06-18 22:00:00,0.0,-114612.42958904109,-12265100.495339872,0.0
2024-06-18 23:00:00,0.0,-114612.42958904109,-12281441.128748745,0.0
2024-06-19 00:00:00,0.0,-114612.42958904109,-12283644.720636448,0.0
2024-06-19 01:00:00,0.0,-114612.42958904109,-12283644.720636448,0.0
2024-06-19 02:00:00,0.0,-114612.42958904109,-12283644.720636448,0.0
2024-06-19 03:00:00,0.0,-114612.42958904109,-12283644.720636448,0.0
2024-06-19 04:00:00,0.0,-114612.42958904109,-12283644.720636448,0.0
2024-06-19 05:00:00,0.0,-114612.42958904109,-12283644.720636448,0.0
2024-06-19 06:00:00,0.0,-114612.42958904109,-12283644.720636448,0.0
2024-06-19 07:00:00,0.0,-114612.42958904109,-12284280.923618296,0.0
2024-06-19 08:00:00,0.0,-114612.42958904109,-12291581.032675387,0.0
2024-06-19 09:00:00,0.0,-114612.42958904109,-12305573.953272263,0.0
2024-06-19 10:00:00,0.0,-114612.42958904109,-12326664.585695552,0.0
2024-06-19 11:00:00,0.0,-114612.42958904109,-12354660.824747844,0.0
2024-06-19 12:00:00,0.0,-114612.42958904109,-12388563.559422575,0.0
2024-06-19 13:00:00,0.0,-114612.42958904109,-12427336.672558717,0.0
2024-06-19 14:00:00,0.0,-114612.42958904109,-12469723.040473977,0.0
2024-06-19 15:00:00,0.0,-114612.42958904109,-12514385.532575123,0.0
2024-06-19 16:00:00,0.0,-114612.42958904109,-12561168.01094396,0.0
2024-06-19 17:00:00,0.0,-114612.42958904109,-12609064.329897411,0.0
2024-06-19 18:00:00,0.0,-114612.42958904109,-12656376.335519992,0.0
2024-06-19 19:00:00,0.0,-114612.42958904109,-12700090.865166944,0.0
2024-06-19 20:00:00,0.0,-114612.42958904109,-12738354.746936088,0.0
2024-06-19 21:00:00,0.0,-114612.42958904109,-12771867.799106408,0.0
2024-06-19 22:00:00,0.0,-114612.42958904109,-12797507.82954117,0.0
2024-06-19 23:00:00,0.0,-114612.42958904109,-12814131.635053312,0.0
2024-06-20 00:00:00,0.0,-114612.42958904109,-12816882.553124765,0.0
2024-06-20 01:00:00,0.0,-114612.42958904109,-12816882.553124765,0.0
2024-06-20 02:00:00,0.0,-114612.42958904109,-12816882.553124765,0.0
2024-06-20 03:00:00,0.0,-114612.42958904109,-12816882.553124765,0.0
2024-06-20 04:00:00,0.0,-114612.42958904109,-12816882.553124765,0.0
2024-06-20 05:00:00,0.0,-114612.42958904109,-12816882.553124765,0.0
2024-06-20 06:00:00,0.0,-114612.42958904109,-12816882.553124765,0.0
2024-06-20 07:00:00,0.0,-114612.42958904109,-12818848.955031864,0.0
2024-06-20 08:00:00,0.0,-114612.42958904109,-12827821.06511002,0.0
2024-06-20 09:00:00,0.0,-114612.42958904109,-12843296.777933447,0.0
2024-06-20 10:00:00,0.0,-114612.42958904109,-12866339.982252853,0.0
2024-06-20 11:00:00,0.0,-114612.42958904109,-12896527.560649209,0.0
2024-06-20 12:00:00,0.0,-114612.42958904109,-12932443.389165962,0.0
2024-06-20 13:00:00,0.0,-114612.42958904109,-12973052.336918313,0.0
2024-06-20 14:00:00,0.0,-114612.42958904109,-13017353.265678085,0.0
2024-06-20 15:00:00,0.0,-114612.42958904109,-13064274.029432599,0.0
2024-06-20 16:00:00,0.0,-114612.42958904109,-13112619.473915895,0.0
2024-06-20 17:00:00,0.0,-114612.42958904109,-13161629.436110508,0.0
2024-06-20 18:00:00,0.0,-114612.42958904109,-13209443.743717879,0.0
2024-06-20 19:00:00,0.0,-114612.42958904109,-13254477.214595402,0.0
2024-06-20 20:00:00,0.0,-114612.42958904109,-13294110.65615791,0.0
2024-06-20 21:00:00,0.0,-114612.42958904109,-13329086.864741322,0.0
2024-06-20 22:00:00,0.0,-114612.42958904109,-13356137.624925954,0.0
2024-06-20 23:00:00,0.0,-114612.42958904109,-13374338.708816921,0.0
2024-06-21 00:00:00,0.0,-114612.42958904109,-13378721.667150399,0.0
2024-06-21 01:00:00,0.0,-114612.42958904109,-13378721.667150399,0.0
2024-06-21 02:00:00,0.0,-114612.42958904109,-13378721.667150399,0.0
2024-06-21 03:00:00,0.0,-114612.42958904109,-13378721.667150399,0.0
2024-06-21 04:00:00,0.0,-114612.42958904109,-13378721.667150399,0.0
2024-06-21 05:00:00,0.0,-114612.42958904109,-13378721.667150399,0.0
2024-06-21 06:00:00,0.0,-114612.42958904109,-13378721.667150399,0.0
2024-06-21 07:00:00,0.0,-114612.42958904109,-13381512.85374974,0.0
2024-06-21 08:00:00,0.0,-114612.42958904109,-13392034.52771476,0.0
2024-06-21 09:00:00,0.0,-114612.42958904109,-13410432.57136807,0.0
2024-06-21 10:00:00,0.0,-114612.42958904109,-13437409.860478483,0.0
2024-06-21 11:00:00,0.0,-114612.42958904109,-13472741.263869226,0.0
2024-06-21 12:00:00,0.0,-114612.42958904109,-13514299.6430017,0.0
2024-06-21 13:00:00,0.0,-114612.42958904109,-13560739.851533156,0.0
2024-06-21 14:00:00,0.0,-114612.42958904109,-13610776.734846655,0.0
2024-06-21 15:00:00,0.0,-114612.42958904109,-13663257.12955148,0.0
2024-06-21 16:00:00,0.0,-114612.42958904109,-13718101.86295211,0.0
2024-06-21 17:00:00,0.0,-114612.42958904109,-13774095.752483724,0.0
2024-06-21 18:00:00,0.0,-114612.42958904109,-13829548.605112052,0.0
2024-06-21 19:00:00,0.0,-114612.42958904109,-13881992.21669526,0.0
2024-06-21 20:00:00,0.0,-114612.42958904109,-13928816.371305417,0.0
2024-06-21 21:00:00,0.0,-114612.42958904109,-13970328.840506887,0.0
2024-06-21 22:00:00,0.0,-114612.42958904109,-14004346.382588858,0.0
2024-06-21 23:00:00,0.0,-114612.42958904109,-14029610.741749017,0.0
2024-06-22 00:00:00,0.0,-114612.42958904109,-14040564.42217972,0.0
2024-06-22 01:00:00,0.0,-114612.42958904109,-14045107.089180391,0.0
2024-06-22 02:00:00,0.0,-114612.42958904109,-14045107.089180391,0.0
2024-06-22 03:00:00,0.0,-114612.42958904109,-14045107.089180391,0.0
2024-06-22 04:00:00,0.0,-114612.42958904109,-14045107.089180391,0.0
2024-06-22 05:00:00,0.0,-114612.42958904109,-14045107.089180391,0.0
2024-06-22 06:00:00,0.0,-114612.42958904109,-14045107.089180391,0.0
2024-06-22 07:00:00,0.0,-114612.42958904109,-14045107.089180391,0.0
2024-06-22 08:00:00,0.0,-114612.42958904109,-14052916.838877477,0.0
2024-06-22 09:00:00,0.0,-114612.42958904109,-14070044.697894683,0.0
2024-06-22 10:00:00,0.0,-114612.42958904109,-14096964.527382547,0.0
2024-06-22 11:00:00,0.0,-114612.42958904109,-14132121.180667788,0.0
2024-06-22 12:00:00,0.0,-114612.42958904109,-14173971.50278198,0.0
2024-06-22 13:00:00,0.0,-114612.42958904109,-14220706.329960613,0.0
2024-06-22 14:00:00,0.0,-114612.42958904109,-14270067.489110624,0.0
2024-06-22 15:00:00,0.0,-114612.42958904109,-14321447.797244355,0.0
2024-06-22 16:00:00,0.0,-114612.42958904109,-14374456.060877759,0.0
2024-06-22 17:00:00,0.0,-114612.42958904109,-14428099.075390538,0.0
2024-06-22 18:00:00,0.0,-114612.42958904109,-14480720.624345733,0.0
2024-06-22 19:00:00,0.0,-114612.42958904109,-14530513.478766127,0.0
2024-06-22 20:00:00,0.0,-114612.42958904109,-14575786.396364653,0.0
2024-06-22 21:00:00,0.0,-114612.42958904109,-14616805.120725803,0.0
2024-06-22 22:00:00,0.0,-114612.42958904109,-14651368.380434817,0.0
2024-06-22 23:00:00,0.0,-114612.42958904109,-14678310.888151279,0.0
2024-06-23 00:00:00,0.0,-114612.42958904109,-14691732.93630046,0.0
2024-06-23 01:00:00,0.0,-114612.42958904109,-14699575.782210069,0.0
2024-06-23 02:00:00,0.0,-114612.42958904109,-14703298.325305495,0.0
2024-06-23 03:00:00,0.0,-114612.42958904109,-14704112.459474014,0.0
2024-06-23 04:00:00,0.0,-114612.42958904109,-14704112.459474014,0.0
2024-06-23 05:00:00,0.0,-114612.42958904109,-14704112.459474014,0.0
2024-06-23 06:00:00,0.0,-114612.42958904109,-14704112.459474014,0.0
2024-06-23 07:00:00,0.0,-114612.42958904109,-14705406.774106644,0.0
2024-06-23 08:00:00,0.0,-114612.42958904109,-14712586.05393352,0.0
2024-06-23 09:00:00,0.0,-114612.42958904109,-14726434.151950357,0.0
2024-06-23 10:00:00,0.0,-114612.42958904109,-14747007.912836744,0.0
2024-06-23 11:00:00,0.0,-114612.42958904109,-14773992.17245384,0.0
2024-06-23 12:00:00,0.0,-114612.42958904109,-14805955.75731046,0.0
2024-06-23 13:00:00,0.0,-114612.42958904109,-14841641.483995484,0.0
2024-06-23 14:00:00,0.0,-114612.42958904109,-14880033.158574425,0.0
2024-06-23 15:00:00,0.0,-114612.42958904109,-14920685.575947799,0.0
2024-06-23 16:00:00,0.0,-114612.42958904109,-14963080.51916885,0.0
2024-06-23 17:00:00,0.0,-114612.42958904109,-15006166.758717958,0.0
2024-06-23 18:00:00,0.0,-114612.42958904109,-15047643.051730914,0.0
2024-06-23 19:00:00,0.0,-114612.42958904109,-15086294.141178055,0.0
2024-06-23 20:00:00,0.0,-114612.42958904109,-15121681.75499104,0.0
2024-06-23 21:00:00,0.0,-114612.42958904109,-15153230.605133858,0.0
2024-06-23 22:00:00,0.0,-114612.42958904109,-15178854.386614397,0.0
2024-06-23 23:00:00,0.0,-114612.42958904109,-15197195.776432691,0.0
2024-06-24 00:00:00,0.0,-114612.42958904109,-15197195.776432691,0.0
2024-06-24 01:00:00,0.0,-114612.42958904109,-15197195.776432691,0.0
2024-06-24 02:00:00,0.0,-114612.42958904109,-15197195.776432691,0.0
2024-06-24 03:00:00,0.0,-114612.42958904109,-15197195.776432691,0.0
2024-06-24 04:00:00,0.0,-114612.42958904109,-15197195.776432691,0.0
2024-06-24 05:00:00,0.0,-114612.42958904109,-15197195.776432691,0.0
2024-06-24 06:00:00,0.0,-114612.42958904109,-15197195.776432691,0.0
2024-06-24 07:00:00,0.0,-114612.42958904109,-15197195.776432691,0.0
2024-06-24 08:00:00,0.0,-114612.42958904109,-15200393.07079316,0.0
2024-06-24 09:00:00,0.0,-114612.42958904109,-15208258.9598374,0.0
2024-06-24 10:00:00,0.0,-114612.42958904109,-15220321.331946127,0.0
2024-06-24 11:00:00,0.0,-114612.42958904109,-15236166.069310557,0.0
2024-06-24 12:00:00,0.0,-114612.42958904109,-15255731.04756347,0.0
2024-06-24 13:00:00,0.0,-114612.42958904109,-15278213.135387283,0.0
2024-06-24 14:00:00,0.0,-114612.42958904109,-15303047.194097614,0.0
2024-06-24 15:00:00,0.0,-114612.42958904109,-15330180.077200804,0.0
2024-06-24 16:00:00,0.0,-114612.42958904109,-15359275.629923673,0.0
2024-06-24 17:00:00,0.0,-114612.42958904109,-15389748.68871376,0.0
2024-06-24 18:00:00,0.0,-114612.42958904109,-15419712.080708094,0.0
2024-06-24 19:00:00,0.0,-114612.42958904109,-15446776.623168506,0.0
2024-06-24 20:00:00,0.0,-114612.42958904109,-15468808.122881265,0.0
2024-06-24 21:00:00,0.0,-114612.42958904109,-15486143.375518762,0.0
2024-06-24 22:00:00,0.0,-114612.42958904109,-15496295.164960751,0.0
2024-06-24 23:00:00,0.0,-114612.42958904109,-15498359.262572527,0.0
2024-06-25 00:00:00,0.0,-114612.42958904109,-15498359.262572527,0.0
2024-06-25 01:00:00,0.0,-114612.42958904109,-15498359.262572527,0.0
2024-06-25 02:00:00,0.0,-114612.42958904109,-15498359.262572527,0.0
2024-06-25 03:00:00,0.0,-114612.42958904109,-15498359.262572527,0.0
2024-06-25 04:00:00,0.0,-114612.42958904109,-15498359.262572527,0.0
2024-06-25 05:00:00,0.0,-114612.42958904109,-15498359.262572527,0.0
2024-06-25 06:00:00,0.0,-114612.42958904109,-15498359.262572527,0.0
2024-06-25 07:00:00,0.0,-114612.42958904109,-15498359.262572527,0.0
2024-06-25 08:00:00,0.0,-114612.42958904109,-15498359.262572527,0.0
2024-06-25 09:00:00,0.0,-114612.42958904109,-15500443.464421213,0.0
2024-06-25 10:00:00,0.0,-114612.42958904109,-15507707.9024587,0.0
2024-06-25 11:00:00,0.0,-114612.42958904109,-15519876.445073454,0.0
2024-06-25 12:00:00,0.0,-114612.42958904109,-15536926.953268582,0.0
2024-06-25 13:00:00,0.0,-114612.42958904109,-15558420.280218141,0.0
2024-06-25 14:00:00,0.0,-114612.42958904109,-15583843.270795628,0.0
2024-06-25 15:00:00,0.0,-114612.42958904109,-15612509.761072846,0.0
2024-06-25 16:00:00,0.0,-114612.42958904109,-15644533.577787235,0.0
2024-06-25 17:00:00,0.0,-114612.42958904109,-15679619.537775623,0.0
2024-06-25 18:00:00,0.0,-114612.42958904109,-15714323.447372222,0.0
2024-06-25 19:00:00,0.0,-114612.42958904109,-15745842.101768551,0.0
2024-06-25 20:00:00,0.0,-114612.42958904109,-15773059.284332793,0.0
2024-06-25 21:00:00,0.0,-114612.42958904109,-15796707.76588598,0.0
2024-06-25 22:00:00,0.0,-114612.42958904109,-15813687.303932156,0.0
2024-06-25 23:00:00,0.0,-114612.42958904109,-15823098.641839538,0.0
2024-06-26 00:00:00,0.0,-114612.42958904109,-15823098.641839538,0.0
2024-06-26 01:00:00,0.0,-114612.42958904109,-15823098.641839538,0.0
2024-06-26 02:00:00,0.0,-114612.42958904109,-15823098.641839538,0.0
2024-06-26 03:00:00,0.0,-114612.42958904109,-15823098.641839538,0.0
2024-06-26 04:00:00,0.0,-114612.42958904109,-15823098.641839538,0.0
2024-06-26 05:00:00,0.0,-114612.42958904109,-15823098.641839538,0.0
2024-06-26 06:00:00,0.0,-114612.42958904109,-15823098.641839538,0.0
2024-06-26 07:00:00,0.0,-114612.42958904109,-15823098.641839538,0.0
2024-06-26 08:00:00,0.0,-114612.42958904109,-15829343.539651467,0.0
2024-06-26 09:00:00,0.0,-114612.42958904109,-15841996.537041916,0.0
2024-06-26 10:00:00,0.0,-114612.42958904109,-15861237.494701032,0.0
2024-06-26 11:00:00,0.0,-114612.42958904109,-15886492.265470112,0.0
2024-06-26 12:00:00,0.0,-114612.42958904109,-15917058.69386881,0.0
2024-06-26 13:00:00,0.0,-114612.42958904109,-15952325.615592645,0.0
2024-06-26 14:00:00,0.0,-114612.42958904109,-15990898.85697887,0.0
2024-06-26 15:00:00,0.0,-114612.42958904109,-16031150.234438678,0.0
2024-06-26 16:00:00,0.0,-114612.42958904109,-16072555.553853538,0.0
2024-06-26 17:00:00,0.0,-114612.42958904109,-16113849.609933356,0.0
2024-06-26 18:00:00,0.0,-114612.42958904109,-16153187.185533961,0.0
2024-06-26 19:00:00,0.0,-114612.42958904109,-16188730.050931275,0.0
2024-06-26 20:00:00,0.0,-114612.42958904109,-16219095.963049341,0.0
2024-06-26 21:00:00,0.0,-114612.42958904109,-16244058.664639208,0.0
2024-06-26 22:00:00,0.0,-114612.42958904109,-16261125.883405453,0.0
2024-06-26 23:00:00,0.0,-114612.42958904109,-16269711.331076916,0.0
2024-06-27 00:00:00,0.0,-114612.42958904109,-16269711.331076916,0.0
2024-06-27 01:00:00,0.0,-114612.42958904109,-16269711.331076916,0.0
2024-06-27 02:00:00,0.0,-114612.42958904109,-16269711.331076916,0.0
2024-06-27 03:00:00,0.0,-114612.42958904109,-16269711.331076916,0.0
2024-06-27 04:00:00,0.0,-114612.42958904109,-16269711.331076916,0.0
2024-06-27 05:00:00,0.0,-114612.42958904109,-16269711.331076916,0.0
2024-06-27 06:00:00,0.0,-114612.42958904109,-16269711.331076916,0.0
2024-06-27 07:00:00,0.0,-114612.42958904109,-16269711.331076916,0.0
2024-06-27 08:00:00,0.0,-114612.42958904109,-16269711.331076916,0.0
2024-06-27 09:00:00,0.0,-114612.42958904109,-16273169.54563962,0.0
2024-06-27 10:00:00,0.0,-114612.42958904109,-16280564.411827119,0.0
2024-06-27 11:00:00,0.0,-114612.42958904109,-16291967.764958095,0.0
2024-06-27 12:00:00,0.0,-114612.42958904109,-16307517.430969022,0.0
2024-06-27 13:00:00,0.0,-114612.42958904109,-16326994.225844821,0.0
2024-06-27 14:00:00,0.0,-114612.42958904109,-16349695.955013538,0.0
2024-06-27 15:00:00,0.0,-114612.42958904109,-16375215.412702736,0.0
2024-06-27 16:00:00,0.0,-114612.42958904109,-16403811.3812551,0.0
2024-06-27 17:00:00,0.0,-114612.42958904109,-16434410.630400596,0.0
2024-06-27 18:00:00,0.0,-114612.42958904109,-16464414.916482365,0.0
2024-06-27 19:00:00,0.0,-114612.42958904109,-16491222.981633313,0.0
2024-06-27 20:00:00,0.0,-114612.42958904109,-16512748.552900204,0.0
2024-06-27 21:00:00,0.0,-114612.42958904109,-16529384.341311797,0.0
2024-06-27 22:00:00,0.0,-114612.42958904109,-16539274.040887378,0.0
2024-06-27 23:00:00,0.0,-114612.42958904109,-16542063.327581765,0.0
2024-06-28 00:00:00,0.0,-114612.42958904109,-16542063.327581765,0.0
2024-06-28 01:00:00,0.0,-114612.42958904109,-16542063.327581765,0.0
2024-06-28 02:00:00,0.0,-114612.42958904109,-16542063.327581765,0.0
2024-06-28 03:00:00,0.0,-114612.42958904109,-16542063.327581765,0.0
2024-06-28 04:00:00,0.0,-114612.42958904109,-16542063.327581765,0.0
2024-06-28 05:00:00,0.0,-114612.42958904109,-16542063.327581765,0.0
2024-06-28 06:00:00,0.0,-114612.42958904109,-16542063.327581765,0.0
2024-06-28 07:00:00,0.0,-114612.42958904109,-16542063.327581765,0.0
2024-06-28 08:00:00,0.0,-114612.42958904109,-16542063.327581765,0.0
2024-06-28 09:00:00,0.0,-114612.42958904109,-16542063.327581765,0.0
2024-06-28 10:00:00,0.0,-114612.42958904109,-16543918.418171354,0.0
2024-06-28 11:00:00,0.0,-114612.42958904109,-16549755.630408857,0.0
2024-06-28 12:00:00,0.0,-114612.42958904109,-16560068.769268218,0.0
2024-06-28 13:00:00,0.0,-114612.42958904109,-16574594.628493927,0.0
2024-06-28 14:00:00,0.0,-114612.42958904109,-16593263.989914741,0.0
2024-06-28 15:00:00,0.0,-114612.42958904109,-16615703.622713832,0.0
2024-06-28 16:00:00,0.0,-114612.42958904109,-16641156.282652529,0.0
2024-06-28 17:00:00,0.0,-114612.42958904109,-16668223.71124463,0.0
2024-06-28 18:00:00,0.0,-114612.42958904109,-16694152.634878045,0.0
2024-06-28 19:00:00,0.0,-114612.42958904109,-16716893.763880339,0.0
2024-06-28 20:00:00,0.0,-114612.42958904109,-16735728.791524472,0.0
2024-06-28 21:00:00,0.0,-114612.42958904109,-16751922.392970864,0.0
2024-06-28 22:00:00,0.0,-114612.42958904109,-16763207.224141547,0.0
2024-06-28 23:00:00,0.0,-114612.42958904109,-16768562.920522,0.0
2024-06-29 00:00:00,,,,
2024-06-29 01:00:00,,,,
2024-06-29 02:00:00,,,,
2024-06-29 03:00:00,,,,
2024-06-29 04:00:00,0.0,-114612.42958904109,-16768562.920522,0.0
2024-06-29 05:00:00,0.0,-114612.42958904109,-16768562.920522,0.0
2024-06-29 06:00:00,0.0,-114612.42958904109,-16768562.920522,0.0
2024-06-29 07:00:00,0.0,-114612.42958904109,-16768562.920522,0.0
2024-06-29 08:00:00,0.0,-114612.42958904109,-16768562.920522,0.0
2024-06-29 09:00:00,0.0,-114612.42958904109,-16772922.550068075,0.0
2024-06-29 10:00:00,0.0,-114612.42958904109,-16783177.09855607,0.0
2024-06-29 11:00:00,0.0,-114612.42958904109,-16799279.35924668,0.0
2024-06-29 12:00:00,0.0,-114612.42958904109,-16820464.113453947,0.0
2024-06-29 13:00:00,0.0,-114612.42958904109,-16846174.12981341,0.0
2024-06-29 14:00:00,0.0,-114612.42958904109,-16875100.16350369,0.0
2024-06-29 15:00:00,0.0,-114612.42958904109,-16907128.955418512,0.0
2024-06-29 16:00:00,0.0,-114612.42958904109,-16942440.231285892,0.0
2024-06-29 17:00:00,0.0,-114612.42958904109,-16979788.700731084,0.0
2024-06-29 18:00:00,0.0,-114612.42958904109,-17016909.056279536,0.0
2024-06-29 19:00:00,0.0,-114612.42958904109,-17051787.972295985,0.0
2024-06-29 20:00:00,0.0,-114612.42958904109,-17083249.103855442,0.0
2024-06-29 21:00:00,0.0,-114612.42958904109,-17111227.08554165,0.0
2024-06-29 22:00:00,0.0,-114612.42958904109,-17133947.53016819,0.0
2024-06-29 23:00:00,0.0,-114612.42958904109,-17150733.02741718,0.0
2024-06-30 00:00:00,0.0,-114612.42958904109,-17155145.76424251,0.0
2024-06-30 01:00:00,0.0,-114612.42958904109,-17155145.76424251,0.0
2024-06-30 02:00:00,0.0,-116344.95205479451,-17155145.76424251,0.0
2024-06-30 03:00:00,0.0,-116344.95205479451,-17155145.76424251,0.0
2024-06-30 04:00:00,0.0,-116344.95205479451,-17155145.76424251,0.0
2024-06-30 05:00:00,0.0,-118059.86273972601,-17155145.76424251,0.0
2024-06-30 06:00:00,0.0,-118534.86273972601,-17155145.76424251,0.0
2024-06-30 07:00:00,0.0,-118534.86273972601,-17155145.76424251,0.0
2024-06-30 08:00:00,0.0,-119658.67643835615,-17155145.76424251,0.0
2024-06-30 09:00:00,0.0,-119658.67643835615,-17160799.426327668,0.0
2024-06-30 10:00:00,0.0,-119658.67643835615,-17172238.573240712,0.0
2024-06-30 11:00:00,0.0,-119658.67643835615,-17188863.973068707,0.0
2024-06-30 12:00:00,0.0,-119658.67643835615,-17209343.38040667,0.0
2024-06-30 13:00:00,0.0,-119658.67643835615,-17233293.53552728,0.0
2024-06-30 14:00:00,0.0,-119658.67643835615,-17260327.163497638,0.0
2024-06-30 15:00:00,0.0,-119658.67643835615,-17290087.97323957,0.0
2024-06-30 16:00:00,0.0,-119658.67643835615,-17321810.65652983,0.0
2024-06-30 17:00:00,0.0,-119658.67643835615,-17353565.886936184,0.0
2024-06-30 18:00:00,0.0,-119658.67643835615,-17383068.31868526,0.0
2024-06-30 19:00:00,0.0,-119658.67643835615,-17409052.585457593,0.0
2024-06-30 20:00:00,0.0,-119658.67643835615,-17430344.29910514,0.0
2024-06-30 21:00:00,0.0,-119658.67643835615,-17447756.048286118,0.0
2024-06-30 22:00:00,0.0,-119658.67643835615,-17459235.39701172,0.0
2024-06-30 23:00:00,0.0,-119658.67643835615,-17463682.883098923,0.0
2024-07-01 00:00:00,0.0,-119658.67643835615,-17463682.883098923,0.0
2024-07-01 01:00:00,0.0,-119658.67643835615,-17463682.883098923,0.0
2024-07-01 02:00:00,0.0,-119658.67643835615,-17463682.883098923,0.0
2024-07-01 03:00:00,0.0,-119658.67643835615,-17463682.883098923,0.0
2024-07-01 04:00:00,0.0,-119658.67643835615,-17463682.883098923,0.0
2024-07-01 05:00:00,0.0,-119658.67643835615,-17463682.883098923,0.0
2024-07-01 06:00:00,0.0,-119658.67643835615,-17463682.883098923,0.0
2024-07-01 07:00:00,0.0,-119658.67643835615,-17463682.883098923,0.0
2024-07-01 08:00:00,0.0,-119658.67643835615,-17463682.883098923,0.0
2024-07-01 09:00:00,0.0,-119658.67643835615,-17463682.883098923,0.0
2024-07-01 10:00:00,0.0,-119658.67643835615,-17463682.883098923,0.0
2024-07-01 11:00:00,0.0,-119658.67643835615,-17463682.883098923,0.0
2024-07-01 12:00:00,0.0,-119658.67643835615,-17463682.883098923,0.0
2024-07-01 13:00:00,0.0,-119658.67643835615,-17463682.883098923,0.0
2024-07-01 14:00:00,0.0,-119658.67643835615,-17463902.333755177,0.0
2024-07-01 15:00:00,0.0,-119658.67643835615,-17467174.982409857,0.0
2024-07-01 16:00:00,0.0,-119658.67643835615,-17473699.750389457,0.0
2024-07-01 17:00:00,0.0,-119658.67643835615,-17483280.55477522,0.0
2024-07-01 18:00:00,0.0,-119658.67643835615,-17493224.30815462,0.0
2024-07-01 19:00:00,0.0,-119658.67643835615,-17501478.91835753,0.0
2024-07-01 20:00:00,0.0,-119658.67643835615,-17505310.288176093,0.0
2024-07-01 21:00:00,0.0,-119658.67643835615,-17505955.315067325,0.0
2024-07-01 22:00:00,0.0,-119658.67643835615,-17505955.315067325,0.0
2024-07-01 23:00:00,0.0,-119658.67643835615,-17505955.315067325,0.0
2024-07-02 00:00:00,0.0,-119658.67643835615,-17505955.315067325,0.0
2024-07-02 01:00:00,0.0,-119658.67643835615,-17505955.315067325,0.0
2024-07-02 02:00:00,0.0,-119658.67643835615,-17505955.315067325,0.0
2024-07-02 03:00:00,0.0,-119658.67643835615,-17505955.315067325,0.0
2024-07-02 04:00:00,0.0,-119658.67643835615,-17505955.315067325,0.0
2024-07-02 05:00:00,0.0,-119658.67643835615,-17505955.315067325,0.0
2024-07-02 06:00:00,0.0,-119658.67643835615,-17505955.315067325,0.0
2024-07-02 07:00:00,0.0,-119658.67643835615,-17505955.315067325,0.0
2024-07-02 08:00:00,0.0,-119658.67643835615,-17505955.315067325,0.0
2024-07-02 09:00:00,0.0,-119658.67643835615,-17505955.315067325,0.0
2024-07-02 10:00:00,0.0,-119658.67643835615,-17505955.315067325,0.0
2024-07-02 11:00:00,0.0,-119658.67643835615,-17505955.315067325,0.0
2024-07-02 12:00:00,0.0,-119658.67643835615,-17507950.263448842,0.0
2024-07-02 13:00:00,0.0,-119658.67643835615,-17514961.407201417,0.0
2024-07-02 14:00:00,0.0,-119658.67643835615,-17526466.667487577,0.0
2024-07-02 15:00:00,0.0,-119658.67643835615,-17542357.961214382,0.0
2024-07-02 16:00:00,0.0,-119658.67643835615,-17562784.200784244,0.0
2024-07-02 17:00:00,0.0,-119658.67643835615,-17586176.29383038,0.0
2024-07-02 18:00:00,0.0,-119658.67643835615,-17609738.14293599,0.0
2024-07-02 19:00:00,0.0,-119658.67643835615,-17631232.64533602,0.0
2024-07-02 20:00:00,0.0,-119658.67643835615,-17648200.692600477,0.0
2024-07-02 21:00:00,0.0,-119658.67643835615,-17661514.17029808,0.0
2024-07-02 22:00:00,0.0,-119658.67643835615,-17668757.957638994,0.0
2024-07-02 23:00:00,0.0,-119658.67643835615,-17668757.957638994,0.0
2024-07-03 00:00:00,0.0,-119658.67643835615,-17668757.957638994,0.0
2024-07-03 01:00:00,0.0,-119658.67643835615,-17668757.957638994,0.0
2024-07-03 02:00:00,0.0,-119658.67643835615,-17668757.957638994,0.0
2024-07-03 03:00:00,0.0,-119658.67643835615,-17668757.957638994,0.0
2024-07-03 04:00:00,0.0,-119658.67643835615,-17668757.957638994,0.0
2024-07-03 05:00:00,0.0,-119658.67643835615,-17668757.957638994,0.0
2024-07-03 06:00:00,0.0,-119658.67643835615,-17668757.957638994,0.0
2024-07-03 07:00:00,0.0,-119658.67643835615,-17668757.957638994,0.0
2024-07-03 08:00:00,0.0,-119658.67643835615,-17668757.957638994,0.0
2024-07-03 09:00:00,0.0,-119658.67643835615,-17671699.13605677,0.0
2024-07-03 10:00:00,0.0,-119658.67643835615,-17680403.582187604,0.0
2024-07-03 11:00:00,0.0,-119658.67643835615,-17694928.221060205,0.0
2024-07-03 12:00:00,0.0,-119658.67643835615,-17715264.973672938,0.0
2024-07-03 13:00:00,0.0,-119658.67643835615,-17740370.75675845,0.0
2024-07-03 14:00:00,0.0,-119658.67643835615,-17769605.48253385,0.0
2024-07-03 15:00:00,0.0,-119658.67643835615,-17801830.058435462,0.0
2024-07-03 16:00:00,0.0,-119658.67643835615,-17836267.38683725,0.0
2024-07-03 17:00:00,0.0,-119658.67643835615,-17871696.364751812,0.0
2024-07-03 18:00:00,0.0,-119658.67643835615,-17905196.883512825,0.0
2024-07-03 19:00:00,0.0,-119658.67643835615,-17934635.828437828,0.0
2024-07-03 20:00:00,0.0,-119658.67643835615,-17959090.078469973,0.0
2024-07-03 21:00:00,0.0,-119658.67643835615,-17978946.5057975,0.0
2024-07-03 22:00:00,0.0,-119658.67643835615,-17992333.975449428,0.0
2024-07-03 23:00:00,0.0,-119658.67643835615,-17998920.344865944,0.0
2024-07-04 00:00:00,0.0,-119658.67643835615,-17998920.344865944,0.0
2024-07-04 01:00:00,0.0,-119658.67643835615,-17998920.344865944,0.0
2024-07-04 02:00:00,0.0,-119658.67643835615,-17998920.344865944,0.0
2024-07-04 03:00:00,0.0,-119658.67643835615,-17998920.344865944,0.0
2024-07-04 04:00:00,0.0,-119658.67643835615,-17998920.344865944,0.0
2024-07-04 05:00:00,0.0,-119658.67643835615,-17998920.344865944,0.0
2024-07-04 06:00:00,0.0,-119658.67643835615,-17998920.344865944,0.0
2024-07-04 07:00:00,0.0,-119658.67643835615,-17998920.344865944,0.0
2024-07-04 08:00:00,0.0,-119658.67643835615,-17998920.344865944,0.0
2024-07-04 09:00:00,0.0,-119658.67643835615,-17998920.344865944,0.0
2024-07-04 10:00:00,0.0,-119658.67643835615,-18004682.589825857,0.0
2024-07-04 11:00:00,0.0,-119658.67643835615,-18017300.862288367,0.0
2024-07-04 12:00:00,0.0,-119658.67643835615,-18035914.074285034,0.0
2024-07-04 13:00:00,0.0,-119658.67643835615,-18059140.13305504,0.0
2024-07-04 14:00:00,0.0,-119658.67643835615,-18085220.940762844,0.0
2024-07-04 15:00:00,0.0,-119658.67643835615,-18113143.394198388,0.0
2024-07-04 16:00:00,0.0,-119658.67643835615,-18142386.38445872,0.0
2024-07-04 17:00:00,0.0,-119658.67643835615,-18171433.796609852,0.0
2024-07-04 18:00:00,0.0,-119658.67643835615,-18198281.509327568,0.0
2024-07-04 19:00:00,0.0,-119658.67643835615,-18221737.39451587,0.0
2024-07-04 20:00:00,0.0,-119658.67643835615,-18241549.316901572,0.0
2024-07-04 21:00:00,0.0,-119658.67643835615,-18257509.13360358,0.0
2024-07-04 22:00:00,0.0,-119658.67643835615,-18269547.69367511,0.0
2024-07-04 23:00:00,0.0,-119658.67643835615,-18277086.83761723,0.0
2024-07-05 00:00:00,0.0,-119658.67643835615,-18277086.83761723,0.0
2024-07-05 01:00:00,0.0,-119658.67643835615,-18277086.83761723,0.0
2024-07-05 02:00:00,0.0,-119658.67643835615,-18277086.83761723,0.0
2024-07-05 03:00:00,0.0,-119658.67643835615,-18277086.83761723,0.0
2024-07-05 04:00:00,0.0,-119658.67643835615,-18277086.83761723,0.0
2024-07-05 05:00:00,0.0,-119658.67643835615,-18277086.83761723,0.0
2024-07-05 06:00:00,0.0,-119658.67643835615,-18277086.83761723,0.0
2024-07-05 07:00:00,0.0,-119658.67643835615,-18277086.83761723,0.0
2024-07-05 08:00:00,0.0,-119658.67643835615,-18277896.574945528,0.0
2024-07-05 09:00:00,0.0,-119658.67643835615,-18285808.336803943,0.0
2024-07-05 10:00:00,0.0,-119658.67643835615,-18301175.03503826,0.0
2024-07-05 11:00:00,0.0,-119658.67643835615,-18323402.576690257,0.0
2024-07-05 12:00:00,0.0,-119658.67643835615,-18351367.863714617,0.0
2024-07-05 13:00:00,0.0,-119658.67643835615,-18384569.792678345,0.0
2024-07-05 14:00:00,0.0,-119658.67643835615,-18421535.254441533,0.0
2024-07-05 15:00:00,0.0,-119658.67643835615,-18461169.133818325,0.0
2024-07-05 16:00:00,0.0,-119658.67643835615,-18502587.30921677,0.0
2024-07-05 17:00:00,0.0,-119658.67643835615,-18544700.652256247,0.0
2024-07-05 18:00:00,0.0,-119658.67643835615,-18585191.02736096,0.0
2024-07-05 19:00:00,0.0,-119658.67643835615,-18622392.29132805,0.0
2024-07-05 20:00:00,0.0,-119658.67643835615,-18654966.292868603,0.0
2024-07-05 21:00:00,0.0,-119658.67643835615,-18683598.872119848,0.0
2024-07-05 22:00:00,0.0,-119658.67643835615,-18706689.860126685,0.0
2024-07-05 23:00:00,0.0,-119658.67643835615,-18723250.078290533,0.0
2024-07-06 00:00:00,0.0,-119658.67643835615,-18727229.561405934,0.0
2024-07-06 01:00:00,0.0,-119658.67643835615,-18727229.561405934,0.0
2024-07-06 02:00:00,0.0,-119658.67643835615,-18727229.561405934,0.0
2024-07-06 03:00:00,0.0,-119658.67643835615,-18727229.561405934,0.0
2024-07-06 04:00:00,0.0,-119658.67643835615,-18727229.561405934,0.0
2024-07-06 05:00:00,0.0,-119658.67643835615,-18727229.561405934,0.0
2024-07-06 06:00:00,0.0,-119658.67643835615,-18727229.561405934,0.0
2024-07-06 07:00:00,0.0,-119658.67643835615,-18727229.561405934,0.0
2024-07-06 08:00:00,0.0,-119658.67643835615,-18728322.745894935,0.0
2024-07-06 09:00:00,0.0,-119658.67643835615,-18737203.770443205,0.0
2024-07-06 10:00:00,0.0,-119658.67643835615,-18753404.536795378,0.0
2024-07-06 11:00:00,0.0,-119658.67643835615,-18776029.94129522,0.0
2024-07-06 12:00:00,0.0,-119658.67643835615,-18803776.874565568,0.0
2024-07-06 13:00:00,0.0,-119658.67643835615,-18835080.221168354,0.0
2024-07-06 14:00:00,0.0,-119658.67643835615,-18869663.85924354,0.0
2024-07-06 15:00:00,0.0,-119658.67643835615,-18906732.66012547,0.0
2024-07-06 16:00:00,0.0,-119658.67643835615,-18946645.487935334,0.0
2024-07-06 17:00:00,0.0,-119658.67643835615,-18988201.199148055,0.0
2024-07-06 18:00:00,0.0,-119658.67643835615,-19029433.6421321,0.0
2024-07-06 19:00:00,0.0,-121196.67643835615,-19068506.656660337,0.0
2024-07-06 20:00:00,0.0,-122910.67643835615,-19102665.07339016,0.0
2024-07-06 21:00:00,0.0,-122910.67643835615,-19132186.71331083,0.0
2024-07-06 22:00:00,0.0,-124239.67643835615,-19155748.387155954,0.0
2024-07-06 23:00:00,0.0,-124239.67643835615,-19172663.894778796,0.0
2024-07-07 00:00:00,0.0,-124239.67643835615,-19176664.744817913,0.0
2024-07-07 01:00:00,0.0,-124239.67643835615,-19176664.744817913,0.0
2024-07-07 02:00:00,0.0,-124239.67643835615,-19176664.744817913,0.0
2024-07-07 03:00:00,0.0,-124239.67643835615,-19176664.744817913,0.0
2024-07-07 04:00:00,0.0,-124239.67643835615,-19176664.744817913,0.0
2024-07-07 05:00:00,0.0,-124239.67643835615,-19176664.744817913,0.0
2024-07-07 06:00:00,0.0,-124239.67643835615,-19176664.744817913,0.0
2024-07-07 07:00:00,0.0,-124239.67643835615,-19176664.744817913,0.0
2024-07-07 08:00:00,0.0,-124239.67643835615,-19176664.744817913,0.0
2024-07-07 09:00:00,0.0,-124239.67643835615,-19181089.624862563,0.0
2024-07-07 10:00:00,0.0,-124239.67643835615,-19192977.029645152,0.0
2024-07-07 11:00:00,0.0,-124239.67643835615,-19211493.84347509,0.0
2024-07-07 12:00:00,0.0,-124239.67643835615,-19236256.944223862,0.0
2024-07-07 13:00:00,0.0,-124239.67643835615,-19266092.20294042,0.0
2024-07-07 14:00:00,0.0,-124239.67643835615,-19300206.483442493,0.0
2024-07-07 15:00:00,0.0,-124239.67643835615,-19337947.641882353,0.0
2024-07-07 16:00:00,0.0,-124239.67643835615,-19378893.526285358,0.0
2024-07-07 17:00:00,0.0,-124239.67643835615,-19421793.9760595,0.0
2024-07-07 18:00:00,0.0,-124239.67643835615,-19464166.82147411,0.0
2024-07-07 19:00:00,0.0,-124239.67643835615,-19503752.883105688,0.0
2024-07-07 20:00:00,0.0,-124239.67643835615,-19538829.971248794,0.0
2024-07-07 21:00:00,0.0,-124239.67643835615,-19569711.885289643,0.0
2024-07-07 22:00:00,0.0,-124239.67643835615,-19593421.413040034,0.0
2024-07-07 23:00:00,0.0,-124239.67643835615,-19609524.330029044,0.0
2024-07-08 00:00:00,0.0,-124239.67643835615,-19609524.330029044,0.0
2024-07-08 01:00:00,0.0,-124239.67643835615,-19609524.330029044,0.0
2024-07-08 02:00:00,0.0,-124239.67643835615,-19609524.330029044,0.0
2024-07-08 03:00:00,0.0,-124239.67643835615,-19609524.330029044,0.0
2024-07-08 04:00:00,0.0,-124239.67643835615,-19609524.330029044,0.0
2024-07-08 05:00:00,0.0,-124239.67643835615,-19609524.330029044,0.0
2024-07-08 06:00:00,0.0,-124239.67643835615,-19609524.330029044,0.0
2024-07-08 07:00:00,0.0,-124239.67643835615,-19609524.330029044,0.0
2024-07-08 08:00:00,0.0,-124239.67643835615,-19613220.501877453,0.0
2024-07-08 09:00:00,0.0,-124239.67643835615,-19624768.857727014,0.0
2024-07-08 10:00:00,0.0,-124239.67643835615,-19644724.31814435,0.0
2024-07-08 11:00:00,0.0,-124239.67643835615,-19672265.799406253,0.0
2024-07-08 12:00:00,0.0,-124239.67643835615,-19706222.21324838,0.0
2024-07-08 13:00:00,0.0,-124239.67643835615,-19746263.466598507,0.0
2024-07-08 14:00:00,0.0,-124239.67643835615,-19789726.46129331,0.0
2024-07-08 15:00:00,0.0,-124239.67643835615,-19835240.09377761,0.0
2024-07-08 16:00:00,0.0,-124239.67643835615,-19882220.254785024,0.0
2024-07-08 17:00:00,0.0,-124239.67643835615,-19930437.828998726,0.0
2024-07-08 18:00:00,0.0,-124239.67643835615,-19978259.69469118,0.0
2024-07-08 19:00:00,0.0,-124239.67643835615,-20023661.72334136,0.0
2024-07-08 20:00:00,0.0,-124239.67643835615,-20064068.779228102,0.0
2024-07-08 21:00:00,0.0,-124239.67643835615,-20099542.71899801,0.0
2024-07-08 22:00:00,0.0,-124239.67643835615,-20126729.391206294,0.0
2024-07-08 23:00:00,0.0,-124239.67643835615,-20145148.635828767,0.0
2024-07-09 00:00:00,0.0,-124239.67643835615,-20149686.75787737,0.0
2024-07-09 01:00:00,0.0,-124239.67643835615,-20149686.75787737,0.0
2024-07-09 02:00:00,0.0,-124239.67643835615,-20149686.75787737,0.0
2024-07-09 03:00:00,0.0,-124239.67643835615,-20149686.75787737,0.0
2024-07-09 04:00:00,0.0,-124239.67643835615,-20149686.75787737,0.0
2024-07-09 05:00:00,0.0,-124239.67643835615,-20149686.75787737,0.0
2024-07-09 06:00:00,0.0,-124239.67643835615,-20149686.75787737,0.0
2024-07-09 07:00:00,0.0,-124239.67643835615,-20153798.60836019,0.0
2024-07-09 08:00:00,0.0,-124239.67643835615,-20164732.56058954,0.0
2024-07-09 09:00:00,0.0,-124239.67643835615,-20182475.530666128,0.0
2024-07-09 10:00:00,0.0,-124239.67643835615,-20208149.430138532,0.0
2024-07-09 11:00:00,0.0,-124239.67643835615,-20241105.165735748,0.0
2024-07-09 12:00:00,0.0,-124239.67643835615,-20280085.63908321,0.0
2024-07-09 13:00:00,0.0,-124239.67643835615,-20323533.74640126,0.0
2024-07-09 14:00:00,0.0,-124239.67643835615,-20369502.378184922,0.0
2024-07-09 15:00:00,0.0,-124239.67643835615,-20416393.418863785,0.0
2024-07-09 16:00:00,0.0,-124239.67643835615,-20463332.74644074,0.0
2024-07-09 17:00:00,0.0,-124239.67643835615,-20510277.232108198,0.0
2024-07-09 18:00:00,0.0,-124239.67643835615,-20556981.739840332,0.0
2024-07-09 19:00:00,0.0,-124239.67643835615,-20601581.125959825,0.0
2024-07-09 20:00:00,0.0,-124239.67643835615,-20642427.238677446,0.0
2024-07-09 21:00:00,0.0,-124333.30876712328,-20679681.917602744,0.0
2024-07-09 22:00:00,0.0,-124333.30876712328,-20709622.993223943,0.0
2024-07-09 23:00:00,0.0,-125882.03534246574,-20731776.286355097,0.0
2024-07-10 00:00:00,0.0,-125882.03534246574,-20740986.01856691,0.0
2024-07-10 01:00:00,0.0,-126950.3106849315,-20744863.209979538,0.0
2024-07-10 02:00:00,0.0,-126950.36767123286,-20744863.209979538,0.0
2024-07-10 03:00:00,0.0,-126950.36767123286,-20744863.209979538,0.0
2024-07-10 04:00:00,0.0,-128230.39972602738,-20744863.209979538,0.0
2024-07-10 05:00:00,0.0,-128670.99643835613,-20744863.209979538,0.0
2024-07-10 06:00:00,0.0,-128670.99643835613,-20748512.654040683,0.0
2024-07-10 07:00:00,0.0,-128670.99643835613,-20758402.112949356,0.0
2024-07-10 08:00:00,0.0,-128670.99643835613,-20774087.49806682,0.0
2024-07-10 09:00:00,0.0,-128670.99643835613,-20795335.71592303,0.0
2024-07-10 10:00:00,0.0,-128670.99643835613,-20821926.66793191,0.0
2024-07-10 11:00:00,0.0,-128670.99643835613,-20853030.250089012,0.0
2024-07-10 12:00:00,0.0,-128670.99643835613,-20888063.352650452,0.0
2024-07-10 13:00:00,0.0,-128670.99643835613,-20926613.859791882,0.0
2024-07-10 14:00:00,0.0,-128670.99643835613,-20967430.649246257,0.0
2024-07-10 15:00:00,0.0,-128670.99643835613,-21009944.59191902,0.0
2024-07-10 16:00:00,0.0,-128670.99643835613,-21053710.551479258,0.0
2024-07-10 17:00:00,0.0,-128670.99643835613,-21097925.38392526,0.0
2024-07-10 18:00:00,0.0,-128670.99643835613,-21140759.937122867,0.0
2024-07-10 19:00:00,0.0,-128670.99643835613,-21178472.05031482,0.0
2024-07-10 20:00:00,0.0,-128670.99643835613,-21211618.553599253,0.0
2024-07-10 21:00:00,0.0,-128670.99643835613,-21240937.267375316,0.0
2024-07-10 22:00:00,0.0,-128670.99643835613,-21263413.001753826,0.0
2024-07-10 23:00:00,0.0,-128670.99643835613,-21278250.555930637,0.0
2024-07-11 00:00:00,0.0,-128670.99643835613,-21279989.643970896,0.0
2024-07-11 01:00:00,0.0,-128670.99643835613,-21279989.643970896,0.0
2024-07-11 02:00:00,0.0,-128670.99643835613,-21279989.643970896,0.0
2024-07-11 03:00:00,0.0,-128670.99643835613,-21279989.643970896,0.0
2024-07-11 04:00:00,0.0,-128670.99643835613,-21279989.643970896,0.0
2024-07-11 05:00:00,0.0,-128670.99643835613,-21279989.643970896,0.0
2024-07-11 06:00:00,0.0,-128670.99643835613,-21279989.643970896,0.0
2024-07-11 07:00:00,0.0,-128670.99643835613,-21280030.344098687,0.0
2024-07-11 08:00:00,0.0,-128670.99643835613,-21285214.77477844,0.0
2024-07-11 09:00:00,0.0,-128670.99643835613,-21294872.83178063,0.0
2024-07-11 10:00:00,0.0,-128670.99643835613,-21309209.405122146,0.0
2024-07-11 11:00:00,0.0,-128670.99643835613,-21328102.37872435,0.0
2024-07-11 12:00:00,0.0,-128670.99643835613,-21351376.630049895,0.0
2024-07-11 13:00:00,0.0,-128670.99643835613,-21379160.02971686,0.0
2024-07-11 14:00:00,0.0,-128670.99643835613,-21410870.44108881,0.0
2024-07-11 15:00:00,0.0,-128670.99643835613,-21445580.719839193,0.0
2024-07-11 16:00:00,0.0,-128670.99643835613,-21483206.71348842,0.0
2024-07-11 17:00:00,0.0,-128670.99643835613,-21522407.26091189,0.0
2024-07-11 18:00:00,0.0,-128670.99643835613,-21560466.19181707,0.0
2024-07-11 19:00:00,0.0,-128670.99643835613,-21595357.326187607,0.0
2024-07-11 20:00:00,0.0,-128670.99643835613,-21625298.47369234,0.0
2024-07-11 21:00:00,0.0,-128670.99643835613,-21650823.433056977,0.0
2024-07-11 22:00:00,0.0,-128670.99643835613,-21669309.991395958,0.0
2024-07-11 23:00:00,0.0,-128670.99643835613,-21679657.92350193,0.0
2024-07-12 00:00:00,0.0,-128670.99643835613,-21679657.92350193,0.0
2024-07-12 01:00:00,0.0,-128670.99643835613,-21679657.92350193,0.0
2024-07-12 02:00:00,0.0,-128670.99643835613,-21679657.92350193,0.0
2024-07-12 03:00:00,0.0,-128670.99643835613,-21679657.92350193,0.0
2024-07-12 04:00:00,0.0,-128670.99643835613,-21679657.92350193,0.0
2024-07-12 05:00:00,0.0,-128670.99643835613,-21679657.92350193,0.0
2024-07-12 06:00:00,0.0,-128670.99643835613,-21679657.92350193,0.0
2024-07-12 07:00:00,0.0,-128670.99643835613,-21679657.92350193,0.0
2024-07-12 08:00:00,0.0,-128670.99643835613,-21683323.96762659,0.0
2024-07-12 09:00:00,0.0,-128670.99643835613,-21692293.407688588,0.0
2024-07-12 10:00:00,0.0,-128670.99643835613,-21706983.120879896,0.0
2024-07-12 11:00:00,0.0,-128670.99643835613,-21727141.977530837,0.0
2024-07-12 12:00:00,0.0,-128670.99643835613,-21751368.840699032,0.0
2024-07-12 13:00:00,0.0,-128670.99643835613,-21779122.565732617,0.0
2024-07-12 14:00:00,0.0,-128670.99643835613,-21809153.999806084,0.0
2024-07-12 15:00:00,0.0,-128670.99643835613,-21841023.981426973,0.0
2024-07-12 16:00:00,0.0,-128670.99643835613,-21874938.33991151,0.0
2024-07-12 17:00:00,0.0,-128670.99643835613,-21909991.894827213,0.0
2024-07-12 18:00:00,0.0,-128670.99643835613,-21943838.455400303,0.0
2024-07-12 19:00:00,0.0,-128670.99643835613,-21974840.81988563,0.0
2024-07-12 20:00:00,0.0,-128670.99643835613,-22002127.774896715,0.0
2024-07-12 21:00:00,0.0,-128670.99643835613,-22025981.09469326,0.0
2024-07-12 22:00:00,0.0,-128670.99643835613,-22043880.540423386,0.0
2024-07-12 23:00:00,0.0,-128670.99643835613,-22055152.859317668,0.0
2024-07-13 00:00:00,0.0,-128670.99643835613,-22055152.859317668,0.0
2024-07-13 01:00:00,0.0,-128670.99643835613,-22055152.859317668,0.0
2024-07-13 02:00:00,0.0,-128670.99643835613,-22055152.859317668,0.0
2024-07-13 03:00:00,0.0,-128670.99643835613,-22055152.859317668,0.0
2024-07-13 04:00:00,0.0,-128670.99643835613,-22055152.859317668,0.0
2024-07-13 05:00:00,0.0,-128670.99643835613,-22055152.859317668,0.0
2024-07-13 06:00:00,0.0,-128670.99643835613,-22055152.859317668,0.0
2024-07-13 07:00:00,0.0,-128670.99643835613,-22055152.859317668,0.0
2024-07-13 08:00:00,0.0,-128670.99643835613,-22055152.859317668,0.0
2024-07-13 09:00:00,0.0,-128670.99643835613,-22061293.172943246,0.0
2024-07-13 10:00:00,0.0,-128670.99643835613,-22075137.487893134,0.0
2024-07-13 11:00:00,0.0,-128670.99643835613,-22095913.65918971,0.0
2024-07-13 12:00:00,0.0,-128670.99643835613,-22123058.53366105,0.0
2024-07-13 13:00:00,0.0,-128670.99643835613,-22155551.949446302,0.0
2024-07-13 14:00:00,0.0,-128670.99643835613,-22192791.73546989,0.0
2024-07-13 15:00:00,0.0,-128670.99643835613,-22234150.7108826,0.0
2024-07-13 16:00:00,0.0,-128670.99643835613,-22279045.684467368,0.0
2024-07-13 17:00:00,0.0,-128670.99643835613,-22325809.45400749,0.0
2024-07-13 18:00:00,0.0,-128670.99643835613,-22371121.805614814,0.0
2024-07-13 19:00:00,0.0,-128670.99643835613,-22413179.51301528,0.0
2024-07-13 20:00:00,0.0,-128670.99643835613,-22450375.336789086,0.0
2024-07-13 21:00:00,0.0,-128670.99643835613,-22483192.02356246,0.0
2024-07-13 22:00:00,0.0,-129895.70575342463,-22509425.305147916,0.0
2024-07-13 23:00:00,0.0,-129895.70575342463,-22528541.89762961,0.0
2024-07-14 00:00:00,0.0,-129895.70575342463,-22534330.225488253,0.0
2024-07-14 01:00:00,0.0,-129895.70575342463,-22534330.225488253,0.0
2024-07-14 02:00:00,0.0,-129895.70575342463,-22534330.225488253,0.0
2024-07-14 03:00:00,0.0,-129895.70575342463,-22534330.225488253,0.0
2024-07-14 04:00:00,0.0,-129895.70575342463,-22534330.225488253,0.0
2024-07-14 05:00:00,0.0,-129895.70575342463,-22534330.225488253,0.0
2024-07-14 06:00:00,0.0,-129895.70575342463,-22534330.225488253,0.0
2024-07-14 07:00:00,0.0,-129895.70575342463,-22534330.225488253,0.0
2024-07-14 08:00:00,0.0,-129895.70575342463,-22535944.992206216,0.0
2024-07-14 09:00:00,0.0,-129895.70575342463,-22546278.609746534,0.0
2024-07-14 10:00:00,0.0,-129895.70575342463,-22564955.924590394,0.0
2024-07-14 11:00:00,0.0,-129895.70575342463,-22591345.774508014,0.0
2024-07-14 12:00:00,0.0,-129895.70575342463,-22624114.988031454,0.0
2024-07-14 13:00:00,0.0,-129895.70575342463,-22662134.38389416,0.0
2024-07-14 14:00:00,0.0,-129895.70575342463,-22703853.770435136,0.0
2024-07-14 15:00:00,0.0,-129895.70575342463,-22747198.94496542,0.0
2024-07-14 16:00:00,0.0,-129895.70575342463,-22790554.69309443,0.0
2024-07-14 17:00:00,0.0,-129895.70575342463,-22834899.788013544,0.0
2024-07-14 18:00:00,0.0,-129895.70575342463,-22879528.989734165,0.0
2024-07-14 19:00:00,0.0,-129895.70575342463,-22921988.044277247,0.0
2024-07-14 20:00:00,0.0,-129895.70575342463,-22960509.68281117,0.0
2024-07-14 21:00:00,0.0,-129895.70575342463,-22995423.620734565,0.0
2024-07-14 22:00:00,0.0,-129895.70575342463,-23023995.55670044,0.0
2024-07-14 23:00:00,0.0,-129895.70575342463,-23044840.171577834,0.0
2024-07-15 00:00:00,0.0,-129895.70575342463,-23044840.171577834,0.0
2024-07-15 01:00:00,0.0,-129895.70575342463,-23044840.171577834,0.0
2024-07-15 02:00:00,0.0,-129895.70575342463,-23044840.171577834,0.0
2024-07-15 03:00:00,0.0,-129895.70575342463,-23044840.171577834,0.0
2024-07-15 04:00:00,0.0,-129895.70575342463,-23044840.171577834,0.0
2024-07-15 05:00:00,0.0,-129895.70575342463,-23044840.171577834,0.0
2024-07-15 06:00:00,0.0,-129895.70575342463,-23044840.171577834,0.0
2024-07-15 07:00:00,0.0,-129895.70575342463,-23045470.064829923,0.0
2024-07-15 08:00:00,0.0,-129895.70575342463,-23053265.68097482,0.0
2024-07-15 09:00:00,0.0,-129895.70575342463,-23068653.915434375,0.0
2024-07-15 10:00:00,0.0,-129895.70575342463,-23091728.657858334,0.0
2024-07-15 11:00:00,0.0,-129895.70575342463,-23122472.791781325,0.0
2024-07-15 12:00:00,0.0,-129895.70575342463,-23160589.19425852,0.0
2024-07-15 13:00:00,0.0,-129895.70575342463,-23204949.735478584,0.0
2024-07-15 14:00:00,0.0,-129895.70575342463,-23253661.278352454,0.0
2024-07-15 15:00:00,0.0,-131190.7057534246,-23305350.678076368,0.0
2024-07-15 16:00:00,0.0,-133953.7057534246,-23358831.781667523,0.0
2024-07-15 17:00:00,0.0,-136790.86849315063,-23412716.42747056,0.0
2024-07-15 18:00:00,0.0,-138911.86849315063,-23465668.44463302,0.0
2024-07-15 19:00:00,0.0,-138911.86849315063,-23516092.652547717,0.0
2024-07-15 20:00:00,0.0,-138911.86849315063,-23561696.86025997,0.0
2024-07-15 21:00:00,0.0,-138911.86849315063,-23602590.865837287,0.0
2024-07-15 22:00:00,0.0,-138911.86849315063,-23634116.455699187,0.0
2024-07-15 23:00:00,0.0,-138911.86849315063,-23655818.40390448,0.0
2024-07-16 00:00:00,0.0,-138911.86849315063,-23664041.79131067,0.0
2024-07-16 01:00:00,0.0,-138911.86849315063,-23666362.345901094,0.0
2024-07-16 02:00:00,0.0,-138911.86849315063,-23666362.345901094,0.0
2024-07-16 03:00:00,0.0,-138911.86849315063,-23666362.345901094,0.0
2024-07-16 04:00:00,0.0,-138911.86849315063,-23666362.345901094,0.0
2024-07-16 05:00:00,0.0,-138911.86849315063,-23666362.345901094,0.0
2024-07-16 06:00:00,0.0,-138911.86849315063,-23666362.345901094,0.0
2024-07-16 07:00:00,0.0,-138911.86849315063,-23672206.054511953,0.0
2024-07-16 08:00:00,0.0,-138911.86849315063,-23685330.26698599,0.0
2024-07-16 09:00:00,0.0,-138911.86849315063,-23705822.866601456,0.0
2024-07-16 10:00:00,0.0,-138911.86849315063,-23734365.730141,0.0
2024-07-16 11:00:00,0.0,-138911.86849315063,-23770501.727503568,0.0
2024-07-16 12:00:00,0.0,-138911.86849315063,-23813163.721292082,0.0
2024-07-16 13:00:00,0.0,-138911.86849315063,-23861108.566375274,0.0
2024-07-16 14:00:00,0.0,-140127.86849315063,-23912898.109422103,0.0
2024-07-16 15:00:00,0.0,-142269.23232876707,-23966882.188406877,0.0
2024-07-16 16:00:00,0.0,-145829.7161643835,-24022620.632083293,0.0
2024-07-16 17:00:00,0.0,-149650.19999999995,-24078942.25942529,0.0
2024-07-16 18:00:00,0.0,-152883.19999999995,-24134041.879032627,0.0
2024-07-16 19:00:00,0.0,-152883.19999999995,-24184990.28849886,0.0
2024-07-16 20:00:00,0.0,-152883.19999999995,-24230288.273739297,0.0
2024-07-16 21:00:00,0.0,-152883.19999999995,-24269129.608276322,0.0
2024-07-16 22:00:00,0.0,-152883.19999999995,-24299226.052479286,0.0
2024-07-16 23:00:00,0.0,-152883.19999999995,-24320832.35275604,0.0
2024-07-17 00:00:00,0.0,-152883.19999999995,-24329025.485493522,0.0
2024-07-17 01:00:00,0.0,-152883.19999999995,-24331350.617300436,0.0
2024-07-17 02:00:00,0.0,-152883.19999999995,-24331350.617300436,0.0
2024-07-17 03:00:00,0.0,-152883.19999999995,-24331350.617300436,0.0
2024-07-17 04:00:00,0.0,-152883.19999999995,-24331350.617300436,0.0
2024-07-17 05:00:00,0.0,-152883.19999999995,-24331350.617300436,0.0
2024-07-17 06:00:00,0.0,-152883.19999999995,-24332520.29982559,0.0
2024-07-17 07:00:00,0.0,-152883.19999999995,-24338821.365130402,0.0
2024-07-17 08:00:00,0.0,-152883.19999999995,-24350156.689724617,0.0
2024-07-17 09:00:00,0.0,-152883.19999999995,-24367033.14321706,0.0
2024-07-17 10:00:00,0.0,-152883.19999999995,-24390006.587902196,0.0
2024-07-17 11:00:00,0.0,-152883.19999999995,-24419358.878320795,0.0
2024-07-17 12:00:00,0.0,-152883.19999999995,-24455231.86079306,0.0
2024-07-17 13:00:00,0.0,-152883.19999999995,-24496662.372922443,0.0
2024-07-17 14:00:00,0.0,-152943.92219178076,-24541546.24306821,0.0
2024-07-17 15:00:00,0.0,-153452.37945205474,-24588565.289784797,0.0
2024-07-17 16:00:00,0.0,-154949.37945205474,-24635552.32122574,0.0
2024-07-17 17:00:00,0.0,-154949.37945205474,-24680992.13450992,0.0
2024-07-17 18:00:00,0.0,-154949.37945205474,-24722944.515047677,0.0
2024-07-17 19:00:00,0.0,-154949.37945205474,-24760521.23582413,0.0
2024-07-17 20:00:00,0.0,-154949.37945205474,-24792421.05663699,0.0
2024-07-17 21:00:00,0.0,-154949.37945205474,-24818315.72328583,0.0
2024-07-17 22:00:00,0.0,-154949.37945205474,-24837204.9667097,0.0
2024-07-17 23:00:00,0.0,-154949.37945205474,-24848821.502069637,0.0
2024-07-18 00:00:00,0.0,-154949.37945205474,-24848821.502069637,0.0
2024-07-18 01:00:00,0.0,-154949.37945205474,-24848821.502069637,0.0
2024-07-18 02:00:00,0.0,-154949.37945205474,-24848821.502069637,0.0
2024-07-18 03:00:00,0.0,-154949.37945205474,-24848821.502069637,0.0
2024-07-18 04:00:00,0.0,-154949.37945205474,-24848821.502069637,0.0
2024-07-18 05:00:00,0.0,-154949.37945205474,-24848821.502069637,0.0
2024-07-18 06:00:00,0.0,-154949.37945205474,-24848821.502069637,0.0
2024-07-18 07:00:00,0.0,-154949.37945205474,-24848821.502069637,0.0
2024-07-18 08:00:00,0.0,-154949.37945205474,-24851884.397634294,0.0
2024-07-18 09:00:00,0.0,-154949.37945205474,-24857988.133365374,0.0
2024-07-18 10:00:00,0.0,-154949.37945205474,-24867572.555233844,0.0
2024-07-18 11:00:00,0.0,-154949.37945205474,-24881157.50047174,0.0
2024-07-18 12:00:00,0.0,-154949.37945205474,-24898752.79704334,0.0
2024-07-18 13:00:00,0.0,-154949.37945205474,-24920268.26308294,0.0
2024-07-18 14:00:00,0.0,-154949.37945205474,-24944472.706297193,0.0
2024-07-18 15:00:00,0.0,-154949.37945205474,-24970635.923329595,0.0
2024-07-18 16:00:00,0.0,-154949.37945205474,-24998596.699084736,0.0
2024-07-18 17:00:00,0.0,-154949.37945205474,-25027540.806009654,0.0
2024-07-18 18:00:00,0.0,-154949.37945205474,-25055034.003329534,0.0
2024-07-18 19:00:00,0.0,-154949.37945205474,-25079488.03623473,0.0
2024-07-18 20:00:00,0.0,-154949.37945205474,-25099906.635015957,0.0
2024-07-18 21:00:00,0.0,-154949.37945205474,-25116609.51414428,0.0
2024-07-18 22:00:00,0.0,-154949.37945205474,-25126615.371292233,0.0
2024-07-18 23:00:00,0.0,-154949.37945205474,-25129708.886292275,0.0
2024-07-19 00:00:00,0.0,-154949.37945205474,-25129708.886292275,0.0
2024-07-19 01:00:00,0.0,-154949.37945205474,-25129708.886292275,0.0
2024-07-19 02:00:00,0.0,-154949.37945205474,-25129708.886292275,0.0
2024-07-19 03:00:00,0.0,-154949.37945205474,-25129708.886292275,0.0
2024-07-19 04:00:00,0.0,-154949.37945205474,-25129708.886292275,0.0
2024-07-19 05:00:00,0.0,-154949.37945205474,-25129708.886292275,0.0
2024-07-19 06:00:00,0.0,-154949.37945205474,-25129708.886292275,0.0
2024-07-19 07:00:00,0.0,-154949.37945205474,-25129708.886292275,0.0
2024-07-19 08:00:00,0.0,-154949.37945205474,-25129708.886292275,0.0
2024-07-19 09:00:00,0.0,-154949.37945205474,-25129968.264603645,0.0
2024-07-19 10:00:00,0.0,-154949.37945205474,-25134781.98755864,0.0
2024-07-19 11:00:00,0.0,-154949.37945205474,-25144006.87287082,0.0
2024-07-19 12:00:00,0.0,-154949.37945205474,-25157734.72779928,0.0
2024-07-19 13:00:00,0.0,-154949.37945205474,-25176082.348511416,0.0
2024-07-19 14:00:00,0.0,-154949.37945205474,-25198332.519405305,0.0
2024-07-19 15:00:00,0.0,-154949.37945205474,-25223984.012389086,0.0
2024-07-19 16:00:00,0.0,-154949.37945205474,-25253048.58611453,0.0
2024-07-19 17:00:00,0.0,-154949.37945205474,-25283868.98516182,0.0
2024-07-19 18:00:00,0.0,-154949.37945205474,-25314146.93917233,0.0
2024-07-19 19:00:00,0.0,-154949.37945205474,-25340695.16192606,0.0
2024-07-19 20:00:00,0.0,-154949.37945205474,-25361968.350360002,0.0
2024-07-19 21:00:00,0.0,-154949.37945205474,-25378959.18352368,0.0
2024-07-19 22:00:00,0.0,-154949.37945205474,-25389795.32146767,0.0
2024-07-19 23:00:00,0.0,-154949.37945205474,-25393997.404060706,0.0
2024-07-20 00:00:00,0.0,-154949.37945205474,-25393997.404060706,0.0
2024-07-20 01:00:00,0.0,-154949.37945205474,-25393997.404060706,0.0
2024-07-20 02:00:00,0.0,-154949.37945205474,-25393997.404060706,0.0
2024-07-20 03:00:00,0.0,-154949.37945205474,-25393997.404060706,0.0
2024-07-20 04:00:00,0.0,-154949.37945205474,-25393997.404060706,0.0
2024-07-20 05:00:00,0.0,-154949.37945205474,-25393997.404060706,0.0
2024-07-20 06:00:00,0.0,-154949.37945205474,-25393997.404060706,0.0
2024-07-20 07:00:00,0.0,-154949.37945205474,-25393997.404060706,0.0
2024-07-20 08:00:00,0.0,-154949.37945205474,-25393997.404060706,0.0
2024-07-20 09:00:00,0.0,-154949.37945205474,-25393997.404060706,0.0
2024-07-20 10:00:00,0.0,-154949.37945205474,-25396355.670645475,0.0
2024-07-20 11:00:00,0.0,-154949.37945205474,-25404222.694970116,0.0
2024-07-20 12:00:00,0.0,-154949.37945205474,-25416772.260925435,0.0
2024-07-20 13:00:00,0.0,-154949.37945205474,-25433026.139879845,0.0
2024-07-20 14:00:00,0.0,-154949.37945205474,-25451773.08991083,0.0
2024-07-20 15:00:00,0.0,-154949.37945205474,-25472056.854987457,0.0
2024-07-20 16:00:00,0.0,-154949.37945205474,-25493812.16410075,0.0
2024-07-20 17:00:00,0.0,-154949.37945205474,-25516039.73033854,0.0
2024-07-20 18:00:00,0.0,-154949.37945205474,-25537372.249901116,0.0
2024-07-20 19:00:00,0.0,-154949.37945205474,-25556577.401053827,0.0
2024-07-20 20:00:00,0.0,-154949.37945205474,-25572690.843012474,0.0
2024-07-20 21:00:00,0.0,-154949.37945205474,-25586423.2147571,0.0
2024-07-20 22:00:00,0.0,-154949.37945205474,-25595205.133769438,0.0
2024-07-20 23:00:00,0.0,-154949.37945205474,-25598398.19468903,0.0
2024-07-21 00:00:00,0.0,-154949.37945205474,-25598398.19468903,0.0
2024-07-21 01:00:00,0.0,-154949.37945205474,-25598398.19468903,0.0
2024-07-21 02:00:00,0.0,-154949.37945205474,-25598398.19468903,0.0
2024-07-21 03:00:00,0.0,-154949.37945205474,-25598398.19468903,0.0
2024-07-21 04:00:00,0.0,-154949.37945205474,-25598398.19468903,0.0
2024-07-21 05:00:00,0.0,-154949.37945205474,-25598398.19468903,0.0
2024-07-21 06:00:00,0.0,-154949.37945205474,-25598398.19468903,0.0
2024-07-21 07:00:00,0.0,-154949.37945205474,-25598398.19468903,0.0
2024-07-21 08:00:00,0.0,-154949.37945205474,-25598398.19468903,0.0
2024-07-21 09:00:00,0.0,-154949.37945205474,-25598398.19468903,0.0
2024-07-21 10:00:00,0.0,-154949.37945205474,-25601841.15562978,0.0
2024-07-21 11:00:00,0.0,-154949.37945205474,-25612181.42046797,0.0
2024-07-21 12:00:00,0.0,-154949.37945205474,-25628698.746705916,0.0
2024-07-21 13:00:00,0.0,-154949.37945205474,-25650353.877700627,0.0
2024-07-21 14:00:00,0.0,-154949.37945205474,-25675986.541791767,0.0
2024-07-21 15:00:00,0.0,-154949.37945205474,-25705223.451373924,0.0
2024-07-21 16:00:00,0.0,-154949.37945205474,-25738039.301909517,0.0
2024-07-21 17:00:00,0.0,-154949.37945205474,-25773326.770878464,0.0
2024-07-21 18:00:00,0.0,-154949.37945205474,-25808153.51666046,0.0
2024-07-21 19:00:00,0.0,-154949.37945205474,-25840521.17734541,0.0
2024-07-21 20:00:00,0.0,-154949.37945205474,-25868548.36946735,0.0
2024-07-21 21:00:00,0.0,-154949.37945205474,-25892811.686656754,0.0
2024-07-21 22:00:00,0.0,-154949.37945205474,-25910828.69820586,0.0
2024-07-21 23:00:00,0.0,-154949.37945205474,-25922085.94754133,0.0
2024-07-22 00:00:00,0.0,-154949.37945205474,-25922085.94754133,0.0
2024-07-22 01:00:00,0.0,-154949.37945205474,-25922085.94754133,0.0
2024-07-22 02:00:00,0.0,-154949.37945205474,-25922085.94754133,0.0
2024-07-22 03:00:00,0.0,-154949.37945205474,-25922085.94754133,0.0
2024-07-22 04:00:00,0.0,-154949.37945205474,-25922085.94754133,0.0
2024-07-22 05:00:00,0.0,-154949.37945205474,-25922085.94754133,0.0
2024-07-22 06:00:00,0.0,-154949.37945205474,-25922085.94754133,0.0
2024-07-22 07:00:00,0.0,-154949.37945205474,-25922085.94754133,0.0
2024-07-22 08:00:00,0.0,-154949.37945205474,-25922085.94754133,0.0
2024-07-22 09:00:00,0.0,-154949.37945205474,-25925190.80213237,0.0
2024-07-22 10:00:00,0.0,-154949.37945205474,-25932819.33172769,0.0
2024-07-22 11:00:00,0.0,-154949.37945205474,-25944930.373022996,0.0
2024-07-22 12:00:00,0.0,-154949.37945205474,-25961192.75341673,0.0
2024-07-22 13:00:00,0.0,-154949.37945205474,-25981260.29044613,0.0
2024-07-22 14:00:00,0.0,-154949.37945205474,-26003215.791187685,0.0
2024-07-22 15:00:00,0.0,-154949.37945205474,-26025978.051619682,0.0
2024-07-22 16:00:00,0.0,-154949.37945205474,-26049868.855944358,0.0
2024-07-22 17:00:00,0.0,-154949.37945205474,-26074402.975867033,0.0
2024-07-22 18:00:00,0.0,-154949.37945205474,-26097513.169829458,0.0
2024-07-22 19:00:00,0.0,-154949.37945205474,-26117973.18219433,0.0
2024-07-22 20:00:00,0.0,-154949.37945205474,-26135594.742377836,0.0
2024-07-22 21:00:00,0.0,-154949.37945205474,-26150154.563926797,0.0
2024-07-22 22:00:00,0.0,-154949.37945205474,-26158401.343536805,0.0
2024-07-22 23:00:00,0.0,-154949.37945205474,-26160077.760007463,0.0
2024-07-23 00:00:00,0.0,-154949.37945205474,-26160077.760007463,0.0
2024-07-23 01:00:00,0.0,-154949.37945205474,-26160077.760007463,0.0
2024-07-23 02:00:00,0.0,-154949.37945205474,-26160077.760007463,0.0
2024-07-23 03:00:00,0.0,-154949.37945205474,-26160077.760007463,0.0
2024-07-23 04:00:00,0.0,-154949.37945205474,-26160077.760007463,0.0
2024-07-23 05:00:00,0.0,-154949.37945205474,-26160077.760007463,0.0
2024-07-23 06:00:00,0.0,-154949.37945205474,-26160077.760007463,0.0
2024-07-23 07:00:00,0.0,-154949.37945205474,-26160077.760007463,0.0
2024-07-23 08:00:00,0.0,-154949.37945205474,-26160077.760007463,0.0
2024-07-23 09:00:00,0.0,-154949.37945205474,-26164939.233351085,0.0
2024-07-23 10:00:00,0.0,-154949.37945205474,-26175462.039052818,0.0
2024-07-23 11:00:00,0.0,-154949.37945205474,-26191665.994226363,0.0
2024-07-23 12:00:00,0.0,-154949.37945205474,-26213244.9054977,0.0
2024-07-23 13:00:00,0.0,-154949.37945205474,-26239733.56836588,0.0
2024-07-23 14:00:00,0.0,-154949.37945205474,-26269787.766523298,0.0
2024-07-23 15:00:00,0.0,-154949.37945205474,-26302499.271132853,0.0
2024-07-23 16:00:00,0.0,-154949.37945205474,-26337850.840059154,0.0
2024-07-23 17:00:00,0.0,-154949.37945205474,-26374477.21705076,0.0
2024-07-23 18:00:00,0.0,-154949.37945205474,-26409246.130870327,0.0
2024-07-23 19:00:00,0.0,-154949.37945205474,-26439881.294369146,0.0
2024-07-23 20:00:00,0.0,-154949.37945205474,-26466321.403502546,0.0
2024-07-23 21:00:00,0.0,-154949.37945205474,-26488593.13628219,0.0
2024-07-23 22:00:00,0.0,-154949.37945205474,-26503874.1516612,0.0
2024-07-23 23:00:00,0.0,-154949.37945205474,-26511627.088347614,0.0
2024-07-24 00:00:00,0.0,-154949.37945205474,-26511627.088347614,0.0
2024-07-24 01:00:00,0.0,-154949.37945205474,-26511627.088347614,0.0
2024-07-24 02:00:00,0.0,-154949.37945205474,-26511627.088347614,0.0
2024-07-24 03:00:00,0.0,-154949.37945205474,-26511627.088347614,0.0
2024-07-24 04:00:00,0.0,-154949.37945205474,-26511627.088347614,0.0
2024-07-24 05:00:00,0.0,-154949.37945205474,-26511627.088347614,0.0
2024-07-24 06:00:00,0.0,-154949.37945205474,-26511627.088347614,0.0
2024-07-24 07:00:00,0.0,-154949.37945205474,-26511627.088347614,0.0
2024-07-24 08:00:00,0.0,-154949.37945205474,-26515514.31931167,0.0
2024-07-24 09:00:00,0.0,-154949.37945205474,-26523635.69257549,0.0
2024-07-24 10:00:00,0.0,-154949.37945205474,-26536513.014313858,0.0
2024-07-24 11:00:00,0.0,-154949.37945205474,-26554210.079545863,0.0
2024-07-24 12:00:00,0.0,-154949.37945205474,-26576579.67145329,0.0
2024-07-24 13:00:00,0.0,-154949.37945205474,-26602551.560655773,0.0
2024-07-24 14:00:00,0.0,-154949.37945205474,-26631222.504439875,0.0
2024-07-24 15:00:00,0.0,-154949.37945205474,-26662238.24593907,0.0
2024-07-24 16:00:00,0.0,-154949.37945205474,-26694067.513261426,0.0
2024-07-24 17:00:00,0.0,-154949.37945205474,-26725843.018561613,0.0
2024-07-24 18:00:00,0.0,-154949.37945205474,-26755942.457053497,0.0
2024-07-24 19:00:00,0.0,-154949.37945205474,-26782924.505959533,0.0
2024-07-24 20:00:00,0.0,-154949.37945205474,-26806619.82339272,0.0
2024-07-24 21:00:00,0.0,-154949.37945205474,-26827063.04716674,0.0
2024-07-24 22:00:00,0.0,-154949.37945205474,-26841332.79352955,0.0
2024-07-24 23:00:00,0.0,-154949.37945205474,-26848748.65581537,0.0
2024-07-25 00:00:00,0.0,-154949.37945205474,-26848748.65581537,0.0
2024-07-25 01:00:00,0.0,-154949.37945205474,-26848748.65581537,0.0
2024-07-25 02:00:00,0.0,-154949.37945205474,-26848748.65581537,0.0
2024-07-25 03:00:00,0.0,-154949.37945205474,-26848748.65581537,0.0
2024-07-25 04:00:00,0.0,-154949.37945205474,-26848748.65581537,0.0
2024-07-25 05:00:00,0.0,-154949.37945205474,-26848748.65581537,0.0
2024-07-25 06:00:00,0.0,-154949.37945205474,-26848748.65581537,0.0
2024-07-25 07:00:00,0.0,-154949.37945205474,-26848748.65581537,0.0
2024-07-25 08:00:00,0.0,-154949.37945205474,-26852339.387959212,0.0
2024-07-25 09:00:00,0.0,-154949.37945205474,-26860348.855483934,0.0
2024-07-25 10:00:00,0.0,-154949.37945205474,-26872825.841059934,0.0
2024-07-25 11:00:00,0.0,-154949.37945205474,-26889336.11476275,0.0
2024-07-25 12:00:00,0.0,-154949.37945205474,-26909764.433300003,0.0
2024-07-25 13:00:00,0.0,-154949.37945205474,-26934169.53918911,0.0
2024-07-25 14:00:00,0.0,-154949.37945205474,-26961522.159882545,0.0
2024-07-25 15:00:00,0.0,-154949.37945205474,-26990781.006837226,0.0
2024-07-25 16:00:00,0.0,-154949.37945205474,-27021475.774524383,0.0
2024-07-25 17:00:00,0.0,-154949.37945205474,-27052310.139375977,0.0
2024-07-25 18:00:00,0.0,-154949.37945205474,-27081339.758663528,0.0
2024-07-25 19:00:00,0.0,-154949.37945205474,-27106981.269304898,0.0
2024-07-25 20:00:00,0.0,-154949.37945205474,-27128537.286594294,0.0
2024-07-25 21:00:00,0.0,-154949.37945205474,-27146315.402850434,0.0
2024-07-25 22:00:00,0.0,-154949.37945205474,-27157531.185977496,0.0
2024-07-25 23:00:00,0.0,-154949.37945205474,-27161486.177933067,0.0
2024-07-26 00:00:00,0.0,-154949.37945205474,-27161486.177933067,0.0
2024-07-26 01:00:00,0.0,-154949.37945205474,-27161486.177933067,0.0
2024-07-26 02:00:00,0.0,-154949.37945205474,-27161486.177933067,0.0
2024-07-26 03:00:00,0.0,-154949.37945205474,-27161486.177933067,0.0
2024-07-26 04:00:00,0.0,-154949.37945205474,-27161486.177933067,0.0
2024-07-26 05:00:00,0.0,-154949.37945205474,-27161486.177933067,0.0
2024-07-26 06:00:00,0.0,-154949.37945205474,-27161486.177933067,0.0
2024-07-26 07:00:00,0.0,-154949.37945205474,-27161486.177933067,0.0
2024-07-26 08:00:00,0.0,-154949.37945205474,-27161486.177933067,0.0
2024-07-26 09:00:00,0.0,-154949.37945205474,-27161670.83604499,0.0
2024-07-26 10:00:00,0.0,-154949.37945205474,-27166169.529232174,0.0
2024-07-26 11:00:00,0.0,-154949.37945205474,-27174852.999395024,0.0
2024-07-26 12:00:00,0.0,-154949.37945205474,-27187793.973329376,0.0
2024-07-26 13:00:00,0.0,-154949.37945205474,-27205160.16179331,0.0
2024-07-26 14:00:00,0.0,-154949.37945205474,-27226446.25851423,0.0
2024-07-26 15:00:00,0.0,-154949.37945205474,-27251357.939132337,0.0
2024-07-26 16:00:00,0.0,-154949.37945205474,-27279169.860076312,0.0
2024-07-26 17:00:00,0.0,-154949.37945205474,-27308054.657366727,0.0
2024-07-26 18:00:00,0.0,-154949.37945205474,-27334940.94534247,0.0
2024-07-26 19:00:00,0.0,-154949.37945205474,-27358267.31530509,0.0
2024-07-26 20:00:00,0.0,-154949.37945205474,-27376887.33407566,0.0
2024-07-26 21:00:00,0.0,-154949.37945205474,-27391384.54245836,0.0
2024-07-26 22:00:00,0.0,-154949.37945205474,-27399796.453604665,0.0
2024-07-26 23:00:00,0.0,-154949.37945205474,-27401576.551271528,0.0
2024-07-27 00:00:00,0.0,-154949.37945205474,-27401576.551271528,0.0
2024-07-27 01:00:00,0.0,-154949.37945205474,-27401576.551271528,0.0
2024-07-27 02:00:00,0.0,-154949.37945205474,-27401576.551271528,0.0
2024-07-27 03:00:00,0.0,-154949.37945205474,-27401576.551271528,0.0
2024-07-27 04:00:00,0.0,-154949.37945205474,-27401576.551271528,0.0
2024-07-27 05:00:00,0.0,-154949.37945205474,-27401576.551271528,0.0
2024-07-27 06:00:00,0.0,-154949.37945205474,-27401576.551271528,0.0
2024-07-27 07:00:00,0.0,-154949.37945205474,-27401576.551271528,0.0
2024-07-27 08:00:00,0.0,-154949.37945205474,-27401576.551271528,0.0
2024-07-27 09:00:00,0.0,-154949.37945205474,-27401576.551271528,0.0
2024-07-27 10:00:00,0.0,-154949.37945205474,-27401576.551271528,0.0
2024-07-27 11:00:00,0.0,-154949.37945205474,-27407666.081101127,0.0
2024-07-27 12:00:00,0.0,-154949.37945205474,-27419002.506696027,0.0
2024-07-27 13:00:00,0.0,-154949.37945205474,-27435109.50290341,0.0
2024-07-27 14:00:00,0.0,-154949.37945205474,-27455575.725307748,0.0
2024-07-27 15:00:00,0.0,-154949.37945205474,-27480141.80903087,0.0
2024-07-27 16:00:00,0.0,-154949.37945205474,-27508684.367454793,0.0
2024-07-27 17:00:00,0.0,-154949.37945205474,-27539645.990862217,0.0
2024-07-27 18:00:00,0.0,-154949.37945205474,-27570292.2449893,0.0
2024-07-27 19:00:00,0.0,-154949.37945205474,-27597027.6694849,0.0
2024-07-27 20:00:00,0.0,-154949.37945205474,-27618339.776270088,0.0
2024-07-27 21:00:00,0.0,-154949.37945205474,-27635171.04779136,0.0
2024-07-27 22:00:00,0.0,-154949.37945205474,-27645550.93516051,0.0
2024-07-27 23:00:00,0.0,-154949.37945205474,-27649037.85617362,0.0
2024-07-28 00:00:00,0.0,-154949.37945205474,-27649037.85617362,0.0
2024-07-28 01:00:00,0.0,-154949.37945205474,-27649037.85617362,0.0
2024-07-28 02:00:00,0.0,-154949.37945205474,-27649037.85617362,0.0
2024-07-28 03:00:00,0.0,-154949.37945205474,-27649037.85617362,0.0
2024-07-28 04:00:00,0.0,-154949.37945205474,-27649037.85617362,0.0
2024-07-28 05:00:00,0.0,-154949.37945205474,-27649037.85617362,0.0
2024-07-28 06:00:00,0.0,-154949.37945205474,-27649037.85617362,0.0
2024-07-28 07:00:00,0.0,-154949.37945205474,-27649037.85617362,0.0
2024-07-28 08:00:00,0.0,-154949.37945205474,-27649037.85617362,0.0
2024-07-28 09:00:00,0.0,-154949.37945205474,-27649037.85617362,0.0
2024-07-28 10:00:00,0.0,-154949.37945205474,-27650883.610484462,0.0
2024-07-28 11:00:00,0.0,-154949.37945205474,-27660594.922105696,0.0
2024-07-28 12:00:00,0.0,-154949.37945205474,-27677382.445776246,0.0
2024-07-28 13:00:00,0.0,-154949.37945205474,-27699867.815717746,0.0
2024-07-28 14:00:00,0.0,-154949.37945205474,-27726873.644353766,0.0
2024-07-28 15:00:00,0.0,-154949.37945205474,-27758022.52094649,0.0
2024-07-28 16:00:00,0.0,-154949.37945205474,-27792203.010145385,0.0
2024-07-28 17:00:00,0.0,-154949.37945205474,-27828451.650442053,0.0
2024-07-28 18:00:00,0.0,-154949.37945205474,-27864661.952525098,0.0
2024-07-28 19:00:00,0.0,-154949.37945205474,-27898036.397528354,0.0
2024-07-28 20:00:00,0.0,-154949.37945205474,-27927388.435165435,0.0
2024-07-28 21:00:00,0.0,-154949.37945205474,-27952704.481743068,0.0
2024-07-28 22:00:00,0.0,-154949.37945205474,-27971606.91804517,0.0
2024-07-28 23:00:00,0.0,-154949.37945205474,-27983473.08707909,0.0
2024-07-29 00:00:00,0.0,-154949.37945205474,-27983473.08707909,0.0
2024-07-29 01:00:00,0.0,-154949.37945205474,-27983473.08707909,0.0
2024-07-29 02:00:00,0.0,-154949.37945205474,-27983473.08707909,0.0
2024-07-29 03:00:00,0.0,-154949.37945205474,-27983473.08707909,0.0
2024-07-29 04:00:00,0.0,-154949.37945205474,-27983473.08707909,0.0
2024-07-29 05:00:00,0.0,-154949.37945205474,-27983473.08707909,0.0
2024-07-29 06:00:00,0.0,-154949.37945205474,-27983473.08707909,0.0
2024-07-29 07:00:00,0.0,-154949.37945205474,-27983473.08707909,0.0
2024-07-29 08:00:00,0.0,-154949.37945205474,-27983473.08707909,0.0
2024-07-29 09:00:00,0.0,-154949.37945205474,-27987789.59516351,0.0
2024-07-29 10:00:00,0.0,-154949.37945205474,-27997727.60632734,0.0
2024-07-29 11:00:00,0.0,-154949.37945205474,-28013843.889896438,0.0
2024-07-29 12:00:00,0.0,-154949.37945205474,-28036163.20178654,0.0
2024-07-29 13:00:00,0.0,-154949.37945205474,-28063855.28367846,0.0
2024-07-29 14:00:00,0.0,-154949.37945205474,-28095709.86214064,0.0
2024-07-29 15:00:00,0.0,-154949.37945205474,-28130799.647695694,0.0
2024-07-29 16:00:00,0.0,-154949.37945205474,-28167816.33382723,0.0
2024-07-29 17:00:00,0.0,-154949.37945205474,-28205569.595923036,0.0
2024-07-29 18:00:00,0.0,-154949.37945205474,-28241813.09015048,0.0
2024-07-29 19:00:00,0.0,-154949.37945205474,-28274452.45225963,0.0
2024-07-29 20:00:00,0.0,-154949.37945205474,-28303108.296309397,0.0
2024-07-29 21:00:00,0.0,-154949.37945205474,-28327678.213311564,0.0
2024-07-29 22:00:00,0.0,-155712.068219178,-28345267.769787345,0.0
2024-07-29 23:00:00,0.0,-155712.068219178,-28355236.506230667,0.0
2024-07-30 00:00:00,0.0,-155712.068219178,-28355236.506230667,0.0
2024-07-30 01:00:00,0.0,-155712.068219178,-28355236.506230667,0.0
2024-07-30 02:00:00,0.0,-156085.67917808212,-28355236.506230667,0.0
2024-07-30 03:00:00,0.0,-156085.67917808212,-28355236.506230667,0.0
2024-07-30 04:00:00,0.0,-156085.67917808212,-28355236.506230667,0.0
2024-07-30 05:00:00,0.0,-156724.67917808212,-28355236.506230667,0.0
2024-07-30 06:00:00,0.0,-156724.67917808212,-28355236.506230667,0.0
2024-07-30 07:00:00,0.0,-156724.67917808212,-28355236.506230667,0.0
2024-07-30 08:00:00,0.0,-156724.67917808212,-28360086.909664366,0.0
2024-07-30 09:00:00,0.0,-156724.67917808212,-28369328.576257303,0.0
2024-07-30 10:00:00,0.0,-156724.67917808212,-28384021.26134161,0.0
2024-07-30 11:00:00,0.0,-156724.67917808212,-28404333.70597707,0.0
2024-07-30 12:00:00,0.0,-156724.67917808212,-28430273.636071254,0.0
2024-07-30 13:00:00,0.0,-157127.77671232866,-28461262.761443425,0.0
2024-07-30 14:00:00,0.0,-159159.00438356155,-28496391.77482859,0.0
2024-07-30 15:00:00,0.0,-160551.00438356155,-28534609.35081771,0.0
2024-07-30 16:00:00,0.0,-162082.38821917798,-28575138.144729927,0.0
2024-07-30 17:00:00,0.0,-163740.38821917798,-28616663.791412324,0.0
2024-07-30 18:00:00,0.0,-163967.81123287661,-28656415.903962433,0.0
2024-07-30 19:00:00,0.0,-165208.81123287661,-28692238.07236844,0.0
2024-07-30 20:00:00,0.0,-165208.81123287661,-28724040.862061623,0.0
2024-07-30 21:00:00,0.0,-165208.81123287661,-28751509.81237527,0.0
2024-07-30 22:00:00,0.0,-165208.81123287661,-28771533.434903856,0.0
2024-07-30 23:00:00,0.0,-165208.81123287661,-28784237.21175593,0.0
2024-07-31 00:00:00,0.0,-165208.81123287661,-28784237.21175593,0.0
2024-07-31 01:00:00,0.0,-165208.81123287661,-28784237.21175593,0.0
2024-07-31 02:00:00,0.0,-165208.81123287661,-28784237.21175593,0.0
2024-07-31 03:00:00,0.0,-165208.81123287661,-28784237.21175593,0.0
2024-07-31 04:00:00,0.0,-165208.81123287661,-28784237.21175593,0.0
2024-07-31 05:00:00,0.0,-165208.81123287661,-28784237.21175593,0.0
2024-07-31 06:00:00,0.0,-165208.81123287661,-28784237.21175593,0.0
2024-07-31 07:00:00,0.0,-165208.81123287661,-28786217.261277083,0.0
2024-07-31 08:00:00,0.0,-165208.81123287661,-28793846.319447704,0.0
2024-07-31 09:00:00,0.0,-165208.81123287661,-28807441.126705583,0.0
2024-07-31 10:00:00,0.0,-165208.81123287661,-28827521.408296365,0.0
2024-07-31 11:00:00,0.0,-165208.81123287661,-28854547.873334844,0.0
2024-07-31 12:00:00,0.0,-165208.81123287661,-28888511.213806216,0.0
2024-07-31 13:00:00,0.0,-165208.81123287661,-28928581.103503324,0.0
2024-07-31 14:00:00,0.0,-165208.81123287661,-28973116.196895707,0.0
2024-07-31 15:00:00,0.0,-166264.28301369853,-29020686.127925966,0.0
2024-07-31 16:00:00,0.0,-166264.28301369853,-29070460.508728668,0.0
2024-07-31 17:00:00,0.0,-166264.28301369853,-29120882.928266693,0.0
2024-07-31 18:00:00,0.0,-166264.28301369853,-29170122.950879555,0.0
2024-07-31 19:00:00,0.0,-166264.28301369853,-29216114.11473793,0.0
2024-07-31 20:00:00,0.0,-166264.28301369853,-29257280.930198167,0.0
2024-07-31 21:00:00,0.0,-166264.28301369853,-29293044.87805014,0.0
2024-07-31 22:00:00,0.0,-166264.28301369853,-29320522.40765147,0.0
2024-07-31 23:00:00,0.0,-166264.28301369853,-29339374.93494047,0.0
2024-08-01 00:00:00,0.0,-166264.28301369853,-29343204.879533954,0.0
2024-08-01 01:00:00,0.0,-166264.28301369853,-29343204.879533954,0.0
2024-08-01 02:00:00,0.0,-166264.28301369853,-29343204.879533954,0.0
2024-08-01 03:00:00,0.0,-166264.28301369853,-29343204.879533954,0.0
2024-08-01 04:00:00,0.0,-166264.28301369853,-29343204.879533954,0.0
2024-08-01 05:00:00,0.0,-166264.28301369853,-29343204.879533954,0.0
2024-08-01 06:00:00,0.0,-166264.28301369853,-29343204.879533954,0.0
2024-08-01 07:00:00,0.0,-166264.28301369853,-29346163.05615303,0.0
2024-08-01 08:00:00,0.0,-166264.28301369853,-29356000.07200255,0.0
2024-08-01 09:00:00,0.0,-166264.28301369853,-29373207.828791887,0.0
2024-08-01 10:00:00,0.0,-166264.28301369853,-29398512.22282775,0.0
2024-08-01 11:00:00,0.0,-166264.28301369853,-29431478.144694027,0.0
2024-08-01 12:00:00,0.0,-166264.28301369853,-29471254.478911716,0.0
2024-08-01 13:00:00,0.0,-166264.28301369853,-29516052.103577733,0.0
2024-08-01 14:00:00,0.0,-166264.28301369853,-29564429.88998116,0.0
2024-08-01 15:00:00,0.0,-166332.97178082183,-29615701.702195566,0.0
2024-08-01 16:00:00,0.0,-166332.97178082183,-29669016.396645773,0.0
2024-08-01 17:00:00,0.0,-166785.85178082183,-29723484.82164752,0.0
2024-08-01 18:00:00,0.0,-167105.3484931506,-29777142.816918183,0.0
2024-08-01 19:00:00,0.0,-167105.3484931506,-29827414.213056717,0.0
2024-08-01 20:00:00,0.0,-167105.3484931506,-29872933.83099085,0.0
2024-08-01 21:00:00,0.0,-167105.3484931506,-29912857.481389374,0.0
2024-08-01 22:00:00,0.0,-167105.3484931506,-29944366.96403727,0.0
2024-08-01 23:00:00,0.0,-167105.3484931506,-29967238.067171272,0.0
2024-08-02 00:00:00,0.0,-167105.3484931506,-29976387.242490105,0.0
2024-08-02 01:00:00,0.0,-167105.3484931506,-29980000.67492714,0.0
2024-08-02 02:00:00,0.0,-167105.3484931506,-29980000.67492714,0.0
2024-08-02 03:00:00,0.0,-167105.3484931506,-29980000.67492714,0.0
2024-08-02 04:00:00,0.0,-167105.3484931506,-29980000.67492714,0.0
2024-08-02 05:00:00,0.0,-167105.3484931506,-29980000.67492714,0.0
2024-08-02 06:00:00,0.0,-167105.3484931506,-29982395.173603933,0.0
2024-08-02 07:00:00,0.0,-167105.3484931506,-29989884.409645382,0.0
2024-08-02 08:00:00,0.0,-167105.3484931506,-30003838.279134482,0.0
2024-08-02 09:00:00,0.0,-167105.3484931506,-30024683.672417335,0.0
2024-08-02 10:00:00,0.0,-167105.3484931506,-30052347.473762196,0.0
2024-08-02 11:00:00,0.0,-167105.3484931506,-30086099.560997285,0.0
2024-08-02 12:00:00,0.0,-167105.3484931506,-30125313.80512604,0.0
2024-08-02 13:00:00,0.0,-167105.3484931506,-30169082.06991832,0.0
2024-08-02 14:00:00,0.0,-167105.3484931506,-30216478.211476028,0.0
2024-08-02 15:00:00,0.0,-167105.3484931506,-30265516.07777151,0.0
2024-08-02 16:00:00,0.0,-167105.3484931506,-30314991.50815696,0.0
2024-08-02 17:00:00,0.0,-167105.3484931506,-30363354.332842946,0.0
2024-08-02 18:00:00,0.0,-167105.3484931506,-30407293.37234411,0.0
2024-08-02 19:00:00,0.0,-167105.3484931506,-30445744.43688984,0.0
2024-08-02 20:00:00,0.0,-167105.3484931506,-30479232.32579768,0.0
2024-08-02 21:00:00,0.0,-167105.3484931506,-30507723.82680709,0.0
2024-08-02 22:00:00,0.0,-167105.3484931506,-30529580.715370882,0.0
2024-08-02 23:00:00,0.0,-167105.3484931506,-30544407.753901694,0.0
2024-08-03 00:00:00,0.0,-167105.3484931506,-30546861.863006074,0.0
2024-08-03 01:00:00,0.0,-167105.3484931506,-30546861.863006074,0.0
2024-08-03 02:00:00,0.0,-167105.3484931506,-30546861.863006074,0.0
2024-08-03 03:00:00,0.0,-167105.3484931506,-30546861.863006074,0.0
2024-08-03 04:00:00,0.0,-167105.3484931506,-30546861.863006074,0.0
2024-08-03 05:00:00,0.0,-167105.3484931506,-30546861.863006074,0.0
2024-08-03 06:00:00,0.0,-167105.3484931506,-30546861.863006074,0.0
2024-08-03 07:00:00,0.0,-167105.3484931506,-30546861.863006074,0.0
2024-08-03 08:00:00,0.0,-167105.3484931506,-30547671.13147966,0.0
2024-08-03 09:00:00,0.0,-167105.3484931506,-30555407.681281086,0.0
2024-08-03 10:00:00,0.0,-167105.3484931506,-30570803.383127764,0.0
2024-08-03 11:00:00,0.0,-167105.3484931506,-30593161.10048542,0.0
2024-08-03 12:00:00,0.0,-167105.3484931506,-30622030.689132594,0.0
2024-08-03 13:00:00,0.0,-167105.3484931506,-30655877.99669775,0.0
2024-08-03 14:00:00,0.0,-167105.3484931506,-30693169.86216738,0.0
2024-08-03 15:00:00,0.0,-167105.3484931506,-30732492.11536312,0.0
2024-08-03 16:00:00,0.0,-167105.3484931506,-30772816.57638592,0.0
2024-08-03 17:00:00,0.0,-167105.3484931506,-30812118.055025104,0.0
2024-08-03 18:00:00,0.0,-167105.3484931506,-30847209.350130107,0.0
2024-08-03 19:00:00,0.0,-167105.3484931506,-30877182.248942357,0.0
2024-08-03 20:00:00,0.0,-167105.3484931506,-30902879.526384793,0.0
2024-08-03 21:00:00,0.0,-167105.3484931506,-30924531.94430624,0.0
2024-08-03 22:00:00,0.0,-167105.3484931506,-30940477.25067767,0.0
2024-08-03 23:00:00,0.0,-167105.3484931506,-30950210.17873724,0.0
2024-08-04 00:00:00,0.0,-167105.3484931506,-30950210.17873724,0.0
2024-08-04 01:00:00,0.0,-167105.3484931506,-30950210.17873724,0.0
2024-08-04 02:00:00,0.0,-167105.3484931506,-30950210.17873724,0.0
2024-08-04 03:00:00,0.0,-167105.3484931506,-30950210.17873724,0.0
2024-08-04 04:00:00,0.0,-167105.3484931506,-30950210.17873724,0.0
2024-08-04 05:00:00,0.0,-167105.3484931506,-30950210.17873724,0.0
2024-08-04 06:00:00,0.0,-167105.3484931506,-30950210.17873724,0.0
2024-08-04 07:00:00,0.0,-167105.3484931506,-30950210.17873724,0.0
2024-08-04 08:00:00,0.0,-167105.3484931506,-30950210.17873724,0.0
2024-08-04 09:00:00,0.0,-167105.3484931506,-30951729.348648723,0.0
2024-08-04 10:00:00,0.0,-167105.3484931506,-30959955.3843683,0.0
2024-08-04 11:00:00,0.0,-167105.3484931506,-30975013.133180093,0.0
2024-08-04 12:00:00,0.0,-167105.3484931506,-30996388.433704372,0.0
2024-08-04 13:00:00,0.0,-167105.3484931506,-31023052.115373276,0.0
2024-08-04 14:00:00,0.0,-167105.3484931506,-31054406.997873463,0.0
2024-08-04 15:00:00,0.0,-167105.3484931506,-31089551.89055357,0.0
2024-08-04 16:00:00,0.0,-167105.3484931506,-31127380.59179422,0.0
2024-08-04 17:00:00,0.0,-167105.3484931506,-31166666.888338067,0.0
2024-08-04 18:00:00,0.0,-167105.3484931506,-31205978.554577388,0.0
2024-08-04 19:00:00,0.0,-167105.3484931506,-31242347.35179634,0.0
2024-08-04 20:00:00,0.0,-167105.3484931506,-31275015.02736502,0.0
2024-08-04 21:00:00,0.0,-167105.3484931506,-31303664.313882135,0.0
2024-08-04 22:00:00,0.0,-167105.3484931506,-31325340.92826289,0.0
2024-08-04 23:00:00,0.0,-167105.3484931506,-31339987.5707686,0.0
2024-08-05 00:00:00,0.0,-167105.3484931506,-31339987.5707686,0.0
2024-08-05 01:00:00,0.0,-167105.3484931506,-31339987.5707686,0.0
2024-08-05 02:00:00,0.0,-167105.3484931506,-31339987.5707686,0.0
2024-08-05 03:00:00,0.0,-167105.3484931506,-31339987.5707686,0.0
2024-08-05 04:00:00,0.0,-167105.3484931506,-31339987.5707686,0.0
2024-08-05 05:00:00,0.0,-167105.3484931506,-31339987.5707686,0.0
2024-08-05 06:00:00,0.0,-167105.3484931506,-31339987.5707686,0.0
2024-08-05 07:00:00,0.0,-167105.3484931506,-31339987.5707686,0.0
2024-08-05 08:00:00,0.0,-167105.3484931506,-31342958.780009177,0.0
2024-08-05 09:00:00,0.0,-167105.3484931506,-31352650.722542197,0.0
2024-08-05 10:00:00,0.0,-167105.3484931506,-31370175.29432636,0.0
2024-08-05 11:00:00,0.0,-167105.3484931506,-31395364.385579064,0.0
2024-08-05 12:00:00,0.0,-167105.3484931506,-31427493.88043525,0.0
2024-08-05 13:00:00,0.0,-167105.3484931506,-31465736.656585082,0.0
2024-08-05 14:00:00,0.0,-167105.3484931506,-31508336.584888995,0.0
2024-08-05 15:00:00,0.0,-167105.3484931506,-31553566.528968733,0.0
2024-08-05 16:00:00,0.0,-167105.3484931506,-31600498.34477278,0.0
2024-08-05 17:00:00,0.0,-167105.3484931506,-31648179.880114555,0.0
2024-08-05 18:00:00,0.0,-167105.3484931506,-31694656.974181633,0.0
2024-08-05 19:00:00,0.0,-167105.3484931506,-31737121.45701406,0.0
2024-08-05 20:00:00,0.0,-167105.3484931506,-31774947.148949828,0.0
2024-08-05 21:00:00,0.0,-167105.3484931506,-31807273.860035323,0.0
2024-08-05 22:00:00,0.0,-167105.3484931506,-31831464.389398538,0.0
2024-08-05 23:00:00,0.0,-167105.3484931506,-31847743.524582565,0.0
2024-08-06 00:00:00,0.0,-167105.3484931506,-31850552.932291977,0.0
2024-08-06 01:00:00,0.0,-167105.3484931506,-31850552.932291977,0.0
2024-08-06 02:00:00,0.0,-167105.3484931506,-31850552.932291977,0.0
2024-08-06 03:00:00,0.0,-167105.3484931506,-31850552.932291977,0.0
2024-08-06 04:00:00,0.0,-167105.3484931506,-31850552.932291977,0.0
2024-08-06 05:00:00,0.0,-167105.3484931506,-31850552.932291977,0.0
2024-08-06 06:00:00,0.0,-167886.3484931506,-31850552.932291977,0.0
2024-08-06 07:00:00,0.0,-167886.3484931506,-31854165.353408515,0.0
2024-08-06 08:00:00,0.0,-168293.03506849307,-31864018.399946537,0.0
2024-08-06 09:00:00,0.0,-168293.03506849307,-31880301.961884,0.0
2024-08-06 10:00:00,0.0,-168345.03506849307,-31903426.923101354,0.0
2024-08-06 11:00:00,0.0,-168345.03506849307,-31932873.161018226,0.0
2024-08-06 12:00:00,0.0,-168345.03506849307,-31968205.546207454,0.0
2024-08-06 13:00:00,0.0,-169659.03506849307,-32008040.941985004,0.0
2024-08-06 14:00:00,0.0,-169757.73232876704,-32050309.203974247,0.0
2024-08-06 15:00:00,0.0,-169757.73232876704,-32092214.179642897,0.0
2024-08-06 16:00:00,0.0,-169757.73232876704,-32132207.707810886,0.0
2024-08-06 17:00:00,0.0,-169757.73232876704,-32169693.61812728,0.0
2024-08-06 18:00:00,0.0,-169757.73232876704,-32203464.730514213,0.0
2024-08-06 19:00:00,0.0,-169757.73232876704,-32233079.85457576,0.0
2024-08-06 20:00:00,0.0,-169757.73232876704,-32258861.788969383,0.0
2024-08-06 21:00:00,0.0,-169757.73232876704,-32279695.320737608,0.0
2024-08-06 22:00:00,0.0,-169757.73232876704,-32293514.224597294,0.0
2024-08-06 23:00:00,0.0,-169757.73232876704,-32300200.262183737,0.0
2024-08-07 00:00:00,0.0,-169757.73232876704,-32300200.262183737,0.0
2024-08-07 01:00:00,0.0,-169757.73232876704,-32300200.262183737,0.0
2024-08-07 02:00:00,0.0,-169757.73232876704,-32300200.262183737,0.0
2024-08-07 03:00:00,0.0,-169757.73232876704,-32300200.262183737,0.0
2024-08-07 04:00:00,0.0,-169757.73232876704,-32300200.262183737,0.0
2024-08-07 05:00:00,0.0,-169757.73232876704,-32300200.262183737,0.0
2024-08-07 06:00:00,0.0,-169757.73232876704,-32300200.262183737,0.0
2024-08-07 07:00:00,0.0,-169757.73232876704,-32300200.262183737,0.0
2024-08-07 08:00:00,0.0,-169757.73232876704,-32301729.68976086,0.0
2024-08-07 09:00:00,0.0,-169757.73232876704,-32307022.38943893,0.0
2024-08-07 10:00:00,0.0,-169757.73232876704,-32316398.231502786,0.0
2024-08-07 11:00:00,0.0,-169757.73232876704,-32330133.078962192,0.0
2024-08-07 12:00:00,0.0,-169757.73232876704,-32347930.787114944,0.0
2024-08-07 13:00:00,0.0,-169757.73232876704,-32368642.203082554,0.0
2024-08-07 14:00:00,0.0,-169757.73232876704,-32391694.165316783,0.0
2024-08-07 15:00:00,0.0,-169757.73232876704,-32415781.50307514,0.0
2024-08-07 16:00:00,0.0,-169757.73232876704,-32440568.03586331,0.0
2024-08-07 17:00:00,0.0,-169757.73232876704,-32465174.57284237,0.0
2024-08-07 18:00:00,0.0,-169757.73232876704,-32487935.91219856,0.0
2024-08-07 19:00:00,0.0,-169757.73232876704,-32507944.84047308,0.0
2024-08-07 20:00:00,0.0,-169757.73232876704,-32525636.13184942,0.0
2024-08-07 21:00:00,0.0,-169757.73232876704,-32540016.547395363,0.0
2024-08-07 22:00:00,0.0,-169757.73232876704,-32548677.83425677,0.0
2024-08-07 23:00:00,0.0,-169757.73232876704,-32551154.72479994,0.0
2024-08-08 00:00:00,0.0,-169757.73232876704,-32551154.72479994,0.0
2024-08-08 01:00:00,0.0,-169757.73232876704,-32551154.72479994,0.0
2024-08-08 02:00:00,0.0,-169757.73232876704,-32551154.72479994,0.0
2024-08-08 03:00:00,0.0,-169757.73232876704,-32551154.72479994,0.0
2024-08-08 04:00:00,0.0,-169757.73232876704,-32551154.72479994,0.0
2024-08-08 05:00:00,0.0,-169757.73232876704,-32551154.72479994,0.0
2024-08-08 06:00:00,0.0,-169757.73232876704,-32551154.72479994,0.0
2024-08-08 07:00:00,0.0,-169757.73232876704,-32551154.72479994,0.0
2024-08-08 08:00:00,0.0,-169757.73232876704,-32551705.023728617,0.0
2024-08-08 09:00:00,0.0,-169757.73232876704,-32556312.322854843,0.0
2024-08-08 10:00:00,0.0,-169757.73232876704,-32564893.477150377,0.0
2024-08-08 11:00:00,0.0,-169757.73232876704,-32577614.333390035,0.0
2024-08-08 12:00:00,0.0,-169757.73232876704,-32594173.729656883,0.0
2024-08-08 13:00:00,0.0,-169757.73232876704,-32614023.494816303,0.0
2024-08-08 14:00:00,0.0,-169757.73232876704,-32636162.447956905,0.0
2024-08-08 15:00:00,0.0,-169757.73232876704,-32659668.39779613,0.0
2024-08-08 16:00:00,0.0,-169757.73232876704,-32684352.14204828,0.0
2024-08-08 17:00:00,0.0,-169757.73232876704,-32709693.46675248,0.0
2024-08-08 18:00:00,0.0,-169757.73232876704,-32733857.14555804,0.0
2024-08-08 19:00:00,0.0,-169757.73232876704,-32756094.938964356,0.0
2024-08-08 20:00:00,0.0,-169757.73232876704,-32776894.593512464,0.0
2024-08-08 21:00:00,0.0,-169757.73232876704,-32795142.840925034,0.0
2024-08-08 22:00:00,0.0,-169757.73232876704,-32808353.39719145,0.0
2024-08-08 23:00:00,0.0,-169757.73232876704,-32816096.96159438,0.0
2024-08-09 00:00:00,0.0,-169757.73232876704,-32816096.96159438,0.0
2024-08-09 01:00:00,0.0,-169991.14410958896,-32816096.96159438,0.0
2024-08-09 02:00:00,0.0,-169991.14410958896,-32816096.96159438,0.0
2024-08-09 03:00:00,0.0,-169991.14410958896,-32816096.96159438,0.0
2024-08-09 04:00:00,0.0,-169991.14410958896,-32816096.96159438,0.0
2024-08-09 05:00:00,0.0,-170194.6087671232,-32816096.96159438,0.0
2024-08-09 06:00:00,0.0,-170883.33315068483,-32816096.96159438,0.0
2024-08-09 07:00:00,0.0,-171530.97397260263,-32818123.71237332,0.0
2024-08-09 08:00:00,0.0,-171530.97397260263,-32824958.312791876,0.0
2024-08-09 09:00:00,0.0,-171530.97397260263,-32835864.60927768,0.0
2024-08-09 10:00:00,0.0,-171530.97397260263,-32850817.439544573,0.0
2024-08-09 11:00:00,0.0,-171530.97397260263,-32869544.632065248,0.0
2024-08-09 12:00:00,0.0,-171530.97397260263,-32891405.005510636,0.0
2024-08-09 13:00:00,0.0,-171530.97397260263,-32916031.36815388,0.0
2024-08-09 14:00:00,0.0,-171530.97397260263,-32942192.517236646,0.0
2024-08-09 15:00:00,0.0,-171530.97397260263,-32969280.238295227,0.0
2024-08-09 16:00:00,0.0,-171530.97397260263,-32997272.304443937,0.0
2024-08-09 17:00:00,0.0,-171530.97397260263,-33025585.47561292,0.0
2024-08-09 18:00:00,0.0,-171530.97397260263,-33052034.497737464,0.0
2024-08-09 19:00:00,0.0,-171530.97397260263,-33075177.101895597,0.0
2024-08-09 20:00:00,0.0,-171530.97397260263,-33095170.003390625,0.0
2024-08-09 21:00:00,0.0,-171530.97397260263,-33111793.900774997,0.0
2024-08-09 22:00:00,0.0,-171530.97397260263,-33122814.474811632,0.0
2024-08-09 23:00:00,0.0,-171530.97397260263,-33127798.387368634,0.0
2024-08-10 00:00:00,0.0,-171530.97397260263,-33127798.387368634,0.0
2024-08-10 01:00:00,0.0,-171530.97397260263,-33127798.387368634,0.0
2024-08-10 02:00:00,0.0,-171530.97397260263,-33127798.387368634,0.0
2024-08-10 03:00:00,0.0,-171530.97397260263,-33127798.387368634,0.0
2024-08-10 04:00:00,0.0,-171530.97397260263,-33127798.387368634,0.0
2024-08-10 05:00:00,0.0,-171530.97397260263,-33127798.387368634,0.0
2024-08-10 06:00:00,0.0,-171530.97397260263,-33127798.387368634,0.0
2024-08-10 07:00:00,0.0,-171530.97397260263,-33127798.387368634,0.0
2024-08-10 08:00:00,0.0,-171530.97397260263,-33127798.387368634,0.0
2024-08-10 09:00:00,0.0,-171530.97397260263,-33127798.387368634,0.0
2024-08-10 10:00:00,0.0,-171530.97397260263,-33129477.181072317,0.0
2024-08-10 11:00:00,0.0,-171530.97397260263,-33135835.956464645,0.0
2024-08-10 12:00:00,0.0,-171530.97397260263,-33146248.51031394,0.0
2024-08-10 13:00:00,0.0,-171530.97397260263,-33159710.627652913,0.0
2024-08-10 14:00:00,0.0,-171530.97397260263,-33175843.08106008,0.0
2024-08-10 15:00:00,0.0,-171530.97397260263,-33194557.629895475,0.0
2024-08-10 16:00:00,0.0,-171530.97397260263,-33216105.01948769,0.0
2024-08-10 17:00:00,0.0,-171530.97397260263,-33239337.980269123,0.0
2024-08-10 18:00:00,0.0,-171530.97397260263,-33261670.22685593,0.0
2024-08-10 19:00:00,0.0,-171530.97397260263,-33280073.457069185,0.0
2024-08-10 20:00:00,0.0,-171530.97397260263,-33294697.350893296,0.0
2024-08-10 21:00:00,0.0,-171530.97397260263,-33305396.569367625,0.0
2024-08-10 22:00:00,0.0,-171530.97397260263,-33310781.75340689,0.0
2024-08-10 23:00:00,0.0,-171530.97397260263,-33310781.75340689,0.0
2024-08-11 00:00:00,0.0,-171530.97397260263,-33310781.75340689,0.0
2024-08-11 01:00:00,0.0,-171530.97397260263,-33310781.75340689,0.0
2024-08-11 02:00:00,0.0,-171530.97397260263,-33310781.75340689,0.0
2024-08-11 03:00:00,0.0,-171530.97397260263,-33310781.75340689,0.0
2024-08-11 04:00:00,0.0,-171530.97397260263,-33310781.75340689,0.0
2024-08-11 05:00:00,0.0,-171530.97397260263,-33310781.75340689,0.0
2024-08-11 06:00:00,0.0,-171530.97397260263,-33310781.75340689,0.0
2024-08-11 07:00:00,0.0,-171530.97397260263,-33310781.75340689,0.0
2024-08-11 08:00:00,0.0,-171530.97397260263,-33310781.75340689,0.0
2024-08-11 09:00:00,0.0,-171530.97397260263,-33310781.75340689,0.0
2024-08-11 10:00:00,0.0,-171530.97397260263,-33310781.75340689,0.0
2024-08-11 11:00:00,0.0,-171530.97397260263,-33310781.75340689,0.0
2024-08-11 12:00:00,0.0,-171530.97397260263,-33312181.593989223,0.0
2024-08-11 13:00:00,0.0,-171530.97397260263,-33316302.520396214,0.0
2024-08-11 14:00:00,0.0,-171530.97397260263,-33323776.277348857,0.0
2024-08-11 15:00:00,0.0,-171530.97397260263,-33335251.594632912,0.0
2024-08-11 16:00:00,0.0,-171530.97397260263,-33350876.186176322,0.0
2024-08-11 17:00:00,0.0,-171530.97397260263,-33369386.749067634,0.0
2024-08-11 18:00:00,0.0,-171530.97397260263,-33388002.962511525,0.0
2024-08-11 19:00:00,0.0,-171530.97397260263,-33404063.48671729,0.0
2024-08-11 20:00:00,0.0,-171530.97397260263,-33416940.96171596,0.0
2024-08-11 21:00:00,0.0,-171530.97397260263,-33426416.006101247,0.0
2024-08-11 22:00:00,0.0,-171530.97397260263,-33430032.215689417,0.0
2024-08-11 23:00:00,0.0,-171530.97397260263,-33430032.215689417,0.0
2024-08-12 00:00:00,0.0,-171530.97397260263,-33430032.215689417,0.0
2024-08-12 01:00:00,0.0,-171530.97397260263,-33430032.215689417,0.0
2024-08-12 02:00:00,0.0,-171530.97397260263,-33430032.215689417,0.0
2024-08-12 03:00:00,0.0,-171530.97397260263,-33430032.215689417,0.0
2024-08-12 04:00:00,0.0,-171530.97397260263,-33430032.215689417,0.0
2024-08-12 05:00:00,0.0,-171530.97397260263,-33430032.215689417,0.0
2024-08-12 06:00:00,0.0,-171530.97397260263,-33430032.215689417,0.0
2024-08-12 07:00:00,0.0,-171530.97397260263,-33430032.215689417,0.0
2024-08-12 08:00:00,0.0,-171530.97397260263,-33430032.215689417,0.0
2024-08-12 09:00:00,0.0,-171530.97397260263,-33430032.215689417,0.0
2024-08-12 10:00:00,0.0,-171530.97397260263,-33430032.215689417,0.0
2024-08-12 11:00:00,0.0,-171530.97397260263,-33430032.215689417,0.0
2024-08-12 12:00:00,0.0,-171530.97397260263,-33434198.708434343,0.0
2024-08-12 13:00:00,0.0,-171530.97397260263,-33442768.55785655,0.0
2024-08-12 14:00:00,0.0,-171530.97397260263,-33454955.582448665,0.0
2024-08-12 15:00:00,0.0,-171530.97397260263,-33469734.590299126,0.0
2024-08-12 16:00:00,0.0,-171530.97397260263,-33486522.37845824,0.0
2024-08-12 17:00:00,0.0,-171530.97397260263,-33505136.732264068,0.0
2024-08-12 18:00:00,0.0,-171530.97397260263,-33523830.424625564,0.0
2024-08-12 19:00:00,0.0,-171530.97397260263,-33539054.215260148,0.0
2024-08-12 20:00:00,0.0,-171530.97397260263,-33550125.849882733,0.0
2024-08-12 21:00:00,0.0,-171530.97397260263,-33556880.05934308,0.0
2024-08-12 22:00:00,0.0,-171530.97397260263,-33556880.05934308,0.0
2024-08-12 23:00:00,0.0,-171530.97397260263,-33556880.05934308,0.0
2024-08-13 00:00:00,0.0,-171530.97397260263,-33556880.05934308,0.0
2024-08-13 01:00:00,0.0,-171530.97397260263,-33556880.05934308,0.0
2024-08-13 02:00:00,0.0,-171530.97397260263,-33556880.05934308,0.0
2024-08-13 03:00:00,0.0,-171530.97397260263,-33556880.05934308,0.0
2024-08-13 04:00:00,0.0,-171530.97397260263,-33556880.05934308,0.0
2024-08-13 05:00:00,0.0,-171530.97397260263,-33556880.05934308,0.0
2024-08-13 06:00:00,0.0,-171530.97397260263,-33556880.05934308,0.0
2024-08-13 07:00:00,0.0,-171530.97397260263,-33556880.05934308,0.0
2024-08-13 08:00:00,0.0,-171530.97397260263,-33556880.05934308,0.0
2024-08-13 09:00:00,0.0,-171530.97397260263,-33556880.05934308,0.0
2024-08-13 10:00:00,0.0,-171530.97397260263,-33556880.05934308,0.0
2024-08-13 11:00:00,0.0,-171530.97397260263,-33559868.335053064,0.0
2024-08-13 12:00:00,0.0,-171530.97397260263,-33568070.77882356,0.0
2024-08-13 13:00:00,0.0,-171530.97397260263,-33580954.19829576,0.0
2024-08-13 14:00:00,0.0,-171530.97397260263,-33597757.39004419,0.0
2024-08-13 15:00:00,0.0,-171530.97397260263,-33617587.13890078,0.0
2024-08-13 16:00:00,0.0,-171530.97397260263,-33640262.21723597,0.0
2024-08-13 17:00:00,0.0,-171530.97397260263,-33664846.38419419,0.0
2024-08-13 18:00:00,0.0,-171530.97397260263,-33688783.38488066,0.0
2024-08-13 19:00:00,0.0,-171530.97397260263,-33709007.94949631,0.0
2024-08-13 20:00:00,0.0,-171530.97397260263,-33725482.79241748,0.0
2024-08-13 21:00:00,0.0,-171530.97397260263,-33737286.61121678,0.0
2024-08-13 22:00:00,0.0,-171530.97397260263,-33741618.08562123,0.0
2024-08-13 23:00:00,0.0,-171530.97397260263,-33741618.08562123,0.0
2024-08-14 00:00:00,0.0,-171530.97397260263,-33741618.08562123,0.0
2024-08-14 01:00:00,0.0,-171530.97397260263,-33741618.08562123,0.0
2024-08-14 02:00:00,0.0,-171530.97397260263,-33741618.08562123,0.0
2024-08-14 03:00:00,0.0,-171530.97397260263,-33741618.08562123,0.0
2024-08-14 04:00:00,0.0,-171530.97397260263,-33741618.08562123,0.0
2024-08-14 05:00:00,0.0,-171530.97397260263,-33741618.08562123,0.0
2024-08-14 06:00:00,0.0,-171530.97397260263,-33741618.08562123,0.0
2024-08-14 07:00:00,0.0,-171530.97397260263,-33741618.08562123,0.0
2024-08-14 08:00:00,0.0,-171530.97397260263,-33741618.08562123,0.0
2024-08-14 09:00:00,0.0,-171530.97397260263,-33741618.08562123,0.0
2024-08-14 10:00:00,0.0,-171530.97397260263,-33743660.948519036,0.0
2024-08-14 11:00:00,0.0,-171530.97397260263,-33751637.77955319,0.0
2024-08-14 12:00:00,0.0,-171530.97397260263,-33765158.374821745,0.0
2024-08-14 13:00:00,0.0,-171530.97397260263,-33784435.518649705,0.0
2024-08-14 14:00:00,0.0,-171530.97397260263,-33807951.98286818,0.0
2024-08-14 15:00:00,0.0,-171530.97397260263,-33835097.526047744,0.0
2024-08-14 16:00:00,0.0,-171530.97397260263,-33865356.89268296,0.0
2024-08-14 17:00:00,0.0,-171530.97397260263,-33897037.81232491,0.0
2024-08-14 18:00:00,0.0,-171530.97397260263,-33927299.99865832,0.0
2024-08-14 19:00:00,0.0,-171530.97397260263,-33953414.148519695,0.0
2024-08-14 20:00:00,0.0,-171530.97397260263,-33975116.94085249,0.0
2024-08-14 21:00:00,0.0,-171530.97397260263,-33991368.03559536,0.0
2024-08-14 22:00:00,0.0,-171530.97397260263,-34000025.07249885,0.0
2024-08-14 23:00:00,0.0,-171530.97397260263,-34000873.66986609,0.0
2024-08-15 00:00:00,0.0,-171530.97397260263,-34000873.66986609,0.0
2024-08-15 01:00:00,0.0,-171530.97397260263,-34000873.66986609,0.0
2024-08-15 02:00:00,0.0,-171530.97397260263,-34000873.66986609,0.0
2024-08-15 03:00:00,0.0,-171530.97397260263,-34000873.66986609,0.0
2024-08-15 04:00:00,0.0,-171530.97397260263,-34000873.66986609,0.0
2024-08-15 05:00:00,0.0,-171530.97397260263,-34000873.66986609,0.0
2024-08-15 06:00:00,0.0,-171530.97397260263,-34000873.66986609,0.0
2024-08-15 07:00:00,0.0,-171530.97397260263,-34000873.66986609,0.0
2024-08-15 08:00:00,0.0,-171530.97397260263,-34000873.66986609,0.0
2024-08-15 09:00:00,0.0,-171530.97397260263,-34000873.66986609,0.0
2024-08-15 10:00:00,0.0,-171530.97397260263,-34005742.66858683,0.0
2024-08-15 11:00:00,0.0,-171530.97397260263,-34015930.207308084,0.0
2024-08-15 12:00:00,0.0,-171530.97397260263,-34031257.05732082,0.0
2024-08-15 13:00:00,0.0,-171530.97397260263,-34051618.97662086,0.0
2024-08-15 14:00:00,0.0,-171530.97397260263,-34075822.70909117,0.0
2024-08-15 15:00:00,0.0,-171530.97397260263,-34102918.98363197,0.0
2024-08-15 16:00:00,0.0,-171530.97397260263,-34132295.51323528,0.0
2024-08-15 17:00:00,0.0,-171530.97397260263,-34162498.994000316,0.0
2024-08-15 18:00:00,0.0,-171530.97397260263,-34190904.10408576,0.0
2024-08-15 19:00:00,0.0,-171530.97397260263,-34215443.50259483,0.0
2024-08-15 20:00:00,0.0,-171530.97397260263,-34236860.828388706,0.0
2024-08-15 21:00:00,0.0,-171530.97397260263,-34253456.69882363,0.0
2024-08-15 22:00:00,0.0,-171530.97397260263,-34263327.7084066,0.0
2024-08-15 23:00:00,0.0,-171530.97397260263,-34266520.42736435,0.0
2024-08-16 00:00:00,0.0,-171530.97397260263,-34266520.42736435,0.0
2024-08-16 01:00:00,0.0,-171530.97397260263,-34266520.42736435,0.0
2024-08-16 02:00:00,0.0,-171530.97397260263,-34266520.42736435,0.0
2024-08-16 03:00:00,0.0,-171530.97397260263,-34266520.42736435,0.0
2024-08-16 04:00:00,0.0,-171530.97397260263,-34266520.42736435,0.0
2024-08-16 05:00:00,0.0,-171530.97397260263,-34266520.42736435,0.0
2024-08-16 06:00:00,0.0,-171530.97397260263,-34266520.42736435,0.0
2024-08-16 07:00:00,0.0,-171530.97397260263,-34266520.42736435,0.0
2024-08-16 08:00:00,0.0,-171530.97397260263,-34266520.42736435,0.0
2024-08-16 09:00:00,0.0,-171530.97397260263,-34269876.360902146,0.0
2024-08-16 10:00:00,0.0,-171530.97397260263,-34278737.59662149,0.0
2024-08-16 11:00:00,0.0,-171530.97397260263,-34293046.89194259,0.0
2024-08-16 12:00:00,0.0,-171530.97397260263,-34313081.990135856,0.0
2024-08-16 13:00:00,0.0,-171530.97397260263,-34338438.61944962,0.0
2024-08-16 14:00:00,0.0,-171530.97397260263,-34368337.492182136,0.0
2024-08-16 15:00:00,0.0,-171530.97397260263,-34401604.30369416,0.0
2024-08-16 16:00:00,0.0,-171530.97397260263,-34437155.731358334,0.0
2024-08-16 17:00:00,0.0,-171530.97397260263,-34473312.43344112,0.0
2024-08-16 18:00:00,0.0,-171530.97397260263,-34507021.04791287,0.0
2024-08-16 19:00:00,0.0,-171530.97397260263,-34536579.1911814,0.0
2024-08-16 20:00:00,0.0,-171530.97397260263,-34562339.45674385,0.0
2024-08-16 21:00:00,0.0,-171530.97397260263,-34583310.413751654,0.0
2024-08-16 22:00:00,0.0,-171530.97397260263,-34598129.60548269,0.0
2024-08-16 23:00:00,0.0,-171530.97397260263,-34606524.547714636,0.0
2024-08-17 00:00:00,0.0,-171530.97397260263,-34606524.547714636,0.0
2024-08-17 01:00:00,0.0,-171530.97397260263,-34606524.547714636,0.0
2024-08-17 02:00:00,0.0,-171530.97397260263,-34606524.547714636,0.0
2024-08-17 03:00:00,0.0,-171530.97397260263,-34606524.547714636,0.0
2024-08-17 04:00:00,0.0,-171530.97397260263,-34606524.547714636,0.0
2024-08-17 05:00:00,0.0,-171530.97397260263,-34606524.547714636,0.0
2024-08-17 06:00:00,0.0,-171530.97397260263,-34606524.547714636,0.0
2024-08-17 07:00:00,0.0,-171530.97397260263,-34606524.547714636,0.0
2024-08-17 08:00:00,0.0,-171530.97397260263,-34606524.547714636,0.0
2024-08-17 09:00:00,0.0,-171530.97397260263,-34606644.21895882,0.0
2024-08-17 10:00:00,0.0,-171530.97397260263,-34612338.68276441,0.0
2024-08-17 11:00:00,0.0,-171530.97397260263,-34623613.66672687,0.0
2024-08-17 12:00:00,0.0,-171530.97397260263,-34639622.88244956,0.0
2024-08-17 13:00:00,0.0,-171530.97397260263,-34658796.024553634,0.0
2024-08-17 14:00:00,0.0,-171530.97397260263,-34680593.76962444,0.0
2024-08-17 15:00:00,0.0,-171530.97397260263,-34704005.775090344,0.0
2024-08-17 16:00:00,0.0,-171530.97397260263,-34727914.67802945,0.0
2024-08-17 17:00:00,0.0,-171530.97397260263,-34751304.093899585,0.0
2024-08-17 18:00:00,0.0,-171530.97397260263,-34772597.6151864,0.0
2024-08-17 19:00:00,0.0,-171530.97397260263,-34790913.80996423,0.0
2024-08-17 20:00:00,0.0,-171530.97397260263,-34806653.22036396,0.0
2024-08-17 21:00:00,0.0,-171530.97397260263,-34819164.3609417,0.0
2024-08-17 22:00:00,0.0,-171530.97397260263,-34826719.71694183,0.0
2024-08-17 23:00:00,0.0,-171530.97397260263,-34829288.74244726,0.0
2024-08-18 00:00:00,0.0,-171530.97397260263,-34829288.74244726,0.0
2024-08-18 01:00:00,0.0,-171530.97397260263,-34829288.74244726,0.0
2024-08-18 02:00:00,0.0,-171530.97397260263,-34829288.74244726,0.0
2024-08-18 03:00:00,0.0,-171530.97397260263,-34829288.74244726,0.0
2024-08-18 04:00:00,0.0,-171530.97397260263,-34829288.74244726,0.0
2024-08-18 05:00:00,0.0,-171530.97397260263,-34829288.74244726,0.0
2024-08-18 06:00:00,0.0,-171530.97397260263,-34829288.74244726,0.0
2024-08-18 07:00:00,0.0,-171530.97397260263,-34829288.74244726,0.0
2024-08-18 08:00:00,0.0,-171530.97397260263,-34829288.74244726,0.0
2024-08-18 09:00:00,0.0,-171530.97397260263,-34829288.74244726,0.0
2024-08-18 10:00:00,0.0,-171530.97397260263,-34830383.30102277,0.0
2024-08-18 11:00:00,0.0,-171530.97397260263,-34836556.77356571,0.0
2024-08-18 12:00:00,0.0,-171530.97397260263,-34847641.835872896,0.0
2024-08-18 13:00:00,0.0,-171530.97397260263,-34863301.14453325,0.0
2024-08-18 14:00:00,0.0,-171530.97397260263,-34883064.335731186,0.0
2024-08-18 15:00:00,0.0,-171530.97397260263,-34906215.02397303,0.0
2024-08-18 16:00:00,0.0,-173259.97397260263,-34932566.800731294,0.0
2024-08-18 17:00:00,0.0,-174829.97397260263,-34960513.23300145,0.0
2024-08-18 18:00:00,0.0,-176042.7717808218,-34986936.86176547,0.0
2024-08-18 19:00:00,0.0,-176042.7717808218,-35010072.20035589,0.0
2024-08-18 20:00:00,0.0,-176042.7717808218,-35030341.73271386,0.0
2024-08-18 21:00:00,0.0,-176042.7717808218,-35046397.9115342,0.0
2024-08-18 22:00:00,0.0,-176042.7717808218,-35056665.15628981,0.0
2024-08-18 23:00:00,0.0,-176042.7717808218,-35060951.851127714,0.0
2024-08-19 00:00:00,0.0,-176042.7717808218,-35060951.851127714,0.0
2024-08-19 01:00:00,0.0,-176042.7717808218,-35060951.851127714,0.0
2024-08-19 02:00:00,0.0,-176042.7717808218,-35060951.851127714,0.0
2024-08-19 03:00:00,0.0,-176042.7717808218,-35060951.851127714,0.0
2024-08-19 04:00:00,0.0,-176042.7717808218,-35060951.851127714,0.0
2024-08-19 05:00:00,0.0,-176042.7717808218,-35060951.851127714,0.0
2024-08-19 06:00:00,0.0,-176042.7717808218,-35060951.851127714,0.0
2024-08-19 07:00:00,0.0,-176042.7717808218,-35060951.851127714,0.0
2024-08-19 08:00:00,0.0,-176042.7717808218,-35060951.851127714,0.0
2024-08-19 09:00:00,0.0,-176042.7717808218,-35060951.851127714,0.0
2024-08-19 10:00:00,0.0,-176042.7717808218,-35063169.89092029,0.0
2024-08-19 11:00:00,0.0,-176042.7717808218,-35069079.45576651,0.0
2024-08-19 12:00:00,0.0,-176042.7717808218,-35078582.316209026,0.0
2024-08-19 13:00:00,0.0,-176042.7717808218,-35091564.22945326,0.0
2024-08-19 14:00:00,0.0,-176042.7717808218,-35107182.938547105,0.0
2024-08-19 15:00:00,0.0,-176042.7717808218,-35124201.1715084,0.0
2024-08-19 16:00:00,0.0,-176042.7717808218,-35141749.64039661,0.0
2024-08-19 17:00:00,0.0,-176042.7717808218,-35158782.04032517,0.0
2024-08-19 18:00:00,0.0,-176042.7717808218,-35173416.04841055,0.0
2024-08-19 19:00:00,0.0,-176042.7717808218,-35184424.322653875,0.0
2024-08-19 20:00:00,0.0,-176042.7717808218,-35192927.50075075,0.0
2024-08-19 21:00:00,0.0,-176042.7717808218,-35197163.19882444,0.0
2024-08-19 22:00:00,0.0,-176042.7717808218,-35197163.19882444,0.0
2024-08-19 23:00:00,0.0,-176042.7717808218,-35197163.19882444,0.0
2024-08-20 00:00:00,0.0,-176042.7717808218,-35197163.19882444,0.0
2024-08-20 01:00:00,0.0,-176042.7717808218,-35197163.19882444,0.0
2024-08-20 02:00:00,0.0,-176042.7717808218,-35197163.19882444,0.0
2024-08-20 03:00:00,0.0,-176042.7717808218,-35197163.19882444,0.0
2024-08-20 04:00:00,0.0,-176042.7717808218,-35197163.19882444,0.0
2024-08-20 05:00:00,0.0,-176042.7717808218,-35197163.19882444,0.0
2024-08-20 06:00:00,0.0,-176042.7717808218,-35197163.19882444,0.0
2024-08-20 07:00:00,0.0,-176042.7717808218,-35197163.19882444,0.0
2024-08-20 08:00:00,0.0,-176042.7717808218,-35197163.19882444,0.0
2024-08-20 09:00:00,0.0,-176042.7717808218,-35197163.19882444,0.0
2024-08-20 10:00:00,0.0,-176042.7717808218,-35197163.19882444,0.0
2024-08-20 11:00:00,0.0,-176042.7717808218,-35197163.19882444,0.0
2024-08-20 12:00:00,0.0,-176042.7717808218,-35197163.19882444,0.0
2024-08-20 13:00:00,0.0,-176042.7717808218,-35197163.19882444,0.0
2024-08-20 14:00:00,0.0,-176042.7717808218,-35197163.19882444,0.0
2024-08-20 15:00:00,0.0,-176042.7717808218,-35197163.19882444,0.0
2024-08-20 16:00:00,0.0,-176042.7717808218,-35197163.19882444,0.0
2024-08-20 17:00:00,0.0,-176042.7717808218,-35197681.77467359,0.0
2024-08-20 18:00:00,0.0,-176042.7717808218,-35197738.23937651,0.0
2024-08-20 19:00:00,0.0,-176042.7717808218,-35197738.23937651,0.0
2024-08-20 20:00:00,0.0,-176042.7717808218,-35197738.23937651,0.0
2024-08-20 21:00:00,0.0,-176042.7717808218,-35197738.23937651,0.0
2024-08-20 22:00:00,0.0,-176042.7717808218,-35197738.23937651,0.0
2024-08-20 23:00:00,0.0,-176042.7717808218,-35197738.23937651,0.0
2024-08-21 00:00:00,0.0,-176042.7717808218,-35197738.23937651,0.0
2024-08-21 01:00:00,0.0,-176042.7717808218,-35197738.23937651,0.0
2024-08-21 02:00:00,0.0,-176042.7717808218,-35197738.23937651,0.0
2024-08-21 03:00:00,0.0,-176042.7717808218,-35197738.23937651,0.0
2024-08-21 04:00:00,0.0,-176042.7717808218,-35197738.23937651,0.0
2024-08-21 05:00:00,0.0,-176042.7717808218,-35197738.23937651,0.0
2024-08-21 06:00:00,0.0,-176042.7717808218,-35197738.23937651,0.0
2024-08-21 07:00:00,0.0,-176042.7717808218,-35197738.23937651,0.0
2024-08-21 08:00:00,0.0,-176042.7717808218,-35197738.23937651,0.0
2024-08-21 09:00:00,0.0,-176042.7717808218,-35197738.23937651,0.0
2024-08-21 10:00:00,0.0,-176042.7717808218,-35197738.23937651,0.0
2024-08-21 11:00:00,0.0,-176042.7717808218,-35197738.23937651,0.0
2024-08-21 12:00:00,0.0,-176042.7717808218,-35197738.23937651,0.0
2024-08-21 13:00:00,0.0,-176042.7717808218,-35197738.23937651,0.0
2024-08-21 14:00:00,0.0,-176042.7717808218,-35197738.23937651,0.0
2024-08-21 15:00:00,0.0,-176042.7717808218,-35197738.23937651,0.0
2024-08-21 16:00:00,0.0,-176042.7717808218,-35197738.23937651,0.0
2024-08-21 17:00:00,0.0,-176042.7717808218,-35199037.47851223,0.0
2024-08-21 18:00:00,0.0,-176042.7717808218,-35200719.79686259,0.0
2024-08-21 19:00:00,0.0,-176042.7717808218,-35200823.76110794,0.0
2024-08-21 20:00:00,0.0,-176042.7717808218,-35200823.76110794,0.0
2024-08-21 21:00:00,0.0,-176042.7717808218,-35200823.76110794,0.0
2024-08-21 22:00:00,0.0,-176042.7717808218,-35200823.76110794,0.0
2024-08-21 23:00:00,0.0,-176042.7717808218,-35200823.76110794,0.0
2024-08-22 00:00:00,0.0,-176042.7717808218,-35200823.76110794,0.0
2024-08-22 01:00:00,0.0,-176042.7717808218,-35200823.76110794,0.0
2024-08-22 02:00:00,0.0,-176042.7717808218,-35200823.76110794,0.0
2024-08-22 03:00:00,0.0,-176042.7717808218,-35200823.76110794,0.0
2024-08-22 04:00:00,0.0,-176042.7717808218,-35200823.76110794,0.0
2024-08-22 05:00:00,0.0,-176042.7717808218,-35200823.76110794,0.0
2024-08-22 06:00:00,0.0,-176042.7717808218,-35200823.76110794,0.0
2024-08-22 07:00:00,0.0,-176042.7717808218,-35200823.76110794,0.0
2024-08-22 08:00:00,0.0,-176042.7717808218,-35200823.76110794,0.0
2024-08-22 09:00:00,0.0,-176042.7717808218,-35200823.76110794,0.0
2024-08-22 10:00:00,0.0,-176042.7717808218,-35200823.76110794,0.0
2024-08-22 11:00:00,0.0,-176042.7717808218,-35200823.76110794,0.0
2024-08-22 12:00:00,0.0,-176042.7717808218,-35200823.76110794,0.0
2024-08-22 13:00:00,0.0,-176042.7717808218,-35200823.76110794,0.0
2024-08-22 14:00:00,0.0,-176042.7717808218,-35201280.79836624,0.0
2024-08-22 15:00:00,0.0,-176042.7717808218,-35204434.3076727,0.0
2024-08-22 16:00:00,0.0,-176042.7717808218,-35210621.87917602,0.0
2024-08-22 17:00:00,0.0,-176042.7717808218,-35219293.07847081,0.0
2024-08-22 18:00:00,0.0,-176042.7717808218,-35228290.44505638,0.0
2024-08-22 19:00:00,0.0,-176042.7717808218,-35234966.49069576,0.0
2024-08-22 20:00:00,0.0,-176399.6939726026,-35239836.69766845,0.0
2024-08-22 21:00:00,0.0,-176399.6939726026,-35240918.516909674,0.0
2024-08-22 22:00:00,0.0,-176399.6939726026,-35240918.516909674,0.0
2024-08-22 23:00:00,0.0,-176399.6939726026,-35240918.516909674,0.0
2024-08-23 00:00:00,0.0,-176399.6939726026,-35240918.516909674,0.0
2024-08-23 01:00:00,0.0,-176399.6939726026,-35240918.516909674,0.0
2024-08-23 02:00:00,0.0,-176399.6939726026,-35240918.516909674,0.0
2024-08-23 03:00:00,0.0,-176399.6939726026,-35240918.516909674,0.0
2024-08-23 04:00:00,0.0,-176399.6939726026,-35240918.516909674,0.0
2024-08-23 05:00:00,0.0,-176399.6939726026,-35240918.516909674,0.0
2024-08-23 06:00:00,0.0,-176399.6939726026,-35240918.516909674,0.0
2024-08-23 07:00:00,0.0,-176399.6939726026,-35240918.516909674,0.0
2024-08-23 08:00:00,0.0,-176399.6939726026,-35240918.516909674,0.0
2024-08-23 09:00:00,0.0,-176399.6939726026,-35240918.516909674,0.0
2024-08-23 10:00:00,0.0,-176399.6939726026,-35240918.516909674,0.0
2024-08-23 11:00:00,0.0,-176399.6939726026,-35240918.516909674,0.0
2024-08-23 12:00:00,0.0,-176399.6939726026,-35240918.516909674,0.0
2024-08-23 13:00:00,0.0,-176399.6939726026,-35244942.29614946,0.0
2024-08-23 14:00:00,0.0,-176399.6939726026,-35253165.12054483,0.0
2024-08-23 15:00:00,0.0,-176399.6939726026,-35265456.554602854,0.0
2024-08-23 16:00:00,0.0,-176399.6939726026,-35281887.13666472,0.0
2024-08-23 17:00:00,0.0,-176399.6939726026,-35300958.37726006,0.0
2024-08-23 18:00:00,0.0,-176399.6939726026,-35318639.75735469,0.0
2024-08-23 19:00:00,0.0,-176399.6939726026,-35332137.72648464,0.0
2024-08-23 20:00:00,0.0,-176399.6939726026,-35342101.70076885,0.0
2024-08-23 21:00:00,0.0,-176399.6939726026,-35347584.06079269,0.0
2024-08-23 22:00:00,0.0,-176399.6939726026,-35347584.06079269,0.0
2024-08-23 23:00:00,0.0,-176399.6939726026,-35347584.06079269,0.0
2024-08-24 00:00:00,0.0,-176399.6939726026,-35347584.06079269,0.0
2024-08-24 01:00:00,0.0,-176399.6939726026,-35347584.06079269,0.0
2024-08-24 02:00:00,0.0,-176399.6939726026,-35347584.06079269,0.0
2024-08-24 03:00:00,0.0,-176399.6939726026,-35347584.06079269,0.0
2024-08-24 04:00:00,0.0,-176399.6939726026,-35347584.06079269,0.0
2024-08-24 05:00:00,0.0,-176399.6939726026,-35347584.06079269,0.0
2024-08-24 06:00:00,0.0,-176399.6939726026,-35347584.06079269,0.0
2024-08-24 07:00:00,0.0,-176399.6939726026,-35347584.06079269,0.0
2024-08-24 08:00:00,0.0,-176399.6939726026,-35347584.06079269,0.0
2024-08-24 09:00:00,0.0,-176399.6939726026,-35347584.06079269,0.0
2024-08-24 10:00:00,0.0,-176399.6939726026,-35347584.06079269,0.0
2024-08-24 11:00:00,0.0,-176399.6939726026,-35347584.06079269,0.0
2024-08-24 12:00:00,0.0,-176399.6939726026,-35350591.1378214,0.0
2024-08-24 13:00:00,0.0,-176399.6939726026,-35359335.80635877,0.0
2024-08-24 14:00:00,0.0,-176399.6939726026,-35373156.60358592,0.0
2024-08-24 15:00:00,0.0,-176399.6939726026,-35391919.038797036,0.0
2024-08-24 16:00:00,0.0,-176399.6939726026,-35414933.59164207,0.0
2024-08-24 17:00:00,0.0,-176399.6939726026,-35440184.71025542,0.0
2024-08-24 18:00:00,0.0,-176399.6939726026,-35464623.80926305,0.0
2024-08-24 19:00:00,0.0,-176399.6939726026,-35484931.2676598,0.0
2024-08-24 20:00:00,0.0,-176399.6939726026,-35501544.42654855,0.0
2024-08-24 21:00:00,0.0,-176399.6939726026,-35513773.5867318,0.0
2024-08-24 22:00:00,0.0,-176399.6939726026,-35520171.00614602,0.0
2024-08-24 23:00:00,0.0,-176399.6939726026,-35520444.89712818,0.0
2024-08-25 00:00:00,0.0,-176399.6939726026,-35520444.89712818,0.0
2024-08-25 01:00:00,0.0,-176399.6939726026,-35520444.89712818,0.0
2024-08-25 02:00:00,0.0,-176399.6939726026,-35520444.89712818,0.0
2024-08-25 03:00:00,0.0,-176399.6939726026,-35520444.89712818,0.0
2024-08-25 04:00:00,0.0,-176399.6939726026,-35520444.89712818,0.0
2024-08-25 05:00:00,0.0,-176399.6939726026,-35520444.89712818,0.0
2024-08-25 06:00:00,0.0,-176399.6939726026,-35520444.89712818,0.0
2024-08-25 07:00:00,0.0,-176399.6939726026,-35520444.89712818,0.0
2024-08-25 08:00:00,0.0,-176399.6939726026,-35520444.89712818,0.0
2024-08-25 09:00:00,0.0,-176399.6939726026,-35520444.89712818,0.0
2024-08-25 10:00:00,0.0,-176399.6939726026,-35520444.89712818,0.0
2024-08-25 11:00:00,0.0,-176399.6939726026,-35526624.799863316,0.0
2024-08-25 12:00:00,0.0,-176399.6939726026,-35540164.81194719,0.0
2024-08-25 13:00:00,0.0,-176399.6939726026,-35560246.44143645,0.0
2024-08-25 14:00:00,0.0,-176399.6939726026,-35585705.16666298,0.0
2024-08-25 15:00:00,0.0,-176399.6939726026,-35616094.43435724,0.0
2024-08-25 16:00:00,0.0,-176399.6939726026,-35650886.657649614,0.0
2024-08-25 17:00:00,0.0,-176399.6939726026,-35688251.21394174,0.0
2024-08-25 18:00:00,0.0,-176399.6939726026,-35725141.4426391,0.0
2024-08-25 19:00:00,0.0,-176399.6939726026,-35758648.64273573,0.0
2024-08-25 20:00:00,0.0,-176399.6939726026,-35788772.07024113,0.0
2024-08-25 21:00:00,0.0,-176399.6939726026,-35813080.93543892,0.0
2024-08-25 22:00:00,0.0,-176399.6939726026,-35829734.399966,0.0
2024-08-25 23:00:00,0.0,-176399.6939726026,-35839014.573700234,0.0
2024-08-26 00:00:00,0.0,-176399.6939726026,-35839014.573700234,0.0
2024-08-26 01:00:00,0.0,-176399.6939726026,-35839014.573700234,0.0
2024-08-26 02:00:00,0.0,-176399.6939726026,-35839014.573700234,0.0
2024-08-26 03:00:00,0.0,-176399.6939726026,-35839014.573700234,0.0
2024-08-26 04:00:00,0.0,-176399.6939726026,-35839014.573700234,0.0
2024-08-26 05:00:00,0.0,-176399.6939726026,-35839014.573700234,0.0
2024-08-26 06:00:00,0.0,-176399.6939726026,-35839014.573700234,0.0
2024-08-26 07:00:00,0.0,-176399.6939726026,-35839014.573700234,0.0
2024-08-26 08:00:00,0.0,-176399.6939726026,-35839014.573700234,0.0
2024-08-26 09:00:00,0.0,-176399.6939726026,-35841485.82052861,0.0
2024-08-26 10:00:00,0.0,-176399.6939726026,-35850915.248734094,0.0
2024-08-26 11:00:00,0.0,-176399.6939726026,-35868313.55020035,0.0
2024-08-26 12:00:00,0.0,-176399.6939726026,-35893242.39861309,0.0
2024-08-26 13:00:00,0.0,-176399.6939726026,-35925073.44832876,0.0
2024-08-26 14:00:00,0.0,-176399.6939726026,-35960230.333170585,0.0
2024-08-26 15:00:00,0.0,-176399.6939726026,-35999074.665147066,0.0
2024-08-26 16:00:00,0.0,-176399.6939726026,-36040752.033087954,0.0
2024-08-26 17:00:00,0.0,-176399.6939726026,-36083499.001192145,0.0
2024-08-26 18:00:00,0.0,-176399.6939726026,-36124947.107481755,0.0
2024-08-26 19:00:00,0.0,-176399.6939726026,-36162524.86215614,0.0
2024-08-26 20:00:00,0.0,-176399.6939726026,-36195727.745839275,0.0
2024-08-26 21:00:00,0.0,-176399.6939726026,-36222309.20771342,0.0
2024-08-26 22:00:00,0.0,-176399.6939726026,-36240056.66353148,0.0
2024-08-26 23:00:00,0.0,-176399.6939726026,-36249396.49350014,0.0
2024-08-27 00:00:00,0.0,-176399.6939726026,-36249396.49350014,0.0
2024-08-27 01:00:00,0.0,-176399.6939726026,-36249396.49350014,0.0
2024-08-27 02:00:00,0.0,-176399.6939726026,-36249396.49350014,0.0
2024-08-27 03:00:00,0.0,-176399.6939726026,-36249396.49350014,0.0
2024-08-27 04:00:00,0.0,-176399.6939726026,-36249396.49350014,0.0
2024-08-27 05:00:00,0.0,-176399.6939726026,-36249396.49350014,0.0
2024-08-27 06:00:00,0.0,-176399.6939726026,-36249396.49350014,0.0
2024-08-27 07:00:00,0.0,-176399.6939726026,-36249396.49350014,0.0
2024-08-27 08:00:00,0.0,-176399.6939726026,-36251889.26100641,0.0
2024-08-27 09:00:00,0.0,-176399.6939726026,-36260250.889165886,0.0
2024-08-27 10:00:00,0.0,-176399.6939726026,-36275906.05086426,0.0
2024-08-27 11:00:00,0.0,-176399.6939726026,-36299179.39960633,0.0
2024-08-27 12:00:00,0.0,-176399.6939726026,-36330278.568308674,0.0
2024-08-27 13:00:00,0.0,-176399.6939726026,-36368126.1680145,0.0
2024-08-27 14:00:00,0.0,-176399.6939726026,-36410712.78652576,0.0
2024-08-27 15:00:00,0.0,-176399.6939726026,-36456546.98694695,0.0
2024-08-27 16:00:00,0.0,-176399.6939726026,-36505140.306134716,0.0
2024-08-27 17:00:00,0.0,-176399.6939726026,-36555012.25304726,0.0
2024-08-27 18:00:00,0.0,-176399.6939726026,-36603655.30698666,0.0
2024-08-27 19:00:00,0.0,-176399.6939726026,-36647689.915727176,0.0
2024-08-27 20:00:00,0.0,-176399.6939726026,-36686295.49352195,0.0
2024-08-27 21:00:00,0.0,-176399.6939726026,-36717324.41898,0.0
2024-08-27 22:00:00,0.0,-176399.6939726026,-36739263.03280495,0.0
2024-08-27 23:00:00,0.0,-176399.6939726026,-36752788.635386236,0.0
2024-08-28 00:00:00,0.0,-176399.6939726026,-36753309.720821515,0.0
2024-08-28 01:00:00,0.0,-176399.6939726026,-36753309.720821515,0.0
2024-08-28 02:00:00,0.0,-176399.6939726026,-36753309.720821515,0.0
2024-08-28 03:00:00,0.0,-176399.6939726026,-36753309.720821515,0.0
2024-08-28 04:00:00,0.0,-176399.6939726026,-36753309.720821515,0.0
2024-08-28 05:00:00,0.0,-176399.6939726026,-36753309.720821515,0.0
2024-08-28 06:00:00,0.0,-176399.6939726026,-36753309.720821515,0.0
2024-08-28 07:00:00,0.0,-176399.6939726026,-36755580.67550916,0.0
2024-08-28 08:00:00,0.0,-176399.6939726026,-36762603.1503103,0.0
2024-08-28 09:00:00,0.0,-176399.6939726026,-36775702.79787673,0.0
2024-08-28 10:00:00,0.0,-176399.6939726026,-36796244.25021687,0.0
2024-08-28 11:00:00,0.0,-176399.6939726026,-36824386.11740706,0.0
2024-08-28 12:00:00,0.0,-176399.6939726026,-36860080.98621976,0.0
2024-08-28 13:00:00,0.0,-176399.6939726026,-36902270.418663196,0.0
2024-08-28 14:00:00,0.0,-176399.6939726026,-36949384.950426646,0.0
2024-08-28 15:00:00,0.0,-176399.6939726026,-36999676.089225024,0.0
2024-08-28 16:00:00,0.0,-176399.6939726026,-37052092.313036256,0.0
2024-08-28 17:00:00,0.0,-176399.6939726026,-37105127.06822421,0.0
2024-08-28 18:00:00,0.0,-176399.6939726026,-37156879.76753965,0.0
2024-08-28 19:00:00,0.0,-176399.6939726026,-37204960.78799117,0.0
2024-08-28 20:00:00,0.0,-176399.6939726026,-37248698.46857738,0.0
2024-08-28 21:00:00,0.0,-176399.6939726026,-37285096.107871145,0.0
2024-08-28 22:00:00,0.0,-176399.6939726026,-37312175.961446136,0.0
2024-08-28 23:00:00,0.0,-176399.6939726026,-37330460.23913504,0.0
2024-08-29 00:00:00,0.0,-176399.6939726026,-37335596.40723585,0.0
2024-08-29 01:00:00,0.0,-176399.6939726026,-37335596.40723585,0.0
2024-08-29 02:00:00,0.0,-176399.6939726026,-37335596.40723585,0.0
2024-08-29 03:00:00,0.0,-176399.6939726026,-37335596.40723585,0.0
2024-08-29 04:00:00,0.0,-176399.6939726026,-37335596.40723585,0.0
2024-08-29 05:00:00,0.0,-176399.6939726026,-37335596.40723585,0.0
2024-08-29 06:00:00,0.0,-176399.6939726026,-37337582.19495872,0.0
2024-08-29 07:00:00,0.0,-176399.6939726026,-37343763.14114934,0.0
2024-08-29 08:00:00,0.0,-176399.6939726026,-37354196.876906544,0.0
2024-08-29 09:00:00,0.0,-176399.6939726026,-37369195.0113382,0.0
2024-08-29 10:00:00,0.0,-176399.6939726026,-37389834.13018557,0.0
2024-08-29 11:00:00,0.0,-176399.6939726026,-37416446.79435881,0.0
2024-08-29 12:00:00,0.0,-176399.6939726026,-37449012.538377844,0.0
2024-08-29 13:00:00,0.0,-176399.6939726026,-37487367.868712224,0.0
2024-08-29 14:00:00,0.0,-176399.6939726026,-37529678.26201347,0.0
2024-08-29 15:00:00,0.0,-177357.6939726026,-37574597.16323265,0.0
2024-08-29 16:00:00,0.0,-177357.6939726026,-37620230.98361558,0.0
2024-08-29 17:00:00,0.0,-177357.6939726026,-37664285.09856765,0.0
2024-08-29 18:00:00,0.0,-177357.6939726026,-37705188.84537948,0.0
2024-08-29 19:00:00,0.0,-177357.6939726026,-37741701.520804204,0.0
2024-08-29 20:00:00,0.0,-177357.6939726026,-37774336.37847656,0.0
2024-08-29 21:00:00,0.0,-177357.6939726026,-37800827.626163155,0.0
2024-08-29 22:00:00,0.0,-177357.6939726026,-37819643.422832735,0.0
2024-08-29 23:00:00,0.0,-177357.6939726026,-37830853.87553439,0.0
2024-08-30 00:00:00,0.0,-177357.6939726026,-37830853.87553439,0.0
2024-08-30 01:00:00,0.0,-177357.6939726026,-37830853.87553439,0.0
2024-08-30 02:00:00,0.0,-177357.6939726026,-37830853.87553439,0.0
2024-08-30 03:00:00,0.0,-177357.6939726026,-37830853.87553439,0.0
2024-08-30 04:00:00,0.0,-177357.6939726026,-37830853.87553439,0.0
2024-08-30 05:00:00,0.0,-177357.6939726026,-37830853.87553439,0.0
2024-08-30 06:00:00,0.0,-177357.6939726026,-37830853.87553439,0.0
2024-08-30 07:00:00,0.0,-177357.6939726026,-37830853.87553439,0.0
2024-08-30 08:00:00,0.0,-177357.6939726026,-37834632.24415186,0.0
2024-08-30 09:00:00,0.0,-177357.6939726026,-37842790.139764756,0.0
2024-08-30 10:00:00,0.0,-177357.6939726026,-37855984.095721684,0.0
2024-08-30 11:00:00,0.0,-177357.6939726026,-37874310.61724475,0.0
2024-08-30 12:00:00,0.0,-177357.6939726026,-37897810.17965683,0.0
2024-08-30 13:00:00,0.0,-177357.6939726026,-37925243.22649378,0.0
2024-08-30 14:00:00,0.0,-177357.6939726026,-37954709.16749391,0.0
2024-08-30 15:00:00,0.0,-177357.6939726026,-37984355.37645663,0.0
2024-08-30 16:00:00,0.0,-177357.6939726026,-38013724.188961625,0.0
2024-08-30 17:00:00,0.0,-177357.6939726026,-38043076.89993911,0.0
2024-08-30 18:00:00,0.0,-177357.6939726026,-38070052.761081494,0.0
2024-08-30 19:00:00,0.0,-177357.6939726026,-38093994.97808567,0.0
2024-08-30 20:00:00,0.0,-177357.6939726026,-38115535.70771479,0.0
2024-08-30 21:00:00,0.0,-177357.6939726026,-38133157.0546674,0.0
2024-08-30 22:00:00,0.0,-177357.6939726026,-38145204.068241104,0.0
2024-08-30 23:00:00,0.0,-177357.6939726026,-38151360.738777,0.0
2024-08-31 00:00:00,0.0,-177357.6939726026,-38151360.738777,0.0
2024-08-31 01:00:00,0.0,-177357.6939726026,-38151360.738777,0.0
2024-08-31 02:00:00,0.0,-177357.6939726026,-38151360.738777,0.0
2024-08-31 03:00:00,0.0,-177357.6939726026,-38151360.738777,0.0
2024-08-31 04:00:00,0.0,-177357.6939726026,-38151360.738777,0.0
2024-08-31 05:00:00,0.0,-177357.6939726026,-38151360.738777,0.0
2024-08-31 06:00:00,0.0,-177357.6939726026,-38151360.738777,0.0
2024-08-31 07:00:00,0.0,-177357.6939726026,-38151360.738777,0.0
2024-08-31 08:00:00,0.0,-177357.6939726026,-38151360.738777,0.0
2024-08-31 09:00:00,0.0,-177357.6939726026,-38151360.738777,0.0
2024-08-31 10:00:00,0.0,-177357.6939726026,-38154526.46992341,0.0
2024-08-31 11:00:00,0.0,-177357.6939726026,-38162668.66196748,0.0
2024-08-31 12:00:00,0.0,-177357.6939726026,-38175114.72313744,0.0
2024-08-31 13:00:00,0.0,-177357.6939726026,-38191209.025623985,0.0
2024-08-31 14:00:00,0.0,-177357.6939726026,-38210024.903292894,0.0
2024-08-31 15:00:00,0.0,-177357.6939726026,-38231049.64924832,0.0
2024-08-31 16:00:00,0.0,-177357.6939726026,-38253822.513236925,0.0
2024-08-31 17:00:00,0.0,-177357.6939726026,-38277039.69888227,0.0
2024-08-31 18:00:00,0.0,-177357.6939726026,-38298602.360738,0.0
2024-08-31 19:00:00,0.0,-177357.6939726026,-38317675.60114796,0.0
2024-08-31 20:00:00,0.0,-177357.6939726026,-38333929.46690009,0.0
2024-08-31 21:00:00,0.0,-177357.6939726026,-38346177.94566054,0.0
2024-08-31 22:00:00,0.0,-177357.6939726026,-38353435.96217313,0.0
2024-08-31 23:00:00,0.0,-177357.6939726026,-38355272.37420851,0.0
2024-09-01 00:00:00,0.0,-177357.6939726026,-38355272.37420851,0.0
2024-09-01 01:00:00,0.0,-177357.6939726026,-38355272.37420851,0.0
2024-09-01 02:00:00,0.0,-177357.6939726026,-38355272.37420851,0.0
2024-09-01 03:00:00,0.0,-177357.6939726026,-38355272.37420851,0.0
2024-09-01 04:00:00,0.0,-177357.6939726026,-38355272.37420851,0.0
2024-09-01 05:00:00,0.0,-177357.6939726026,-38355272.37420851,0.0
2024-09-01 06:00:00,0.0,-177357.6939726026,-38355272.37420851,0.0
2024-09-01 07:00:00,0.0,-177357.6939726026,-38355272.37420851,0.0
2024-09-01 08:00:00,0.0,-177357.6939726026,-38355272.37420851,0.0
2024-09-01 09:00:00,0.0,-177357.6939726026,-38355272.37420851,0.0
2024-09-01 10:00:00,0.0,-177357.6939726026,-38355531.0706367,0.0
2024-09-01 11:00:00,0.0,-177357.6939726026,-38360754.55822433,0.0
2024-09-01 12:00:00,0.0,-177357.6939726026,-38370370.622640416,0.0
2024-09-01 13:00:00,0.0,-177357.6939726026,-38383770.037135616,0.0
2024-09-01 14:00:00,0.0,-177357.6939726026,-38400550.56178009,0.0
2024-09-01 15:00:00,0.0,-177357.6939726026,-38420950.942652844,0.0
2024-09-01 16:00:00,0.0,-177357.6939726026,-38444185.91097938,0.0
2024-09-01 17:00:00,0.0,-177357.6939726026,-38468540.182214275,0.0
2024-09-01 18:00:00,0.0,-177357.6939726026,-38491253.45506504,0.0
2024-09-01 19:00:00,0.0,-177357.6939726026,-38510000.41045349,0.0
2024-09-01 20:00:00,0.0,-177357.6939726026,-38525447.71041045,0.0
2024-09-01 21:00:00,0.0,-177357.6939726026,-38536695.99689946,0.0
2024-09-01 22:00:00,0.0,-177357.6939726026,-38542639.890564784,0.0
2024-09-01 23:00:00,0.0,-177357.6939726026,-38543031.989398755,0.0
2024-09-02 00:00:00,0.0,-177357.6939726026,-38543031.989398755,0.0
2024-09-02 01:00:00,0.0,-177357.6939726026,-38543031.989398755,0.0
2024-09-02 02:00:00,0.0,-177357.6939726026,-38543031.989398755,0.0
2024-09-02 03:00:00,0.0,-177357.6939726026,-38543031.989398755,0.0
2024-09-02 04:00:00,0.0,-177357.6939726026,-38543031.989398755,0.0
2024-09-02 05:00:00,0.0,-177357.6939726026,-38543031.989398755,0.0
2024-09-02 06:00:00,0.0,-177357.6939726026,-38543031.989398755,0.0
2024-09-02 07:00:00,0.0,-177357.6939726026,-38543031.989398755,0.0
2024-09-02 08:00:00,0.0,-177357.6939726026,-38543031.989398755,0.0
2024-09-02 09:00:00,0.0,-177357.6939726026,-38543031.989398755,0.0
2024-09-02 10:00:00,0.0,-177357.6939726026,-38543031.989398755,0.0
2024-09-02 11:00:00,0.0,-177357.6939726026,-38543031.989398755,0.0
2024-09-02 12:00:00,0.0,-177357.6939726026,-38543031.989398755,0.0
2024-09-02 13:00:00,0.0,-177357.6939726026,-38543031.989398755,0.0
2024-09-02 14:00:00,0.0,-177357.6939726026,-38543031.989398755,0.0
2024-09-02 15:00:00,0.0,-177357.6939726026,-38543031.989398755,0.0
2024-09-02 16:00:00,0.0,-177357.6939726026,-38543031.989398755,0.0
2024-09-02 17:00:00,0.0,-177357.6939726026,-38544102.30365288,0.0
2024-09-02 18:00:00,0.0,-177357.6939726026,-38544362.20521928,0.0
2024-09-02 19:00:00,0.0,-177357.6939726026,-38544362.20521928,0.0
2024-09-02 20:00:00,0.0,-177357.6939726026,-38544362.20521928,0.0
2024-09-02 21:00:00,0.0,-177357.6939726026,-38544362.20521928,0.0
2024-09-02 22:00:00,0.0,-177357.6939726026,-38544362.20521928,0.0
2024-09-02 23:00:00,0.0,-177357.6939726026,-38544362.20521928,0.0
2024-09-03 00:00:00,0.0,-177357.6939726026,-38544362.20521928,0.0
2024-09-03 01:00:00,0.0,-177357.6939726026,-38544362.20521928,0.0
2024-09-03 02:00:00,0.0,-177357.6939726026,-38544362.20521928,0.0
2024-09-03 03:00:00,0.0,-177357.6939726026,-38544362.20521928,0.0
2024-09-03 04:00:00,0.0,-177357.6939726026,-38544362.20521928,0.0
2024-09-03 05:00:00,0.0,-177357.6939726026,-38544362.20521928,0.0
2024-09-03 06:00:00,0.0,-177357.6939726026,-38544362.20521928,0.0
2024-09-03 07:00:00,0.0,-177357.6939726026,-38544362.20521928,0.0
2024-09-03 08:00:00,0.0,-177357.6939726026,-38544362.20521928,0.0
2024-09-03 09:00:00,0.0,-177357.6939726026,-38544362.20521928,0.0
2024-09-03 10:00:00,0.0,-177357.6939726026,-38544362.20521928,0.0
2024-09-03 11:00:00,0.0,-177357.6939726026,-38544362.20521928,0.0
2024-09-03 12:00:00,0.0,-177357.6939726026,-38544362.20521928,0.0
2024-09-03 13:00:00,0.0,-177357.6939726026,-38544362.20521928,0.0
2024-09-03 14:00:00,0.0,-177357.6939726026,-38544362.20521928,0.0
2024-09-03 15:00:00,0.0,-177357.6939726026,-38544362.20521928,0.0
2024-09-03 16:00:00,0.0,-177357.6939726026,-38544362.20521928,0.0
2024-09-03 17:00:00,0.0,-177357.6939726026,-38546639.85545994,0.0
2024-09-03 18:00:00,0.0,-177357.6939726026,-38548972.61853031,0.0
2024-09-03 19:00:00,0.0,-177357.6939726026,-38549387.240886316,0.0
2024-09-03 20:00:00,0.0,-177357.6939726026,-38549387.240886316,0.0
2024-09-03 21:00:00,0.0,-177357.6939726026,-38549387.240886316,0.0
2024-09-03 22:00:00,0.0,-177357.6939726026,-38549387.240886316,0.0
2024-09-03 23:00:00,0.0,-177357.6939726026,-38549387.240886316,0.0
2024-09-04 00:00:00,0.0,-177357.6939726026,-38549387.240886316,0.0
2024-09-04 01:00:00,0.0,-177357.6939726026,-38549387.240886316,0.0
2024-09-04 02:00:00,0.0,-177357.6939726026,-38549387.240886316,0.0
2024-09-04 03:00:00,0.0,-177357.6939726026,-38549387.240886316,0.0
2024-09-04 04:00:00,0.0,-177357.6939726026,-38549387.240886316,0.0
2024-09-04 05:00:00,0.0,-177357.6939726026,-38549387.240886316,0.0
2024-09-04 06:00:00,0.0,-177357.6939726026,-38549387.240886316,0.0
2024-09-04 07:00:00,0.0,-177357.6939726026,-38549387.240886316,0.0
2024-09-04 08:00:00,0.0,-177357.6939726026,-38549387.240886316,0.0
2024-09-04 09:00:00,0.0,-177357.6939726026,-38549387.240886316,0.0
2024-09-04 10:00:00,0.0,-177357.6939726026,-38549387.240886316,0.0
2024-09-04 11:00:00,0.0,-177357.6939726026,-38549387.240886316,0.0
2024-09-04 12:00:00,0.0,-177357.6939726026,-38549387.240886316,0.0
2024-09-04 13:00:00,0.0,-177357.6939726026,-38549387.240886316,0.0
2024-09-04 14:00:00,0.0,-177357.6939726026,-38549387.240886316,0.0
2024-09-04 15:00:00,0.0,-177357.6939726026,-38552126.27829475,0.0
2024-09-04 16:00:00,0.0,-177357.6939726026,-38558773.41894377,0.0
2024-09-04 17:00:00,0.0,-177357.6939726026,-38568192.40868308,0.0
2024-09-04 18:00:00,0.0,-177357.6939726026,-38577445.97850043,0.0
2024-09-04 19:00:00,0.0,-177357.6939726026,-38584510.84360393,0.0
2024-09-04 20:00:00,0.0,-177357.6939726026,-38589652.70244555,0.0
2024-09-04 21:00:00,0.0,-177357.6939726026,-38589904.235682204,0.0
2024-09-04 22:00:00,0.0,-177357.6939726026,-38589904.235682204,0.0
2024-09-04 23:00:00,0.0,-177357.6939726026,-38589904.235682204,0.0
2024-09-05 00:00:00,0.0,-177357.6939726026,-38589904.235682204,0.0
2024-09-05 01:00:00,0.0,-177357.6939726026,-38589904.235682204,0.0
2024-09-05 02:00:00,0.0,-177357.6939726026,-38589904.235682204,0.0
2024-09-05 03:00:00,0.0,-177357.6939726026,-38589904.235682204,0.0
2024-09-05 04:00:00,0.0,-177357.6939726026,-38589904.235682204,0.0
2024-09-05 05:00:00,0.0,-177357.6939726026,-38589904.235682204,0.0
2024-09-05 06:00:00,0.0,-177357.6939726026,-38589904.235682204,0.0
2024-09-05 07:00:00,0.0,-177357.6939726026,-38589904.235682204,0.0
2024-09-05 08:00:00,0.0,-177357.6939726026,-38589904.235682204,0.0
2024-09-05 09:00:00,0.0,-177357.6939726026,-38589904.235682204,0.0
2024-09-05 10:00:00,0.0,-177357.6939726026,-38589904.235682204,0.0
2024-09-05 11:00:00,0.0,-177357.6939726026,-38589904.235682204,0.0
2024-09-05 12:00:00,0.0,-177357.6939726026,-38590319.32581148,0.0
2024-09-05 13:00:00,0.0,-177357.6939726026,-38595102.7503022,0.0
2024-09-05 14:00:00,0.0,-177357.6939726026,-38603906.26843277,0.0
2024-09-05 15:00:00,0.0,-177357.6939726026,-38616871.62544573,0.0
2024-09-05 16:00:00,0.0,-177357.6939726026,-38633768.55168269,0.0
2024-09-05 17:00:00,0.0,-177357.6939726026,-38652479.76166404,0.0
2024-09-05 18:00:00,0.0,-177357.6939726026,-38670229.95310983,0.0
2024-09-05 19:00:00,0.0,-177357.6939726026,-38685098.80589784,0.0
2024-09-05 20:00:00,0.0,-177357.6939726026,-38697663.98095489,0.0
2024-09-05 21:00:00,0.0,-177357.6939726026,-38704982.1190769,0.0
2024-09-05 22:00:00,0.0,-177357.6939726026,-38705349.839672975,0.0
2024-09-05 23:00:00,0.0,-177357.6939726026,-38705349.839672975,0.0
2024-09-06 00:00:00,0.0,-177357.6939726026,-38705349.839672975,0.0
2024-09-06 01:00:00,0.0,-177357.6939726026,-38705349.839672975,0.0
2024-09-06 02:00:00,0.0,-177357.6939726026,-38705349.839672975,0.0
2024-09-06 03:00:00,0.0,-177357.6939726026,-38705349.839672975,0.0
2024-09-06 04:00:00,0.0,-177357.6939726026,-38705349.839672975,0.0
2024-09-06 05:00:00,0.0,-177357.6939726026,-38705349.839672975,0.0
2024-09-06 06:00:00,0.0,-177357.6939726026,-38705349.839672975,0.0
2024-09-06 07:00:00,0.0,-177357.6939726026,-38705349.839672975,0.0
2024-09-06 08:00:00,0.0,-177357.6939726026,-38705349.839672975,0.0
2024-09-06 09:00:00,0.0,-177357.6939726026,-38705349.839672975,0.0
2024-09-06 10:00:00,0.0,-177357.6939726026,-38705349.839672975,0.0
2024-09-06 11:00:00,0.0,-177357.6939726026,-38705498.651161894,0.0
2024-09-06 12:00:00,0.0,-177357.6939726026,-38709530.54667837,0.0
2024-09-06 13:00:00,0.0,-177357.6939726026,-38716995.27085684,0.0
2024-09-06 14:00:00,0.0,-177357.6939726026,-38726892.55339178,0.0
2024-09-06 15:00:00,0.0,-177357.6939726026,-38738491.108114816,0.0
2024-09-06 16:00:00,0.0,-177357.6939726026,-38750928.632012896,0.0
2024-09-06 17:00:00,0.0,-177357.6939726026,-38763535.80418345,0.0
2024-09-06 18:00:00,0.0,-177357.6939726026,-38773796.2847226,0.0
2024-09-06 19:00:00,0.0,-177357.6939726026,-38781071.71354185,0.0
2024-09-06 20:00:00,0.0,-177357.6939726026,-38785929.709108755,0.0
2024-09-06 21:00:00,0.0,-177357.6939726026,-38787204.8671063,0.0
2024-09-06 22:00:00,0.0,-177357.6939726026,-38787204.8671063,0.0
2024-09-06 23:00:00,0.0,-177357.6939726026,-38787204.8671063,0.0
2024-09-07 00:00:00,0.0,-177357.6939726026,-38787204.8671063,0.0
2024-09-07 01:00:00,0.0,-177357.6939726026,-38787204.8671063,0.0
2024-09-07 02:00:00,0.0,-177357.6939726026,-38787204.8671063,0.0
2024-09-07 03:00:00,0.0,-177357.6939726026,-38787204.8671063,0.0
2024-09-07 04:00:00,0.0,-177357.6939726026,-38787204.8671063,0.0
2024-09-07 05:00:00,0.0,-177357.6939726026,-38787204.8671063,0.0
2024-09-07 06:00:00,0.0,-177357.6939726026,-38787204.8671063,0.0
2024-09-07 07:00:00,0.0,-177357.6939726026,-38787204.8671063,0.0
2024-09-07 08:00:00,0.0,-177357.6939726026,-38787204.8671063,0.0
2024-09-07 09:00:00,0.0,-177357.6939726026,-38787204.8671063,0.0
2024-09-07 10:00:00,0.0,-177357.6939726026,-38787204.8671063,0.0
2024-09-07 11:00:00,0.0,-177357.6939726026,-38787204.8671063,0.0
2024-09-07 12:00:00,0.0,-177357.6939726026,-38787204.8671063,0.0
2024-09-07 13:00:00,0.0,-177357.6939726026,-38787204.8671063,0.0
2024-09-07 14:00:00,0.0,-177357.6939726026,-38787204.8671063,0.0
2024-09-07 15:00:00,0.0,-177357.6939726026,-38787204.8671063,0.0
2024-09-07 16:00:00,0.0,-177357.6939726026,-38787204.8671063,0.0
2024-09-07 17:00:00,0.0,-177357.6939726026,-38787204.8671063,0.0
2024-09-07 18:00:00,0.0,-177357.6939726026,-38787204.8671063,0.0
2024-09-07 19:00:00,0.0,-177357.6939726026,-38787204.8671063,0.0
2024-09-07 20:00:00,0.0,-177357.6939726026,-38787204.8671063,0.0
2024-09-07 21:00:00,0.0,-177357.6939726026,-38787204.8671063,0.0
2024-09-07 22:00:00,0.0,-177357.6939726026,-38787204.8671063,0.0
2024-09-07 23:00:00,0.0,-177357.6939726026,-38787204.8671063,0.0
2024-09-08 00:00:00,0.0,-177357.6939726026,-38787204.8671063,0.0
2024-09-08 01:00:00,0.0,-177357.6939726026,-38787204.8671063,0.0
2024-09-08 02:00:00,0.0,-177357.6939726026,-38787204.8671063,0.0
2024-09-08 03:00:00,0.0,-177357.6939726026,-38787204.8671063,0.0
2024-09-08 04:00:00,0.0,-177357.6939726026,-38787204.8671063,0.0
2024-09-08 05:00:00,0.0,-177357.6939726026,-38787204.8671063,0.0
2024-09-08 06:00:00,0.0,-177357.6939726026,-38787204.8671063,0.0
2024-09-08 07:00:00,0.0,-177357.6939726026,-38787204.8671063,0.0
2024-09-08 08:00:00,0.0,-177357.6939726026,-38787204.8671063,0.0
2024-09-08 09:00:00,0.0,-177357.6939726026,-38787204.8671063,0.0
2024-09-08 10:00:00,0.0,-177357.6939726026,-38787204.8671063,0.0
2024-09-08 11:00:00,0.0,-177357.6939726026,-38787204.8671063,0.0
2024-09-08 12:00:00,0.0,-177357.6939726026,-38787204.8671063,0.0
2024-09-08 13:00:00,0.0,-177357.6939726026,-38787204.8671063,0.0
2024-09-08 14:00:00,0.0,-177357.6939726026,-38787204.8671063,0.0
2024-09-08 15:00:00,0.0,-177357.6939726026,-38787204.8671063,0.0
2024-09-08 16:00:00,0.0,-177357.6939726026,-38787204.8671063,0.0
2024-09-08 17:00:00,0.0,-177357.6939726026,-38787204.8671063,0.0
2024-09-08 18:00:00,0.0,-177357.6939726026,-38787204.8671063,0.0
2024-09-08 19:00:00,0.0,-177357.6939726026,-38787204.8671063,0.0
2024-09-08 20:00:00,0.0,-177357.6939726026,-38787204.8671063,0.0
2024-09-08 21:00:00,0.0,-177357.6939726026,-38787204.8671063,0.0
2024-09-08 22:00:00,0.0,-177357.6939726026,-38787204.8671063,0.0
2024-09-08 23:00:00,0.0,-177357.6939726026,-38787204.8671063,0.0
2024-09-09 00:00:00,0.0,-177357.6939726026,-38787204.8671063,0.0
2024-09-09 01:00:00,0.0,-177357.6939726026,-38787204.8671063,0.0
2024-09-09 02:00:00,0.0,-177357.6939726026,-38787204.8671063,0.0
2024-09-09 03:00:00,0.0,-177357.6939726026,-38787204.8671063,0.0
2024-09-09 04:00:00,0.0,-177357.6939726026,-38787204.8671063,0.0
2024-09-09 05:00:00,0.0,-177357.6939726026,-38787204.8671063,0.0
2024-09-09 06:00:00,0.0,-177357.6939726026,-38787204.8671063,0.0
2024-09-09 07:00:00,0.0,-177357.6939726026,-38787204.8671063,0.0
2024-09-09 08:00:00,0.0,-177357.6939726026,-38787204.8671063,0.0
2024-09-09 09:00:00,0.0,-177357.6939726026,-38787204.8671063,0.0
2024-09-09 10:00:00,0.0,-177357.6939726026,-38787204.8671063,0.0
2024-09-09 11:00:00,0.0,-177357.6939726026,-38787204.8671063,0.0
2024-09-09 12:00:00,0.0,-177357.6939726026,-38787204.8671063,0.0
2024-09-09 13:00:00,0.0,-177357.6939726026,-38787204.8671063,0.0
2024-09-09 14:00:00,0.0,-177357.6939726026,-38787204.8671063,0.0
2024-09-09 15:00:00,0.0,-177357.6939726026,-38787204.8671063,0.0
2024-09-09 16:00:00,0.0,-177357.6939726026,-38787204.8671063,0.0
2024-09-09 17:00:00,0.0,-177357.6939726026,-38787204.8671063,0.0
2024-09-09 18:00:00,0.0,-177357.6939726026,-38787204.8671063,0.0
2024-09-09 19:00:00,0.0,-177357.6939726026,-38787204.8671063,0.0
2024-09-09 20:00:00,0.0,-177357.6939726026,-38787204.8671063,0.0
2024-09-09 21:00:00,0.0,-177357.6939726026,-38787204.8671063,0.0
2024-09-09 22:00:00,0.0,-177357.6939726026,-38787204.8671063,0.0
2024-09-09 23:00:00,0.0,-177357.6939726026,-38787204.8671063,0.0
2024-09-10 00:00:00,0.0,-177357.6939726026,-38787204.8671063,0.0
2024-09-10 01:00:00,0.0,-177357.6939726026,-38787204.8671063,0.0
2024-09-10 02:00:00,0.0,-177357.6939726026,-38787204.8671063,0.0
2024-09-10 03:00:00,0.0,-177357.6939726026,-38787204.8671063,0.0
2024-09-10 04:00:00,0.0,-177357.6939726026,-38787204.8671063,0.0
2024-09-10 05:00:00,0.0,-177357.6939726026,-38787204.8671063,0.0
2024-09-10 06:00:00,0.0,-177357.6939726026,-38787204.8671063,0.0
2024-09-10 07:00:00,0.0,-177357.6939726026,-38787204.8671063,0.0
2024-09-10 08:00:00,0.0,-177357.6939726026,-38787204.8671063,0.0
2024-09-10 09:00:00,0.0,-177357.6939726026,-38787204.8671063,0.0
2024-09-10 10:00:00,0.0,-177357.6939726026,-38787204.8671063,0.0
2024-09-10 11:00:00,0.0,-177357.6939726026,-38787204.8671063,0.0
2024-09-10 12:00:00,0.0,-177357.6939726026,-38787204.8671063,0.0
2024-09-10 13:00:00,0.0,-177357.6939726026,-38787204.8671063,0.0
2024-09-10 14:00:00,0.0,-177357.6939726026,-38787204.8671063,0.0
2024-09-10 15:00:00,0.0,-177357.6939726026,-38790632.36011217,0.0
2024-09-10 16:00:00,0.0,-177357.6939726026,-38798211.80211864,0.0
2024-09-10 17:00:00,0.0,-177357.6939726026,-38808651.87117783,0.0
2024-09-10 18:00:00,0.0,-177357.6939726026,-38818884.226280496,0.0
2024-09-10 19:00:00,0.0,-177357.6939726026,-38826693.50616909,0.0
2024-09-10 20:00:00,0.0,-177357.6939726026,-38832009.32807448,0.0
2024-09-10 21:00:00,0.0,-177357.6939726026,-38832009.32807448,0.0
2024-09-10 22:00:00,0.0,-177357.6939726026,-38832009.32807448,0.0
2024-09-10 23:00:00,0.0,-177357.6939726026,-38832009.32807448,0.0
2024-09-11 00:00:00,0.0,-177357.6939726026,-38832009.32807448,0.0
2024-09-11 01:00:00,0.0,-177357.6939726026,-38832009.32807448,0.0
2024-09-11 02:00:00,0.0,-177357.6939726026,-38832009.32807448,0.0
2024-09-11 03:00:00,0.0,-177357.6939726026,-38832009.32807448,0.0
2024-09-11 04:00:00,0.0,-177357.6939726026,-38832009.32807448,0.0
2024-09-11 05:00:00,0.0,-177357.6939726026,-38832009.32807448,0.0
2024-09-11 06:00:00,0.0,-177357.6939726026,-38832009.32807448,0.0
2024-09-11 07:00:00,0.0,-177357.6939726026,-38832009.32807448,0.0
2024-09-11 08:00:00,0.0,-177357.6939726026,-38832009.32807448,0.0
2024-09-11 09:00:00,0.0,-177357.6939726026,-38832009.32807448,0.0
2024-09-11 10:00:00,0.0,-177357.6939726026,-38832009.32807448,0.0
2024-09-11 11:00:00,0.0,-177357.6939726026,-38832009.32807448,0.0
2024-09-11 12:00:00,0.0,-177357.6939726026,-38832009.32807448,0.0
2024-09-11 13:00:00,0.0,-177357.6939726026,-38835241.16399454,0.0
2024-09-11 14:00:00,0.0,-177357.6939726026,-38842934.93652214,0.0
2024-09-11 15:00:00,0.0,-177357.6939726026,-38855268.32292274,0.0
2024-09-11 16:00:00,0.0,-177357.6939726026,-38871607.98134967,0.0
2024-09-11 17:00:00,0.0,-177357.6939726026,-38890319.54965389,0.0
2024-09-11 18:00:00,0.0,-177357.6939726026,-38907277.64411709,0.0
2024-09-11 19:00:00,0.0,-177357.6939726026,-38920840.85810325,0.0
2024-09-11 20:00:00,0.0,-177357.6939726026,-38931446.76062314,0.0
2024-09-11 21:00:00,0.0,-177357.6939726026,-38936145.89480603,0.0
2024-09-11 22:00:00,0.0,-177357.6939726026,-38936145.89480603,0.0
2024-09-11 23:00:00,0.0,-177357.6939726026,-38936145.89480603,0.0
2024-09-12 00:00:00,0.0,-177357.6939726026,-38936145.89480603,0.0
2024-09-12 01:00:00,0.0,-177357.6939726026,-38936145.89480603,0.0
2024-09-12 02:00:00,0.0,-177357.6939726026,-38936145.89480603,0.0
2024-09-12 03:00:00,0.0,-177357.6939726026,-38936145.89480603,0.0
2024-09-12 04:00:00,0.0,-177357.6939726026,-38936145.89480603,0.0
2024-09-12 05:00:00,0.0,-177357.6939726026,-38936145.89480603,0.0
2024-09-12 06:00:00,0.0,-177357.6939726026,-38936145.89480603,0.0
2024-09-12 07:00:00,0.0,-177357.6939726026,-38936145.89480603,0.0
2024-09-12 08:00:00,0.0,-177357.6939726026,-38936145.89480603,0.0
2024-09-12 09:00:00,0.0,-177357.6939726026,-38936145.89480603,0.0
2024-09-12 10:00:00,0.0,-177357.6939726026,-38936145.89480603,0.0
2024-09-12 11:00:00,0.0,-177357.6939726026,-38936145.89480603,0.0
2024-09-12 12:00:00,0.0,-177357.6939726026,-38939425.997698754,0.0
2024-09-12 13:00:00,0.0,-177357.6939726026,-38947420.70126753,0.0
2024-09-12 14:00:00,0.0,-177357.6939726026,-38959792.662826955,0.0
2024-09-12 15:00:00,0.0,-177357.6939726026,-38976091.51933502,0.0
2024-09-12 16:00:00,0.0,-177357.6939726026,-38995823.88612271,0.0
2024-09-12 17:00:00,0.0,-177357.6939726026,-39016526.355541736,0.0
2024-09-12 18:00:00,0.0,-177357.6939726026,-39034938.495524935,0.0
2024-09-12 19:00:00,0.0,-177357.6939726026,-39050095.848053694,0.0
2024-09-12 20:00:00,0.0,-177357.6939726026,-39062449.92752616,0.0
2024-09-12 21:00:00,0.0,-177357.6939726026,-39069414.21901975,0.0
2024-09-12 22:00:00,0.0,-177357.6939726026,-39069617.17644089,0.0
2024-09-12 23:00:00,0.0,-177357.6939726026,-39069617.17644089,0.0
2024-09-13 00:00:00,0.0,-177357.6939726026,-39069617.17644089,0.0
2024-09-13 01:00:00,0.0,-177357.6939726026,-39069617.17644089,0.0
2024-09-13 02:00:00,0.0,-177357.6939726026,-39069617.17644089,0.0
2024-09-13 03:00:00,0.0,-177357.6939726026,-39069617.17644089,0.0
2024-09-13 04:00:00,0.0,-177357.6939726026,-39069617.17644089,0.0
2024-09-13 05:00:00,0.0,-177357.6939726026,-39069617.17644089,0.0
2024-09-13 06:00:00,0.0,-177357.6939726026,-39069617.17644089,0.0
2024-09-13 07:00:00,0.0,-177357.6939726026,-39069617.17644089,0.0
2024-09-13 08:00:00,0.0,-177357.6939726026,-39069617.17644089,0.0
2024-09-13 09:00:00,0.0,-177357.6939726026,-39069617.17644089,0.0
2024-09-13 10:00:00,0.0,-177357.6939726026,-39069617.17644089,0.0
2024-09-13 11:00:00,0.0,-177357.6939726026,-39071381.19700647,0.0
2024-09-13 12:00:00,0.0,-177357.6939726026,-39077194.46150852,0.0
2024-09-13 13:00:00,0.0,-177357.6939726026,-39087421.60601065,0.0
2024-09-13 14:00:00,0.0,-177357.6939726026,-39101560.24489161,0.0
2024-09-13 15:00:00,0.0,-177357.6939726026,-39119190.96948917,0.0
2024-09-13 16:00:00,0.0,-177357.6939726026,-39139901.34665648,0.0
2024-09-13 17:00:00,0.0,-177357.6939726026,-39161410.91722513,0.0
2024-09-13 18:00:00,0.0,-177357.6939726026,-39180184.194368765,0.0
2024-09-13 19:00:00,0.0,-177357.6939726026,-39194874.66186059,0.0
2024-09-13 20:00:00,0.0,-177357.6939726026,-39206270.77221787,0.0
2024-09-13 21:00:00,0.0,-177357.6939726026,-39212518.94472582,0.0
2024-09-13 22:00:00,0.0,-177357.6939726026,-39213370.56333295,0.0
2024-09-13 23:00:00,0.0,-177357.6939726026,-39213370.56333295,0.0
2024-09-14 00:00:00,0.0,-177357.6939726026,-39213370.56333295,0.0
2024-09-14 01:00:00,0.0,-177357.6939726026,-39213370.56333295,0.0
2024-09-14 02:00:00,0.0,-177357.6939726026,-39213370.56333295,0.0
2024-09-14 03:00:00,0.0,-177357.6939726026,-39213370.56333295,0.0
2024-09-14 04:00:00,0.0,-177357.6939726026,-39213370.56333295,0.0
2024-09-14 05:00:00,0.0,-177357.6939726026,-39213370.56333295,0.0
2024-09-14 06:00:00,0.0,-177357.6939726026,-39213370.56333295,0.0
2024-09-14 07:00:00,0.0,-177357.6939726026,-39213370.56333295,0.0
2024-09-14 08:00:00,0.0,-177357.6939726026,-39213370.56333295,0.0
2024-09-14 09:00:00,0.0,-177357.6939726026,-39213370.56333295,0.0
2024-09-14 10:00:00,0.0,-177357.6939726026,-39213370.56333295,0.0
2024-09-14 11:00:00,0.0,-177357.6939726026,-39213370.56333295,0.0
2024-09-14 12:00:00,0.0,-177357.6939726026,-39217526.474078074,0.0
2024-09-14 13:00:00,0.0,-177357.6939726026,-39226825.453602046,0.0
2024-09-14 14:00:00,0.0,-177357.6939726026,-39240677.067676574,0.0
2024-09-14 15:00:00,0.0,-177357.6939726026,-39258619.85598157,0.0
2024-09-14 16:00:00,0.0,-177357.6939726026,-39279628.330464125,0.0
2024-09-14 17:00:00,0.0,-177357.6939726026,-39301702.97359106,0.0
2024-09-14 18:00:00,0.0,-177357.6939726026,-39321336.23648813,0.0
2024-09-14 19:00:00,0.0,-177357.6939726026,-39337034.5369583,0.0
2024-09-14 20:00:00,0.0,-177357.6939726026,-39349149.257371016,0.0
2024-09-14 21:00:00,0.0,-177357.6939726026,-39356073.742414065,0.0
2024-09-14 22:00:00,0.0,-177357.6939726026,-39357362.296698734,0.0
2024-09-14 23:00:00,0.0,-177357.6939726026,-39357362.296698734,0.0
2024-09-15 00:00:00,0.0,-177357.6939726026,-39357362.296698734,0.0
2024-09-15 01:00:00,0.0,-177357.6939726026,-39357362.296698734,0.0
2024-09-15 02:00:00,0.0,-177357.6939726026,-39357362.296698734,0.0
2024-09-15 03:00:00,0.0,-177357.6939726026,-39357362.296698734,0.0
2024-09-15 04:00:00,0.0,-177357.6939726026,-39357362.296698734,0.0
2024-09-15 05:00:00,0.0,-177357.6939726026,-39357362.296698734,0.0
2024-09-15 06:00:00,0.0,-177357.6939726026,-39357362.296698734,0.0
2024-09-15 07:00:00,0.0,-177357.6939726026,-39357362.296698734,0.0
2024-09-15 08:00:00,0.0,-177357.6939726026,-39357362.296698734,0.0
2024-09-15 09:00:00,0.0,-177357.6939726026,-39357362.296698734,0.0
2024-09-15 10:00:00,0.0,-177357.6939726026,-39357362.296698734,0.0
2024-09-15 11:00:00,0.0,-177357.6939726026,-39357362.296698734,0.0
2024-09-15 12:00:00,0.0,-177357.6939726026,-39360244.147405945,0.0
2024-09-15 13:00:00,0.0,-177357.6939726026,-39368363.1531462,0.0
2024-09-15 14:00:00,0.0,-177357.6939726026,-39381018.824637994,0.0
2024-09-15 15:00:00,0.0,-177357.6939726026,-39397628.64303961,0.0
2024-09-15 16:00:00,0.0,-177357.6939726026,-39417510.05808296,0.0
2024-09-15 17:00:00,0.0,-177357.6939726026,-39438832.48608624,0.0
2024-09-15 18:00:00,0.0,-177357.6939726026,-39458426.307837166,0.0
2024-09-15 19:00:00,0.0,-177357.6939726026,-39474813.866338365,0.0
2024-09-15 20:00:00,0.0,-177357.6939726026,-39488423.46440566,0.0
2024-09-15 21:00:00,0.0,-177357.6939726026,-39496031.362109505,0.0
2024-09-15 22:00:00,0.0,-177357.6939726026,-39497236.774049066,0.0
2024-09-15 23:00:00,0.0,-177357.6939726026,-39497236.774049066,0.0
2024-09-16 00:00:00,0.0,-177357.6939726026,-39497236.774049066,0.0
2024-09-16 01:00:00,0.0,-177357.6939726026,-39497236.774049066,0.0
2024-09-16 02:00:00,0.0,-177357.6939726026,-39497236.774049066,0.0
2024-09-16 03:00:00,0.0,-177357.6939726026,-39497236.774049066,0.0
2024-09-16 04:00:00,0.0,-177357.6939726026,-39497236.774049066,0.0
2024-09-16 05:00:00,0.0,-177357.6939726026,-39497236.774049066,0.0
2024-09-16 06:00:00,0.0,-177357.6939726026,-39497236.774049066,0.0
2024-09-16 07:00:00,0.0,-177357.6939726026,-39497236.774049066,0.0
2024-09-16 08:00:00,0.0,-177357.6939726026,-39497236.774049066,0.0
2024-09-16 09:00:00,0.0,-177357.6939726026,-39497236.774049066,0.0
2024-09-16 10:00:00,0.0,-177357.6939726026,-39497236.774049066,0.0
2024-09-16 11:00:00,0.0,-177357.6939726026,-39497236.774049066,0.0
2024-09-16 12:00:00,0.0,-177357.6939726026,-39497236.774049066,0.0
2024-09-16 13:00:00,0.0,-177357.6939726026,-39499311.37211894,0.0
2024-09-16 14:00:00,0.0,-177357.6939726026,-39504502.20573006,0.0
2024-09-16 15:00:00,0.0,-177357.6939726026,-39512438.91066418,0.0
2024-09-16 16:00:00,0.0,-177357.6939726026,-39522296.10100804,0.0
2024-09-16 17:00:00,0.0,-177357.6939726026,-39533015.36779689,0.0
2024-09-16 18:00:00,0.0,-177357.6939726026,-39542233.2775705,0.0
2024-09-16 19:00:00,0.0,-177357.6939726026,-39549850.37083587,0.0
2024-09-16 20:00:00,0.0,-177357.6939726026,-39555093.16043046,0.0
2024-09-16 21:00:00,0.0,-177357.6939726026,-39555093.16043046,0.0
2024-09-16 22:00:00,0.0,-177357.6939726026,-39555093.16043046,0.0
2024-09-16 23:00:00,0.0,-177357.6939726026,-39555093.16043046,0.0
2024-09-17 00:00:00,0.0,-177357.6939726026,-39555093.16043046,0.0
2024-09-17 01:00:00,0.0,-177357.6939726026,-39555093.16043046,0.0
2024-09-17 02:00:00,0.0,-177357.6939726026,-39555093.16043046,0.0
2024-09-17 03:00:00,0.0,-177357.6939726026,-39555093.16043046,0.0
2024-09-17 04:00:00,0.0,-177357.6939726026,-39555093.16043046,0.0
2024-09-17 05:00:00,0.0,-177357.6939726026,-39555093.16043046,0.0
2024-09-17 06:00:00,0.0,-177357.6939726026,-39555093.16043046,0.0
2024-09-17 07:00:00,0.0,-177357.6939726026,-39555093.16043046,0.0
2024-09-17 08:00:00,0.0,-177357.6939726026,-39555093.16043046,0.0
2024-09-17 09:00:00,0.0,-177357.6939726026,-39555093.16043046,0.0
2024-09-17 10:00:00,0.0,-177357.6939726026,-39555093.16043046,0.0
2024-09-17 11:00:00,0.0,-177357.6939726026,-39555093.16043046,0.0
2024-09-17 12:00:00,0.0,-177357.6939726026,-39555093.16043046,0.0
2024-09-17 13:00:00,0.0,-177357.6939726026,-39557887.151269875,0.0
2024-09-17 14:00:00,0.0,-177357.6939726026,-39563267.61150725,0.0
2024-09-17 15:00:00,0.0,-177357.6939726026,-39570651.131157435,0.0
2024-09-17 16:00:00,0.0,-177357.6939726026,-39579758.275673635,0.0
2024-09-17 17:00:00,0.0,-177357.6939726026,-39589731.58440578,0.0
2024-09-17 18:00:00,0.0,-177357.6939726026,-39599193.56895905,0.0
2024-09-17 19:00:00,0.0,-177357.6939726026,-39608064.71144609,0.0
2024-09-17 20:00:00,0.0,-177357.6939726026,-39615104.462625794,0.0
2024-09-17 21:00:00,0.0,-177357.6939726026,-39617530.239921145,0.0
2024-09-17 22:00:00,0.0,-177357.6939726026,-39617530.239921145,0.0
2024-09-17 23:00:00,0.0,-177357.6939726026,-39617530.239921145,0.0
2024-09-18 00:00:00,0.0,-177357.6939726026,-39617530.239921145,0.0
2024-09-18 01:00:00,0.0,-177357.6939726026,-39617530.239921145,0.0
2024-09-18 02:00:00,0.0,-177357.6939726026,-39617530.239921145,0.0
2024-09-18 03:00:00,0.0,-177357.6939726026,-39617530.239921145,0.0
2024-09-18 04:00:00,0.0,-177357.6939726026,-39617530.239921145,0.0
2024-09-18 05:00:00,0.0,-177357.6939726026,-39617530.239921145,0.0
2024-09-18 06:00:00,0.0,-177357.6939726026,-39617530.239921145,0.0
2024-09-18 07:00:00,0.0,-177357.6939726026,-39617530.239921145,0.0
2024-09-18 08:00:00,0.0,-177357.6939726026,-39617530.239921145,0.0
2024-09-18 09:00:00,0.0,-177357.6939726026,-39617530.239921145,0.0
2024-09-18 10:00:00,0.0,-177357.6939726026,-39617530.239921145,0.0
2024-09-18 11:00:00,0.0,-177357.6939726026,-39618078.51644899,0.0
2024-09-18 12:00:00,0.0,-177357.6939726026,-39621612.24634113,0.0
2024-09-18 13:00:00,0.0,-177357.6939726026,-39627590.01859033,0.0
2024-09-18 14:00:00,0.0,-177357.6939726026,-39636165.39756144,0.0
2024-09-18 15:00:00,0.0,-177357.6939726026,-39647744.92144536,0.0
2024-09-18 16:00:00,0.0,-177357.6939726026,-39661451.100612946,0.0
2024-09-18 17:00:00,0.0,-177357.6939726026,-39676410.41586219,0.0
2024-09-18 18:00:00,0.0,-177357.6939726026,-39690435.31655169,0.0
2024-09-18 19:00:00,0.0,-177357.6939726026,-39703087.21861286,0.0
2024-09-18 20:00:00,0.0,-177357.6939726026,-39713612.5024327,0.0
2024-09-18 21:00:00,0.0,-177357.6939726026,-39719350.510598786,0.0
2024-09-18 22:00:00,0.0,-177357.6939726026,-39719350.510598786,0.0
2024-09-18 23:00:00,0.0,-177357.6939726026,-39719350.510598786,0.0
2024-09-19 00:00:00,0.0,-177357.6939726026,-39719350.510598786,0.0
2024-09-19 01:00:00,0.0,-177357.6939726026,-39719350.510598786,0.0
2024-09-19 02:00:00,0.0,-177357.6939726026,-39719350.510598786,0.0
2024-09-19 03:00:00,0.0,-177357.6939726026,-39719350.510598786,0.0
2024-09-19 04:00:00,0.0,-177357.6939726026,-39719350.510598786,0.0
2024-09-19 05:00:00,0.0,-177357.6939726026,-39719350.510598786,0.0
2024-09-19 06:00:00,0.0,-177357.6939726026,-39719350.510598786,0.0
2024-09-19 07:00:00,0.0,-177357.6939726026,-39719350.510598786,0.0
2024-09-19 08:00:00,0.0,-177357.6939726026,-39719350.510598786,0.0
2024-09-19 09:00:00,0.0,-177357.6939726026,-39719350.510598786,0.0
2024-09-19 10:00:00,0.0,-177357.6939726026,-39719350.510598786,0.0
2024-09-19 11:00:00,0.0,-177357.6939726026,-39723133.53518687,0.0
2024-09-19 12:00:00,0.0,-177357.6939726026,-39732166.148327485,0.0
2024-09-19 13:00:00,0.0,-177357.6939726026,-39746223.88705059,0.0
2024-09-19 14:00:00,0.0,-177357.6939726026,-39764564.26049063,0.0
2024-09-19 15:00:00,0.0,-177357.6939726026,-39786338.748128735,0.0
2024-09-19 16:00:00,0.0,-177357.6939726026,-39810911.79792085,0.0
2024-09-19 17:00:00,0.0,-177357.6939726026,-39836546.82430423,0.0
2024-09-19 18:00:00,0.0,-177357.6939726026,-39859766.20607419,0.0
2024-09-19 19:00:00,0.0,-177357.6939726026,-39879904.284122586,0.0
2024-09-19 20:00:00,0.0,-177357.6939726026,-39896529.359028675,0.0
2024-09-19 21:00:00,0.0,-177357.6939726026,-39907124.68849275,0.0
2024-09-19 22:00:00,0.0,-177357.6939726026,-39910513.484601885,0.0
2024-09-19 23:00:00,0.0,-177357.6939726026,-39910513.484601885,0.0
2024-09-20 00:00:00,0.0,-177357.6939726026,-39910513.484601885,0.0
2024-09-20 01:00:00,0.0,-177357.6939726026,-39910513.484601885,0.0
2024-09-20 02:00:00,0.0,-177357.6939726026,-39910513.484601885,0.0
2024-09-20 03:00:00,0.0,-177357.6939726026,-39910513.484601885,0.0
2024-09-20 04:00:00,0.0,-177357.6939726026,-39910513.484601885,0.0
2024-09-20 05:00:00,0.0,-177357.6939726026,-39910513.484601885,0.0
2024-09-20 06:00:00,0.0,-177357.6939726026,-39910513.484601885,0.0
2024-09-20 07:00:00,0.0,-177357.6939726026,-39910513.484601885,0.0
2024-09-20 08:00:00,0.0,-177357.6939726026,-39910513.484601885,0.0
2024-09-20 09:00:00,0.0,-177357.6939726026,-39910513.484601885,0.0
2024-09-20 10:00:00,0.0,-177357.6939726026,-39911185.331628926,0.0
2024-09-20 11:00:00,0.0,-177357.6939726026,-39916909.28488105,0.0
2024-09-20 12:00:00,0.0,-177357.6939726026,-39928389.85225423,0.0
2024-09-20 13:00:00,0.0,-177357.6939726026,-39945238.51191052,0.0
2024-09-20 14:00:00,0.0,-177357.6939726026,-39966576.71040085,0.0
2024-09-20 15:00:00,0.0,-177357.6939726026,-39991291.860665776,0.0
2024-09-20 16:00:00,0.0,-177357.6939726026,-40018323.33990621,0.0
2024-09-20 17:00:00,0.0,-177357.6939726026,-40045390.48731533,0.0
2024-09-20 18:00:00,0.0,-177357.6939726026,-40068862.601662576,0.0
2024-09-20 19:00:00,0.0,-177357.6939726026,-40088019.93871985,0.0
2024-09-20 20:00:00,0.0,-177357.6939726026,-40102893.708519325,0.0
2024-09-20 21:00:00,0.0,-177357.6939726026,-40112273.0724318,0.0
2024-09-20 22:00:00,0.0,-177357.6939726026,-40115725.14005347,0.0
2024-09-20 23:00:00,0.0,-177357.6939726026,-40115725.14005347,0.0
2024-09-21 00:00:00,0.0,-177357.6939726026,-40115725.14005347,0.0
2024-09-21 01:00:00,0.0,-177357.6939726026,-40115725.14005347,0.0
2024-09-21 02:00:00,0.0,-177357.6939726026,-40115725.14005347,0.0
2024-09-21 03:00:00,0.0,-177357.6939726026,-40115725.14005347,0.0
2024-09-21 04:00:00,0.0,-177357.6939726026,-40115725.14005347,0.0
2024-09-21 05:00:00,0.0,-177357.6939726026,-40115725.14005347,0.0
2024-09-21 06:00:00,0.0,-177357.6939726026,-40115725.14005347,0.0
2024-09-21 07:00:00,0.0,-177357.6939726026,-40115725.14005347,0.0
2024-09-21 08:00:00,0.0,-177357.6939726026,-40115725.14005347,0.0
2024-09-21 09:00:00,0.0,-177357.6939726026,-40115725.14005347,0.0
2024-09-21 10:00:00,0.0,-177357.6939726026,-40115725.14005347,0.0
2024-09-21 11:00:00,0.0,-177357.6939726026,-40115725.14005347,0.0
2024-09-21 12:00:00,0.0,-177357.6939726026,-40120688.48684043,0.0
2024-09-21 13:00:00,0.0,-177357.6939726026,-40130313.76054919,0.0
2024-09-21 14:00:00,0.0,-177357.6939726026,-40144452.33678352,0.0
2024-09-21 15:00:00,0.0,-177357.6939726026,-40162497.553035036,0.0
2024-09-21 16:00:00,0.0,-177357.6939726026,-40183117.706260234,0.0
2024-09-21 17:00:00,0.0,-177357.6939726026,-40204275.05029925,0.0
2024-09-21 18:00:00,0.0,-177357.6939726026,-40223013.79312581,0.0
2024-09-21 19:00:00,0.0,-177357.6939726026,-40238205.09391707,0.0
2024-09-21 20:00:00,0.0,-177357.6939726026,-40249796.059931405,0.0
2024-09-21 21:00:00,0.0,-177357.6939726026,-40256336.74318123,0.0
2024-09-21 22:00:00,0.0,-177357.6939726026,-40257599.136887215,0.0
2024-09-21 23:00:00,0.0,-177357.6939726026,-40257599.136887215,0.0
2024-09-22 00:00:00,0.0,-177357.6939726026,-40257599.136887215,0.0
2024-09-22 01:00:00,0.0,-177357.6939726026,-40257599.136887215,0.0
2024-09-22 02:00:00,0.0,-177357.6939726026,-40257599.136887215,0.0
2024-09-22 03:00:00,0.0,-177357.6939726026,-40257599.136887215,0.0
2024-09-22 04:00:00,0.0,-177357.6939726026,-40257599.136887215,0.0
2024-09-22 05:00:00,0.0,-177357.6939726026,-40257599.136887215,0.0
2024-09-22 06:00:00,0.0,-177357.6939726026,-40257599.136887215,0.0
2024-09-22 07:00:00,0.0,-177357.6939726026,-40257599.136887215,0.0
2024-09-22 08:00:00,0.0,-177357.6939726026,-40257599.136887215,0.0
2024-09-22 09:00:00,0.0,-177357.6939726026,-40257599.136887215,0.0
2024-09-22 10:00:00,0.0,-177357.6939726026,-40257599.136887215,0.0
2024-09-22 11:00:00,0.0,-177357.6939726026,-40257599.136887215,0.0
2024-09-22 12:00:00,0.0,-177357.6939726026,-40257599.136887215,0.0
2024-09-22 13:00:00,0.0,-177357.6939726026,-40260159.42146607,0.0
2024-09-22 14:00:00,0.0,-177357.6939726026,-40265501.61300942,0.0
2024-09-22 15:00:00,0.0,-177357.6939726026,-40273048.963422336,0.0
2024-09-22 16:00:00,0.0,-177357.6939726026,-40282401.67861648,0.0
2024-09-22 17:00:00,0.0,-177357.6939726026,-40292634.915571555,0.0
2024-09-22 18:00:00,0.0,-177357.6939726026,-40302293.77920399,0.0
2024-09-22 19:00:00,0.0,-177357.6939726026,-40311729.319030136,0.0
2024-09-22 20:00:00,0.0,-177357.6939726026,-40319712.52561016,0.0
2024-09-22 21:00:00,0.0,-177357.6939726026,-40323407.326758,0.0
2024-09-22 22:00:00,0.0,-177357.6939726026,-40323407.326758,0.0
2024-09-22 23:00:00,0.0,-177357.6939726026,-40323407.326758,0.0
2024-09-23 00:00:00,0.0,-177357.6939726026,-40323407.326758,0.0
2024-09-23 01:00:00,0.0,-177357.6939726026,-40323407.326758,0.0
2024-09-23 02:00:00,0.0,-177357.6939726026,-40323407.326758,0.0
2024-09-23 03:00:00,0.0,-177357.6939726026,-40323407.326758,0.0
2024-09-23 04:00:00,0.0,-177357.6939726026,-40323407.326758,0.0
2024-09-23 05:00:00,0.0,-177357.6939726026,-40323407.326758,0.0
2024-09-23 06:00:00,0.0,-177357.6939726026,-40323407.326758,0.0
2024-09-23 07:00:00,0.0,-177357.6939726026,-40323407.326758,0.0
2024-09-23 08:00:00,0.0,-177357.6939726026,-40323407.326758,0.0
2024-09-23 09:00:00,0.0,-177357.6939726026,-40323407.326758,0.0
2024-09-23 10:00:00,0.0,-177357.6939726026,-40323407.326758,0.0
2024-09-23 11:00:00,0.0,-177357.6939726026,-40323407.326758,0.0
2024-09-23 12:00:00,0.0,-177357.6939726026,-40323407.326758,0.0
2024-09-23 13:00:00,0.0,-177357.6939726026,-40323407.326758,0.0
2024-09-23 14:00:00,0.0,-177357.6939726026,-40323407.326758,0.0
2024-09-23 15:00:00,0.0,-177357.6939726026,-40323407.326758,0.0
2024-09-23 16:00:00,0.0,-177357.6939726026,-40323407.326758,0.0
2024-09-23 17:00:00,0.0,-177357.6939726026,-40323407.326758,0.0
2024-09-23 18:00:00,0.0,-177357.6939726026,-40323407.326758,0.0
2024-09-23 19:00:00,0.0,-177357.6939726026,-40323407.326758,0.0
2024-09-23 20:00:00,0.0,-177357.6939726026,-40323407.326758,0.0
2024-09-23 21:00:00,0.0,-177357.6939726026,-40323407.326758,0.0
2024-09-23 22:00:00,0.0,-177357.6939726026,-40323407.326758,0.0
2024-09-23 23:00:00,0.0,-177357.6939726026,-40323407.326758,0.0
2024-09-24 00:00:00,0.0,-177357.6939726026,-40323407.326758,0.0
2024-09-24 01:00:00,0.0,-177357.6939726026,-40323407.326758,0.0
2024-09-24 02:00:00,0.0,-177357.6939726026,-40323407.326758,0.0
2024-09-24 03:00:00,0.0,-177357.6939726026,-40323407.326758,0.0
2024-09-24 04:00:00,0.0,-177357.6939726026,-40323407.326758,0.0
2024-09-24 05:00:00,0.0,-177357.6939726026,-40323407.326758,0.0
2024-09-24 06:00:00,0.0,-177357.6939726026,-40323407.326758,0.0
2024-09-24 07:00:00,0.0,-177357.6939726026,-40323407.326758,0.0
2024-09-24 08:00:00,0.0,-177357.6939726026,-40323407.326758,0.0
2024-09-24 09:00:00,0.0,-177357.6939726026,-40323407.326758,0.0
2024-09-24 10:00:00,0.0,-177357.6939726026,-40323407.326758,0.0
2024-09-24 11:00:00,0.0,-177357.6939726026,-40323407.326758,0.0
2024-09-24 12:00:00,0.0,-177357.6939726026,-40323407.326758,0.0
2024-09-24 13:00:00,0.0,-177357.6939726026,-40323407.326758,0.0
2024-09-24 14:00:00,0.0,-177357.6939726026,-40323407.326758,0.0
2024-09-24 15:00:00,0.0,-177357.6939726026,-40323407.326758,0.0
2024-09-24 16:00:00,0.0,-177357.6939726026,-40323407.326758,0.0
2024-09-24 17:00:00,0.0,-177357.6939726026,-40323407.326758,0.0
2024-09-24 18:00:00,0.0,-177357.6939726026,-40323407.326758,0.0
2024-09-24 19:00:00,0.0,-177357.6939726026,-40323407.326758,0.0
2024-09-24 20:00:00,0.0,-177357.6939726026,-40323407.326758,0.0
2024-09-24 21:00:00,0.0,-177357.6939726026,-40323407.326758,0.0
2024-09-24 22:00:00,0.0,-177357.6939726026,-40323407.326758,0.0
2024-09-24 23:00:00,0.0,-177357.6939726026,-40323407.326758,0.0
2024-09-25 00:00:00,0.0,-177357.6939726026,-40323407.326758,0.0
2024-09-25 01:00:00,0.0,-177357.6939726026,-40323407.326758,0.0
2024-09-25 02:00:00,0.0,-177357.6939726026,-40323407.326758,0.0
2024-09-25 03:00:00,0.0,-177357.6939726026,-40323407.326758,0.0
2024-09-25 04:00:00,0.0,-177357.6939726026,-40323407.326758,0.0
2024-09-25 05:00:00,0.0,-177357.6939726026,-40323407.326758,0.0
2024-09-25 06:00:00,0.0,-177357.6939726026,-40323407.326758,0.0
2024-09-25 07:00:00,0.0,-177357.6939726026,-40323407.326758,0.0
2024-09-25 08:00:00,0.0,-177357.6939726026,-40323407.326758,0.0
2024-09-25 09:00:00,0.0,-177357.6939726026,-40323407.326758,0.0
2024-09-25 10:00:00,0.0,-177357.6939726026,-40323407.326758,0.0
2024-09-25 11:00:00,0.0,-177357.6939726026,-40323407.326758,0.0
2024-09-25 12:00:00,0.0,-177357.6939726026,-40323407.326758,0.0
2024-09-25 13:00:00,0.0,-177357.6939726026,-40323407.326758,0.0
2024-09-25 14:00:00,0.0,-177357.6939726026,-40323407.326758,0.0
2024-09-25 15:00:00,0.0,-177357.6939726026,-40323447.05800419,0.0
2024-09-25 16:00:00,0.0,-177357.6939726026,-40324696.683264256,0.0
2024-09-25 17:00:00,0.0,-177357.6939726026,-40326934.45399316,0.0
2024-09-25 18:00:00,0.0,-177357.6939726026,-40329262.57563656,0.0
2024-09-25 19:00:00,0.0,-177357.6939726026,-40331825.20469172,0.0
2024-09-25 20:00:00,0.0,-177357.6939726026,-40333305.44557576,0.0
2024-09-25 21:00:00,0.0,-177357.6939726026,-40333305.44557576,0.0
2024-09-25 22:00:00,0.0,-177357.6939726026,-40333305.44557576,0.0
2024-09-25 23:00:00,0.0,-177357.6939726026,-40333305.44557576,0.0
2024-09-26 00:00:00,0.0,-177357.6939726026,-40333305.44557576,0.0
2024-09-26 01:00:00,0.0,-177357.6939726026,-40333305.44557576,0.0
2024-09-26 02:00:00,0.0,-177357.6939726026,-40333305.44557576,0.0
2024-09-26 03:00:00,0.0,-177357.6939726026,-40333305.44557576,0.0
2024-09-26 04:00:00,0.0,-177357.6939726026,-40333305.44557576,0.0
2024-09-26 05:00:00,0.0,-177357.6939726026,-40333305.44557576,0.0
2024-09-26 06:00:00,0.0,-177357.6939726026,-40333305.44557576,0.0
2024-09-26 07:00:00,0.0,-177357.6939726026,-40333305.44557576,0.0
2024-09-26 08:00:00,0.0,-177357.6939726026,-40333305.44557576,0.0
2024-09-26 09:00:00,0.0,-177357.6939726026,-40333305.44557576,0.0
2024-09-26 10:00:00,0.0,-177357.6939726026,-40333305.44557576,0.0
2024-09-26 11:00:00,0.0,-177357.6939726026,-40333305.44557576,0.0
2024-09-26 12:00:00,0.0,-177357.6939726026,-40335128.670610525,0.0
2024-09-26 13:00:00,0.0,-177357.6939726026,-40338882.466570325,0.0
2024-09-26 14:00:00,0.0,-177357.6939726026,-40343887.126333535,0.0
2024-09-26 15:00:00,0.0,-177357.6939726026,-40349785.89940795,0.0
2024-09-26 16:00:00,0.0,-177357.6939726026,-40356817.98916435,0.0
2024-09-26 17:00:00,0.0,-177357.6939726026,-40364610.54988888,0.0
2024-09-26 18:00:00,0.0,-177357.6939726026,-40372493.68364219,0.0
2024-09-26 19:00:00,0.0,-177357.6939726026,-40380909.436912455,0.0
2024-09-26 20:00:00,0.0,-177357.6939726026,-40388059.797048375,0.0
2024-09-26 21:00:00,0.0,-177357.6939726026,-40391703.688457616,0.0
2024-09-26 22:00:00,0.0,-177357.6939726026,-40391703.688457616,0.0
2024-09-26 23:00:00,0.0,-177357.6939726026,-40391703.688457616,0.0
2024-09-27 00:00:00,0.0,-177357.6939726026,-40391703.688457616,0.0
2024-09-27 01:00:00,0.0,-177357.6939726026,-40391703.688457616,0.0
2024-09-27 02:00:00,0.0,-177357.6939726026,-40391703.688457616,0.0
2024-09-27 03:00:00,0.0,-177357.6939726026,-40391703.688457616,0.0
2024-09-27 04:00:00,0.0,-177357.6939726026,-40391703.688457616,0.0
2024-09-27 05:00:00,0.0,-177357.6939726026,-40391703.688457616,0.0
2024-09-27 06:00:00,0.0,-177357.6939726026,-40391703.688457616,0.0
2024-09-27 07:00:00,0.0,-177357.6939726026,-40391703.688457616,0.0
2024-09-27 08:00:00,0.0,-177357.6939726026,-40391703.688457616,0.0
2024-09-27 09:00:00,0.0,-177357.6939726026,-40391703.688457616,0.0
2024-09-27 10:00:00,0.0,-177357.6939726026,-40392178.006103136,0.0
2024-09-27 11:00:00,0.0,-177357.6939726026,-40393582.866248265,0.0
2024-09-27 12:00:00,0.0,-177357.6939726026,-40395743.559940785,0.0
2024-09-27 13:00:00,0.0,-177357.6939726026,-40398403.33473793,0.0
2024-09-27 14:00:00,0.0,-177357.6939726026,-40400856.39193195,0.0
2024-09-27 15:00:00,0.0,-177357.6939726026,-40402955.88359398,0.0
2024-09-27 16:00:00,0.0,-177357.6939726026,-40405252.90942404,0.0
2024-09-27 17:00:00,0.0,-177357.6939726026,-40407830.513394326,0.0
2024-09-27 18:00:00,0.0,-177357.6939726026,-40410265.68017186,0.0
2024-09-27 19:00:00,0.0,-177357.6939726026,-40413082.33130577,0.0
2024-09-27 20:00:00,0.0,-177357.6939726026,-40414724.321163476,0.0
2024-09-27 21:00:00,0.0,-177357.6939726026,-40414724.321163476,0.0
2024-09-27 22:00:00,0.0,-177357.6939726026,-40414724.321163476,0.0
2024-09-27 23:00:00,0.0,-177357.6939726026,-40414724.321163476,0.0
2024-09-28 00:00:00,0.0,-177357.6939726026,-40414724.321163476,0.0
2024-09-28 01:00:00,0.0,-177357.6939726026,-40414724.321163476,0.0
2024-09-28 02:00:00,0.0,-177357.6939726026,-40414724.321163476,0.0
2024-09-28 03:00:00,0.0,-177357.6939726026,-40414724.321163476,0.0
2024-09-28 04:00:00,0.0,-177357.6939726026,-40414724.321163476,0.0
2024-09-28 05:00:00,0.0,-177357.6939726026,-40414724.321163476,0.0
2024-09-28 06:00:00,0.0,-177357.6939726026,-40414724.321163476,0.0
2024-09-28 07:00:00,0.0,-177357.6939726026,-40414724.321163476,0.0
2024-09-28 08:00:00,0.0,-177357.6939726026,-40414724.321163476,0.0
2024-09-28 09:00:00,0.0,-177357.6939726026,-40414724.321163476,0.0
2024-09-28 10:00:00,0.0,-177357.6939726026,-40414724.321163476,0.0
2024-09-28 11:00:00,0.0,-177357.6939726026,-40414724.321163476,0.0
2024-09-28 12:00:00,0.0,-177357.6939726026,-40414724.321163476,0.0
2024-09-28 13:00:00,0.0,-177357.6939726026,-40414724.321163476,0.0
2024-09-28 14:00:00,0.0,-177357.6939726026,-40414724.321163476,0.0
2024-09-28 15:00:00,0.0,-177357.6939726026,-40415623.77498047,0.0
2024-09-28 16:00:00,0.0,-177357.6939726026,-40417347.74747656,0.0
2024-09-28 17:00:00,0.0,-177357.6939726026,-40419605.157337226,0.0
2024-09-28 18:00:00,0.0,-177357.6939726026,-40421330.85587718,0.0
2024-09-28 19:00:00,0.0,-177357.6939726026,-40423114.62269591,0.0
2024-09-28 20:00:00,0.0,-177357.6939726026,-40423156.16104637,0.0
2024-09-28 21:00:00,0.0,-177357.6939726026,-40423156.16104637,0.0
2024-09-28 22:00:00,0.0,-177357.6939726026,-40423156.16104637,0.0
2024-09-28 23:00:00,0.0,-177357.6939726026,-40423156.16104637,0.0
2024-09-29 00:00:00,0.0,-177357.6939726026,-40423156.16104637,0.0
2024-09-29 01:00:00,0.0,-177357.6939726026,-40423156.16104637,0.0
2024-09-29 02:00:00,0.0,-177357.6939726026,-40423156.16104637,0.0
2024-09-29 03:00:00,0.0,-177357.6939726026,-40423156.16104637,0.0
2024-09-29 04:00:00,0.0,-177357.6939726026,-40423156.16104637,0.0
2024-09-29 05:00:00,0.0,-177357.6939726026,-40423156.16104637,0.0
2024-09-29 06:00:00,0.0,-177357.6939726026,-40423156.16104637,0.0
2024-09-29 07:00:00,0.0,-177357.6939726026,-40423156.16104637,0.0
2024-09-29 08:00:00,0.0,-177357.6939726026,-40423156.16104637,0.0
2024-09-29 09:00:00,0.0,-177357.6939726026,-40423156.16104637,0.0
2024-09-29 10:00:00,0.0,-177357.6939726026,-40423156.16104637,0.0
2024-09-29 11:00:00,0.0,-177357.6939726026,-40423156.16104637,0.0
2024-09-29 12:00:00,0.0,-177357.6939726026,-40423156.16104637,0.0
2024-09-29 13:00:00,0.0,-177357.6939726026,-40423156.16104637,0.0
2024-09-29 14:00:00,0.0,-177357.6939726026,-40423156.16104637,0.0
2024-09-29 15:00:00,0.0,-177357.6939726026,-40423156.16104637,0.0
2024-09-29 16:00:00,0.0,-177357.6939726026,-40423156.16104637,0.0
2024-09-29 17:00:00,0.0,-177357.6939726026,-40423494.58208923,0.0
2024-09-29 18:00:00,0.0,-177357.6939726026,-40424794.71780291,0.0
2024-09-29 19:00:00,0.0,-177357.6939726026,-40427157.186450355,0.0
2024-09-29 20:00:00,0.0,-177357.6939726026,-40428666.51950099,0.0
2024-09-29 21:00:00,0.0,-177357.6939726026,-40428666.51950099,0.0
2024-09-29 22:00:00,0.0,-177357.6939726026,-40428666.51950099,0.0
2024-09-29 23:00:00,0.0,-177357.6939726026,-40428666.51950099,0.0
2024-09-30 00:00:00,0.0,-177357.6939726026,-40428666.51950099,0.0
2024-09-30 01:00:00,0.0,-177357.6939726026,-40428666.51950099,0.0
2024-09-30 02:00:00,0.0,-177357.6939726026,-40428666.51950099,0.0
2024-09-30 03:00:00,0.0,-177357.6939726026,-40428666.51950099,0.0
2024-09-30 04:00:00,0.0,-177357.6939726026,-40428666.51950099,0.0
2024-09-30 05:00:00,0.0,-177357.6939726026,-40428666.51950099,0.0
2024-09-30 06:00:00,0.0,-177357.6939726026,-40428666.51950099,0.0
2024-09-30 07:00:00,0.0,-177357.6939726026,-40428666.51950099,0.0
2024-09-30 08:00:00,0.0,-177357.6939726026,-40428666.51950099,0.0
2024-09-30 09:00:00,0.0,-177357.6939726026,-40428666.51950099,0.0
2024-09-30 10:00:00,0.0,-177357.6939726026,-40428666.51950099,0.0
2024-09-30 11:00:00,0.0,-177357.6939726026,-40428666.51950099,0.0
2024-09-30 12:00:00,0.0,-177357.6939726026,-40428666.51950099,0.0
2024-09-30 13:00:00,0.0,-177357.6939726026,-40428666.51950099,0.0
2024-09-30 14:00:00,0.0,-177357.6939726026,-40428666.51950099,0.0
2024-09-30 15:00:00,0.0,-177357.6939726026,-40428666.51950099,0.0
2024-09-30 16:00:00,0.0,-177357.6939726026,-40428666.51950099,0.0
2024-09-30 17:00:00,0.0,-177357.6939726026,-40428666.51950099,0.0
2024-09-30 18:00:00,0.0,-177357.6939726026,-40428666.51950099,0.0
2024-09-30 19:00:00,0.0,-177357.6939726026,-40428743.48991656,0.0
2024-09-30 20:00:00,0.0,-177357.6939726026,-40428743.48991656,0.0
2024-09-30 21:00:00,0.0,-177357.6939726026,-40428743.48991656,0.0
2024-09-30 22:00:00,0.0,-177357.6939726026,-40428743.48991656,0.0
2024-09-30 23:00:00,0.0,-177357.6939726026,-40428743.48991656,0.0
2024-10-01 00:00:00,0.0,-177357.6939726026,-40428743.48991656,0.0
2024-10-01 01:00:00,0.0,-177357.6939726026,-40428743.48991656,0.0
2024-10-01 02:00:00,0.0,-177357.6939726026,-40428743.48991656,0.0
2024-10-01 03:00:00,0.0,-177357.6939726026,-40428743.48991656,0.0
2024-10-01 04:00:00,0.0,-177357.6939726026,-40428743.48991656,0.0
2024-10-01 05:00:00,0.0,-177357.6939726026,-40428743.48991656,0.0
2024-10-01 06:00:00,0.0,-177357.6939726026,-40428743.48991656,0.0
2024-10-01 07:00:00,0.0,-177357.6939726026,-40428743.48991656,0.0
2024-10-01 08:00:00,0.0,-177357.6939726026,-40428743.48991656,0.0
2024-10-01 09:00:00,0.0,-177357.6939726026,-40428743.48991656,0.0
2024-10-01 10:00:00,0.0,-177357.6939726026,-40428743.48991656,0.0
2024-10-01 11:00:00,0.0,-177357.6939726026,-40428743.48991656,0.0
2024-10-01 12:00:00,0.0,-177357.6939726026,-40428743.48991656,0.0
2024-10-01 13:00:00,0.0,-177357.6939726026,-40428743.48991656,0.0
2024-10-01 14:00:00,0.0,-177357.6939726026,-40428743.48991656,0.0
2024-10-01 15:00:00,0.0,-177357.6939726026,-40428743.48991656,0.0
2024-10-01 16:00:00,0.0,-177357.6939726026,-40428743.48991656,0.0
2024-10-01 17:00:00,0.0,-177357.6939726026,-40428743.48991656,0.0
2024-10-01 18:00:00,0.0,-177357.6939726026,-40428743.48991656,0.0
2024-10-01 19:00:00,0.0,-177357.6939726026,-40428743.48991656,0.0
2024-10-01 20:00:00,0.0,-177357.6939726026,-40428743.48991656,0.0
2024-10-01 21:00:00,0.0,-177357.6939726026,-40428743.48991656,0.0
2024-10-01 22:00:00,0.0,-177357.6939726026,-40428743.48991656,0.0
2024-10-01 23:00:00,0.0,-177357.6939726026,-40428743.48991656,0.0
2024-10-02 00:00:00,0.0,-177357.6939726026,-40428743.48991656,0.0
2024-10-02 01:00:00,0.0,-177357.6939726026,-40428743.48991656,0.0
2024-10-02 02:00:00,0.0,-177357.6939726026,-40428743.48991656,0.0
2024-10-02 03:00:00,0.0,-177357.6939726026,-40428743.48991656,0.0
2024-10-02 04:00:00,0.0,-177357.6939726026,-40428743.48991656,0.0
2024-10-02 05:00:00,0.0,-177357.6939726026,-40428743.48991656,0.0
2024-10-02 06:00:00,0.0,-177357.6939726026,-40428743.48991656,0.0
2024-10-02 07:00:00,0.0,-177357.6939726026,-40428743.48991656,0.0
2024-10-02 08:00:00,0.0,-177357.6939726026,-40428743.48991656,0.0
2024-10-02 09:00:00,0.0,-177357.6939726026,-40428743.48991656,0.0
2024-10-02 10:00:00,0.0,-177357.6939726026,-40428743.48991656,0.0
2024-10-02 11:00:00,0.0,-177357.6939726026,-40428743.48991656,0.0
2024-10-02 12:00:00,0.0,-177357.6939726026,-40428743.48991656,0.0
2024-10-02 13:00:00,0.0,-177357.6939726026,-40428743.48991656,0.0
2024-10-02 14:00:00,0.0,-177357.6939726026,-40428743.48991656,0.0
2024-10-02 15:00:00,0.0,-177357.6939726026,-40428743.48991656,0.0
2024-10-02 16:00:00,0.0,-177357.6939726026,-40428743.48991656,0.0
2024-10-02 17:00:00,0.0,-177357.6939726026,-40428743.48991656,0.0
2024-10-02 18:00:00,0.0,-177357.6939726026,-40428743.48991656,0.0
2024-10-02 19:00:00,0.0,-177357.6939726026,-40428743.48991656,0.0
2024-10-02 20:00:00,0.0,-177357.6939726026,-40428743.48991656,0.0
2024-10-02 21:00:00,0.0,-177357.6939726026,-40428743.48991656,0.0
2024-10-02 22:00:00,0.0,-177357.6939726026,-40428743.48991656,0.0
2024-10-02 23:00:00,0.0,-177357.6939726026,-40428743.48991656,0.0
2024-10-03 00:00:00,0.0,-177357.6939726026,-40428743.48991656,0.0
2024-10-03 01:00:00,0.0,-177357.6939726026,-40428743.48991656,0.0
2024-10-03 02:00:00,0.0,-177357.6939726026,-40428743.48991656,0.0
2024-10-03 03:00:00,0.0,-177357.6939726026,-40428743.48991656,0.0
2024-10-03 04:00:00,0.0,-177357.6939726026,-40428743.48991656,0.0
2024-10-03 05:00:00,0.0,-177357.6939726026,-40428743.48991656,0.0
2024-10-03 06:00:00,0.0,-177357.6939726026,-40428743.48991656,0.0
2024-10-03 07:00:00,0.0,-177357.6939726026,-40428743.48991656,0.0
2024-10-03 08:00:00,0.0,-177357.6939726026,-40428743.48991656,0.0
2024-10-03 09:00:00,0.0,-177357.6939726026,-40428743.48991656,0.0
2024-10-03 10:00:00,0.0,-177357.6939726026,-40428743.48991656,0.0
2024-10-03 11:00:00,0.0,-177357.6939726026,-40428743.48991656,0.0
2024-10-03 12:00:00,0.0,-177357.6939726026,-40428743.48991656,0.0
2024-10-03 13:00:00,0.0,-177357.6939726026,-40428743.48991656,0.0
2024-10-03 14:00:00,0.0,-177357.6939726026,-40428743.48991656,0.0
2024-10-03 15:00:00,0.0,-177357.6939726026,-40428743.48991656,0.0
2024-10-03 16:00:00,0.0,-177357.6939726026,-40428870.3223093,0.0
2024-10-03 17:00:00,0.0,-177357.6939726026,-40430525.346123114,0.0
2024-10-03 18:00:00,0.0,-177357.6939726026,-40431583.134526104,0.0
2024-10-03 19:00:00,0.0,-177357.6939726026,-40432487.23506063,0.0
2024-10-03 20:00:00,0.0,-177357.6939726026,-40432487.23506063,0.0
2024-10-03 21:00:00,0.0,-177357.6939726026,-40432487.23506063,0.0
2024-10-03 22:00:00,0.0,-177357.6939726026,-40432487.23506063,0.0
2024-10-03 23:00:00,0.0,-177357.6939726026,-40432487.23506063,0.0
2024-10-04 00:00:00,0.0,-177357.6939726026,-40432487.23506063,0.0
2024-10-04 01:00:00,0.0,-177357.6939726026,-40432487.23506063,0.0
2024-10-04 02:00:00,0.0,-177357.6939726026,-40432487.23506063,0.0
2024-10-04 03:00:00,0.0,-177357.6939726026,-40432487.23506063,0.0
2024-10-04 04:00:00,0.0,-177357.6939726026,-40432487.23506063,0.0
2024-10-04 05:00:00,0.0,-177357.6939726026,-40432487.23506063,0.0
2024-10-04 06:00:00,0.0,-177357.6939726026,-40432487.23506063,0.0
2024-10-04 07:00:00,0.0,-177357.6939726026,-40432487.23506063,0.0
2024-10-04 08:00:00,0.0,-177357.6939726026,-40432487.23506063,0.0
2024-10-04 09:00:00,0.0,-177357.6939726026,-40432487.23506063,0.0
2024-10-04 10:00:00,0.0,-177357.6939726026,-40432487.23506063,0.0
2024-10-04 11:00:00,0.0,-177357.6939726026,-40432487.23506063,0.0
2024-10-04 12:00:00,0.0,-177357.6939726026,-40432487.23506063,0.0
2024-10-04 13:00:00,0.0,-177357.6939726026,-40432487.23506063,0.0
2024-10-04 14:00:00,0.0,-177357.6939726026,-40432487.23506063,0.0
2024-10-04 15:00:00,0.0,-177357.6939726026,-40433032.518358134,0.0
2024-10-04 16:00:00,0.0,-177357.6939726026,-40434650.54851342,0.0
2024-10-04 17:00:00,0.0,-177357.6939726026,-40436604.87193576,0.0
2024-10-04 18:00:00,0.0,-177357.6939726026,-40437419.00772422,0.0
2024-10-04 19:00:00,0.0,-177357.6939726026,-40437427.445947595,0.0
2024-10-04 20:00:00,0.0,-177357.6939726026,-40437427.445947595,0.0
2024-10-04 21:00:00,0.0,-177357.6939726026,-40437427.445947595,0.0
2024-10-04 22:00:00,0.0,-177357.6939726026,-40437427.445947595,0.0
2024-10-04 23:00:00,0.0,-177357.6939726026,-40437427.445947595,0.0
2024-10-05 00:00:00,0.0,-177357.6939726026,-40437427.445947595,0.0
2024-10-05 01:00:00,0.0,-177357.6939726026,-40437427.445947595,0.0
2024-10-05 02:00:00,0.0,-177357.6939726026,-40437427.445947595,0.0
2024-10-05 03:00:00,0.0,-177357.6939726026,-40437427.445947595,0.0
2024-10-05 04:00:00,0.0,-177357.6939726026,-40437427.445947595,0.0
2024-10-05 05:00:00,0.0,-177357.6939726026,-40437427.445947595,0.0
2024-10-05 06:00:00,0.0,-177357.6939726026,-40437427.445947595,0.0
2024-10-05 07:00:00,0.0,-177357.6939726026,-40437427.445947595,0.0
2024-10-05 08:00:00,0.0,-177357.6939726026,-40437427.445947595,0.0
2024-10-05 09:00:00,0.0,-177357.6939726026,-40437427.445947595,0.0
2024-10-05 10:00:00,0.0,-177357.6939726026,-40437427.445947595,0.0
2024-10-05 11:00:00,0.0,-177357.6939726026,-40437427.445947595,0.0
2024-10-05 12:00:00,0.0,-177357.6939726026,-40437427.445947595,0.0
2024-10-05 13:00:00,0.0,-177357.6939726026,-40437427.445947595,0.0
2024-10-05 14:00:00,0.0,-177357.6939726026,-40437427.445947595,0.0
2024-10-05 15:00:00,0.0,-177357.6939726026,-40437427.445947595,0.0
2024-10-05 16:00:00,0.0,-177357.6939726026,-40437427.445947595,0.0
2024-10-05 17:00:00,0.0,-177357.6939726026,-40437427.445947595,0.0
2024-10-05 18:00:00,0.0,-177357.6939726026,-40437427.445947595,0.0
2024-10-05 19:00:00,0.0,-177357.6939726026,-40437427.445947595,0.0
2024-10-05 20:00:00,0.0,-177357.6939726026,-40437427.445947595,0.0
2024-10-05 21:00:00,0.0,-177357.6939726026,-40437427.445947595,0.0
2024-10-05 22:00:00,0.0,-177357.6939726026,-40437427.445947595,0.0
2024-10-05 23:00:00,0.0,-177357.6939726026,-40437427.445947595,0.0
2024-10-06 00:00:00,0.0,-177357.6939726026,-40437427.445947595,0.0
2024-10-06 01:00:00,0.0,-177357.6939726026,-40437427.445947595,0.0
2024-10-06 02:00:00,0.0,-177357.6939726026,-40437427.445947595,0.0
2024-10-06 03:00:00,0.0,-177357.6939726026,-40437427.445947595,0.0
2024-10-06 04:00:00,0.0,-177357.6939726026,-40437427.445947595,0.0
2024-10-06 05:00:00,0.0,-177357.6939726026,-40437427.445947595,0.0
2024-10-06 06:00:00,0.0,-177357.6939726026,-40437427.445947595,0.0
2024-10-06 07:00:00,0.0,-177357.6939726026,-40437427.445947595,0.0
2024-10-06 08:00:00,0.0,-177357.6939726026,-40437427.445947595,0.0
2024-10-06 09:00:00,0.0,-177357.6939726026,-40437427.445947595,0.0
2024-10-06 10:00:00,0.0,-177357.6939726026,-40437427.445947595,0.0
2024-10-06 11:00:00,0.0,-177357.6939726026,-40437427.445947595,0.0
2024-10-06 12:00:00,0.0,-177357.6939726026,-40437427.445947595,0.0
2024-10-06 13:00:00,0.0,-177357.6939726026,-40437427.445947595,0.0
2024-10-06 14:00:00,0.0,-177357.6939726026,-40437427.445947595,0.0
2024-10-06 15:00:00,0.0,-177357.6939726026,-40437427.445947595,0.0
2024-10-06 16:00:00,0.0,-177357.6939726026,-40437427.445947595,0.0
2024-10-06 17:00:00,0.0,-177357.6939726026,-40439590.10169931,0.0
2024-10-06 18:00:00,0.0,-177357.6939726026,-40441367.28540495,0.0
2024-10-06 19:00:00,0.0,-177357.6939726026,-40443096.348147616,0.0
2024-10-06 20:00:00,0.0,-177357.6939726026,-40443096.348147616,0.0
2024-10-06 21:00:00,0.0,-177357.6939726026,-40443096.348147616,0.0
2024-10-06 22:00:00,0.0,-177357.6939726026,-40443096.348147616,0.0
2024-10-06 23:00:00,0.0,-177357.6939726026,-40443096.348147616,0.0
2024-10-07 00:00:00,0.0,-177357.6939726026,-40443096.348147616,0.0
2024-10-07 01:00:00,0.0,-177357.6939726026,-40443096.348147616,0.0
2024-10-07 02:00:00,0.0,-177357.6939726026,-40443096.348147616,0.0
2024-10-07 03:00:00,0.0,-177357.6939726026,-40443096.348147616,0.0
2024-10-07 04:00:00,0.0,-177357.6939726026,-40443096.348147616,0.0
2024-10-07 05:00:00,0.0,-177357.6939726026,-40443096.348147616,0.0
2024-10-07 06:00:00,0.0,-177357.6939726026,-40443096.348147616,0.0
2024-10-07 07:00:00,0.0,-177357.6939726026,-40443096.348147616,0.0
2024-10-07 08:00:00,0.0,-177357.6939726026,-40443096.348147616,0.0
2024-10-07 09:00:00,0.0,-177357.6939726026,-40443096.348147616,0.0
2024-10-07 10:00:00,0.0,-177357.6939726026,-40443096.348147616,0.0
2024-10-07 11:00:00,0.0,-177357.6939726026,-40443096.348147616,0.0
2024-10-07 12:00:00,0.0,-177357.6939726026,-40443096.348147616,0.0
2024-10-07 13:00:00,0.0,-177357.6939726026,-40443096.348147616,0.0
2024-10-07 14:00:00,0.0,-177357.6939726026,-40443096.348147616,0.0
2024-10-07 15:00:00,0.0,-177357.6939726026,-40443096.348147616,0.0
2024-10-07 16:00:00,0.0,-177357.6939726026,-40443096.348147616,0.0
2024-10-07 17:00:00,0.0,-177357.6939726026,-40443096.348147616,0.0
2024-10-07 18:00:00,0.0,-177357.6939726026,-40443096.348147616,0.0
2024-10-07 19:00:00,0.0,-177357.6939726026,-40443096.348147616,0.0
2024-10-07 20:00:00,0.0,-177357.6939726026,-40443096.348147616,0.0
2024-10-07 21:00:00,0.0,-177357.6939726026,-40443096.348147616,0.0
2024-10-07 22:00:00,0.0,-177357.6939726026,-40443096.348147616,0.0
2024-10-07 23:00:00,0.0,-177357.6939726026,-40443096.348147616,0.0
2024-10-08 00:00:00,0.0,-177357.6939726026,-40443096.348147616,0.0
2024-10-08 01:00:00,0.0,-177357.6939726026,-40443096.348147616,0.0
2024-10-08 02:00:00,0.0,-177357.6939726026,-40443096.348147616,0.0
2024-10-08 03:00:00,0.0,-177357.6939726026,-40443096.348147616,0.0
2024-10-08 04:00:00,0.0,-177357.6939726026,-40443096.348147616,0.0
2024-10-08 05:00:00,0.0,-177357.6939726026,-40443096.348147616,0.0
2024-10-08 06:00:00,0.0,-177357.6939726026,-40443096.348147616,0.0
2024-10-08 07:00:00,0.0,-177357.6939726026,-40443096.348147616,0.0
2024-10-08 08:00:00,0.0,-177357.6939726026,-40443096.348147616,0.0
2024-10-08 09:00:00,0.0,-177357.6939726026,-40443096.348147616,0.0
2024-10-08 10:00:00,0.0,-177357.6939726026,-40443096.348147616,0.0
2024-10-08 11:00:00,0.0,-177357.6939726026,-40443096.348147616,0.0
2024-10-08 12:00:00,0.0,-177357.6939726026,-40443096.348147616,0.0
2024-10-08 13:00:00,0.0,-177357.6939726026,-40443096.348147616,0.0
2024-10-08 14:00:00,0.0,-177357.6939726026,-40443096.348147616,0.0
2024-10-08 15:00:00,0.0,-177357.6939726026,-40443096.348147616,0.0
2024-10-08 16:00:00,0.0,-177357.6939726026,-40443096.348147616,0.0
2024-10-08 17:00:00,0.0,-177357.6939726026,-40443096.348147616,0.0
2024-10-08 18:00:00,0.0,-177357.6939726026,-40443096.348147616,0.0
2024-10-08 19:00:00,0.0,-177357.6939726026,-40443096.348147616,0.0
2024-10-08 20:00:00,0.0,-177357.6939726026,-40443096.348147616,0.0
2024-10-08 21:00:00,0.0,-177357.6939726026,-40443096.348147616,0.0
2024-10-08 22:00:00,0.0,-177357.6939726026,-40443096.348147616,0.0
2024-10-08 23:00:00,0.0,-177357.6939726026,-40443096.348147616,0.0
2024-10-09 00:00:00,0.0,-177357.6939726026,-40443096.348147616,0.0
2024-10-09 01:00:00,0.0,-177357.6939726026,-40443096.348147616,0.0
2024-10-09 02:00:00,0.0,-177357.6939726026,-40443096.348147616,0.0
2024-10-09 03:00:00,0.0,-177357.6939726026,-40443096.348147616,0.0
2024-10-09 04:00:00,0.0,-177357.6939726026,-40443096.348147616,0.0
2024-10-09 05:00:00,0.0,-177357.6939726026,-40443096.348147616,0.0
2024-10-09 06:00:00,0.0,-177357.6939726026,-40443096.348147616,0.0
2024-10-09 07:00:00,0.0,-177357.6939726026,-40443096.348147616,0.0
2024-10-09 08:00:00,0.0,-177357.6939726026,-40443096.348147616,0.0
2024-10-09 09:00:00,0.0,-177357.6939726026,-40443096.348147616,0.0
2024-10-09 10:00:00,0.0,-177357.6939726026,-40443096.348147616,0.0
2024-10-09 11:00:00,0.0,-177357.6939726026,-40443096.348147616,0.0
2024-10-09 12:00:00,0.0,-177357.6939726026,-40443096.348147616,0.0
2024-10-09 13:00:00,0.0,-177357.6939726026,-40443096.348147616,0.0
2024-10-09 14:00:00,0.0,-177357.6939726026,-40443096.348147616,0.0
2024-10-09 15:00:00,0.0,-177357.6939726026,-40443096.348147616,0.0
2024-10-09 16:00:00,0.0,-177357.6939726026,-40443096.348147616,0.0
2024-10-09 17:00:00,0.0,-177357.6939726026,-40443096.348147616,0.0
2024-10-09 18:00:00,0.0,-177357.6939726026,-40443096.348147616,0.0
2024-10-09 19:00:00,0.0,-177357.6939726026,-40443096.348147616,0.0
2024-10-09 20:00:00,0.0,-177357.6939726026,-40443096.348147616,0.0
2024-10-09 21:00:00,0.0,-177357.6939726026,-40443096.348147616,0.0
2024-10-09 22:00:00,0.0,-177357.6939726026,-40443096.348147616,0.0
2024-10-09 23:00:00,0.0,-177357.6939726026,-40443096.348147616,0.0
2024-10-10 00:00:00,0.0,-177357.6939726026,-40443096.348147616,0.0
2024-10-10 01:00:00,0.0,-177357.6939726026,-40443096.348147616,0.0
2024-10-10 02:00:00,0.0,-177357.6939726026,-40443096.348147616,0.0
2024-10-10 03:00:00,0.0,-177357.6939726026,-40443096.348147616,0.0
2024-10-10 04:00:00,0.0,-177357.6939726026,-40443096.348147616,0.0
2024-10-10 05:00:00,0.0,-177357.6939726026,-40443096.348147616,0.0
2024-10-10 06:00:00,0.0,-177357.6939726026,-40443096.348147616,0.0
2024-10-10 07:00:00,0.0,-177357.6939726026,-40443096.348147616,0.0
2024-10-10 08:00:00,0.0,-177357.6939726026,-40443096.348147616,0.0
2024-10-10 09:00:00,0.0,-177357.6939726026,-40443096.348147616,0.0
2024-10-10 10:00:00,0.0,-177357.6939726026,-40443096.348147616,0.0
2024-10-10 11:00:00,0.0,-177357.6939726026,-40443096.348147616,0.0
2024-10-10 12:00:00,0.0,-177357.6939726026,-40443096.348147616,0.0
2024-10-10 13:00:00,0.0,-177357.6939726026,-40443096.348147616,0.0
2024-10-10 14:00:00,0.0,-177357.6939726026,-40443096.348147616,0.0
2024-10-10 15:00:00,0.0,-177357.6939726026,-40443096.348147616,0.0
2024-10-10 16:00:00,0.0,-177357.6939726026,-40443096.348147616,0.0
2024-10-10 17:00:00,0.0,-177357.6939726026,-40443096.348147616,0.0
2024-10-10 18:00:00,0.0,-177357.6939726026,-40443096.348147616,0.0
2024-10-10 19:00:00,0.0,-177357.6939726026,-40443096.348147616,0.0
2024-10-10 20:00:00,0.0,-177357.6939726026,-40443096.348147616,0.0
2024-10-10 21:00:00,0.0,-177357.6939726026,-40443096.348147616,0.0
2024-10-10 22:00:00,0.0,-177357.6939726026,-40443096.348147616,0.0
2024-10-10 23:00:00,0.0,-177357.6939726026,-40443096.348147616,0.0
2024-10-11 00:00:00,0.0,-177357.6939726026,-40443096.348147616,0.0
2024-10-11 01:00:00,0.0,-177357.6939726026,-40443096.348147616,0.0
2024-10-11 02:00:00,0.0,-177357.6939726026,-40443096.348147616,0.0
2024-10-11 03:00:00,0.0,-177357.6939726026,-40443096.348147616,0.0
2024-10-11 04:00:00,0.0,-177357.6939726026,-40443096.348147616,0.0
2024-10-11 05:00:00,0.0,-177357.6939726026,-40443096.348147616,0.0
2024-10-11 06:00:00,0.0,-177357.6939726026,-40443096.348147616,0.0
2024-10-11 07:00:00,0.0,-177357.6939726026,-40443096.348147616,0.0
2024-10-11 08:00:00,0.0,-177357.6939726026,-40443096.348147616,0.0
2024-10-11 09:00:00,0.0,-177357.6939726026,-40443096.348147616,0.0
2024-10-11 10:00:00,0.0,-177357.6939726026,-40443096.348147616,0.0
2024-10-11 11:00:00,0.0,-177357.6939726026,-40443096.348147616,0.0
2024-10-11 12:00:00,0.0,-177357.6939726026,-40443096.348147616,0.0
2024-10-11 13:00:00,0.0,-177357.6939726026,-40443096.348147616,0.0
2024-10-11 14:00:00,0.0,-177357.6939726026,-40443096.348147616,0.0
2024-10-11 15:00:00,0.0,-177357.6939726026,-40443096.348147616,0.0
2024-10-11 16:00:00,0.0,-177357.6939726026,-40443096.348147616,0.0
2024-10-11 17:00:00,0.0,-177357.6939726026,-40443096.348147616,0.0
2024-10-11 18:00:00,0.0,-177357.6939726026,-40443096.348147616,0.0
2024-10-11 19:00:00,0.0,-177357.6939726026,-40443096.348147616,0.0
2024-10-11 20:00:00,0.0,-177357.6939726026,-40443096.348147616,0.0
2024-10-11 21:00:00,0.0,-177357.6939726026,-40443096.348147616,0.0
2024-10-11 22:00:00,0.0,-177357.6939726026,-40443096.348147616,0.0
2024-10-11 23:00:00,0.0,-177357.6939726026,-40443096.348147616,0.0
2024-10-12 00:00:00,0.0,-177357.6939726026,-40443096.348147616,0.0
2024-10-12 01:00:00,0.0,-177357.6939726026,-40443096.348147616,0.0
2024-10-12 02:00:00,0.0,-177357.6939726026,-40443096.348147616,0.0
2024-10-12 03:00:00,0.0,-177357.6939726026,-40443096.348147616,0.0
2024-10-12 04:00:00,0.0,-177357.6939726026,-40443096.348147616,0.0
2024-10-12 05:00:00,0.0,-177357.6939726026,-40443096.348147616,0.0
2024-10-12 06:00:00,0.0,-177357.6939726026,-40443096.348147616,0.0
2024-10-12 07:00:00,0.0,-177357.6939726026,-40443096.348147616,0.0
2024-10-12 08:00:00,0.0,-177357.6939726026,-40443096.348147616,0.0
2024-10-12 09:00:00,0.0,-177357.6939726026,-40443096.348147616,0.0
2024-10-12 10:00:00,0.0,-177357.6939726026,-40443096.348147616,0.0
2024-10-12 11:00:00,0.0,-177357.6939726026,-40443096.348147616,0.0
2024-10-12 12:00:00,0.0,-177357.6939726026,-40443096.348147616,0.0
2024-10-12 13:00:00,0.0,-177357.6939726026,-40443096.348147616,0.0
2024-10-12 14:00:00,0.0,-177357.6939726026,-40443096.348147616,0.0
2024-10-12 15:00:00,0.0,-177357.6939726026,-40443096.348147616,0.0
2024-10-12 16:00:00,0.0,-177357.6939726026,-40443096.348147616,0.0
2024-10-12 17:00:00,0.0,-177357.6939726026,-40443096.348147616,0.0
2024-10-12 18:00:00,0.0,-177357.6939726026,-40443096.348147616,0.0
2024-10-12 19:00:00,0.0,-177357.6939726026,-40443096.348147616,0.0
2024-10-12 20:00:00,0.0,-177357.6939726026,-40443096.348147616,0.0
2024-10-12 21:00:00,0.0,-177357.6939726026,-40443096.348147616,0.0
2024-10-12 22:00:00,0.0,-177357.6939726026,-40443096.348147616,0.0
2024-10-12 23:00:00,0.0,-177357.6939726026,-40443096.348147616,0.0
2024-10-13 00:00:00,0.0,-177357.6939726026,-40443096.348147616,0.0
2024-10-13 01:00:00,0.0,-177357.6939726026,-40443096.348147616,0.0
2024-10-13 02:00:00,0.0,-177357.6939726026,-40443096.348147616,0.0
2024-10-13 03:00:00,0.0,-177357.6939726026,-40443096.348147616,0.0
2024-10-13 04:00:00,0.0,-177357.6939726026,-40443096.348147616,0.0
2024-10-13 05:00:00,0.0,-177357.6939726026,-40443096.348147616,0.0
2024-10-13 06:00:00,0.0,-177357.6939726026,-40443096.348147616,0.0
2024-10-13 07:00:00,0.0,-177357.6939726026,-40443096.348147616,0.0
2024-10-13 08:00:00,0.0,-177357.6939726026,-40443096.348147616,0.0
2024-10-13 09:00:00,0.0,-177357.6939726026,-40443096.348147616,0.0
2024-10-13 10:00:00,0.0,-177357.6939726026,-40443096.348147616,0.0
2024-10-13 11:00:00,0.0,-177357.6939726026,-40443096.348147616,0.0
2024-10-13 12:00:00,0.0,-177357.6939726026,-40443096.348147616,0.0
2024-10-13 13:00:00,0.0,-177357.6939726026,-40443096.348147616,0.0
2024-10-13 14:00:00,0.0,-177357.6939726026,-40443096.348147616,0.0
2024-10-13 15:00:00,0.0,-177357.6939726026,-40443096.348147616,0.0
2024-10-13 16:00:00,0.0,-177357.6939726026,-40443096.348147616,0.0
2024-10-13 17:00:00,0.0,-177357.6939726026,-40443096.348147616,0.0
2024-10-13 18:00:00,0.0,-177357.6939726026,-40443096.348147616,0.0
2024-10-13 19:00:00,0.0,-177357.6939726026,-40443096.348147616,0.0
2024-10-13 20:00:00,0.0,-177357.6939726026,-40443096.348147616,0.0
2024-10-13 21:00:00,0.0,-177357.6939726026,-40443096.348147616,0.0
2024-10-13 22:00:00,0.0,-177357.6939726026,-40443096.348147616,0.0
2024-10-13 23:00:00,0.0,-177357.6939726026,-40443096.348147616,0.0
2024-10-14 00:00:00,0.0,-177357.6939726026,-40443096.348147616,0.0
2024-10-14 01:00:00,0.0,-177357.6939726026,-40443096.348147616,0.0
2024-10-14 02:00:00,0.0,-177357.6939726026,-40443096.348147616,0.0
2024-10-14 03:00:00,0.0,-177357.6939726026,-40443096.348147616,0.0
2024-10-14 04:00:00,0.0,-177357.6939726026,-40443096.348147616,0.0
2024-10-14 05:00:00,0.0,-177357.6939726026,-40443096.348147616,0.0
2024-10-14 06:00:00,0.0,-177357.6939726026,-40443096.348147616,0.0
2024-10-14 07:00:00,0.0,-177357.6939726026,-40443096.348147616,0.0
2024-10-14 08:00:00,0.0,-177357.6939726026,-40443096.348147616,0.0
2024-10-14 09:00:00,0.0,-177357.6939726026,-40443096.348147616,0.0
2024-10-14 10:00:00,0.0,-177357.6939726026,-40443096.348147616,0.0
2024-10-14 11:00:00,0.0,-177357.6939726026,-40443096.348147616,0.0
2024-10-14 12:00:00,0.0,-177357.6939726026,-40443096.348147616,0.0
2024-10-14 13:00:00,0.0,-177357.6939726026,-40443096.348147616,0.0
2024-10-14 14:00:00,0.0,-177357.6939726026,-40443096.348147616,0.0
2024-10-14 15:00:00,0.0,-177357.6939726026,-40443096.348147616,0.0
2024-10-14 16:00:00,0.0,-177357.6939726026,-40443096.348147616,0.0
2024-10-14 17:00:00,0.0,-177357.6939726026,-40443096.348147616,0.0
2024-10-14 18:00:00,0.0,-177357.6939726026,-40443096.348147616,0.0
2024-10-14 19:00:00,0.0,-177357.6939726026,-40443096.348147616,0.0
2024-10-14 20:00:00,0.0,-177357.6939726026,-40443096.348147616,0.0
2024-10-14 21:00:00,0.0,-177357.6939726026,-40443096.348147616,0.0
2024-10-14 22:00:00,0.0,-177357.6939726026,-40443096.348147616,0.0
2024-10-14 23:00:00,0.0,-177357.6939726026,-40443096.348147616,0.0
2024-10-15 00:00:00,0.0,-177357.6939726026,-40443096.348147616,0.0
2024-10-15 01:00:00,0.0,-177357.6939726026,-40443096.348147616,0.0
2024-10-15 02:00:00,0.0,-177357.6939726026,-40443096.348147616,0.0
2024-10-15 03:00:00,0.0,-177357.6939726026,-40443096.348147616,0.0
2024-10-15 04:00:00,0.0,-177357.6939726026,-40443096.348147616,0.0
2024-10-15 05:00:00,0.0,-177357.6939726026,-40443096.348147616,0.0
2024-10-15 06:00:00,0.0,-177357.6939726026,-40443096.348147616,0.0
2024-10-15 07:00:00,0.0,-177357.6939726026,-40443096.348147616,0.0
2024-10-15 08:00:00,0.0,-177357.6939726026,-40443096.348147616,0.0
2024-10-15 09:00:00,0.0,-177357.6939726026,-40443096.348147616,0.0
2024-10-15 10:00:00,0.0,-177357.6939726026,-40443096.348147616,0.0
2024-10-15 11:00:00,0.0,-177357.6939726026,-40443096.348147616,0.0
2024-10-15 12:00:00,0.0,-177357.6939726026,-40443096.348147616,0.0
2024-10-15 13:00:00,0.0,-177357.6939726026,-40443096.348147616,0.0
2024-10-15 14:00:00,0.0,-177357.6939726026,-40443096.348147616,0.0
2024-10-15 15:00:00,0.0,-177357.6939726026,-40443096.348147616,0.0
2024-10-15 16:00:00,0.0,-177357.6939726026,-40443096.348147616,0.0
2024-10-15 17:00:00,0.0,-177357.6939726026,-40443096.348147616,0.0
2024-10-15 18:00:00,0.0,-177357.6939726026,-40443096.348147616,0.0
2024-10-15 19:00:00,0.0,-177357.6939726026,-40443096.348147616,0.0
2024-10-15 20:00:00,0.0,-177357.6939726026,-40443096.348147616,0.0
2024-10-15 21:00:00,0.0,-177357.6939726026,-40443096.348147616,0.0
2024-10-15 22:00:00,0.0,-177357.6939726026,-40443096.348147616,0.0
2024-10-15 23:00:00,0.0,-177357.6939726026,-40443096.348147616,0.0
2024-10-16 00:00:00,0.0,-177357.6939726026,-40443096.348147616,0.0
2024-10-16 01:00:00,0.0,-177357.6939726026,-40443096.348147616,0.0
2024-10-16 02:00:00,0.0,-177357.6939726026,-40443096.348147616,0.0
2024-10-16 03:00:00,0.0,-177357.6939726026,-40443096.348147616,0.0
2024-10-16 04:00:00,0.0,-177357.6939726026,-40443096.348147616,0.0
2024-10-16 05:00:00,0.0,-177357.6939726026,-40443096.348147616,0.0
2024-10-16 06:00:00,0.0,-177357.6939726026,-40443096.348147616,0.0
2024-10-16 07:00:00,0.0,-177357.6939726026,-40443096.348147616,0.0
2024-10-16 08:00:00,0.0,-177357.6939726026,-40443096.348147616,0.0
2024-10-16 09:00:00,0.0,-177357.6939726026,-40443096.348147616,0.0
2024-10-16 10:00:00,0.0,-177357.6939726026,-40443096.348147616,0.0
2024-10-16 11:00:00,0.0,-177357.6939726026,-40443096.348147616,0.0
2024-10-16 12:00:00,0.0,-177357.6939726026,-40443096.348147616,0.0
2024-10-16 13:00:00,0.0,-177357.6939726026,-40443096.348147616,0.0
2024-10-16 14:00:00,0.0,-177357.6939726026,-40443096.348147616,0.0
2024-10-16 15:00:00,0.0,-177357.6939726026,-40443096.348147616,0.0
2024-10-16 16:00:00,0.0,-177357.6939726026,-40443096.348147616,0.0
2024-10-16 17:00:00,0.0,-177357.6939726026,-40443096.348147616,0.0
2024-10-16 18:00:00,0.0,-177357.6939726026,-40443096.348147616,0.0
2024-10-16 19:00:00,0.0,-177357.6939726026,-40443096.348147616,0.0
2024-10-16 20:00:00,0.0,-177357.6939726026,-40443096.348147616,0.0
2024-10-16 21:00:00,0.0,-177357.6939726026,-40443096.348147616,0.0
2024-10-16 22:00:00,0.0,-177357.6939726026,-40443096.348147616,0.0
2024-10-16 23:00:00,0.0,-177357.6939726026,-40443096.348147616,0.0
2024-10-17 00:00:00,0.0,-177357.6939726026,-40443096.348147616,0.0
2024-10-17 01:00:00,0.0,-177357.6939726026,-40443096.348147616,0.0
2024-10-17 02:00:00,0.0,-177357.6939726026,-40443096.348147616,0.0
2024-10-17 03:00:00,0.0,-177357.6939726026,-40443096.348147616,0.0
2024-10-17 04:00:00,0.0,-177357.6939726026,-40443096.348147616,0.0
2024-10-17 05:00:00,0.0,-177357.6939726026,-40443096.348147616,0.0
2024-10-17 06:00:00,0.0,-177357.6939726026,-40443096.348147616,0.0
2024-10-17 07:00:00,0.0,-177357.6939726026,-40443096.348147616,0.0
2024-10-17 08:00:00,0.0,-177357.6939726026,-40443096.348147616,0.0
2024-10-17 09:00:00,0.0,-177357.6939726026,-40443096.348147616,0.0
2024-10-17 10:00:00,0.0,-177357.6939726026,-40443096.348147616,0.0
2024-10-17 11:00:00,0.0,-177357.6939726026,-40443096.348147616,0.0
2024-10-17 12:00:00,0.0,-177357.6939726026,-40443096.348147616,0.0
2024-10-17 13:00:00,0.0,-177357.6939726026,-40443096.348147616,0.0
2024-10-17 14:00:00,0.0,-177357.6939726026,-40443096.348147616,0.0
2024-10-17 15:00:00,0.0,-177357.6939726026,-40443096.348147616,0.0
2024-10-17 16:00:00,0.0,-177357.6939726026,-40443096.348147616,0.0
2024-10-17 17:00:00,0.0,-177357.6939726026,-40443096.348147616,0.0
2024-10-17 18:00:00,0.0,-177357.6939726026,-40443096.348147616,0.0
2024-10-17 19:00:00,0.0,-177357.6939726026,-40443096.348147616,0.0
2024-10-17 20:00:00,0.0,-177357.6939726026,-40443096.348147616,0.0
2024-10-17 21:00:00,0.0,-177357.6939726026,-40443096.348147616,0.0
2024-10-17 22:00:00,0.0,-177357.6939726026,-40443096.348147616,0.0
2024-10-17 23:00:00,0.0,-177357.6939726026,-40443096.348147616,0.0
2024-10-18 00:00:00,0.0,-177357.6939726026,-40443096.348147616,0.0
2024-10-18 01:00:00,0.0,-177357.6939726026,-40443096.348147616,0.0
2024-10-18 02:00:00,0.0,-177357.6939726026,-40443096.348147616,0.0
2024-10-18 03:00:00,0.0,-177357.6939726026,-40443096.348147616,0.0
2024-10-18 04:00:00,0.0,-177357.6939726026,-40443096.348147616,0.0
2024-10-18 05:00:00,0.0,-177357.6939726026,-40443096.348147616,0.0
2024-10-18 06:00:00,0.0,-177357.6939726026,-40443096.348147616,0.0
2024-10-18 07:00:00,0.0,-177357.6939726026,-40443096.348147616,0.0
2024-10-18 08:00:00,0.0,-177357.6939726026,-40443096.348147616,0.0
2024-10-18 09:00:00,0.0,-177357.6939726026,-40443096.348147616,0.0
2024-10-18 10:00:00,0.0,-177357.6939726026,-40443096.348147616,0.0
2024-10-18 11:00:00,0.0,-177357.6939726026,-40443096.348147616,0.0
2024-10-18 12:00:00,0.0,-177357.6939726026,-40443096.348147616,0.0
2024-10-18 13:00:00,0.0,-177357.6939726026,-40443096.348147616,0.0
2024-10-18 14:00:00,0.0,-177357.6939726026,-40443096.348147616,0.0
2024-10-18 15:00:00,0.0,-177357.6939726026,-40443096.348147616,0.0
2024-10-18 16:00:00,0.0,-177357.6939726026,-40443096.348147616,0.0
2024-10-18 17:00:00,0.0,-177357.6939726026,-40443096.348147616,0.0
2024-10-18 18:00:00,0.0,-177357.6939726026,-40443096.348147616,0.0
2024-10-18 19:00:00,0.0,-177357.6939726026,-40443096.348147616,0.0
2024-10-18 20:00:00,0.0,-177357.6939726026,-40443096.348147616,0.0
2024-10-18 21:00:00,0.0,-177357.6939726026,-40443096.348147616,0.0
2024-10-18 22:00:00,0.0,-177357.6939726026,-40443096.348147616,0.0
2024-10-18 23:00:00,0.0,-177357.6939726026,-40443096.348147616,0.0
2024-10-19 00:00:00,0.0,-177357.6939726026,-40443096.348147616,0.0
2024-10-19 01:00:00,0.0,-177357.6939726026,-40443096.348147616,0.0
2024-10-19 02:00:00,0.0,-177357.6939726026,-40443096.348147616,0.0
2024-10-19 03:00:00,0.0,-177357.6939726026,-40443096.348147616,0.0
2024-10-19 04:00:00,0.0,-177357.6939726026,-40443096.348147616,0.0
2024-10-19 05:00:00,0.0,-177357.6939726026,-40443096.348147616,0.0
2024-10-19 06:00:00,0.0,-177357.6939726026,-40443096.348147616,0.0
2024-10-19 07:00:00,0.0,-177357.6939726026,-40443096.348147616,0.0
2024-10-19 08:00:00,0.0,-177357.6939726026,-40443096.348147616,0.0
2024-10-19 09:00:00,0.0,-177357.6939726026,-40443096.348147616,0.0
2024-10-19 10:00:00,0.0,-177357.6939726026,-40443096.348147616,0.0
2024-10-19 11:00:00,0.0,-177357.6939726026,-40443096.348147616,0.0
2024-10-19 12:00:00,0.0,-177357.6939726026,-40443096.348147616,0.0
2024-10-19 13:00:00,0.0,-177357.6939726026,-40443096.348147616,0.0
2024-10-19 14:00:00,0.0,-177357.6939726026,-40443096.348147616,0.0
2024-10-19 15:00:00,0.0,-177357.6939726026,-40443096.348147616,0.0
2024-10-19 16:00:00,0.0,-177430.3249315067,-40443096.348147616,0.0
2024-10-19 17:00:00,0.0,-177430.3249315067,-40443096.348147616,0.0
2024-10-19 18:00:00,0.0,-177430.3249315067,-40443096.348147616,0.0
2024-10-19 19:00:00,0.0,-177430.3249315067,-40443096.348147616,0.0
2024-10-19 20:00:00,0.0,-177430.3249315067,-40443096.348147616,0.0
2024-10-19 21:00:00,0.0,-177430.3249315067,-40443096.348147616,0.0
2024-10-19 22:00:00,0.0,-177430.3249315067,-40443096.348147616,0.0
2024-10-19 23:00:00,0.0,-177430.3249315067,-40443096.348147616,0.0
2024-10-20 00:00:00,0.0,-177430.3249315067,-40443096.348147616,0.0
2024-10-20 01:00:00,0.0,-177430.3249315067,-40443096.348147616,0.0
2024-10-20 02:00:00,0.0,-177430.3249315067,-40443096.348147616,0.0
2024-10-20 03:00:00,0.0,-177627.11150684918,-40443096.348147616,0.0
2024-10-20 04:00:00,0.0,-177828.11150684918,-40443096.348147616,0.0
2024-10-20 05:00:00,0.0,-177828.11150684918,-40443096.348147616,0.0
2024-10-20 06:00:00,0.0,-177828.11150684918,-40443096.348147616,0.0
2024-10-20 07:00:00,0.0,-179278.17780821904,-40443096.348147616,0.0
2024-10-20 08:00:00,0.0,-181205.17780821904,-40443096.348147616,0.0
2024-10-20 09:00:00,0.0,-183334.17780821904,-40443096.348147616,0.0
2024-10-20 10:00:00,0.0,-183334.17780821904,-40443096.348147616,0.0
2024-10-20 11:00:00,0.0,-183631.24054794508,-40443096.348147616,0.0
2024-10-20 12:00:00,0.0,-183729.24054794508,-40443096.348147616,0.0
2024-10-20 13:00:00,0.0,-183729.24054794508,-40443096.348147616,0.0
2024-10-20 14:00:00,0.0,-183729.24054794508,-40443096.348147616,0.0
2024-10-20 15:00:00,0.0,-183729.24054794508,-40443096.348147616,0.0
2024-10-20 16:00:00,0.0,-183729.24054794508,-40443096.348147616,0.0
2024-10-20 17:00:00,0.0,-183729.24054794508,-40443096.348147616,0.0
2024-10-20 18:00:00,0.0,-183729.24054794508,-40443096.348147616,0.0
2024-10-20 19:00:00,0.0,-183729.24054794508,-40443096.348147616,0.0
2024-10-20 20:00:00,0.0,-183729.24054794508,-40443096.348147616,0.0
2024-10-20 21:00:00,0.0,-183729.24054794508,-40443096.348147616,0.0
2024-10-20 22:00:00,0.0,-183729.24054794508,-40443096.348147616,0.0
2024-10-20 23:00:00,0.0,-183729.24054794508,-40443096.348147616,0.0
2024-10-21 00:00:00,0.0,-183729.24054794508,-40443096.348147616,0.0
2024-10-21 01:00:00,0.0,-183729.24054794508,-40443096.348147616,0.0
2024-10-21 02:00:00,0.0,-183729.24054794508,-40443096.348147616,0.0
2024-10-21 03:00:00,0.0,-183729.24054794508,-40443096.348147616,0.0
2024-10-21 04:00:00,0.0,-183729.24054794508,-40443096.348147616,0.0
2024-10-21 05:00:00,0.0,-183996.24054794508,-40443096.348147616,0.0
2024-10-21 06:00:00,0.0,-183996.24054794508,-40443096.348147616,0.0
2024-10-21 07:00:00,0.0,-184914.5016438355,-40443096.348147616,0.0
2024-10-21 08:00:00,0.0,-185781.07123287662,-40443096.348147616,0.0
2024-10-21 09:00:00,0.0,-186799.24465753417,-40443096.348147616,0.0
2024-10-21 10:00:00,0.0,-186799.24465753417,-40443096.348147616,0.0
2024-10-21 11:00:00,0.0,-186799.24465753417,-40443096.348147616,0.0
2024-10-21 12:00:00,0.0,-186799.24465753417,-40443096.348147616,0.0
2024-10-21 13:00:00,0.0,-186799.24465753417,-40443096.348147616,0.0
2024-10-21 14:00:00,0.0,-186799.24465753417,-40443096.348147616,0.0
2024-10-21 15:00:00,0.0,-186799.24465753417,-40443096.348147616,0.0
2024-10-21 16:00:00,0.0,-186799.24465753417,-40443096.348147616,0.0
2024-10-21 17:00:00,0.0,-186799.24465753417,-40443096.348147616,0.0
2024-10-21 18:00:00,0.0,-186799.24465753417,-40443096.348147616,0.0
2024-10-21 19:00:00,0.0,-186799.24465753417,-40443096.348147616,0.0
2024-10-21 20:00:00,0.0,-186799.24465753417,-40443096.348147616,0.0
2024-10-21 21:00:00,0.0,-186799.24465753417,-40443096.348147616,0.0
2024-10-21 22:00:00,0.0,-186799.24465753417,-40443096.348147616,0.0
2024-10-21 23:00:00,0.0,-186799.24465753417,-40443096.348147616,0.0
2024-10-22 00:00:00,0.0,-186799.24465753417,-40443096.348147616,0.0
2024-10-22 01:00:00,0.0,-186799.24465753417,-40443096.348147616,0.0
2024-10-22 02:00:00,0.0,-186799.24465753417,-40443096.348147616,0.0
2024-10-22 03:00:00,0.0,-186799.24465753417,-40443096.348147616,0.0
2024-10-22 04:00:00,0.0,-186893.55369863007,-40443096.348147616,0.0
2024-10-22 05:00:00,0.0,-186893.55369863007,-40443096.348147616,0.0
2024-10-22 06:00:00,0.0,-186893.55369863007,-40443096.348147616,0.0
2024-10-22 07:00:00,0.0,-187193.55369863007,-40443096.348147616,0.0
2024-10-22 08:00:00,0.0,-187193.55369863007,-40443096.348147616,0.0
2024-10-22 09:00:00,0.0,-187193.55369863007,-40443096.348147616,0.0
2024-10-22 10:00:00,0.0,-187193.55369863007,-40443096.348147616,0.0
2024-10-22 11:00:00,0.0,-187193.55369863007,-40443096.348147616,0.0
2024-10-22 12:00:00,0.0,-187193.55369863007,-40443096.348147616,0.0
2024-10-22 13:00:00,0.0,-187193.55369863007,-40443096.348147616,0.0
2024-10-22 14:00:00,0.0,-187193.55369863007,-40443096.348147616,0.0
2024-10-22 15:00:00,0.0,-187193.55369863007,-40443096.348147616,0.0
2024-10-22 16:00:00,0.0,-187193.55369863007,-40443096.348147616,0.0
2024-10-22 17:00:00,0.0,-187193.55369863007,-40443096.348147616,0.0
2024-10-22 18:00:00,0.0,-187193.55369863007,-40443096.348147616,0.0
2024-10-22 19:00:00,0.0,-187193.55369863007,-40443096.348147616,0.0
2024-10-22 20:00:00,0.0,-187193.55369863007,-40443096.348147616,0.0
2024-10-22 21:00:00,0.0,-187193.55369863007,-40443096.348147616,0.0
2024-10-22 22:00:00,0.0,-187193.55369863007,-40443096.348147616,0.0
2024-10-22 23:00:00,0.0,-187193.55369863007,-40443096.348147616,0.0
2024-10-23 00:00:00,0.0,-187193.55369863007,-40443096.348147616,0.0
2024-10-23 01:00:00,0.0,-187193.55369863007,-40443096.348147616,0.0
2024-10-23 02:00:00,0.0,-187193.55369863007,-40443096.348147616,0.0
2024-10-23 03:00:00,0.0,-187193.55369863007,-40443096.348147616,0.0
2024-10-23 04:00:00,0.0,-187193.55369863007,-40443096.348147616,0.0
2024-10-23 05:00:00,0.0,-187193.55369863007,-40443096.348147616,0.0
2024-10-23 06:00:00,0.0,-187193.55369863007,-40443096.348147616,0.0
2024-10-23 07:00:00,0.0,-187193.55369863007,-40443096.348147616,0.0
2024-10-23 08:00:00,0.0,-187193.55369863007,-40443096.348147616,0.0
2024-10-23 09:00:00,0.0,-187193.55369863007,-40443096.348147616,0.0
2024-10-23 10:00:00,0.0,-187193.55369863007,-40443096.348147616,0.0
2024-10-23 11:00:00,0.0,-187193.55369863007,-40443096.348147616,0.0
2024-10-23 12:00:00,0.0,-187193.55369863007,-40443096.348147616,0.0
2024-10-23 13:00:00,0.0,-187193.55369863007,-40443096.348147616,0.0
2024-10-23 14:00:00,0.0,-187193.55369863007,-40443096.348147616,0.0
2024-10-23 15:00:00,0.0,-187193.55369863007,-40443096.348147616,0.0
2024-10-23 16:00:00,0.0,-187193.55369863007,-40443096.348147616,0.0
2024-10-23 17:00:00,0.0,-187193.55369863007,-40443096.348147616,0.0
2024-10-23 18:00:00,0.0,-187193.55369863007,-40443096.348147616,0.0
2024-10-23 19:00:00,0.0,-187193.55369863007,-40443096.348147616,0.0
2024-10-23 20:00:00,0.0,-187193.55369863007,-40443096.348147616,0.0
2024-10-23 21:00:00,0.0,-187193.55369863007,-40443096.348147616,0.0
2024-10-23 22:00:00,0.0,-187193.55369863007,-40443096.348147616,0.0
2024-10-23 23:00:00,0.0,-187193.55369863007,-40443096.348147616,0.0
2024-10-24 00:00:00,0.0,-187193.55369863007,-40443096.348147616,0.0
2024-10-24 01:00:00,0.0,-187193.55369863007,-40443096.348147616,0.0
2024-10-24 02:00:00,0.0,-187193.55369863007,-40443096.348147616,0.0
2024-10-24 03:00:00,0.0,-187193.55369863007,-40443096.348147616,0.0
2024-10-24 04:00:00,0.0,-187193.55369863007,-40443096.348147616,0.0
2024-10-24 05:00:00,0.0,-187193.55369863007,-40443096.348147616,0.0
2024-10-24 06:00:00,0.0,-187193.55369863007,-40443096.348147616,0.0
2024-10-24 07:00:00,0.0,-187193.55369863007,-40443096.348147616,0.0
2024-10-24 08:00:00,0.0,-187193.55369863007,-40443096.348147616,0.0
2024-10-24 09:00:00,0.0,-187193.55369863007,-40443096.348147616,0.0
2024-10-24 10:00:00,0.0,-187193.55369863007,-40443096.348147616,0.0
2024-10-24 11:00:00,0.0,-187193.55369863007,-40443096.348147616,0.0
2024-10-24 12:00:00,0.0,-187193.55369863007,-40443096.348147616,0.0
2024-10-24 13:00:00,0.0,-187193.55369863007,-40443096.348147616,0.0
2024-10-24 14:00:00,0.0,-187193.55369863007,-40443096.348147616,0.0
2024-10-24 15:00:00,0.0,-187193.55369863007,-40443096.348147616,0.0
2024-10-24 16:00:00,0.0,-187193.55369863007,-40443096.348147616,0.0
2024-10-24 17:00:00,0.0,-187193.55369863007,-40443096.348147616,0.0
2024-10-24 18:00:00,0.0,-187193.55369863007,-40443096.348147616,0.0
2024-10-24 19:00:00,0.0,-187193.55369863007,-40443096.348147616,0.0
2024-10-24 20:00:00,0.0,-187193.55369863007,-40443096.348147616,0.0
2024-10-24 21:00:00,0.0,-187193.55369863007,-40443096.348147616,0.0
2024-10-24 22:00:00,0.0,-187193.55369863007,-40443096.348147616,0.0
2024-10-24 23:00:00,0.0,-187193.55369863007,-40443096.348147616,0.0
2024-10-25 00:00:00,0.0,-187193.55369863007,-40443096.348147616,0.0
2024-10-25 01:00:00,0.0,-187193.55369863007,-40443096.348147616,0.0
2024-10-25 02:00:00,0.0,-187193.55369863007,-40443096.348147616,0.0
2024-10-25 03:00:00,0.0,-187193.55369863007,-40443096.348147616,0.0
2024-10-25 04:00:00,0.0,-187193.55369863007,-40443096.348147616,0.0
2024-10-25 05:00:00,0.0,-187193.55369863007,-40443096.348147616,0.0
2024-10-25 06:00:00,0.0,-187193.55369863007,-40443096.348147616,0.0
2024-10-25 07:00:00,0.0,-187193.55369863007,-40443096.348147616,0.0
2024-10-25 08:00:00,0.0,-187193.55369863007,-40443096.348147616,0.0
2024-10-25 09:00:00,0.0,-187193.55369863007,-40443096.348147616,0.0
2024-10-25 10:00:00,0.0,-187193.55369863007,-40443096.348147616,0.0
2024-10-25 11:00:00,0.0,-187193.55369863007,-40443096.348147616,0.0
2024-10-25 12:00:00,0.0,-187193.55369863007,-40443096.348147616,0.0
2024-10-25 13:00:00,0.0,-187193.55369863007,-40443096.348147616,0.0
2024-10-25 14:00:00,0.0,-187193.55369863007,-40443096.348147616,0.0
2024-10-25 15:00:00,0.0,-187193.55369863007,-40443096.348147616,0.0
2024-10-25 16:00:00,0.0,-187193.55369863007,-40443096.348147616,0.0
2024-10-25 17:00:00,0.0,-187193.55369863007,-40443096.348147616,0.0
2024-10-25 18:00:00,0.0,-187193.55369863007,-40443096.348147616,0.0
2024-10-25 19:00:00,0.0,-187193.55369863007,-40443096.348147616,0.0
2024-10-25 20:00:00,0.0,-187193.55369863007,-40443096.348147616,0.0
2024-10-25 21:00:00,0.0,-187193.55369863007,-40443096.348147616,0.0
2024-10-25 22:00:00,0.0,-187193.55369863007,-40443096.348147616,0.0
2024-10-25 23:00:00,0.0,-187193.55369863007,-40443096.348147616,0.0
2024-10-26 00:00:00,0.0,-187193.55369863007,-40443096.348147616,0.0
2024-10-26 01:00:00,0.0,-187193.55369863007,-40443096.348147616,0.0
2024-10-26 02:00:00,0.0,-187193.55369863007,-40443096.348147616,0.0
2024-10-26 03:00:00,0.0,-187193.55369863007,-40443096.348147616,0.0
2024-10-26 04:00:00,0.0,-187193.55369863007,-40443096.348147616,0.0
2024-10-26 05:00:00,0.0,-187193.55369863007,-40443096.348147616,0.0
2024-10-26 06:00:00,0.0,-187193.55369863007,-40443096.348147616,0.0
2024-10-26 07:00:00,0.0,-187193.55369863007,-40443096.348147616,0.0
2024-10-26 08:00:00,0.0,-187193.55369863007,-40443096.348147616,0.0
2024-10-26 09:00:00,0.0,-187193.55369863007,-40443096.348147616,0.0
2024-10-26 10:00:00,0.0,-187193.55369863007,-40443096.348147616,0.0
2024-10-26 11:00:00,0.0,-187193.55369863007,-40443096.348147616,0.0
2024-10-26 12:00:00,0.0,-187193.55369863007,-40443096.348147616,0.0
2024-10-26 13:00:00,0.0,-187193.55369863007,-40443096.348147616,0.0
2024-10-26 14:00:00,0.0,-187193.55369863007,-40443096.348147616,0.0
2024-10-26 15:00:00,0.0,-187193.55369863007,-40443096.348147616,0.0
2024-10-26 16:00:00,0.0,-187193.55369863007,-40443096.348147616,0.0
2024-10-26 17:00:00,0.0,-187193.55369863007,-40443096.348147616,0.0
2024-10-26 18:00:00,0.0,-187193.55369863007,-40443096.348147616,0.0
2024-10-26 19:00:00,0.0,-187193.55369863007,-40443096.348147616,0.0
2024-10-26 20:00:00,0.0,-187193.55369863007,-40443096.348147616,0.0
2024-10-26 21:00:00,0.0,-187193.55369863007,-40443096.348147616,0.0
2024-10-26 22:00:00,0.0,-187193.55369863007,-40443096.348147616,0.0
2024-10-26 23:00:00,0.0,-187193.55369863007,-40443096.348147616,0.0
2024-10-27 00:00:00,0.0,-187193.55369863007,-40443096.348147616,0.0
2024-10-27 01:00:00,0.0,-187193.55369863007,-40443096.348147616,0.0
2024-10-27 02:00:00,0.0,-187193.55369863007,-40443096.348147616,0.0
2024-10-27 03:00:00,0.0,-187193.55369863007,-40443096.348147616,0.0
2024-10-27 04:00:00,0.0,-187193.55369863007,-40443096.348147616,0.0
2024-10-27 05:00:00,0.0,-187193.55369863007,-40443096.348147616,0.0
2024-10-27 06:00:00,0.0,-187193.55369863007,-40443096.348147616,0.0
2024-10-27 07:00:00,0.0,-187193.55369863007,-40443096.348147616,0.0
2024-10-27 08:00:00,0.0,-187193.55369863007,-40443096.348147616,0.0
2024-10-27 09:00:00,0.0,-187193.55369863007,-40443096.348147616,0.0
2024-10-27 10:00:00,0.0,-187193.55369863007,-40443096.348147616,0.0
2024-10-27 11:00:00,0.0,-187193.55369863007,-40443096.348147616,0.0
2024-10-27 12:00:00,0.0,-187193.55369863007,-40443096.348147616,0.0
2024-10-27 13:00:00,0.0,-187193.55369863007,-40443096.348147616,0.0
2024-10-27 14:00:00,0.0,-187193.55369863007,-40443096.348147616,0.0
2024-10-27 15:00:00,0.0,-187193.55369863007,-40443096.348147616,0.0
2024-10-27 16:00:00,0.0,-187193.55369863007,-40443096.348147616,0.0
2024-10-27 17:00:00,0.0,-187193.55369863007,-40443096.348147616,0.0
2024-10-27 18:00:00,0.0,-187193.55369863007,-40443096.348147616,0.0
2024-10-27 19:00:00,0.0,-187193.55369863007,-40443096.348147616,0.0
2024-10-27 20:00:00,0.0,-187193.55369863007,-40443096.348147616,0.0
2024-10-27 21:00:00,0.0,-187193.55369863007,-40443096.348147616,0.0
2024-10-27 22:00:00,0.0,-187193.55369863007,-40443096.348147616,0.0
2024-10-27 23:00:00,0.0,-187193.55369863007,-40443096.348147616,0.0
2024-10-28 00:00:00,0.0,-187193.55369863007,-40443096.348147616,0.0
2024-10-28 01:00:00,0.0,-187193.55369863007,-40443096.348147616,0.0
2024-10-28 02:00:00,0.0,-187193.55369863007,-40443096.348147616,0.0
2024-10-28 03:00:00,0.0,-187193.55369863007,-40443096.348147616,0.0
2024-10-28 04:00:00,0.0,-187193.55369863007,-40443096.348147616,0.0
2024-10-28 05:00:00,0.0,-187193.55369863007,-40443096.348147616,0.0
2024-10-28 06:00:00,0.0,-187193.55369863007,-40443096.348147616,0.0
2024-10-28 07:00:00,0.0,-187193.55369863007,-40443096.348147616,0.0
2024-10-28 08:00:00,0.0,-187193.55369863007,-40443096.348147616,0.0
2024-10-28 09:00:00,0.0,-187193.55369863007,-40443096.348147616,0.0
2024-10-28 10:00:00,0.0,-187193.55369863007,-40443096.348147616,0.0
2024-10-28 11:00:00,0.0,-187193.55369863007,-40443096.348147616,0.0
2024-10-28 12:00:00,0.0,-187193.55369863007,-40443096.348147616,0.0
2024-10-28 13:00:00,0.0,-187193.55369863007,-40443096.348147616,0.0
2024-10-28 14:00:00,0.0,-187193.55369863007,-40443096.348147616,0.0
2024-10-28 15:00:00,0.0,-187193.55369863007,-40443096.348147616,0.0
2024-10-28 16:00:00,0.0,-187193.55369863007,-40443096.348147616,0.0
2024-10-28 17:00:00,0.0,-187193.55369863007,-40443096.348147616,0.0
2024-10-28 18:00:00,0.0,-187193.55369863007,-40443096.348147616,0.0
2024-10-28 19:00:00,0.0,-187193.55369863007,-40443096.348147616,0.0
2024-10-28 20:00:00,0.0,-187193.55369863007,-40443096.348147616,0.0
2024-10-28 21:00:00,0.0,-187193.55369863007,-40443096.348147616,0.0
2024-10-28 22:00:00,0.0,-187193.55369863007,-40443096.348147616,0.0
2024-10-28 23:00:00,0.0,-187193.55369863007,-40443096.348147616,0.0
2024-10-29 00:00:00,0.0,-187193.55369863007,-40443096.348147616,0.0
2024-10-29 01:00:00,0.0,-187193.55369863007,-40443096.348147616,0.0
2024-10-29 02:00:00,0.0,-187193.55369863007,-40443096.348147616,0.0
2024-10-29 03:00:00,0.0,-187193.55369863007,-40443096.348147616,0.0
2024-10-29 04:00:00,0.0,-187193.55369863007,-40443096.348147616,0.0
2024-10-29 05:00:00,0.0,-187193.55369863007,-40443096.348147616,0.0
2024-10-29 06:00:00,0.0,-187193.55369863007,-40443096.348147616,0.0
2024-10-29 07:00:00,0.0,-187193.55369863007,-40443096.348147616,0.0
2024-10-29 08:00:00,0.0,-187193.55369863007,-40443096.348147616,0.0
2024-10-29 09:00:00,0.0,-187193.55369863007,-40443096.348147616,0.0
2024-10-29 10:00:00,0.0,-187193.55369863007,-40443096.348147616,0.0
2024-10-29 11:00:00,0.0,-187193.55369863007,-40443096.348147616,0.0
2024-10-29 12:00:00,0.0,-187193.55369863007,-40443096.348147616,0.0
2024-10-29 13:00:00,0.0,-187193.55369863007,-40443096.348147616,0.0
2024-10-29 14:00:00,0.0,-187193.55369863007,-40443096.348147616,0.0
2024-10-29 15:00:00,0.0,-187193.55369863007,-40443096.348147616,0.0
2024-10-29 16:00:00,0.0,-187193.55369863007,-40443096.348147616,0.0
2024-10-29 17:00:00,0.0,-187193.55369863007,-40443096.348147616,0.0
2024-10-29 18:00:00,0.0,-187193.55369863007,-40443096.348147616,0.0
2024-10-29 19:00:00,0.0,-187193.55369863007,-40443096.348147616,0.0
2024-10-29 20:00:00,0.0,-187193.55369863007,-40443096.348147616,0.0
2024-10-29 21:00:00,0.0,-187193.55369863007,-40443096.348147616,0.0
2024-10-29 22:00:00,0.0,-187193.55369863007,-40443096.348147616,0.0
2024-10-29 23:00:00,0.0,-187193.55369863007,-40443096.348147616,0.0
2024-10-30 00:00:00,0.0,-187193.55369863007,-40443096.348147616,0.0
2024-10-30 01:00:00,0.0,-187193.55369863007,-40443096.348147616,0.0
2024-10-30 02:00:00,0.0,-187193.55369863007,-40443096.348147616,0.0
2024-10-30 03:00:00,0.0,-187193.55369863007,-40443096.348147616,0.0
2024-10-30 04:00:00,0.0,-187193.55369863007,-40443096.348147616,0.0
2024-10-30 05:00:00,0.0,-187193.55369863007,-40443096.348147616,0.0
2024-10-30 06:00:00,0.0,-187193.55369863007,-40443096.348147616,0.0
2024-10-30 07:00:00,0.0,-187193.55369863007,-40443096.348147616,0.0
2024-10-30 08:00:00,0.0,-187193.55369863007,-40443096.348147616,0.0
2024-10-30 09:00:00,0.0,-187193.55369863007,-40443096.348147616,0.0
2024-10-30 10:00:00,0.0,-187193.55369863007,-40443096.348147616,0.0
2024-10-30 11:00:00,0.0,-187193.55369863007,-40443096.348147616,0.0
2024-10-30 12:00:00,0.0,-187193.55369863007,-40443096.348147616,0.0
2024-10-30 13:00:00,0.0,-187193.55369863007,-40443096.348147616,0.0
2024-10-30 14:00:00,0.0,-187193.55369863007,-40443096.348147616,0.0
2024-10-30 15:00:00,0.0,-187193.55369863007,-40443096.348147616,0.0
2024-10-30 16:00:00,0.0,-187193.55369863007,-40443096.348147616,0.0
2024-10-30 17:00:00,0.0,-187193.55369863007,-40443096.348147616,0.0
2024-10-30 18:00:00,0.0,-187193.55369863007,-40443096.348147616,0.0
2024-10-30 19:00:00,0.0,-187193.55369863007,-40443096.348147616,0.0
2024-10-30 20:00:00,0.0,-187193.55369863007,-40443096.348147616,0.0
2024-10-30 21:00:00,0.0,-187193.55369863007,-40443096.348147616,0.0
2024-10-30 22:00:00,0.0,-187193.55369863007,-40443096.348147616,0.0
2024-10-30 23:00:00,0.0,-187193.55369863007,-40443096.348147616,0.0
2024-10-31 00:00:00,0.0,-187193.55369863007,-40443096.348147616,0.0
2024-10-31 01:00:00,0.0,-187193.55369863007,-40443096.348147616,0.0
2024-10-31 02:00:00,0.0,-187193.55369863007,-40443096.348147616,0.0
2024-10-31 03:00:00,0.0,-187193.55369863007,-40443096.348147616,0.0
2024-10-31 04:00:00,0.0,-187193.55369863007,-40443096.348147616,0.0
2024-10-31 05:00:00,0.0,-187193.55369863007,-40443096.348147616,0.0
2024-10-31 06:00:00,0.0,-187193.55369863007,-40443096.348147616,0.0
2024-10-31 07:00:00,0.0,-187193.55369863007,-40443096.348147616,0.0
2024-10-31 08:00:00,0.0,-187193.55369863007,-40443096.348147616,0.0
2024-10-31 09:00:00,0.0,-187193.55369863007,-40443096.348147616,0.0
2024-10-31 10:00:00,0.0,-187193.55369863007,-40443096.348147616,0.0
2024-10-31 11:00:00,0.0,-187193.55369863007,-40443096.348147616,0.0
2024-10-31 12:00:00,0.0,-187193.55369863007,-40443096.348147616,0.0
2024-10-31 13:00:00,0.0,-187193.55369863007,-40443096.348147616,0.0
2024-10-31 14:00:00,0.0,-187193.55369863007,-40443096.348147616,0.0
2024-10-31 15:00:00,0.0,-187193.55369863007,-40443096.348147616,0.0
2024-10-31 16:00:00,0.0,-187193.55369863007,-40443096.348147616,0.0
2024-10-31 17:00:00,0.0,-187193.55369863007,-40443096.348147616,0.0
2024-10-31 18:00:00,0.0,-187193.55369863007,-40443096.348147616,0.0
2024-10-31 19:00:00,0.0,-187193.55369863007,-40443096.348147616,0.0
2024-10-31 20:00:00,0.0,-187193.55369863007,-40443096.348147616,0.0
2024-10-31 21:00:00,0.0,-187193.55369863007,-40443096.348147616,0.0
2024-10-31 22:00:00,0.0,-187193.55369863007,-40443096.348147616,0.0
2024-10-31 23:00:00,0.0,-187193.55369863007,-40443096.348147616,0.0
2024-11-01 00:00:00,0.0,-187193.55369863007,-40443096.348147616,0.0
2024-11-01 01:00:00,0.0,-187193.55369863007,-40443096.348147616,0.0
2024-11-01 02:00:00,0.0,-187193.55369863007,-40443096.348147616,0.0
2024-11-01 03:00:00,0.0,-187193.55369863007,-40443096.348147616,0.0
2024-11-01 04:00:00,0.0,-187193.55369863007,-40443096.348147616,0.0
2024-11-01 05:00:00,0.0,-187193.55369863007,-40443096.348147616,0.0
2024-11-01 06:00:00,0.0,-187193.55369863007,-40443096.348147616,0.0
2024-11-01 07:00:00,0.0,-187193.55369863007,-40443096.348147616,0.0
2024-11-01 08:00:00,0.0,-187193.55369863007,-40443096.348147616,0.0
2024-11-01 09:00:00,0.0,-187193.55369863007,-40443096.348147616,0.0
2024-11-01 10:00:00,0.0,-187193.55369863007,-40443096.348147616,0.0
2024-11-01 11:00:00,0.0,-187193.55369863007,-40443096.348147616,0.0
2024-11-01 12:00:00,0.0,-187193.55369863007,-40443096.348147616,0.0
2024-11-01 13:00:00,0.0,-187193.55369863007,-40443096.348147616,0.0
2024-11-01 14:00:00,0.0,-187193.55369863007,-40443096.348147616,0.0
2024-11-01 15:00:00,0.0,-187193.55369863007,-40443096.348147616,0.0
2024-11-01 16:00:00,0.0,-187193.55369863007,-40443096.348147616,0.0
2024-11-01 17:00:00,0.0,-187193.55369863007,-40443096.348147616,0.0
2024-11-01 18:00:00,0.0,-187193.55369863007,-40443096.348147616,0.0
2024-11-01 19:00:00,0.0,-187193.55369863007,-40443096.348147616,0.0
2024-11-01 20:00:00,0.0,-187193.55369863007,-40443096.348147616,0.0
2024-11-01 21:00:00,0.0,-187193.55369863007,-40443096.348147616,0.0
2024-11-01 22:00:00,0.0,-187193.55369863007,-40443096.348147616,0.0
2024-11-01 23:00:00,0.0,-187193.55369863007,-40443096.348147616,0.0
2024-11-02 00:00:00,0.0,-187193.55369863007,-40443096.348147616,0.0
2024-11-02 01:00:00,0.0,-187193.55369863007,-40443096.348147616,0.0
2024-11-02 02:00:00,0.0,-187193.55369863007,-40443096.348147616,0.0
2024-11-02 03:00:00,0.0,-187193.55369863007,-40443096.348147616,0.0
2024-11-02 04:00:00,0.0,-187193.55369863007,-40443096.348147616,0.0
2024-11-02 05:00:00,0.0,-187193.55369863007,-40443096.348147616,0.0
2024-11-02 06:00:00,0.0,-187193.55369863007,-40443096.348147616,0.0
2024-11-02 07:00:00,0.0,-187193.55369863007,-40443096.348147616,0.0
2024-11-02 08:00:00,0.0,-187193.55369863007,-40443096.348147616,0.0
2024-11-02 09:00:00,0.0,-187193.55369863007,-40443096.348147616,0.0
2024-11-02 10:00:00,0.0,-187193.55369863007,-40443096.348147616,0.0
2024-11-02 11:00:00,0.0,-187193.55369863007,-40443096.348147616,0.0
2024-11-02 12:00:00,0.0,-187193.55369863007,-40443096.348147616,0.0
2024-11-02 13:00:00,0.0,-187193.55369863007,-40443096.348147616,0.0
2024-11-02 14:00:00,0.0,-187193.55369863007,-40443096.348147616,0.0
2024-11-02 15:00:00,0.0,-187193.55369863007,-40443096.348147616,0.0
2024-11-02 16:00:00,0.0,-187193.55369863007,-40443096.348147616,0.0
2024-11-02 17:00:00,0.0,-187193.55369863007,-40443096.348147616,0.0
2024-11-02 18:00:00,0.0,-187193.55369863007,-40443096.348147616,0.0
2024-11-02 19:00:00,0.0,-187193.55369863007,-40443096.348147616,0.0
2024-11-02 20:00:00,0.0,-187193.55369863007,-40443096.348147616,0.0
2024-11-02 21:00:00,0.0,-187193.55369863007,-40443096.348147616,0.0
2024-11-02 22:00:00,0.0,-187193.55369863007,-40443096.348147616,0.0
2024-11-02 23:00:00,0.0,-187193.55369863007,-40443096.348147616,0.0
2024-11-03 00:00:00,0.0,-187193.55369863007,-40443096.348147616,0.0
2024-11-03 01:00:00,0.0,-187193.55369863007,-40443096.348147616,0.0
2024-11-03 01:00:00,0.0,-187193.55369863007,-40443096.348147616,0.0
2024-11-03 02:00:00,0.0,-187193.55369863007,-40443096.348147616,0.0
2024-11-03 03:00:00,0.0,-187193.55369863007,-40443096.348147616,0.0
2024-11-03 04:00:00,0.0,-187193.55369863007,-40443096.348147616,0.0
2024-11-03 05:00:00,0.0,-187193.55369863007,-40443096.348147616,0.0
2024-11-03 06:00:00,0.0,-187193.55369863007,-40443096.348147616,0.0
2024-11-03 07:00:00,0.0,-187193.55369863007,-40443096.348147616,0.0
2024-11-03 08:00:00,0.0,-187193.55369863007,-40443096.348147616,0.0
2024-11-03 09:00:00,0.0,-187193.55369863007,-40443096.348147616,0.0
2024-11-03 10:00:00,0.0,-187193.55369863007,-40443096.348147616,0.0
2024-11-03 11:00:00,0.0,-187193.55369863007,-40443096.348147616,0.0
2024-11-03 12:00:00,0.0,-187193.55369863007,-40443096.348147616,0.0
2024-11-03 13:00:00,0.0,-187193.55369863007,-40443096.348147616,0.0
2024-11-03 14:00:00,0.0,-187193.55369863007,-40443096.348147616,0.0
2024-11-03 15:00:00,0.0,-187193.55369863007,-40443096.348147616,0.0
2024-11-03 16:00:00,0.0,-187193.55369863007,-40443096.348147616,0.0
2024-11-03 17:00:00,0.0,-187193.55369863007,-40443096.348147616,0.0
2024-11-03 18:00:00,0.0,-187193.55369863007,-40443096.348147616,0.0
2024-11-03 19:00:00,0.0,-187193.55369863007,-40443096.348147616,0.0
2024-11-03 20:00:00,0.0,-187193.55369863007,-40443096.348147616,0.0
2024-11-03 21:00:00,0.0,-187193.55369863007,-40443096.348147616,0.0
2024-11-03 22:00:00,0.0,-187193.55369863007,-40443096.348147616,0.0
2024-11-03 23:00:00,0.0,-187193.55369863007,-40443096.348147616,0.0
2024-11-04 00:00:00,0.0,-187193.55369863007,-40443096.348147616,0.0
2024-11-04 01:00:00,0.0,-187193.55369863007,-40443096.348147616,0.0
2024-11-04 02:00:00,0.0,-187193.55369863007,-40443096.348147616,0.0
2024-11-04 03:00:00,0.0,-187193.55369863007,-40443096.348147616,0.0
2024-11-04 04:00:00,0.0,-187193.55369863007,-40443096.348147616,0.0
2024-11-04 05:00:00,0.0,-187193.55369863007,-40443096.348147616,0.0
2024-11-04 06:00:00,0.0,-187193.55369863007,-40443096.348147616,0.0
2024-11-04 07:00:00,0.0,-187193.55369863007,-40443096.348147616,0.0
2024-11-04 08:00:00,0.0,-187193.55369863007,-40443096.348147616,0.0
2024-11-04 09:00:00,0.0,-187193.55369863007,-40443096.348147616,0.0
2024-11-04 10:00:00,0.0,-187193.55369863007,-40443096.348147616,0.0
2024-11-04 11:00:00,0.0,-187193.55369863007,-40443096.348147616,0.0
2024-11-04 12:00:00,0.0,-187193.55369863007,-40443096.348147616,0.0
2024-11-04 13:00:00,0.0,-187193.55369863007,-40443096.348147616,0.0
2024-11-04 14:00:00,0.0,-187193.55369863007,-40443096.348147616,0.0
2024-11-04 15:00:00,0.0,-187193.55369863007,-40443096.348147616,0.0
2024-11-04 16:00:00,0.0,-187193.55369863007,-40443096.348147616,0.0
2024-11-04 17:00:00,0.0,-187193.55369863007,-40443096.348147616,0.0
2024-11-04 18:00:00,0.0,-187193.55369863007,-40443096.348147616,0.0
2024-11-04 19:00:00,0.0,-187193.55369863007,-40443096.348147616,0.0
2024-11-04 20:00:00,0.0,-187193.55369863007,-40443096.348147616,0.0
2024-11-04 21:00:00,0.0,-187193.55369863007,-40443096.348147616,0.0
2024-11-04 22:00:00,0.0,-187193.55369863007,-40443096.348147616,0.0
2024-11-04 23:00:00,0.0,-187193.55369863007,-40443096.348147616,0.0
2024-11-05 00:00:00,0.0,-187193.55369863007,-40443096.348147616,0.0
2024-11-05 01:00:00,0.0,-187193.55369863007,-40443096.348147616,0.0
2024-11-05 02:00:00,0.0,-187193.55369863007,-40443096.348147616,0.0
2024-11-05 03:00:00,0.0,-187193.55369863007,-40443096.348147616,0.0
2024-11-05 04:00:00,0.0,-187193.55369863007,-40443096.348147616,0.0
2024-11-05 05:00:00,0.0,-187193.55369863007,-40443096.348147616,0.0
2024-11-05 06:00:00,0.0,-187193.55369863007,-40443096.348147616,0.0
2024-11-05 07:00:00,0.0,-187193.55369863007,-40443096.348147616,0.0
2024-11-05 08:00:00,0.0,-187193.55369863007,-40443096.348147616,0.0
2024-11-05 09:00:00,0.0,-187193.55369863007,-40443096.348147616,0.0
2024-11-05 10:00:00,0.0,-187193.55369863007,-40443096.348147616,0.0
2024-11-05 11:00:00,0.0,-187193.55369863007,-40443096.348147616,0.0
2024-11-05 12:00:00,0.0,-187193.55369863007,-40443096.348147616,0.0
2024-11-05 13:00:00,0.0,-187193.55369863007,-40443096.348147616,0.0
2024-11-05 14:00:00,0.0,-187193.55369863007,-40443096.348147616,0.0
2024-11-05 15:00:00,0.0,-187193.55369863007,-40443096.348147616,0.0
2024-11-05 16:00:00,0.0,-187193.55369863007,-40443096.348147616,0.0
2024-11-05 17:00:00,0.0,-187193.55369863007,-40443096.348147616,0.0
2024-11-05 18:00:00,0.0,-187193.55369863007,-40443096.348147616,0.0
2024-11-05 19:00:00,0.0,-187193.55369863007,-40443096.348147616,0.0
2024-11-05 20:00:00,0.0,-187193.55369863007,-40443096.348147616,0.0
2024-11-05 21:00:00,0.0,-187193.55369863007,-40443096.348147616,0.0
2024-11-05 22:00:00,0.0,-187193.55369863007,-40443096.348147616,0.0
2024-11-05 23:00:00,0.0,-187193.55369863007,-40443096.348147616,0.0
2024-11-06 00:00:00,0.0,-187193.55369863007,-40443096.348147616,0.0
2024-11-06 01:00:00,0.0,-187193.55369863007,-40443096.348147616,0.0
2024-11-06 02:00:00,0.0,-187193.55369863007,-40443096.348147616,0.0
2024-11-06 03:00:00,0.0,-187193.55369863007,-40443096.348147616,0.0
2024-11-06 04:00:00,0.0,-187193.55369863007,-40443096.348147616,0.0
2024-11-06 05:00:00,0.0,-187193.55369863007,-40443096.348147616,0.0
2024-11-06 06:00:00,0.0,-187193.55369863007,-40443096.348147616,0.0
2024-11-06 07:00:00,0.0,-187193.55369863007,-40443096.348147616,0.0
2024-11-06 08:00:00,0.0,-187193.55369863007,-40443096.348147616,0.0
2024-11-06 09:00:00,0.0,-187193.55369863007,-40443096.348147616,0.0
2024-11-06 10:00:00,0.0,-187193.55369863007,-40443096.348147616,0.0
2024-11-06 11:00:00,0.0,-187193.55369863007,-40443096.348147616,0.0
2024-11-06 12:00:00,0.0,-187193.55369863007,-40443096.348147616,0.0
2024-11-06 13:00:00,0.0,-187193.55369863007,-40443096.348147616,0.0
2024-11-06 14:00:00,0.0,-187193.55369863007,-40443096.348147616,0.0
2024-11-06 15:00:00,0.0,-187193.55369863007,-40443096.348147616,0.0
2024-11-06 16:00:00,0.0,-187193.55369863007,-40443096.348147616,0.0
2024-11-06 17:00:00,0.0,-187193.55369863007,-40443096.348147616,0.0
2024-11-06 18:00:00,0.0,-187193.55369863007,-40443096.348147616,0.0
2024-11-06 19:00:00,0.0,-187193.55369863007,-40443096.348147616,0.0
2024-11-06 20:00:00,0.0,-187193.55369863007,-40443096.348147616,0.0
2024-11-06 21:00:00,0.0,-187193.55369863007,-40443096.348147616,0.0
2024-11-06 22:00:00,0.0,-187193.55369863007,-40443096.348147616,0.0
2024-11-06 23:00:00,0.0,-187193.55369863007,-40443096.348147616,0.0
2024-11-07 00:00:00,0.0,-187193.55369863007,-40443096.348147616,0.0
2024-11-07 01:00:00,0.0,-187193.55369863007,-40443096.348147616,0.0
2024-11-07 02:00:00,0.0,-187193.55369863007,-40443096.348147616,0.0
2024-11-07 03:00:00,0.0,-187193.55369863007,-40443096.348147616,0.0
2024-11-07 04:00:00,0.0,-187193.55369863007,-40443096.348147616,0.0
2024-11-07 05:00:00,0.0,-187193.55369863007,-40443096.348147616,0.0
2024-11-07 06:00:00,0.0,-187193.55369863007,-40443096.348147616,0.0
2024-11-07 07:00:00,0.0,-187193.55369863007,-40443096.348147616,0.0
2024-11-07 08:00:00,0.0,-187193.55369863007,-40443096.348147616,0.0
2024-11-07 09:00:00,0.0,-187193.55369863007,-40443096.348147616,0.0
2024-11-07 10:00:00,0.0,-187193.55369863007,-40443096.348147616,0.0
2024-11-07 11:00:00,0.0,-187193.55369863007,-40443096.348147616,0.0
2024-11-07 12:00:00,0.0,-187193.55369863007,-40443096.348147616,0.0
2024-11-07 13:00:00,0.0,-187193.55369863007,-40443096.348147616,0.0
2024-11-07 14:00:00,0.0,-187193.55369863007,-40443096.348147616,0.0
2024-11-07 15:00:00,0.0,-187193.55369863007,-40443096.348147616,0.0
2024-11-07 16:00:00,0.0,-187193.55369863007,-40443096.348147616,0.0
2024-11-07 17:00:00,0.0,-187193.55369863007,-40443096.348147616,0.0
2024-11-07 18:00:00,0.0,-187193.55369863007,-40443096.348147616,0.0
2024-11-07 19:00:00,0.0,-187193.55369863007,-40443096.348147616,0.0
2024-11-07 20:00:00,0.0,-187193.55369863007,-40443096.348147616,0.0
2024-11-07 21:00:00,0.0,-187193.55369863007,-40443096.348147616,0.0
2024-11-07 22:00:00,0.0,-187193.55369863007,-40443096.348147616,0.0
2024-11-07 23:00:00,0.0,-187193.55369863007,-40443096.348147616,0.0
2024-11-08 00:00:00,0.0,-187193.55369863007,-40443096.348147616,0.0
2024-11-08 01:00:00,0.0,-187193.55369863007,-40443096.348147616,0.0
2024-11-08 02:00:00,0.0,-187193.55369863007,-40443096.348147616,0.0
2024-11-08 03:00:00,0.0,-187193.55369863007,-40443096.348147616,0.0
2024-11-08 04:00:00,0.0,-187193.55369863007,-40443096.348147616,0.0
2024-11-08 05:00:00,0.0,-187193.55369863007,-40443096.348147616,0.0
2024-11-08 06:00:00,0.0,-187193.55369863007,-40443096.348147616,0.0
2024-11-08 07:00:00,0.0,-187193.55369863007,-40443096.348147616,0.0
2024-11-08 08:00:00,0.0,-187193.55369863007,-40443096.348147616,0.0
2024-11-08 09:00:00,0.0,-187193.55369863007,-40443096.348147616,0.0
2024-11-08 10:00:00,0.0,-187193.55369863007,-40443096.348147616,0.0
2024-11-08 11:00:00,0.0,-187193.55369863007,-40443096.348147616,0.0
2024-11-08 12:00:00,0.0,-187193.55369863007,-40443096.348147616,0.0
2024-11-08 13:00:00,0.0,-187193.55369863007,-40443096.348147616,0.0
2024-11-08 14:00:00,0.0,-187193.55369863007,-40443096.348147616,0.0
2024-11-08 15:00:00,0.0,-187193.55369863007,-40443096.348147616,0.0
2024-11-08 16:00:00,0.0,-187193.55369863007,-40443096.348147616,0.0
2024-11-08 17:00:00,0.0,-187193.55369863007,-40443096.348147616,0.0
2024-11-08 18:00:00,0.0,-187193.55369863007,-40443096.348147616,0.0
2024-11-08 19:00:00,0.0,-187193.55369863007,-40443096.348147616,0.0
2024-11-08 20:00:00,0.0,-187193.55369863007,-40443096.348147616,0.0
2024-11-08 21:00:00,0.0,-187193.55369863007,-40443096.348147616,0.0
2024-11-08 22:00:00,0.0,-187193.55369863007,-40443096.348147616,0.0
2024-11-08 23:00:00,0.0,-187193.55369863007,-40443096.348147616,0.0
2024-11-09 00:00:00,0.0,-187193.55369863007,-40443096.348147616,0.0
2024-11-09 01:00:00,0.0,-187193.55369863007,-40443096.348147616,0.0
2024-11-09 02:00:00,0.0,-187193.55369863007,-40443096.348147616,0.0
2024-11-09 03:00:00,0.0,-187193.55369863007,-40443096.348147616,0.0
2024-11-09 04:00:00,0.0,-187193.55369863007,-40443096.348147616,0.0
2024-11-09 05:00:00,0.0,-187193.55369863007,-40443096.348147616,0.0
2024-11-09 06:00:00,0.0,-187193.55369863007,-40443096.348147616,0.0
2024-11-09 07:00:00,0.0,-187193.55369863007,-40443096.348147616,0.0
2024-11-09 08:00:00,0.0,-187193.55369863007,-40443096.348147616,0.0
2024-11-09 09:00:00,0.0,-187193.55369863007,-40443096.348147616,0.0
2024-11-09 10:00:00,0.0,-187193.55369863007,-40443096.348147616,0.0
2024-11-09 11:00:00,0.0,-187193.55369863007,-40443096.348147616,0.0
2024-11-09 12:00:00,0.0,-187193.55369863007,-40443096.348147616,0.0
2024-11-09 13:00:00,0.0,-187193.55369863007,-40443096.348147616,0.0
2024-11-09 14:00:00,0.0,-187193.55369863007,-40443096.348147616,0.0
2024-11-09 15:00:00,0.0,-187193.55369863007,-40443096.348147616,0.0
2024-11-09 16:00:00,0.0,-187193.55369863007,-40443096.348147616,0.0
2024-11-09 17:00:00,0.0,-187193.55369863007,-40443096.348147616,0.0
2024-11-09 18:00:00,0.0,-187193.55369863007,-40443096.348147616,0.0
2024-11-09 19:00:00,0.0,-187193.55369863007,-40443096.348147616,0.0
2024-11-09 20:00:00,0.0,-187193.55369863007,-40443096.348147616,0.0
2024-11-09 21:00:00,0.0,-187193.55369863007,-40443096.348147616,0.0
2024-11-09 22:00:00,0.0,-187193.55369863007,-40443096.348147616,0.0
2024-11-09 23:00:00,0.0,-187193.55369863007,-40443096.348147616,0.0
2024-11-10 00:00:00,0.0,-187193.55369863007,-40443096.348147616,0.0
2024-11-10 01:00:00,0.0,-187193.55369863007,-40443096.348147616,0.0
2024-11-10 02:00:00,0.0,-187193.55369863007,-40443096.348147616,0.0
2024-11-10 03:00:00,0.0,-187193.55369863007,-40443096.348147616,0.0
2024-11-10 04:00:00,0.0,-187193.55369863007,-40443096.348147616,0.0
2024-11-10 05:00:00,0.0,-187193.55369863007,-40443096.348147616,0.0
2024-11-10 06:00:00,0.0,-187193.55369863007,-40443096.348147616,0.0
2024-11-10 07:00:00,0.0,-187193.55369863007,-40443096.348147616,0.0
2024-11-10 08:00:00,0.0,-187193.55369863007,-40443096.348147616,0.0
2024-11-10 09:00:00,0.0,-187193.55369863007,-40443096.348147616,0.0
2024-11-10 10:00:00,0.0,-187193.55369863007,-40443096.348147616,0.0
2024-11-10 11:00:00,0.0,-187193.55369863007,-40443096.348147616,0.0
2024-11-10 12:00:00,0.0,-187218.55369863007,-40443096.348147616,0.0
2024-11-10 13:00:00,0.0,-187218.55369863007,-40443096.348147616,0.0
2024-11-10 14:00:00,0.0,-187218.55369863007,-40443096.348147616,0.0
2024-11-10 15:00:00,0.0,-188313.89342465746,-40443096.348147616,0.0
2024-11-10 16:00:00,0.0,-188313.89342465746,-40443096.348147616,0.0
2024-11-10 17:00:00,0.0,-188313.89342465746,-40443096.348147616,0.0
2024-11-10 18:00:00,0.0,-188313.89342465746,-40443096.348147616,0.0
2024-11-10 19:00:00,0.0,-188313.89342465746,-40443096.348147616,0.0
2024-11-10 20:00:00,0.0,-188313.89342465746,-40443096.348147616,0.0
2024-11-10 21:00:00,0.0,-188313.89342465746,-40443096.348147616,0.0
2024-11-10 22:00:00,0.0,-188313.89342465746,-40443096.348147616,0.0
2024-11-10 23:00:00,0.0,-188313.89342465746,-40443096.348147616,0.0
2024-11-11 00:00:00,0.0,-188313.89342465746,-40443096.348147616,0.0
2024-11-11 01:00:00,0.0,-188313.89342465746,-40443096.348147616,0.0
2024-11-11 02:00:00,0.0,-188313.89342465746,-40443096.348147616,0.0
2024-11-11 03:00:00,0.0,-188313.89342465746,-40443096.348147616,0.0
2024-11-11 04:00:00,0.0,-188313.89342465746,-40443096.348147616,0.0
2024-11-11 05:00:00,0.0,-188313.89342465746,-40443096.348147616,0.0
2024-11-11 06:00:00,0.0,-188313.89342465746,-40443096.348147616,0.0
2024-11-11 07:00:00,0.0,-188313.89342465746,-40443096.348147616,0.0
2024-11-11 08:00:00,0.0,-188313.89342465746,-40443096.348147616,0.0
2024-11-11 09:00:00,0.0,-188313.89342465746,-40443096.348147616,0.0
2024-11-11 10:00:00,0.0,-188313.89342465746,-40443096.348147616,0.0
2024-11-11 11:00:00,0.0,-188313.89342465746,-40443096.348147616,0.0
2024-11-11 12:00:00,0.0,-188313.89342465746,-40443096.348147616,0.0
2024-11-11 13:00:00,0.0,-188313.89342465746,-40443096.348147616,0.0
2024-11-11 14:00:00,0.0,-188313.89342465746,-40443096.348147616,0.0
2024-11-11 15:00:00,0.0,-188313.89342465746,-40443096.348147616,0.0
2024-11-11 16:00:00,0.0,-188313.89342465746,-40443096.348147616,0.0
2024-11-11 17:00:00,0.0,-188313.89342465746,-40443096.348147616,0.0
2024-11-11 18:00:00,0.0,-188313.89342465746,-40443096.348147616,0.0
2024-11-11 19:00:00,0.0,-188313.89342465746,-40443096.348147616,0.0
2024-11-11 20:00:00,0.0,-188313.89342465746,-40443096.348147616,0.0
2024-11-11 21:00:00,0.0,-188313.89342465746,-40443096.348147616,0.0
2024-11-11 22:00:00,0.0,-188313.89342465746,-40443096.348147616,0.0
2024-11-11 23:00:00,0.0,-188313.89342465746,-40443096.348147616,0.0
2024-11-12 00:00:00,0.0,-188313.89342465746,-40443096.348147616,0.0
2024-11-12 01:00:00,0.0,-188313.89342465746,-40443096.348147616,0.0
2024-11-12 02:00:00,0.0,-188313.89342465746,-40443096.348147616,0.0
2024-11-12 03:00:00,0.0,-188313.89342465746,-40443096.348147616,0.0
2024-11-12 04:00:00,0.0,-188313.89342465746,-40443096.348147616,0.0
2024-11-12 05:00:00,0.0,-188313.89342465746,-40443096.348147616,0.0
2024-11-12 06:00:00,0.0,-188313.89342465746,-40443096.348147616,0.0
2024-11-12 07:00:00,0.0,-188313.89342465746,-40443096.348147616,0.0
2024-11-12 08:00:00,0.0,-188313.89342465746,-40443096.348147616,0.0
2024-11-12 09:00:00,0.0,-188313.89342465746,-40443096.348147616,0.0
2024-11-12 10:00:00,0.0,-188313.89342465746,-40443096.348147616,0.0
2024-11-12 11:00:00,0.0,-188313.89342465746,-40443096.348147616,0.0
2024-11-12 12:00:00,0.0,-188313.89342465746,-40443096.348147616,0.0
2024-11-12 13:00:00,0.0,-188313.89342465746,-40443096.348147616,0.0
2024-11-12 14:00:00,0.0,-188313.89342465746,-40443096.348147616,0.0
2024-11-12 15:00:00,0.0,-188313.89342465746,-40443096.348147616,0.0
2024-11-12 16:00:00,0.0,-188313.89342465746,-40443096.348147616,0.0
2024-11-12 17:00:00,0.0,-188313.89342465746,-40443096.348147616,0.0
2024-11-12 18:00:00,0.0,-188313.89342465746,-40443096.348147616,0.0
2024-11-12 19:00:00,0.0,-188313.89342465746,-40443096.348147616,0.0
2024-11-12 20:00:00,0.0,-188313.89342465746,-40443096.348147616,0.0
2024-11-12 21:00:00,0.0,-188313.89342465746,-40443096.348147616,0.0
2024-11-12 22:00:00,0.0,-188313.89342465746,-40443096.348147616,0.0
2024-11-12 23:00:00,0.0,-188313.89342465746,-40443096.348147616,0.0
2024-11-13 00:00:00,0.0,-188313.89342465746,-40443096.348147616,0.0
2024-11-13 01:00:00,0.0,-188313.89342465746,-40443096.348147616,0.0
2024-11-13 02:00:00,0.0,-188313.89342465746,-40443096.348147616,0.0
2024-11-13 03:00:00,0.0,-188313.89342465746,-40443096.348147616,0.0
2024-11-13 04:00:00,0.0,-188313.89342465746,-40443096.348147616,0.0
2024-11-13 05:00:00,0.0,-188313.89342465746,-40443096.348147616,0.0
2024-11-13 06:00:00,0.0,-188313.89342465746,-40443096.348147616,0.0
2024-11-13 07:00:00,0.0,-188313.89342465746,-40443096.348147616,0.0
2024-11-13 08:00:00,0.0,-188313.89342465746,-40443096.348147616,0.0
2024-11-13 09:00:00,0.0,-188313.89342465746,-40443096.348147616,0.0
2024-11-13 10:00:00,0.0,-188313.89342465746,-40443096.348147616,0.0
2024-11-13 11:00:00,0.0,-188313.89342465746,-40443096.348147616,0.0
2024-11-13 12:00:00,0.0,-188313.89342465746,-40443096.348147616,0.0
2024-11-13 13:00:00,0.0,-188313.89342465746,-40443096.348147616,0.0
2024-11-13 14:00:00,0.0,-188313.89342465746,-40443096.348147616,0.0
2024-11-13 15:00:00,0.0,-188313.89342465746,-40443096.348147616,0.0
2024-11-13 16:00:00,0.0,-188313.89342465746,-40443096.348147616,0.0
2024-11-13 17:00:00,0.0,-188725.88547945197,-40443096.348147616,0.0
2024-11-13 18:00:00,0.0,-188725.88547945197,-40443096.348147616,0.0
2024-11-13 19:00:00,0.0,-188725.88547945197,-40443096.348147616,0.0
2024-11-13 20:00:00,0.0,-188725.88547945197,-40443096.348147616,0.0
2024-11-13 21:00:00,0.0,-188725.88547945197,-40443096.348147616,0.0
2024-11-13 22:00:00,0.0,-188725.88547945197,-40443096.348147616,0.0
2024-11-13 23:00:00,0.0,-188725.88547945197,-40443096.348147616,0.0
2024-11-14 00:00:00,0.0,-188725.88547945197,-40443096.348147616,0.0
2024-11-14 01:00:00,0.0,-188725.88547945197,-40443096.348147616,0.0
2024-11-14 02:00:00,0.0,-188725.88547945197,-40443096.348147616,0.0
2024-11-14 03:00:00,0.0,-188725.88547945197,-40443096.348147616,0.0
2024-11-14 04:00:00,0.0,-188725.88547945197,-40443096.348147616,0.0
2024-11-14 05:00:00,0.0,-188725.88547945197,-40443096.348147616,0.0
2024-11-14 06:00:00,0.0,-188725.88547945197,-40443096.348147616,0.0
2024-11-14 07:00:00,0.0,-188725.88547945197,-40443096.348147616,0.0
2024-11-14 08:00:00,0.0,-188725.88547945197,-40443096.348147616,0.0
2024-11-14 09:00:00,0.0,-188725.88547945197,-40443096.348147616,0.0
2024-11-14 10:00:00,0.0,-188725.88547945197,-40443096.348147616,0.0
2024-11-14 11:00:00,0.0,-188725.88547945197,-40443096.348147616,0.0
2024-11-14 12:00:00,0.0,-188725.88547945197,-40443096.348147616,0.0
2024-11-14 13:00:00,0.0,-188725.88547945197,-40443096.348147616,0.0
2024-11-14 14:00:00,0.0,-188725.88547945197,-40443096.348147616,0.0
2024-11-14 15:00:00,0.0,-188725.88547945197,-40443096.348147616,0.0
2024-11-14 16:00:00,0.0,-189178.57698630128,-40443096.348147616,0.0
2024-11-14 17:00:00,0.0,-189178.57698630128,-40444742.24020064,0.0
2024-11-14 18:00:00,0.0,-189178.57698630128,-40446360.45570098,0.0
2024-11-14 19:00:00,0.0,-189178.57698630128,-40446634.71374728,0.0
2024-11-14 20:00:00,0.0,-189178.57698630128,-40446634.71374728,0.0
2024-11-14 21:00:00,0.0,-189178.57698630128,-40446634.71374728,0.0
2024-11-14 22:00:00,0.0,-189178.57698630128,-40446634.71374728,0.0
2024-11-14 23:00:00,0.0,-189178.57698630128,-40446634.71374728,0.0
2024-11-15 00:00:00,0.0,-189178.57698630128,-40446634.71374728,0.0
2024-11-15 01:00:00,0.0,-189178.57698630128,-40446634.71374728,0.0
2024-11-15 02:00:00,0.0,-189178.57698630128,-40446634.71374728,0.0
2024-11-15 03:00:00,0.0,-189178.57698630128,-40446634.71374728,0.0
2024-11-15 04:00:00,0.0,-189178.57698630128,-40446634.71374728,0.0
2024-11-15 05:00:00,0.0,-189178.57698630128,-40446634.71374728,0.0
2024-11-15 06:00:00,0.0,-189178.57698630128,-40446634.71374728,0.0
2024-11-15 07:00:00,0.0,-189178.57698630128,-40446634.71374728,0.0
2024-11-15 08:00:00,0.0,-189178.57698630128,-40446634.71374728,0.0
2024-11-15 09:00:00,0.0,-189178.57698630128,-40446634.71374728,0.0
2024-11-15 10:00:00,0.0,-189178.57698630128,-40446634.71374728,0.0
2024-11-15 11:00:00,0.0,-189178.57698630128,-40446634.71374728,0.0
2024-11-15 12:00:00,0.0,-189178.57698630128,-40446634.71374728,0.0
2024-11-15 13:00:00,0.0,-189178.57698630128,-40446634.71374728,0.0
2024-11-15 14:00:00,0.0,-189178.57698630128,-40446634.71374728,0.0
2024-11-15 15:00:00,0.0,-189178.57698630128,-40446634.71374728,0.0
2024-11-15 16:00:00,0.0,-189178.57698630128,-40446634.71374728,0.0
2024-11-15 17:00:00,0.0,-189178.57698630128,-40446634.71374728,0.0
2024-11-15 18:00:00,0.0,-189178.57698630128,-40446634.71374728,0.0
2024-11-15 19:00:00,0.0,-189178.57698630128,-40446634.71374728,0.0
2024-11-15 20:00:00,0.0,-189178.57698630128,-40446634.71374728,0.0
2024-11-15 21:00:00,0.0,-189178.57698630128,-40446634.71374728,0.0
2024-11-15 22:00:00,0.0,-189178.57698630128,-40446634.71374728,0.0
2024-11-15 23:00:00,0.0,-189178.57698630128,-40446634.71374728,0.0
2024-11-16 00:00:00,0.0,-189178.57698630128,-40446634.71374728,0.0
2024-11-16 01:00:00,0.0,-189178.57698630128,-40446634.71374728,0.0
2024-11-16 02:00:00,0.0,-189178.57698630128,-40446634.71374728,0.0
2024-11-16 03:00:00,0.0,-189178.57698630128,-40446634.71374728,0.0
2024-11-16 04:00:00,0.0,-189178.57698630128,-40446634.71374728,0.0
2024-11-16 05:00:00,0.0,-189178.57698630128,-40446634.71374728,0.0
2024-11-16 06:00:00,0.0,-189178.57698630128,-40446634.71374728,0.0
2024-11-16 07:00:00,0.0,-189178.57698630128,-40446634.71374728,0.0
2024-11-16 08:00:00,0.0,-189178.57698630128,-40446634.71374728,0.0
2024-11-16 09:00:00,0.0,-189178.57698630128,-40446634.71374728,0.0
2024-11-16 10:00:00,0.0,-189178.57698630128,-40446634.71374728,0.0
2024-11-16 11:00:00,0.0,-189178.57698630128,-40446634.71374728,0.0
2024-11-16 12:00:00,0.0,-189178.57698630128,-40446634.71374728,0.0
2024-11-16 13:00:00,0.0,-189178.57698630128,-40446634.71374728,0.0
2024-11-16 14:00:00,0.0,-189178.57698630128,-40446634.71374728,0.0
2024-11-16 15:00:00,0.0,-189178.57698630128,-40446634.71374728,0.0
2024-11-16 16:00:00,0.0,-189178.57698630128,-40446634.71374728,0.0
2024-11-16 17:00:00,0.0,-189178.57698630128,-40446634.71374728,0.0
2024-11-16 18:00:00,0.0,-189178.57698630128,-40446634.71374728,0.0
2024-11-16 19:00:00,0.0,-189178.57698630128,-40446634.71374728,0.0
2024-11-16 20:00:00,0.0,-189178.57698630128,-40446634.71374728,0.0
2024-11-16 21:00:00,0.0,-189178.57698630128,-40446634.71374728,0.0
2024-11-16 22:00:00,0.0,-189178.57698630128,-40446634.71374728,0.0
2024-11-16 23:00:00,0.0,-189178.57698630128,-40446634.71374728,0.0
2024-11-17 00:00:00,0.0,-189178.57698630128,-40446634.71374728,0.0
2024-11-17 01:00:00,0.0,-189178.57698630128,-40446634.71374728,0.0
2024-11-17 02:00:00,0.0,-189178.57698630128,-40446634.71374728,0.0
2024-11-17 03:00:00,0.0,-189178.57698630128,-40446634.71374728,0.0
2024-11-17 04:00:00,0.0,-189178.57698630128,-40446634.71374728,0.0
2024-11-17 05:00:00,0.0,-189178.57698630128,-40446634.71374728,0.0
2024-11-17 06:00:00,0.0,-189178.57698630128,-40446634.71374728,0.0
2024-11-17 07:00:00,0.0,-189178.57698630128,-40446634.71374728,0.0
2024-11-17 08:00:00,0.0,-189178.57698630128,-40446634.71374728,0.0
2024-11-17 09:00:00,0.0,-189178.57698630128,-40446634.71374728,0.0
2024-11-17 10:00:00,0.0,-189178.57698630128,-40446634.71374728,0.0
2024-11-17 11:00:00,0.0,-189178.57698630128,-40446634.71374728,0.0
2024-11-17 12:00:00,0.0,-189178.57698630128,-40446634.71374728,0.0
2024-11-17 13:00:00,0.0,-189178.57698630128,-40446634.71374728,0.0
2024-11-17 14:00:00,0.0,-189178.57698630128,-40446634.71374728,0.0
2024-11-17 15:00:00,0.0,-189178.57698630128,-40446634.71374728,0.0
2024-11-17 16:00:00,0.0,-189178.57698630128,-40446634.71374728,0.0
2024-11-17 17:00:00,0.0,-189178.57698630128,-40446634.71374728,0.0
2024-11-17 18:00:00,0.0,-189178.57698630128,-40446634.71374728,0.0
2024-11-17 19:00:00,0.0,-189178.57698630128,-40446634.71374728,0.0
2024-11-17 20:00:00,0.0,-189178.57698630128,-40446634.71374728,0.0
2024-11-17 21:00:00,0.0,-189178.57698630128,-40446634.71374728,0.0
2024-11-17 22:00:00,0.0,-189178.57698630128,-40446634.71374728,0.0
2024-11-17 23:00:00,0.0,-189178.57698630128,-40446634.71374728,0.0
2024-11-18 00:00:00,0.0,-189178.57698630128,-40446634.71374728,0.0
2024-11-18 01:00:00,0.0,-189178.57698630128,-40446634.71374728,0.0
2024-11-18 02:00:00,0.0,-189178.57698630128,-40446634.71374728,0.0
2024-11-18 03:00:00,0.0,-189178.57698630128,-40446634.71374728,0.0
2024-11-18 04:00:00,0.0,-189178.57698630128,-40446634.71374728,0.0
2024-11-18 05:00:00,0.0,-189178.57698630128,-40446634.71374728,0.0
2024-11-18 06:00:00,0.0,-189178.57698630128,-40446634.71374728,0.0
2024-11-18 07:00:00,0.0,-189178.57698630128,-40446634.71374728,0.0
2024-11-18 08:00:00,0.0,-189178.57698630128,-40446634.71374728,0.0
2024-11-18 09:00:00,0.0,-189178.57698630128,-40446634.71374728,0.0
2024-11-18 10:00:00,0.0,-189178.57698630128,-40446634.71374728,0.0
2024-11-18 11:00:00,0.0,-189178.57698630128,-40446634.71374728,0.0
2024-11-18 12:00:00,0.0,-189178.57698630128,-40446634.71374728,0.0
2024-11-18 13:00:00,0.0,-189178.57698630128,-40446634.71374728,0.0
2024-11-18 14:00:00,0.0,-189178.57698630128,-40446634.71374728,0.0
2024-11-18 15:00:00,0.0,-189178.57698630128,-40446634.71374728,0.0
2024-11-18 16:00:00,0.0,-189178.57698630128,-40446634.71374728,0.0
2024-11-18 17:00:00,0.0,-189178.57698630128,-40446634.71374728,0.0
2024-11-18 18:00:00,0.0,-189178.57698630128,-40446634.71374728,0.0
2024-11-18 19:00:00,0.0,-189178.57698630128,-40446634.71374728,0.0
2024-11-18 20:00:00,0.0,-189178.57698630128,-40446634.71374728,0.0
2024-11-18 21:00:00,0.0,-189178.57698630128,-40446634.71374728,0.0
2024-11-18 22:00:00,0.0,-189178.57698630128,-40446634.71374728,0.0
2024-11-18 23:00:00,0.0,-189178.57698630128,-40446634.71374728,0.0
2024-11-19 00:00:00,0.0,-189178.57698630128,-40446634.71374728,0.0
2024-11-19 01:00:00,0.0,-189178.57698630128,-40446634.71374728,0.0
2024-11-19 02:00:00,0.0,-189178.57698630128,-40446634.71374728,0.0
2024-11-19 03:00:00,0.0,-189178.57698630128,-40446634.71374728,0.0
2024-11-19 04:00:00,0.0,-189178.57698630128,-40446634.71374728,0.0
2024-11-19 05:00:00,0.0,-189178.57698630128,-40446634.71374728,0.0
2024-11-19 06:00:00,0.0,-189178.57698630128,-40446634.71374728,0.0
2024-11-19 07:00:00,0.0,-189178.57698630128,-40446634.71374728,0.0
2024-11-19 08:00:00,0.0,-189178.57698630128,-40446634.71374728,0.0
2024-11-19 09:00:00,0.0,-189178.57698630128,-40446634.71374728,0.0
2024-11-19 10:00:00,0.0,-189178.57698630128,-40446634.71374728,0.0
2024-11-19 11:00:00,0.0,-189178.57698630128,-40446634.71374728,0.0
2024-11-19 12:00:00,0.0,-189178.57698630128,-40446634.71374728,0.0
2024-11-19 13:00:00,0.0,-189178.57698630128,-40446634.71374728,0.0
2024-11-19 14:00:00,0.0,-189178.57698630128,-40446634.71374728,0.0
2024-11-19 15:00:00,0.0,-189178.57698630128,-40446634.71374728,0.0
2024-11-19 16:00:00,0.0,-189178.57698630128,-40446634.71374728,0.0
2024-11-19 17:00:00,0.0,-189178.57698630128,-40446634.71374728,0.0
2024-11-19 18:00:00,0.0,-189178.57698630128,-40446634.71374728,0.0
2024-11-19 19:00:00,0.0,-189178.57698630128,-40446634.71374728,0.0
2024-11-19 20:00:00,0.0,-189178.57698630128,-40446634.71374728,0.0
2024-11-19 21:00:00,0.0,-189178.57698630128,-40446634.71374728,0.0
2024-11-19 22:00:00,0.0,-189178.57698630128,-40446634.71374728,0.0
2024-11-19 23:00:00,0.0,-189178.57698630128,-40446634.71374728,0.0
2024-11-20 00:00:00,0.0,-189178.57698630128,-40446634.71374728,0.0
2024-11-20 01:00:00,0.0,-189178.57698630128,-40446634.71374728,0.0
2024-11-20 02:00:00,0.0,-189178.57698630128,-40446634.71374728,0.0
2024-11-20 03:00:00,0.0,-189178.57698630128,-40446634.71374728,0.0
2024-11-20 04:00:00,0.0,-189178.57698630128,-40446634.71374728,0.0
2024-11-20 05:00:00,0.0,-189178.57698630128,-40446634.71374728,0.0
2024-11-20 06:00:00,0.0,-189178.57698630128,-40446634.71374728,0.0
2024-11-20 07:00:00,0.0,-189178.57698630128,-40446634.71374728,0.0
2024-11-20 08:00:00,0.0,-189178.57698630128,-40446634.71374728,0.0
2024-11-20 09:00:00,0.0,-189178.57698630128,-40446634.71374728,0.0
2024-11-20 10:00:00,0.0,-189178.57698630128,-40446634.71374728,0.0
2024-11-20 11:00:00,0.0,-189178.57698630128,-40446634.71374728,0.0
2024-11-20 12:00:00,0.0,-189178.57698630128,-40446634.71374728,0.0
2024-11-20 13:00:00,0.0,-189178.57698630128,-40446634.71374728,0.0
2024-11-20 14:00:00,0.0,-189178.57698630128,-40446634.71374728,0.0
2024-11-20 15:00:00,0.0,-189178.57698630128,-40446634.71374728,0.0
2024-11-20 16:00:00,0.0,-189178.57698630128,-40446634.71374728,0.0
2024-11-20 17:00:00,0.0,-189178.57698630128,-40446634.71374728,0.0
2024-11-20 18:00:00,0.0,-189178.57698630128,-40446634.71374728,0.0
2024-11-20 19:00:00,0.0,-189178.57698630128,-40446634.71374728,0.0
2024-11-20 20:00:00,0.0,-189178.57698630128,-40446634.71374728,0.0
2024-11-20 21:00:00,0.0,-189178.57698630128,-40446634.71374728,0.0
2024-11-20 22:00:00,0.0,-189178.57698630128,-40446634.71374728,0.0
2024-11-20 23:00:00,0.0,-189178.57698630128,-40446634.71374728,0.0
2024-11-21 00:00:00,0.0,-189178.57698630128,-40446634.71374728,0.0
2024-11-21 01:00:00,0.0,-189178.57698630128,-40446634.71374728,0.0
2024-11-21 02:00:00,0.0,-189178.57698630128,-40446634.71374728,0.0
2024-11-21 03:00:00,0.0,-189178.57698630128,-40446634.71374728,0.0
2024-11-21 04:00:00,0.0,-189178.57698630128,-40446634.71374728,0.0
2024-11-21 05:00:00,0.0,-189178.57698630128,-40446634.71374728,0.0
2024-11-21 06:00:00,0.0,-189178.57698630128,-40446634.71374728,0.0
2024-11-21 07:00:00,0.0,-189178.57698630128,-40446634.71374728,0.0
2024-11-21 08:00:00,0.0,-189178.57698630128,-40446634.71374728,0.0
2024-11-21 09:00:00,0.0,-189178.57698630128,-40446634.71374728,0.0
2024-11-21 10:00:00,0.0,-189178.57698630128,-40446634.71374728,0.0
2024-11-21 11:00:00,0.0,-189178.57698630128,-40446634.71374728,0.0
2024-11-21 12:00:00,0.0,-189709.25123287662,-40446634.71374728,0.0
2024-11-21 13:00:00,0.0,-190809.92547945195,-40446634.71374728,0.0
2024-11-21 14:00:00,0.0,-192214.01589041087,-40446646.08314502,0.0
2024-11-21 15:00:00,0.0,-192214.01589041087,-40447567.411408156,0.0
2024-11-21 16:00:00,0.0,-192721.02082191771,-40451459.14349635,0.0
2024-11-21 17:00:00,0.0,-192721.02082191771,-40459151.62632706,0.0
2024-11-21 18:00:00,0.0,-193204.66383561637,-40467284.1024002,0.0
2024-11-21 19:00:00,0.0,-193204.66383561637,-40474702.70299924,0.0
2024-11-21 20:00:00,0.0,-193204.66383561637,-40480996.4409403,0.0
2024-11-21 21:00:00,0.0,-193204.66383561637,-40484580.202838495,0.0
2024-11-21 22:00:00,0.0,-193204.66383561637,-40484580.202838495,0.0
2024-11-21 23:00:00,0.0,-193204.66383561637,-40484580.202838495,0.0
2024-11-22 00:00:00,0.0,-193204.66383561637,-40484580.202838495,0.0
2024-11-22 01:00:00,0.0,-193204.66383561637,-40484580.202838495,0.0
2024-11-22 02:00:00,0.0,-193204.66383561637,-40484580.202838495,0.0
2024-11-22 03:00:00,0.0,-193204.66383561637,-40484580.202838495,0.0
2024-11-22 04:00:00,0.0,-193204.66383561637,-40484580.202838495,0.0
2024-11-22 05:00:00,0.0,-193204.66383561637,-40484580.202838495,0.0
2024-11-22 06:00:00,0.0,-193204.66383561637,-40484580.202838495,0.0
2024-11-22 07:00:00,0.0,-193204.66383561637,-40488287.29244619,0.0
2024-11-22 08:00:00,0.0,-193204.66383561637,-40492519.79526767,0.0
2024-11-22 09:00:00,0.0,-193204.66383561637,-40496958.560835555,0.0
2024-11-22 10:00:00,0.0,-193204.66383561637,-40501916.3668415,0.0
2024-11-22 11:00:00,0.0,-194355.68794520543,-40506982.914496146,0.0
2024-11-22 12:00:00,0.0,-195798.3745205479,-40511956.82358235,0.0
2024-11-22 13:00:00,0.0,-195798.3745205479,-40517121.62718115,0.0
2024-11-22 14:00:00,0.0,-196920.3745205479,-40522149.766048364,0.0
2024-11-22 15:00:00,0.0,-196920.3745205479,-40527844.5826184,0.0
2024-11-22 16:00:00,0.0,-200106.5443835616,-40535650.3146101,0.0
2024-11-22 17:00:00,0.0,-200106.5443835616,-40545938.08820775,0.0
2024-11-22 18:00:00,0.0,-200106.5443835616,-40555335.91078866,0.0
2024-11-22 19:00:00,0.0,-200106.5443835616,-40562766.66316663,0.0
2024-11-22 20:00:00,0.0,-200106.5443835616,-40567909.091318585,0.0
2024-11-22 21:00:00,0.0,-200106.5443835616,-40570050.79755948,0.0
2024-11-22 22:00:00,0.0,-200106.5443835616,-40570050.79755948,0.0
2024-11-22 23:00:00,0.0,-200106.5443835616,-40570050.79755948,0.0
2024-11-23 00:00:00,0.0,-200106.5443835616,-40570050.79755948,0.0
2024-11-23 01:00:00,0.0,-200106.5443835616,-40570050.79755948,0.0
2024-11-23 02:00:00,0.0,-200106.5443835616,-40570050.79755948,0.0
2024-11-23 03:00:00,0.0,-200106.5443835616,-40570050.79755948,0.0
2024-11-23 04:00:00,0.0,-200106.5443835616,-40570050.79755948,0.0
2024-11-23 05:00:00,0.0,-200106.5443835616,-40570050.79755948,0.0
2024-11-23 06:00:00,0.0,-200106.5443835616,-40570050.79755948,0.0
2024-11-23 07:00:00,0.0,-200106.5443835616,-40570050.79755948,0.0
2024-11-23 08:00:00,0.0,-200106.5443835616,-40570050.79755948,0.0
2024-11-23 09:00:00,0.0,-200106.5443835616,-40570050.79755948,0.0
2024-11-23 10:00:00,0.0,-200106.5443835616,-40570050.79755948,0.0
2024-11-23 11:00:00,0.0,-200106.5443835616,-40570050.79755948,0.0
2024-11-23 12:00:00,0.0,-200106.5443835616,-40570050.79755948,0.0
2024-11-23 13:00:00,0.0,-200106.5443835616,-40570050.79755948,0.0
2024-11-23 14:00:00,0.0,-200106.5443835616,-40570050.79755948,0.0
2024-11-23 15:00:00,0.0,-200106.5443835616,-40570050.79755948,0.0
2024-11-23 16:00:00,0.0,-200106.5443835616,-40570050.79755948,0.0
2024-11-23 17:00:00,0.0,-200106.5443835616,-40570050.79755948,0.0
2024-11-23 18:00:00,0.0,-200106.5443835616,-40570050.79755948,0.0
2024-11-23 19:00:00,0.0,-200106.5443835616,-40570050.79755948,0.0
2024-11-23 20:00:00,0.0,-200106.5443835616,-40570050.79755948,0.0
2024-11-23 21:00:00,0.0,-200106.5443835616,-40570050.79755948,0.0
2024-11-23 22:00:00,0.0,-200106.5443835616,-40570050.79755948,0.0
2024-11-23 23:00:00,0.0,-200106.5443835616,-40570050.79755948,0.0
2024-11-24 00:00:00,0.0,-200106.5443835616,-40570050.79755948,0.0
2024-11-24 01:00:00,0.0,-200106.5443835616,-40570050.79755948,0.0
2024-11-24 02:00:00,0.0,-200106.5443835616,-40570050.79755948,0.0
2024-11-24 03:00:00,0.0,-200106.5443835616,-40570050.79755948,0.0
2024-11-24 04:00:00,0.0,-200106.5443835616,-40570050.79755948,0.0
2024-11-24 05:00:00,0.0,-200106.5443835616,-40570050.79755948,0.0
2024-11-24 06:00:00,0.0,-200106.5443835616,-40570050.79755948,0.0
2024-11-24 07:00:00,0.0,-200106.5443835616,-40570050.79755948,0.0
2024-11-24 08:00:00,0.0,-200106.5443835616,-40570050.79755948,0.0
2024-11-24 09:00:00,0.0,-200106.5443835616,-40570050.79755948,0.0
2024-11-24 10:00:00,0.0,-200106.5443835616,-40570050.79755948,0.0
2024-11-24 11:00:00,0.0,-200106.5443835616,-40570050.79755948,0.0
2024-11-24 12:00:00,0.0,-200106.5443835616,-40570050.79755948,0.0
2024-11-24 13:00:00,0.0,-200106.5443835616,-40570050.79755948,0.0
2024-11-24 14:00:00,0.0,-200106.5443835616,-40570050.79755948,0.0
2024-11-24 15:00:00,0.0,-200106.5443835616,-40570050.79755948,0.0
2024-11-24 16:00:00,0.0,-200106.5443835616,-40570050.79755948,0.0
2024-11-24 17:00:00,0.0,-200106.5443835616,-40570050.79755948,0.0
2024-11-24 18:00:00,0.0,-200106.5443835616,-40570473.561112486,0.0
2024-11-24 19:00:00,0.0,-200106.5443835616,-40570989.09446304,0.0
2024-11-24 20:00:00,0.0,-200106.5443835616,-40570989.09446304,0.0
2024-11-24 21:00:00,0.0,-200106.5443835616,-40570989.09446304,0.0
2024-11-24 22:00:00,0.0,-200106.5443835616,-40570989.09446304,0.0
2024-11-24 23:00:00,0.0,-200106.5443835616,-40570989.09446304,0.0
2024-11-25 00:00:00,0.0,-200106.5443835616,-40570989.09446304,0.0
2024-11-25 01:00:00,0.0,-200106.5443835616,-40570989.09446304,0.0
2024-11-25 02:00:00,0.0,-200107.87698630133,-40570989.09446304,0.0
2024-11-25 03:00:00,0.0,-200107.87698630133,-40570989.09446304,0.0
2024-11-25 04:00:00,0.0,-200107.87698630133,-40570989.09446304,0.0
2024-11-25 05:00:00,0.0,-200107.87698630133,-40570989.09446304,0.0
2024-11-25 06:00:00,0.0,-200107.87698630133,-40570989.09446304,0.0
2024-11-25 07:00:00,0.0,-200107.87698630133,-40570989.09446304,0.0
2024-11-25 08:00:00,0.0,-200107.87698630133,-40570989.09446304,0.0
2024-11-25 09:00:00,0.0,-200107.87698630133,-40570989.09446304,0.0
2024-11-25 10:00:00,0.0,-200107.87698630133,-40570989.09446304,0.0
2024-11-25 11:00:00,0.0,-200107.87698630133,-40570989.09446304,0.0
2024-11-25 12:00:00,0.0,-200107.87698630133,-40570989.09446304,0.0
2024-11-25 13:00:00,0.0,-200107.87698630133,-40570989.09446304,0.0
2024-11-25 14:00:00,0.0,-200107.87698630133,-40570989.09446304,0.0
2024-11-25 15:00:00,0.0,-200107.87698630133,-40570989.09446304,0.0
2024-11-25 16:00:00,0.0,-200107.87698630133,-40570989.09446304,0.0
2024-11-25 17:00:00,0.0,-200107.87698630133,-40570989.09446304,0.0
2024-11-25 18:00:00,0.0,-200107.87698630133,-40570989.09446304,0.0
2024-11-25 19:00:00,0.0,-200107.87698630133,-40570989.09446304,0.0
2024-11-25 20:00:00,0.0,-200107.87698630133,-40570989.09446304,0.0
2024-11-25 21:00:00,0.0,-200107.87698630133,-40570989.09446304,0.0
2024-11-25 22:00:00,0.0,-200107.87698630133,-40570989.09446304,0.0
2024-11-25 23:00:00,0.0,-200107.87698630133,-40570989.09446304,0.0
2024-11-26 00:00:00,0.0,-200107.87698630133,-40570989.09446304,0.0
2024-11-26 01:00:00,0.0,-200107.87698630133,-40570989.09446304,0.0
2024-11-26 02:00:00,0.0,-200107.87698630133,-40570989.09446304,0.0
2024-11-26 03:00:00,0.0,-200107.87698630133,-40570989.09446304,0.0
2024-11-26 04:00:00,0.0,-200107.87698630133,-40570989.09446304,0.0
2024-11-26 05:00:00,0.0,-200107.87698630133,-40570989.09446304,0.0
2024-11-26 06:00:00,0.0,-200107.87698630133,-40570989.09446304,0.0
2024-11-26 07:00:00,0.0,-200107.87698630133,-40570989.09446304,0.0
2024-11-26 08:00:00,0.0,-200107.87698630133,-40570989.09446304,0.0
2024-11-26 09:00:00,0.0,-200107.87698630133,-40570989.09446304,0.0
2024-11-26 10:00:00,0.0,-200107.87698630133,-40570989.09446304,0.0
2024-11-26 11:00:00,0.0,-200107.87698630133,-40570989.09446304,0.0
2024-11-26 12:00:00,0.0,-200107.87698630133,-40570989.09446304,0.0
2024-11-26 13:00:00,0.0,-200107.87698630133,-40570989.09446304,0.0
2024-11-26 14:00:00,0.0,-200107.87698630133,-40570989.09446304,0.0
2024-11-26 15:00:00,0.0,-200107.87698630133,-40570989.09446304,0.0
2024-11-26 16:00:00,0.0,-200107.87698630133,-40570989.09446304,0.0
2024-11-26 17:00:00,0.0,-200107.87698630133,-40570989.09446304,0.0
2024-11-26 18:00:00,0.0,-200107.87698630133,-40570989.09446304,0.0
2024-11-26 19:00:00,0.0,-200107.87698630133,-40570989.09446304,0.0
2024-11-26 20:00:00,0.0,-200107.87698630133,-40570989.09446304,0.0
2024-11-26 21:00:00,0.0,-200107.87698630133,-40570989.09446304,0.0
2024-11-26 22:00:00,0.0,-200107.87698630133,-40570989.09446304,0.0
2024-11-26 23:00:00,0.0,-200107.87698630133,-40570989.09446304,0.0
2024-11-27 00:00:00,0.0,-200107.87698630133,-40570989.09446304,0.0
2024-11-27 01:00:00,0.0,-200107.87698630133,-40570989.09446304,0.0
2024-11-27 02:00:00,0.0,-200107.87698630133,-40570989.09446304,0.0
2024-11-27 03:00:00,0.0,-200107.87698630133,-40570989.09446304,0.0
2024-11-27 04:00:00,0.0,-200107.87698630133,-40570989.09446304,0.0
2024-11-27 05:00:00,0.0,-200107.87698630133,-40570989.09446304,0.0
2024-11-27 06:00:00,0.0,-200107.87698630133,-40570989.09446304,0.0
2024-11-27 07:00:00,0.0,-200107.87698630133,-40570989.09446304,0.0
2024-11-27 08:00:00,0.0,-200107.87698630133,-40570989.09446304,0.0
2024-11-27 09:00:00,0.0,-200107.87698630133,-40570989.09446304,0.0
2024-11-27 10:00:00,0.0,-200107.87698630133,-40570989.09446304,0.0
2024-11-27 11:00:00,0.0,-200107.87698630133,-40570989.09446304,0.0
2024-11-27 12:00:00,0.0,-200107.87698630133,-40570989.09446304,0.0
2024-11-27 13:00:00,0.0,-200107.87698630133,-40570989.09446304,0.0
2024-11-27 14:00:00,0.0,-200107.87698630133,-40570989.09446304,0.0
2024-11-27 15:00:00,0.0,-200107.87698630133,-40570989.09446304,0.0
2024-11-27 16:00:00,0.0,-200107.87698630133,-40570989.09446304,0.0
2024-11-27 17:00:00,0.0,-200107.87698630133,-40570989.09446304,0.0
2024-11-27 18:00:00,0.0,-200107.87698630133,-40570989.09446304,0.0
2024-11-27 19:00:00,0.0,-200107.87698630133,-40570989.09446304,0.0
2024-11-27 20:00:00,0.0,-200107.87698630133,-40570989.09446304,0.0
2024-11-27 21:00:00,0.0,-200107.87698630133,-40570989.09446304,0.0
2024-11-27 22:00:00,0.0,-200107.87698630133,-40570989.09446304,0.0
2024-11-27 23:00:00,0.0,-200107.87698630133,-40570989.09446304,0.0
2024-11-28 00:00:00,0.0,-200107.87698630133,-40570989.09446304,0.0
2024-11-28 01:00:00,0.0,-200107.87698630133,-40570989.09446304,0.0
2024-11-28 02:00:00,0.0,-200107.87698630133,-40570989.09446304,0.0
2024-11-28 03:00:00,0.0,-200107.87698630133,-40570989.09446304,0.0
2024-11-28 04:00:00,0.0,-200107.87698630133,-40570989.09446304,0.0
2024-11-28 05:00:00,0.0,-200107.87698630133,-40570989.09446304,0.0
2024-11-28 06:00:00,0.0,-200107.87698630133,-40570989.09446304,0.0
2024-11-28 07:00:00,0.0,-200107.87698630133,-40570989.09446304,0.0
2024-11-28 08:00:00,0.0,-200107.87698630133,-40570989.09446304,0.0
2024-11-28 09:00:00,0.0,-200107.87698630133,-40570989.09446304,0.0
2024-11-28 10:00:00,0.0,-200107.87698630133,-40570989.09446304,0.0
2024-11-28 11:00:00,0.0,-200107.87698630133,-40570989.09446304,0.0
2024-11-28 12:00:00,0.0,-200107.87698630133,-40570989.09446304,0.0
2024-11-28 13:00:00,0.0,-200107.87698630133,-40570989.09446304,0.0
2024-11-28 14:00:00,0.0,-200107.87698630133,-40570989.09446304,0.0
2024-11-28 15:00:00,0.0,-200107.87698630133,-40570989.09446304,0.0
2024-11-28 16:00:00,0.0,-200107.87698630133,-40570989.09446304,0.0
2024-11-28 17:00:00,0.0,-200107.87698630133,-40570989.09446304,0.0
2024-11-28 18:00:00,0.0,-200107.87698630133,-40570989.09446304,0.0
2024-11-28 19:00:00,0.0,-200107.87698630133,-40570989.09446304,0.0
2024-11-28 20:00:00,0.0,-200107.87698630133,-40570989.09446304,0.0
2024-11-28 21:00:00,0.0,-200107.87698630133,-40570989.09446304,0.0
2024-11-28 22:00:00,0.0,-200107.87698630133,-40570989.09446304,0.0
2024-11-28 23:00:00,0.0,-200107.87698630133,-40570989.09446304,0.0
2024-11-29 00:00:00,0.0,-200107.87698630133,-40570989.09446304,0.0
2024-11-29 01:00:00,0.0,-200107.87698630133,-40570989.09446304,0.0
2024-11-29 02:00:00,0.0,-200107.87698630133,-40570989.09446304,0.0
2024-11-29 03:00:00,0.0,-200107.87698630133,-40570989.09446304,0.0
2024-11-29 04:00:00,0.0,-200107.87698630133,-40570989.09446304,0.0
2024-11-29 05:00:00,0.0,-200107.87698630133,-40570989.09446304,0.0
2024-11-29 06:00:00,0.0,-200107.87698630133,-40570989.09446304,0.0
2024-11-29 07:00:00,0.0,-200107.87698630133,-40570989.09446304,0.0
2024-11-29 08:00:00,0.0,-200107.87698630133,-40570989.09446304,0.0
2024-11-29 09:00:00,0.0,-200107.87698630133,-40570989.09446304,0.0
2024-11-29 10:00:00,0.0,-200107.87698630133,-40570989.09446304,0.0
2024-11-29 11:00:00,0.0,-200107.87698630133,-40570989.09446304,0.0
2024-11-29 12:00:00,0.0,-200107.87698630133,-40570989.09446304,0.0
2024-11-29 13:00:00,0.0,-200107.87698630133,-40570989.09446304,0.0
2024-11-29 14:00:00,0.0,-200107.87698630133,-40570989.09446304,0.0
2024-11-29 15:00:00,0.0,-200107.87698630133,-40570989.09446304,0.0
2024-11-29 16:00:00,0.0,-200107.87698630133,-40573325.14952492,0.0
2024-11-29 17:00:00,0.0,-200107.87698630133,-40580067.699527495,0.0
2024-11-29 18:00:00,0.0,-200107.87698630133,-40587518.82345092,0.0
2024-11-29 19:00:00,0.0,-200107.87698630133,-40594810.41281414,0.0
2024-11-29 20:00:00,0.0,-200107.87698630133,-40601652.159329385,0.0
2024-11-29 21:00:00,0.0,-200107.87698630133,-40606990.54172871,0.0
2024-11-29 22:00:00,0.0,-200107.87698630133,-40610086.81170616,0.0
2024-11-29 23:00:00,0.0,-200107.87698630133,-40610858.97891541,0.0
2024-11-30 00:00:00,0.0,-200107.87698630133,-40610858.97891541,0.0
2024-11-30 01:00:00,0.0,-200107.87698630133,-40610858.97891541,0.0
2024-11-30 02:00:00,0.0,-200107.87698630133,-40610858.97891541,0.0
2024-11-30 03:00:00,0.0,-200107.87698630133,-40610858.97891541,0.0
2024-11-30 04:00:00,0.0,-200107.87698630133,-40610858.97891541,0.0
2024-11-30 05:00:00,0.0,-200107.87698630133,-40610858.97891541,0.0
2024-11-30 06:00:00,0.0,-200107.87698630133,-40610858.97891541,0.0
2024-11-30 07:00:00,0.0,-200107.87698630133,-40613732.589980476,0.0
2024-11-30 08:00:00,0.0,-200107.87698630133,-40617239.70134884,0.0
2024-11-30 09:00:00,0.0,-200107.87698630133,-40619684.4126861,0.0
2024-11-30 10:00:00,0.0,-200107.87698630133,-40620926.703111544,0.0
2024-11-30 11:00:00,0.0,-200107.87698630133,-40621105.42332535,0.0
2024-11-30 12:00:00,0.0,-200107.87698630133,-40621105.42332535,0.0
2024-11-30 13:00:00,0.0,-200107.87698630133,-40621105.42332535,0.0
2024-11-30 14:00:00,0.0,-200107.87698630133,-40621105.42332535,0.0
2024-11-30 15:00:00,0.0,-200107.87698630133,-40621725.495367296,0.0
2024-11-30 16:00:00,0.0,-200107.87698630133,-40627214.01007712,0.0
2024-11-30 17:00:00,0.0,-200107.87698630133,-40638179.85030207,0.0
2024-11-30 18:00:00,0.0,-200107.87698630133,-40650612.698500946,0.0
2024-11-30 19:00:00,0.0,-200107.87698630133,-40663154.02353107,0.0
2024-11-30 20:00:00,0.0,-200107.87698630133,-40675404.06654822,0.0
2024-11-30 21:00:00,0.0,-200107.87698630133,-40686495.82595909,0.0
2024-11-30 22:00:00,0.0,-200107.87698630133,-40695246.04136188,0.0
2024-11-30 23:00:00,0.0,-200107.87698630133,-40701203.176406026,0.0
2024-12-01 00:00:00,0.0,-200107.87698630133,-40701203.176406026,0.0
2024-12-01 01:00:00,0.0,-200107.87698630133,-40701203.176406026,0.0
2024-12-01 02:00:00,0.0,-200107.87698630133,-40701203.176406026,0.0
2024-12-01 03:00:00,0.0,-200107.87698630133,-40701203.176406026,0.0
2024-12-01 04:00:00,0.0,-200107.87698630133,-40701203.176406026,0.0
2024-12-01 05:00:00,0.0,-200107.87698630133,-40701203.176406026,0.0
2024-12-01 06:00:00,0.0,-200107.87698630133,-40701426.24667494,0.0
2024-12-01 07:00:00,0.0,-200107.87698630133,-40704321.807131514,0.0
2024-12-01 08:00:00,0.0,-200107.87698630133,-40708803.20627633,0.0
2024-12-01 09:00:00,0.0,-200107.87698630133,-40712527.7527585,0.0
2024-12-01 10:00:00,0.0,-200107.87698630133,-40714568.71283841,0.0
2024-12-01 11:00:00,0.0,-200107.87698630133,-40715337.307684444,0.0
2024-12-01 12:00:00,0.0,-200107.87698630133,-40715632.71049279,0.0
2024-12-01 13:00:00,0.0,-200107.87698630133,-40715748.043418445,0.0
2024-12-01 14:00:00,0.0,-200107.87698630133,-40716635.37430474,0.0
2024-12-01 15:00:00,0.0,-200107.87698630133,-40719597.71319808,0.0
2024-12-01 16:00:00,0.0,-200107.87698630133,-40727121.008633345,0.0
2024-12-01 17:00:00,0.0,-200107.87698630133,-40740285.14367474,0.0
2024-12-01 18:00:00,0.0,-200107.87698630133,-40755042.931695595,0.0
2024-12-01 19:00:00,0.0,-200107.87698630133,-40770078.11187971,0.0
2024-12-01 20:00:00,0.0,-200107.87698630133,-40784568.3444254,0.0
2024-12-01 21:00:00,0.0,-200107.87698630133,-40796987.20543247,0.0
2024-12-01 22:00:00,0.0,-200107.87698630133,-40806135.18145051,0.0
2024-12-01 23:00:00,0.0,-200107.87698630133,-40812115.66366606,0.0
2024-12-02 00:00:00,0.0,-200107.87698630133,-40812115.66366606,0.0
2024-12-02 01:00:00,0.0,-200107.87698630133,-40812115.66366606,0.0
2024-12-02 02:00:00,0.0,-200107.87698630133,-40812115.66366606,0.0
2024-12-02 03:00:00,0.0,-200107.87698630133,-40812115.66366606,0.0
2024-12-02 04:00:00,0.0,-200107.87698630133,-40812115.66366606,0.0
2024-12-02 05:00:00,0.0,-200107.87698630133,-40812115.66366606,0.0
2024-12-02 06:00:00,0.0,-200107.87698630133,-40816802.077191524,0.0
2024-12-02 07:00:00,0.0,-200107.87698630133,-40826696.20227392,0.0
2024-12-02 08:00:00,0.0,-200107.87698630133,-40836026.583232544,0.0
2024-12-02 09:00:00,0.0,-200107.87698630133,-40842391.736946106,0.0
2024-12-02 10:00:00,0.0,-200107.87698630133,-40846092.15112429,0.0
2024-12-02 11:00:00,0.0,-200107.87698630133,-40848054.282467164,0.0
2024-12-02 12:00:00,0.0,-200107.87698630133,-40849023.55470499,0.0
2024-12-02 13:00:00,0.0,-200107.87698630133,-40850053.35651053,0.0
2024-12-02 14:00:00,0.0,-200107.87698630133,-40851719.039275415,0.0
2024-12-02 15:00:00,0.0,-200107.87698630133,-40855549.91474145,0.0
2024-12-02 16:00:00,0.0,-200107.87698630133,-40863741.25247726,0.0
2024-12-02 17:00:00,0.0,-200107.87698630133,-40877662.27719,0.0
2024-12-02 18:00:00,0.0,-200107.87698630133,-40892996.16586112,0.0
2024-12-02 19:00:00,0.0,-200107.87698630133,-40908090.0446944,0.0
2024-12-02 20:00:00,0.0,-200107.87698630133,-40922326.98586377,0.0
2024-12-02 21:00:00,0.0,-200107.87698630133,-40934122.00404752,0.0
2024-12-02 22:00:00,0.0,-200107.87698630133,-40941606.05273466,0.0
2024-12-02 23:00:00,0.0,-200107.87698630133,-40945386.02028802,0.0
2024-12-03 00:00:00,0.0,-200107.87698630133,-40945386.02028802,0.0
2024-12-03 01:00:00,0.0,-200107.87698630133,-40945386.02028802,0.0
2024-12-03 02:00:00,0.0,-200107.87698630133,-40945386.02028802,0.0
2024-12-03 03:00:00,0.0,-200107.87698630133,-40945386.02028802,0.0
2024-12-03 04:00:00,0.0,-200107.87698630133,-40945386.02028802,0.0
2024-12-03 05:00:00,0.0,-200107.87698630133,-40947538.38515722,0.0
2024-12-03 06:00:00,0.0,-200107.87698630133,-40957207.9869079,0.0
2024-12-03 07:00:00,0.0,-200107.87698630133,-40971204.341203414,0.0
2024-12-03 08:00:00,0.0,-200107.87698630133,-40983782.934458986,0.0
2024-12-03 09:00:00,0.0,-200107.87698630133,-40992959.221995875,0.0
2024-12-03 10:00:00,0.0,-200107.87698630133,-40999237.62607561,0.0
2024-12-03 11:00:00,0.0,-200107.87698630133,-41003221.533806324,0.0
2024-12-03 12:00:00,0.0,-200107.87698630133,-41006066.29491271,0.0
2024-12-03 13:00:00,0.0,-200107.87698630133,-41008638.21936056,0.0
2024-12-03 14:00:00,0.0,-200107.87698630133,-41011742.57482615,0.0
2024-12-03 15:00:00,0.0,-200107.87698630133,-41016612.584000185,0.0
2024-12-03 16:00:00,0.0,-200107.87698630133,-41026407.42171527,0.0
2024-12-03 17:00:00,0.0,-200107.87698630133,-41042389.211885124,0.0
2024-12-03 18:00:00,0.0,-200107.87698630133,-41060002.02424299,0.0
2024-12-03 19:00:00,0.0,-200107.87698630133,-41077778.87086575,0.0
2024-12-03 20:00:00,0.0,-200107.87698630133,-41094960.70246948,0.0
2024-12-03 21:00:00,0.0,-200107.87698630133,-41109800.40446115,0.0
2024-12-03 22:00:00,0.0,-200107.87698630133,-41120625.79273005,0.0
2024-12-03 23:00:00,0.0,-200107.87698630133,-41127718.60916152,0.0
2024-12-04 00:00:00,0.0,-200107.87698630133,-41127718.60916152,0.0
2024-12-04 01:00:00,0.0,-200107.87698630133,-41127718.60916152,0.0
2024-12-04 02:00:00,0.0,-200107.87698630133,-41127718.60916152,0.0
2024-12-04 03:00:00,0.0,-200107.87698630133,-41127718.60916152,0.0
2024-12-04 04:00:00,0.0,-200107.87698630133,-41129305.43140998,0.0
2024-12-04 05:00:00,0.0,-200107.87698630133,-41136299.985965036,0.0
2024-12-04 06:00:00,0.0,-200107.87698630133,-41151034.75794532,0.0
2024-12-04 07:00:00,0.0,-200107.87698630133,-41169924.201290995,0.0
2024-12-04 08:00:00,0.0,-200107.87698630133,-41187208.73679238,0.0
2024-12-04 09:00:00,0.0,-200107.87698630133,-41201159.74999032,0.0
2024-12-04 10:00:00,0.0,-200107.87698630133,-41211965.58893976,0.0
2024-12-04 11:00:00,0.0,-200107.87698630133,-41220562.56182745,0.0
2024-12-04 12:00:00,0.0,-200107.87698630133,-41228100.934434034,0.0
2024-12-04 13:00:00,0.0,-200107.87698630133,-41235734.92743028,0.0
2024-12-04 14:00:00,0.0,-202958.87698630133,-41244235.71349622,0.0
2024-12-04 15:00:00,0.0,-205796.87698630133,-41254227.414251536,0.0
2024-12-04 16:00:00,0.0,-205796.87698630133,-41266812.09698445,0.0
2024-12-04 17:00:00,0.0,-210038.87698630133,-41283153.77116582,0.0
2024-12-04 18:00:00,0.0,-211545.87698630133,-41299250.38473388,0.0
2024-12-04 19:00:00,0.0,-211545.87698630133,-41314375.82013443,0.0
2024-12-04 20:00:00,0.0,-211545.87698630133,-41327724.89009998,0.0
2024-12-04 21:00:00,0.0,-211545.87698630133,-41338101.33315036,0.0
2024-12-04 22:00:00,0.0,-211545.87698630133,-41343702.80879612,0.0
2024-12-04 23:00:00,0.0,-211545.87698630133,-41344994.8924248,0.0
2024-12-05 00:00:00,0.0,-211545.87698630133,-41344994.8924248,0.0
2024-12-05 01:00:00,0.0,-211545.87698630133,-41344994.8924248,0.0
2024-12-05 02:00:00,0.0,-211545.87698630133,-41344994.8924248,0.0
2024-12-05 03:00:00,0.0,-211545.87698630133,-41344994.8924248,0.0
2024-12-05 04:00:00,0.0,-211545.87698630133,-41344994.8924248,0.0
2024-12-05 05:00:00,0.0,-211545.87698630133,-41344994.8924248,0.0
2024-12-05 06:00:00,0.0,-211545.87698630133,-41350994.55893056,0.0
2024-12-05 07:00:00,0.0,-211545.87698630133,-41362277.67714093,0.0
2024-12-05 08:00:00,0.0,-211545.87698630133,-41374959.59343827,0.0
2024-12-05 09:00:00,0.0,-211545.87698630133,-41387149.61422724,0.0
2024-12-05 10:00:00,0.0,-211545.87698630133,-41397567.00338966,0.0
2024-12-05 11:00:00,0.0,-211545.87698630133,-41407046.97957285,0.0
2024-12-05 12:00:00,0.0,-211545.87698630133,-41416252.71330054,0.0
2024-12-05 13:00:00,0.0,-211545.87698630133,-41425725.323894344,0.0
2024-12-05 14:00:00,0.0,-211545.87698630133,-41435648.87619322,0.0
2024-12-05 15:00:00,0.0,-211545.87698630133,-41447880.37705738,0.0
2024-12-05 16:00:00,0.0,-211545.87698630133,-41464966.77164231,0.0
2024-12-05 17:00:00,0.0,-211545.87698630133,-41488229.93942736,0.0
2024-12-05 18:00:00,0.0,-211545.87698630133,-41512968.68998259,0.0
2024-12-05 19:00:00,0.0,-211545.87698630133,-41537775.75845626,0.0
2024-12-05 20:00:00,0.0,-211545.87698630133,-41561733.800764136,0.0
2024-12-05 21:00:00,0.0,-211545.87698630133,-41583166.38846076,0.0
2024-12-05 22:00:00,0.0,-211545.87698630133,-41600388.00327109,0.0
2024-12-05 23:00:00,0.0,-211545.87698630133,-41613451.03125975,0.0
2024-12-06 00:00:00,0.0,-211545.87698630133,-41617772.29363093,0.0
2024-12-06 01:00:00,0.0,-211545.87698630133,-41620500.24774833,0.0
2024-12-06 02:00:00,0.0,-211545.87698630133,-41622876.376130976,0.0
2024-12-06 03:00:00,0.0,-211545.87698630133,-41625763.129949965,0.0
2024-12-06 04:00:00,0.0,-211545.87698630133,-41630793.92704585,0.0
2024-12-06 05:00:00,0.0,-211545.87698630133,-41640429.14981702,0.0
2024-12-06 06:00:00,0.0,-211545.87698630133,-41657101.14297043,0.0
2024-12-06 07:00:00,0.0,-211545.87698630133,-41678271.21112564,0.0
2024-12-06 08:00:00,0.0,-211545.87698630133,-41698837.61626238,0.0
2024-12-06 09:00:00,0.0,-211545.87698630133,-41715836.57500106,0.0
2024-12-06 10:00:00,0.0,-211545.87698630133,-41729722.2557054,0.0
2024-12-06 11:00:00,0.0,-211545.87698630133,-41741369.77539496,0.0
2024-12-06 12:00:00,0.0,-211545.87698630133,-41751347.19645513,0.0
2024-12-06 13:00:00,0.0,-211545.87698630133,-41760907.523130916,0.0
2024-12-06 14:00:00,0.0,-211545.87698630133,-41770364.69779012,0.0
2024-12-06 15:00:00,0.0,-211545.87698630133,-41781374.5969404,0.0
2024-12-06 16:00:00,0.0,-211545.87698630133,-41797137.026983716,0.0
2024-12-06 17:00:00,0.0,-211545.87698630133,-41818196.71969069,0.0
2024-12-06 18:00:00,0.0,-211545.87698630133,-41840104.32737583,0.0
2024-12-06 19:00:00,0.0,-211545.87698630133,-41861494.41775375,0.0
2024-12-06 20:00:00,0.0,-211545.87698630133,-41882222.46845473,0.0
2024-12-06 21:00:00,0.0,-211545.87698630133,-41901150.86117689,0.0
2024-12-06 22:00:00,0.0,-211545.87698630133,-41916933.87545028,0.0
2024-12-06 23:00:00,0.0,-211545.87698630133,-41929222.68198692,0.0
2024-12-07 00:00:00,0.0,-211545.87698630133,-41933002.98805276,0.0
2024-12-07 01:00:00,0.0,-211545.87698630133,-41935213.8965421,0.0
2024-12-07 02:00:00,0.0,-211545.87698630133,-41936660.82381694,0.0
2024-12-07 03:00:00,0.0,-211545.87698630133,-41937934.15070049,0.0
2024-12-07 04:00:00,0.0,-211545.87698630133,-41940005.2202215,0.0
2024-12-07 05:00:00,0.0,-211545.87698630133,-41944250.33521143,0.0
2024-12-07 06:00:00,0.0,-211545.87698630133,-41951951.75574467,0.0
2024-12-07 07:00:00,0.0,-211545.87698630133,-41962858.69641129,0.0
2024-12-07 08:00:00,0.0,-211545.87698630133,-41974690.32341125,0.0
2024-12-07 09:00:00,0.0,-211545.87698630133,-41984157.751458086,0.0
2024-12-07 10:00:00,0.0,-211545.87698630133,-41990266.04047936,0.0
2024-12-07 11:00:00,0.0,-211545.87698630133,-41993852.19210031,0.0
2024-12-07 12:00:00,0.0,-211545.87698630133,-41995767.145896144,0.0
2024-12-07 13:00:00,0.0,-211545.87698630133,-41996864.77539754,0.0
2024-12-07 14:00:00,0.0,-211545.87698630133,-41998051.88383277,0.0
2024-12-07 15:00:00,0.0,-211545.87698630133,-42000369.19958877,0.0
2024-12-07 16:00:00,0.0,-211545.87698630133,-42006748.37137232,0.0
2024-12-07 17:00:00,0.0,-211545.87698630133,-42017946.96305116,0.0
2024-12-07 18:00:00,0.0,-211545.87698630133,-42030043.4481535,0.0
2024-12-07 19:00:00,0.0,-211545.87698630133,-42042024.20400296,0.0
2024-12-07 20:00:00,0.0,-211545.87698630133,-42053448.50546432,0.0
2024-12-07 21:00:00,0.0,-211545.87698630133,-42063161.51827395,0.0
2024-12-07 22:00:00,0.0,-211545.87698630133,-42069923.29192676,0.0
2024-12-07 23:00:00,0.0,-211545.87698630133,-42073093.752089806,0.0
2024-12-08 00:00:00,0.0,-211545.87698630133,-42073093.752089806,0.0
2024-12-08 01:00:00,0.0,-211545.87698630133,-42073093.752089806,0.0
2024-12-08 02:00:00,0.0,-211545.87698630133,-42073093.752089806,0.0
2024-12-08 03:00:00,0.0,-211545.87698630133,-42073093.752089806,0.0
2024-12-08 04:00:00,0.0,-211545.87698630133,-42073093.752089806,0.0
2024-12-08 05:00:00,0.0,-211545.87698630133,-42073093.752089806,0.0
2024-12-08 06:00:00,0.0,-211545.87698630133,-42073093.752089806,0.0
2024-12-08 07:00:00,0.0,-211545.87698630133,-42073093.752089806,0.0
2024-12-08 08:00:00,0.0,-211545.87698630133,-42073093.752089806,0.0
2024-12-08 09:00:00,0.0,-211545.87698630133,-42073093.752089806,0.0
2024-12-08 10:00:00,0.0,-211545.87698630133,-42073093.752089806,0.0
2024-12-08 11:00:00,0.0,-211545.87698630133,-42073093.752089806,0.0
2024-12-08 12:00:00,0.0,-211545.87698630133,-42073093.752089806,0.0
2024-12-08 13:00:00,0.0,-211545.87698630133,-42073093.752089806,0.0
2024-12-08 14:00:00,0.0,-211545.87698630133,-42073093.752089806,0.0
2024-12-08 15:00:00,0.0,-211545.87698630133,-42073093.752089806,0.0
2024-12-08 16:00:00,0.0,-211545.87698630133,-42073093.752089806,0.0
2024-12-08 17:00:00,0.0,-211545.87698630133,-42074885.869467385,0.0
2024-12-08 18:00:00,0.0,-211545.87698630133,-42078313.45639247,0.0
2024-12-08 19:00:00,0.0,-211545.87698630133,-42081769.67361664,0.0
2024-12-08 20:00:00,0.0,-211545.87698630133,-42084534.565318055,0.0
2024-12-08 21:00:00,0.0,-211545.87698630133,-42085170.0514926,0.0
2024-12-08 22:00:00,0.0,-211545.87698630133,-42085170.0514926,0.0
2024-12-08 23:00:00,0.0,-211545.87698630133,-42085170.0514926,0.0
2024-12-09 00:00:00,0.0,-211545.87698630133,-42085170.0514926,0.0
2024-12-09 01:00:00,0.0,-211545.87698630133,-42085170.0514926,0.0
2024-12-09 02:00:00,0.0,-211545.87698630133,-42085170.0514926,0.0
2024-12-09 03:00:00,0.0,-211545.87698630133,-42085170.0514926,0.0
2024-12-09 04:00:00,0.0,-211545.87698630133,-42085170.0514926,0.0
2024-12-09 05:00:00,0.0,-211545.87698630133,-42085170.0514926,0.0
2024-12-09 06:00:00,0.0,-211545.87698630133,-42085170.0514926,0.0
2024-12-09 07:00:00,0.0,-211545.87698630133,-42085170.0514926,0.0
2024-12-09 08:00:00,0.0,-211545.87698630133,-42085170.0514926,0.0
2024-12-09 09:00:00,0.0,-211545.87698630133,-42085170.0514926,0.0
2024-12-09 10:00:00,0.0,-211545.87698630133,-42085170.0514926,0.0
2024-12-09 11:00:00,0.0,-211545.87698630133,-42085170.0514926,0.0
2024-12-09 12:00:00,0.0,-211545.87698630133,-42085170.0514926,0.0
2024-12-09 13:00:00,0.0,-211545.87698630133,-42085170.0514926,0.0
2024-12-09 14:00:00,0.0,-211545.87698630133,-42085170.0514926,0.0
2024-12-09 15:00:00,0.0,-211545.87698630133,-42085170.0514926,0.0
2024-12-09 16:00:00,0.0,-211545.87698630133,-42085170.0514926,0.0
2024-12-09 17:00:00,0.0,-211545.87698630133,-42085257.25636146,0.0
2024-12-09 18:00:00,0.0,-211545.87698630133,-42085772.97404434,0.0
2024-12-09 19:00:00,0.0,-211545.87698630133,-42085772.97404434,0.0
2024-12-09 20:00:00,0.0,-211545.87698630133,-42085772.97404434,0.0
2024-12-09 21:00:00,0.0,-211545.87698630133,-42085772.97404434,0.0
2024-12-09 22:00:00,0.0,-211545.87698630133,-42085772.97404434,0.0
2024-12-09 23:00:00,0.0,-211545.87698630133,-42085772.97404434,0.0
2024-12-10 00:00:00,0.0,-211545.87698630133,-42085772.97404434,0.0
2024-12-10 01:00:00,0.0,-211545.87698630133,-42085772.97404434,0.0
2024-12-10 02:00:00,0.0,-211545.87698630133,-42085772.97404434,0.0
2024-12-10 03:00:00,0.0,-211545.87698630133,-42085772.97404434,0.0
2024-12-10 04:00:00,0.0,-211545.87698630133,-42085772.97404434,0.0
2024-12-10 05:00:00,0.0,-211545.87698630133,-42085772.97404434,0.0
2024-12-10 06:00:00,0.0,-211545.87698630133,-42085772.97404434,0.0
2024-12-10 07:00:00,0.0,-211545.87698630133,-42085772.97404434,0.0
2024-12-10 08:00:00,0.0,-211545.87698630133,-42085772.97404434,0.0
2024-12-10 09:00:00,0.0,-211545.87698630133,-42085772.97404434,0.0
2024-12-10 10:00:00,0.0,-211545.87698630133,-42085772.97404434,0.0
2024-12-10 11:00:00,0.0,-211545.87698630133,-42085772.97404434,0.0
2024-12-10 12:00:00,0.0,-211545.87698630133,-42085772.97404434,0.0
2024-12-10 13:00:00,0.0,-211545.87698630133,-42085772.97404434,0.0
2024-12-10 14:00:00,0.0,-211545.87698630133,-42085772.97404434,0.0
2024-12-10 15:00:00,0.0,-211545.87698630133,-42085772.97404434,0.0
2024-12-10 16:00:00,0.0,-211545.87698630133,-42085772.97404434,0.0
2024-12-10 17:00:00,0.0,-211545.87698630133,-42087866.55331198,0.0
2024-12-10 18:00:00,0.0,-211545.87698630133,-42089889.968933396,0.0
2024-12-10 19:00:00,0.0,-211545.87698630133,-42090838.7840721,0.0
2024-12-10 20:00:00,0.0,-211545.87698630133,-42090838.7840721,0.0
2024-12-10 21:00:00,0.0,-211545.87698630133,-42090838.7840721,0.0
2024-12-10 22:00:00,0.0,-211545.87698630133,-42090838.7840721,0.0
2024-12-10 23:00:00,0.0,-211545.87698630133,-42090838.7840721,0.0
2024-12-11 00:00:00,0.0,-211545.87698630133,-42090838.7840721,0.0
2024-12-11 01:00:00,0.0,-211545.87698630133,-42090838.7840721,0.0
2024-12-11 02:00:00,0.0,-211545.87698630133,-42090838.7840721,0.0
2024-12-11 03:00:00,0.0,-211545.87698630133,-42090838.7840721,0.0
2024-12-11 04:00:00,0.0,-211545.87698630133,-42090838.7840721,0.0
2024-12-11 05:00:00,0.0,-211545.87698630133,-42090838.7840721,0.0
2024-12-11 06:00:00,0.0,-211545.87698630133,-42090838.7840721,0.0
2024-12-11 07:00:00,0.0,-211545.87698630133,-42090838.7840721,0.0
2024-12-11 08:00:00,0.0,-211545.87698630133,-42090838.7840721,0.0
2024-12-11 09:00:00,0.0,-211545.87698630133,-42090838.7840721,0.0
2024-12-11 10:00:00,0.0,-211957.87698630133,-42090838.7840721,0.0
2024-12-11 11:00:00,0.0,-212612.87698630133,-42091029.09097683,0.0
2024-12-11 12:00:00,0.0,-212783.87698630133,-42091383.13685535,0.0
2024-12-11 13:00:00,0.0,-212783.87698630133,-42091967.79163041,0.0
2024-12-11 14:00:00,0.0,-212783.87698630133,-42093058.85470246,0.0
2024-12-11 15:00:00,0.0,-212783.87698630133,-42095256.050396785,0.0
2024-12-11 16:00:00,0.0,-212783.87698630133,-42100349.02310988,0.0
2024-12-11 17:00:00,0.0,-212783.87698630133,-42109633.33213473,0.0
2024-12-11 18:00:00,0.0,-212783.87698630133,-42119842.446143486,0.0
2024-12-11 19:00:00,0.0,-212783.87698630133,-42129979.73730448,0.0
2024-12-11 20:00:00,0.0,-212783.87698630133,-42139763.475008905,0.0
2024-12-11 21:00:00,0.0,-212783.87698630133,-42147775.81918084,0.0
2024-12-11 22:00:00,0.0,-212783.87698630133,-42152532.813142546,0.0
2024-12-11 23:00:00,0.0,-212783.87698630133,-42153955.37600499,0.0
2024-12-12 00:00:00,0.0,-212783.87698630133,-42153955.37600499,0.0
2024-12-12 01:00:00,0.0,-212783.87698630133,-42153955.37600499,0.0
2024-12-12 02:00:00,0.0,-212783.87698630133,-42153955.37600499,0.0
2024-12-12 03:00:00,0.0,-212783.87698630133,-42153955.37600499,0.0
2024-12-12 04:00:00,0.0,-212783.87698630133,-42153955.37600499,0.0
2024-12-12 05:00:00,0.0,-212783.87698630133,-42155280.66967507,0.0
2024-12-12 06:00:00,0.0,-212783.87698630133,-42164761.56303402,0.0
2024-12-12 07:00:00,0.0,-212783.87698630133,-42179500.16561937,0.0
2024-12-12 08:00:00,0.0,-212783.87698630133,-42193920.53185752,0.0
2024-12-12 09:00:00,0.0,-212783.87698630133,-42205431.65752631,0.0
2024-12-12 10:00:00,0.0,-212783.87698630133,-42214915.475984864,0.0
2024-12-12 11:00:00,0.0,-212783.87698630133,-42222468.85415513,0.0
2024-12-12 12:00:00,0.0,-212783.87698630133,-42228727.58823845,0.0
2024-12-12 13:00:00,0.0,-212783.87698630133,-42234614.39914937,0.0
2024-12-12 14:00:00,0.0,-212783.87698630133,-42241349.92764784,0.0
2024-12-12 15:00:00,0.0,-212783.87698630133,-42249951.72914923,0.0
2024-12-12 16:00:00,0.0,-212783.87698630133,-42263356.26819089,0.0
2024-12-12 17:00:00,0.0,-212783.87698630133,-42282569.91253177,0.0
2024-12-12 18:00:00,0.0,-212783.87698630133,-42303006.926860616,0.0
2024-12-12 19:00:00,0.0,-212783.87698630133,-42323517.46608623,0.0
2024-12-12 20:00:00,0.0,-212783.87698630133,-42343701.56818166,0.0
2024-12-12 21:00:00,0.0,-212783.87698630133,-42361717.146552116,0.0
2024-12-12 22:00:00,0.0,-212783.87698630133,-42375857.98189456,0.0
2024-12-12 23:00:00,0.0,-212783.87698630133,-42386012.7135144,0.0
2024-12-13 00:00:00,0.0,-212783.87698630133,-42387928.43963958,0.0
2024-12-13 01:00:00,0.0,-212783.87698630133,-42388536.10853656,0.0
2024-12-13 02:00:00,0.0,-212783.87698630133,-42388823.97404145,0.0
2024-12-13 03:00:00,0.0,-212783.87698630133,-42389829.244110346,0.0
2024-12-13 04:00:00,0.0,-212783.87698630133,-42393175.07788769,0.0
2024-12-13 05:00:00,0.0,-212783.87698630133,-42401217.58258242,0.0
2024-12-13 06:00:00,0.0,-212783.87698630133,-42416455.81013905,0.0
2024-12-13 07:00:00,0.0,-212783.87698630133,-42436147.75368999,0.0
2024-12-13 08:00:00,0.0,-212783.87698630133,-42455607.34377443,0.0
2024-12-13 09:00:00,0.0,-212783.87698630133,-42472105.444308184,0.0
2024-12-13 10:00:00,0.0,-212783.87698630133,-42485070.84828777,0.0
2024-12-13 11:00:00,0.0,-212783.87698630133,-42495363.2732109,0.0
2024-12-13 12:00:00,0.0,-212783.87698630133,-42503198.35619438,0.0
2024-12-13 13:00:00,0.0,-212783.87698630133,-42510285.64876899,0.0
2024-12-13 14:00:00,0.0,-212783.87698630133,-42517507.61132972,0.0
2024-12-13 15:00:00,0.0,-212783.87698630133,-42526362.60721807,0.0
2024-12-13 16:00:00,0.0,-212783.87698630133,-42539190.8964117,0.0
2024-12-13 17:00:00,0.0,-212783.87698630133,-42557111.62879487,0.0
2024-12-13 18:00:00,0.0,-212783.87698630133,-42575668.83698147,0.0
2024-12-13 19:00:00,0.0,-212783.87698630133,-42593532.42866035,0.0
2024-12-13 20:00:00,0.0,-212783.87698630133,-42610542.17843073,0.0
2024-12-13 21:00:00,0.0,-212783.87698630133,-42625884.71909312,0.0
2024-12-13 22:00:00,0.0,-212783.87698630133,-42638369.532358974,0.0
2024-12-13 23:00:00,0.0,-212783.87698630133,-42647484.93893962,0.0
2024-12-14 00:00:00,0.0,-212783.87698630133,-42648082.81405369,0.0
2024-12-14 01:00:00,0.0,-212783.87698630133,-42648082.81405369,0.0
2024-12-14 02:00:00,0.0,-212783.87698630133,-42648082.81405369,0.0
2024-12-14 03:00:00,0.0,-212783.87698630133,-42648082.81405369,0.0
2024-12-14 04:00:00,0.0,-212783.87698630133,-42648386.90211869,0.0
2024-12-14 05:00:00,0.0,-212783.87698630133,-42651355.66267462,0.0
2024-12-14 06:00:00,0.0,-212783.87698630133,-42658101.02343579,0.0
2024-12-14 07:00:00,0.0,-212783.87698630133,-42668271.845306545,0.0
2024-12-14 08:00:00,0.0,-212783.87698630133,-42679651.918072894,0.0
2024-12-14 09:00:00,0.0,-212783.87698630133,-42689175.9558096,0.0
2024-12-14 10:00:00,0.0,-212783.87698630133,-42695684.5919838,0.0
2024-12-14 11:00:00,0.0,-212783.87698630133,-42699533.37423467,0.0
2024-12-14 12:00:00,0.0,-212783.87698630133,-42701137.75880732,0.0
2024-12-14 13:00:00,0.0,-212783.87698630133,-42701137.75880732,0.0
2024-12-14 14:00:00,0.0,-212783.87698630133,-42701162.32111347,0.0
2024-12-14 15:00:00,0.0,-212783.87698630133,-42702996.24476581,0.0
2024-12-14 16:00:00,0.0,-212783.87698630133,-42709025.557009175,0.0
2024-12-14 17:00:00,0.0,-212783.87698630133,-42720497.15980543,0.0
2024-12-14 18:00:00,0.0,-212783.87698630133,-42733024.821644686,0.0
2024-12-14 19:00:00,0.0,-212783.87698630133,-42745423.16881036,0.0
2024-12-14 20:00:00,0.0,-212783.87698630133,-42757364.67606119,0.0
2024-12-14 21:00:00,0.0,-212783.87698630133,-42768053.65669069,0.0
2024-12-14 22:00:00,0.0,-212783.87698630133,-42776036.25192177,0.0
2024-12-14 23:00:00,0.0,-212783.87698630133,-42780774.41959158,0.0
2024-12-15 00:00:00,0.0,-212783.87698630133,-42780774.41959158,0.0
2024-12-15 01:00:00,0.0,-212783.87698630133,-42780774.41959158,0.0
2024-12-15 02:00:00,0.0,-212783.87698630133,-42780774.41959158,0.0
2024-12-15 03:00:00,0.0,-212783.87698630133,-42780774.41959158,0.0
2024-12-15 04:00:00,0.0,-212783.87698630133,-42780774.41959158,0.0
2024-12-15 05:00:00,0.0,-212783.87698630133,-42780774.41959158,0.0
2024-12-15 06:00:00,0.0,-212783.87698630133,-42780774.41959158,0.0
2024-12-15 07:00:00,0.0,-212783.87698630133,-42781334.068949096,0.0
2024-12-15 08:00:00,0.0,-212783.87698630133,-42784149.25702588,0.0
2024-12-15 09:00:00,0.0,-212783.87698630133,-42787862.527562484,0.0
2024-12-15 10:00:00,0.0,-212783.87698630133,-42792003.33264667,0.0
2024-12-15 11:00:00,0.0,-212783.87698630133,-42796648.0267609,0.0
2024-12-15 12:00:00,0.0,-212783.87698630133,-42801615.86043477,0.0
2024-12-15 13:00:00,0.0,-212783.87698630133,-42806422.973475754,0.0
2024-12-15 14:00:00,0.0,-212783.87698630133,-42811306.387749724,0.0
2024-12-15 15:00:00,0.0,-212783.87698630133,-42817048.99948098,0.0
2024-12-15 16:00:00,0.0,-212783.87698630133,-42825597.57103916,0.0
2024-12-15 17:00:00,0.0,-212783.87698630133,-42837819.72217843,0.0
2024-12-15 18:00:00,0.0,-212783.87698630133,-42850356.92069178,0.0
2024-12-15 19:00:00,0.0,-212783.87698630133,-42862017.47244091,0.0
2024-12-15 20:00:00,0.0,-212783.87698630133,-42872606.510719284,0.0
2024-12-15 21:00:00,0.0,-212783.87698630133,-42880131.984903105,0.0
2024-12-15 22:00:00,0.0,-212783.87698630133,-42883766.648341954,0.0
2024-12-15 23:00:00,0.0,-212783.87698630133,-42883766.648341954,0.0
2024-12-16 00:00:00,0.0,-212783.87698630133,-42883766.648341954,0.0
2024-12-16 01:00:00,0.0,-212783.87698630133,-42883766.648341954,0.0
2024-12-16 02:00:00,0.0,-212783.87698630133,-42883766.648341954,0.0
2024-12-16 03:00:00,0.0,-212783.87698630133,-42883766.648341954,0.0
2024-12-16 04:00:00,0.0,-212783.87698630133,-42883766.648341954,0.0
2024-12-16 05:00:00,0.0,-212783.87698630133,-42883766.648341954,0.0
2024-12-16 06:00:00,0.0,-212783.87698630133,-42883766.648341954,0.0
2024-12-16 07:00:00,0.0,-212783.87698630133,-42883766.648341954,0.0
2024-12-16 08:00:00,0.0,-212783.87698630133,-42883766.648341954,0.0
2024-12-16 09:00:00,0.0,-212783.87698630133,-42883766.648341954,0.0
2024-12-16 10:00:00,0.0,-212783.87698630133,-42883766.648341954,0.0
2024-12-16 11:00:00,0.0,-212783.87698630133,-42883766.648341954,0.0
2024-12-16 12:00:00,0.0,-212783.87698630133,-42883766.648341954,0.0
2024-12-16 13:00:00,0.0,-212783.87698630133,-42883766.648341954,0.0
2024-12-16 14:00:00,0.0,-212783.87698630133,-42883766.648341954,0.0
2024-12-16 15:00:00,0.0,-212783.87698630133,-42883766.648341954,0.0
2024-12-16 16:00:00,0.0,-212783.87698630133,-42884516.814241275,0.0
2024-12-16 17:00:00,0.0,-212783.87698630133,-42888852.99172864,0.0
2024-12-16 18:00:00,0.0,-212783.87698630133,-42893111.44001214,0.0
2024-12-16 19:00:00,0.0,-212783.87698630133,-42896101.30818082,0.0
2024-12-16 20:00:00,0.0,-212783.87698630133,-42897275.62802709,0.0
2024-12-16 21:00:00,0.0,-212783.87698630133,-42897275.62802709,0.0
2024-12-16 22:00:00,0.0,-212783.87698630133,-42897275.62802709,0.0
2024-12-16 23:00:00,0.0,-212783.87698630133,-42897275.62802709,0.0
2024-12-17 00:00:00,0.0,-212783.87698630133,-42897275.62802709,0.0
2024-12-17 01:00:00,0.0,-212783.87698630133,-42897275.62802709,0.0
2024-12-17 02:00:00,0.0,-212783.87698630133,-42897275.62802709,0.0
2024-12-17 03:00:00,0.0,-212783.87698630133,-42897275.62802709,0.0
2024-12-17 04:00:00,0.0,-212783.87698630133,-42897275.62802709,0.0
2024-12-17 05:00:00,0.0,-212783.87698630133,-42897275.62802709,0.0
2024-12-17 06:00:00,0.0,-212783.87698630133,-42897275.62802709,0.0
2024-12-17 07:00:00,0.0,-212783.87698630133,-42897275.62802709,0.0
2024-12-17 08:00:00,0.0,-212783.87698630133,-42897275.62802709,0.0
2024-12-17 09:00:00,0.0,-212783.87698630133,-42897275.62802709,0.0
2024-12-17 10:00:00,0.0,-212783.87698630133,-42897275.62802709,0.0
2024-12-17 11:00:00,0.0,-212783.87698630133,-42897275.62802709,0.0
2024-12-17 12:00:00,0.0,-212783.87698630133,-42897275.62802709,0.0
2024-12-17 13:00:00,0.0,-212783.87698630133,-42897275.62802709,0.0
2024-12-17 14:00:00,0.0,-212783.87698630133,-42897275.62802709,0.0
2024-12-17 15:00:00,0.0,-212783.87698630133,-42897275.62802709,0.0
2024-12-17 16:00:00,0.0,-212783.87698630133,-42897275.62802709,0.0
2024-12-17 17:00:00,0.0,-212783.87698630133,-42897275.62802709,0.0
2024-12-17 18:00:00,0.0,-212783.87698630133,-42898898.044034846,0.0
2024-12-17 19:00:00,0.0,-212783.87698630133,-42900321.725188605,0.0
2024-12-17 20:00:00,0.0,-212783.87698630133,-42901302.439077556,0.0
2024-12-17 21:00:00,0.0,-212783.87698630133,-42901302.439077556,0.0
2024-12-17 22:00:00,0.0,-212783.87698630133,-42901302.439077556,0.0
2024-12-17 23:00:00,0.0,-212783.87698630133,-42901302.439077556,0.0
2024-12-18 00:00:00,0.0,-212783.87698630133,-42901302.439077556,0.0
2024-12-18 01:00:00,0.0,-212783.87698630133,-42901302.439077556,0.0
2024-12-18 02:00:00,0.0,-212783.87698630133,-42901302.439077556,0.0
2024-12-18 03:00:00,0.0,-212783.87698630133,-42901302.439077556,0.0
2024-12-18 04:00:00,0.0,-213052.57643835613,-42901302.439077556,0.0
2024-12-18 05:00:00,0.0,-213052.57643835613,-42901302.439077556,0.0
2024-12-18 06:00:00,0.0,-213052.57643835613,-42901302.439077556,0.0
2024-12-18 07:00:00,0.0,-213052.57643835613,-42903460.27272313,0.0
2024-12-18 08:00:00,0.0,-213052.57643835613,-42905661.285851985,0.0
2024-12-18 09:00:00,0.0,-213052.57643835613,-42905661.285851985,0.0
2024-12-18 10:00:00,0.0,-213052.57643835613,-42905661.285851985,0.0
2024-12-18 11:00:00,0.0,-213052.57643835613,-42905661.285851985,0.0
2024-12-18 12:00:00,0.0,-213052.57643835613,-42905661.285851985,0.0
2024-12-18 13:00:00,0.0,-213052.57643835613,-42905661.285851985,0.0
2024-12-18 14:00:00,0.0,-213052.57643835613,-42905661.285851985,0.0
2024-12-18 15:00:00,0.0,-213052.57643835613,-42905805.51965215,0.0
2024-12-18 16:00:00,0.0,-213052.57643835613,-42908639.02973851,0.0
2024-12-18 17:00:00,0.0,-213052.57643835613,-42915131.711438954,0.0
2024-12-18 18:00:00,0.0,-213052.57643835613,-42921717.32619653,0.0
2024-12-18 19:00:00,0.0,-213052.57643835613,-42927622.49280792,0.0
2024-12-18 20:00:00,0.0,-213052.57643835613,-42932262.67807716,0.0
2024-12-18 21:00:00,0.0,-213052.57643835613,-42934526.18684491,0.0
2024-12-18 22:00:00,0.0,-213052.57643835613,-42934526.18684491,0.0
2024-12-18 23:00:00,0.0,-213052.57643835613,-42934526.18684491,0.0
2024-12-19 00:00:00,0.0,-213052.57643835613,-42934526.18684491,0.0
2024-12-19 01:00:00,0.0,-213052.57643835613,-42934526.18684491,0.0
2024-12-19 02:00:00,0.0,-213052.57643835613,-42934526.18684491,0.0
2024-12-19 03:00:00,0.0,-213052.57643835613,-42934526.18684491,0.0
2024-12-19 04:00:00,0.0,-213052.57643835613,-42934526.18684491,0.0
2024-12-19 05:00:00,0.0,-213052.57643835613,-42934526.18684491,0.0
2024-12-19 06:00:00,0.0,-213052.57643835613,-42934526.18684491,0.0
2024-12-19 07:00:00,0.0,-213052.57643835613,-42938753.694316074,0.0
2024-12-19 08:00:00,0.0,-213052.57643835613,-42943392.66023349,0.0
2024-12-19 09:00:00,0.0,-213052.57643835613,-42946685.62368518,0.0
2024-12-19 10:00:00,0.0,-213052.57643835613,-42949290.03182013,0.0
2024-12-19 11:00:00,0.0,-213052.57643835613,-42951070.233877525,0.0
2024-12-19 12:00:00,0.0,-213052.57643835613,-42951635.47481971,0.0
2024-12-19 13:00:00,0.0,-213052.57643835613,-42952222.88854224,0.0
2024-12-19 14:00:00,0.0,-213052.57643835613,-42953414.490632325,0.0
2024-12-19 15:00:00,0.0,-213052.57643835613,-42956349.17064531,0.0
2024-12-19 16:00:00,0.0,-213052.57643835613,-42963100.683866546,0.0
2024-12-19 17:00:00,0.0,-213052.57643835613,-42974745.64252383,0.0
2024-12-19 18:00:00,0.0,-213052.57643835613,-42987210.50641328,0.0
2024-12-19 19:00:00,0.0,-213052.57643835613,-42999261.57289882,0.0
2024-12-19 20:00:00,0.0,-213052.57643835613,-43010765.966242895,0.0
2024-12-19 21:00:00,0.0,-213052.57643835613,-43020183.62622301,0.0
2024-12-19 22:00:00,0.0,-213052.57643835613,-43025537.29598558,0.0
2024-12-19 23:00:00,0.0,-213052.57643835613,-43026680.509085275,0.0
2024-12-20 00:00:00,0.0,-213052.57643835613,-43026680.509085275,0.0
2024-12-20 01:00:00,0.0,-213052.57643835613,-43026680.509085275,0.0
2024-12-20 02:00:00,0.0,-213052.57643835613,-43026680.509085275,0.0
2024-12-20 03:00:00,0.0,-213052.57643835613,-43026680.509085275,0.0
2024-12-20 04:00:00,0.0,-213052.57643835613,-43026680.509085275,0.0
2024-12-20 05:00:00,0.0,-213052.57643835613,-43026680.509085275,0.0
2024-12-20 06:00:00,0.0,-213052.57643835613,-43029066.01847094,0.0
2024-12-20 07:00:00,0.0,-213052.57643835613,-43036611.46125493,0.0
2024-12-20 08:00:00,0.0,-213052.57643835613,-43046183.28039562,0.0
2024-12-20 09:00:00,0.0,-213052.57643835613,-43056541.82066322,0.0
2024-12-20 10:00:00,0.0,-213052.57643835613,-43067338.322254,0.0
2024-12-20 11:00:00,0.0,-213052.57643835613,-43077718.91398024,0.0
2024-12-20 12:00:00,0.0,-213052.57643835613,-43087592.6060073,0.0
2024-12-20 13:00:00,0.0,-213052.57643835613,-43097487.28210722,0.0
2024-12-20 14:00:00,0.0,-213052.57643835613,-43107051.69139612,0.0
2024-12-20 15:00:00,0.0,-213052.57643835613,-43117085.43952056,0.0
2024-12-20 16:00:00,0.0,-213052.57643835613,-43129511.9792555,0.0
2024-12-20 17:00:00,0.0,-213052.57643835613,-43145286.600473955,0.0
2024-12-20 18:00:00,0.0,-213052.57643835613,-43161047.4194459,0.0
2024-12-20 19:00:00,0.0,-213052.57643835613,-43175695.3674207,0.0
2024-12-20 20:00:00,0.0,-213052.57643835613,-43189466.17844463,0.0
2024-12-20 21:00:00,0.0,-213052.57643835613,-43201378.37636135,0.0
2024-12-20 22:00:00,0.0,-213052.57643835613,-43210089.26093986,0.0
2024-12-20 23:00:00,0.0,-213052.57643835613,-43215190.89307059,0.0
2024-12-21 00:00:00,0.0,-213052.57643835613,-43215190.89307059,0.0
2024-12-21 01:00:00,0.0,-213052.57643835613,-43215190.89307059,0.0
2024-12-21 02:00:00,0.0,-213052.57643835613,-43215190.89307059,0.0
2024-12-21 03:00:00,0.0,-213052.57643835613,-43215190.89307059,0.0
2024-12-21 04:00:00,0.0,-213052.57643835613,-43215190.89307059,0.0
2024-12-21 05:00:00,0.0,-213052.57643835613,-43215190.89307059,0.0
2024-12-21 06:00:00,0.0,-213052.57643835613,-43215995.12169181,0.0
2024-12-21 07:00:00,0.0,-213052.57643835613,-43220807.99852481,0.0
2024-12-21 08:00:00,0.0,-213052.57643835613,-43228287.75899104,0.0
2024-12-21 09:00:00,0.0,-213052.57643835613,-43236276.52681017,0.0
2024-12-21 10:00:00,0.0,-213052.57643835613,-43243947.30671569,0.0
2024-12-21 11:00:00,0.0,-213052.57643835613,-43250965.97668558,0.0
2024-12-21 12:00:00,0.0,-213052.57643835613,-43257298.27965525,0.0
2024-12-21 13:00:00,0.0,-213052.57643835613,-43263104.81467768,0.0
2024-12-21 14:00:00,0.0,-213052.57643835613,-43269361.02749345,0.0
2024-12-21 15:00:00,0.0,-213052.57643835613,-43277255.20047053,0.0
2024-12-21 16:00:00,0.0,-213052.57643835613,-43289274.44187123,0.0
2024-12-21 17:00:00,0.0,-213052.57643835613,-43307048.67440056,0.0
2024-12-21 18:00:00,0.0,-213052.57643835613,-43326470.62298723,0.0
2024-12-21 19:00:00,0.0,-213052.57643835613,-43345977.80174523,0.0
2024-12-21 20:00:00,0.0,-213052.57643835613,-43365369.500060126,0.0
2024-12-21 21:00:00,0.0,-213052.57643835613,-43383513.76774066,0.0
2024-12-21 22:00:00,0.0,-213052.57643835613,-43399398.39917188,0.0
2024-12-21 23:00:00,0.0,-213052.57643835613,-43412482.91640189,0.0
2024-12-22 00:00:00,0.0,-213052.57643835613,-43417995.56807617,0.0
2024-12-22 01:00:00,0.0,-213052.57643835613,-43422376.88293701,0.0
2024-12-22 02:00:00,0.0,-213052.57643835613,-43426497.475335695,0.0
2024-12-22 03:00:00,0.0,-213052.57643835613,-43431021.87254955,0.0
2024-12-22 04:00:00,0.0,-213052.57643835613,-43436961.509132944,0.0
2024-12-22 05:00:00,0.0,-213052.57643835613,-43445221.72089374,0.0
2024-12-22 06:00:00,0.0,-213052.57643835613,-43457001.73846986,0.0
2024-12-22 07:00:00,0.0,-213052.57643835613,-43472581.68047902,0.0
2024-12-22 08:00:00,0.0,-213052.57643835613,-43489567.54621283,0.0
2024-12-22 09:00:00,0.0,-213052.57643835613,-43504541.20784451,0.0
2024-12-22 10:00:00,0.0,-213052.57643835613,-43516997.40211726,0.0
2024-12-22 11:00:00,0.0,-213052.57643835613,-43527326.72147819,0.0
2024-12-22 12:00:00,0.0,-213052.57643835613,-43535967.604620315,0.0
2024-12-22 13:00:00,0.0,-213052.57643835613,-43543404.326392435,0.0
2024-12-22 14:00:00,0.0,-213052.57643835613,-43550849.98703406,0.0
2024-12-22 15:00:00,0.0,-213052.57643835613,-43560220.500689596,0.0
2024-12-22 16:00:00,0.0,-213052.57643835613,-43574679.583152846,0.0
2024-12-22 17:00:00,0.0,-213052.57643835613,-43596419.73878949,0.0
2024-12-22 18:00:00,0.0,-213052.57643835613,-43620614.24658173,0.0
2024-12-22 19:00:00,0.0,-213052.57643835613,-43645745.145235226,0.0
2024-12-22 20:00:00,0.0,-213052.57643835613,-43671090.21728461,0.0
2024-12-22 21:00:00,0.0,-213052.57643835613,-43695304.97212931,0.0
2024-12-22 22:00:00,0.0,-213052.57643835613,-43716747.6279266,0.0
2024-12-22 23:00:00,0.0,-213052.57643835613,-43735175.092264205,0.0
2024-12-23 00:00:00,0.0,-213052.57643835613,-43736790.429066874,0.0
2024-12-23 01:00:00,0.0,-213052.57643835613,-43737564.251376584,0.0
2024-12-23 02:00:00,0.0,-213052.57643835613,-43738402.600024536,0.0
2024-12-23 03:00:00,0.0,-213052.57643835613,-43740155.456330195,0.0
2024-12-23 04:00:00,0.0,-213052.57643835613,-43744188.738274746,0.0
2024-12-23 05:00:00,0.0,-213052.57643835613,-43752709.29642255,0.0
2024-12-23 06:00:00,0.0,-213052.57643835613,-43766868.90957355,0.0
2024-12-23 07:00:00,0.0,-213052.57643835613,-43785480.280128725,0.0
2024-12-23 08:00:00,0.0,-213052.57643835613,-43804429.02914927,0.0
2024-12-23 09:00:00,0.0,-213052.57643835613,-43819942.69108883,0.0
2024-12-23 10:00:00,0.0,-213052.57643835613,-43831775.70817693,0.0
2024-12-23 11:00:00,0.0,-213052.57643835613,-43840264.42443003,0.0
2024-12-23 12:00:00,0.0,-213052.57643835613,-43846045.07926512,0.0
2024-12-23 13:00:00,0.0,-213052.57643835613,-43850209.80068913,0.0
2024-12-23 14:00:00,0.0,-213052.57643835613,-43853655.59803541,0.0
2024-12-23 15:00:00,0.0,-213052.57643835613,-43858327.35421676,0.0
2024-12-23 16:00:00,0.0,-213052.57643835613,-43866638.81746236,0.0
2024-12-23 17:00:00,0.0,-213052.57643835613,-43880174.59250359,0.0
2024-12-23 18:00:00,0.0,-213052.57643835613,-43894304.131171554,0.0
2024-12-23 19:00:00,0.0,-213052.57643835613,-43907590.72236637,0.0
2024-12-23 20:00:00,0.0,-213052.57643835613,-43920066.48135566,0.0
2024-12-23 21:00:00,0.0,-213052.57643835613,-43930329.33835674,0.0
2024-12-23 22:00:00,0.0,-213052.57643835613,-43936933.02635389,0.0
2024-12-23 23:00:00,0.0,-213052.57643835613,-43939582.06809868,0.0
2024-12-24 00:00:00,0.0,-213052.57643835613,-43939582.06809868,0.0
2024-12-24 01:00:00,0.0,-213052.57643835613,-43939582.06809868,0.0
2024-12-24 02:00:00,0.0,-213052.57643835613,-43939582.06809868,0.0
2024-12-24 03:00:00,0.0,-213052.57643835613,-43939582.06809868,0.0
2024-12-24 04:00:00,0.0,-213052.57643835613,-43939582.06809868,0.0
2024-12-24 05:00:00,0.0,-213052.57643835613,-43939582.06809868,0.0
2024-12-24 06:00:00,0.0,-213052.57643835613,-43939582.06809868,0.0
2024-12-24 07:00:00,0.0,-213052.57643835613,-43940372.20182617,0.0
2024-12-24 08:00:00,0.0,-213052.57643835613,-43943132.621934384,0.0
2024-12-24 09:00:00,0.0,-213052.57643835613,-43946866.6679435,0.0
2024-12-24 10:00:00,0.0,-213052.57643835613,-43950404.57447536,0.0
2024-12-24 11:00:00,0.0,-213052.57643835613,-43952708.4644227,0.0
2024-12-24 12:00:00,0.0,-213052.57643835613,-43952803.34166411,0.0
2024-12-24 13:00:00,0.0,-213052.57643835613,-43952803.34166411,0.0
2024-12-24 14:00:00,0.0,-213052.57643835613,-43952803.34166411,0.0
2024-12-24 15:00:00,0.0,-213052.57643835613,-43952803.34166411,0.0
2024-12-24 16:00:00,0.0,-213052.57643835613,-43952803.34166411,0.0
2024-12-24 17:00:00,0.0,-213052.57643835613,-43954332.474169776,0.0
2024-12-24 18:00:00,0.0,-213052.57643835613,-43954642.64455623,0.0
2024-12-24 19:00:00,0.0,-213052.57643835613,-43954642.64455623,0.0
2024-12-24 20:00:00,0.0,-213052.57643835613,-43954642.64455623,0.0
2024-12-24 21:00:00,0.0,-213052.57643835613,-43954642.64455623,0.0
2024-12-24 22:00:00,0.0,-213052.57643835613,-43954642.64455623,0.0
2024-12-24 23:00:00,0.0,-213052.57643835613,-43954642.64455623,0.0
2024-12-25 00:00:00,0.0,-213052.57643835613,-43954642.64455623,0.0
2024-12-25 01:00:00,0.0,-213052.57643835613,-43954642.64455623,0.0
2024-12-25 02:00:00,0.0,-213052.57643835613,-43954642.64455623,0.0
2024-12-25 03:00:00,0.0,-213052.57643835613,-43954642.64455623,0.0
2024-12-25 04:00:00,0.0,-213052.57643835613,-43954642.64455623,0.0
2024-12-25 05:00:00,0.0,-213052.57643835613,-43954642.64455623,0.0
2024-12-25 06:00:00,0.0,-213052.57643835613,-43954642.64455623,0.0
2024-12-25 07:00:00,0.0,-213052.57643835613,-43954642.64455623,0.0
2024-12-25 08:00:00,0.0,-213052.57643835613,-43954642.64455623,0.0
2024-12-25 09:00:00,0.0,-213052.57643835613,-43954642.64455623,0.0
2024-12-25 10:00:00,0.0,-213052.57643835613,-43954642.64455623,0.0
2024-12-25 11:00:00,0.0,-213052.57643835613,-43954642.64455623,0.0
2024-12-25 12:00:00,0.0,-213052.57643835613,-43954642.64455623,0.0
2024-12-25 13:00:00,0.0,-213052.57643835613,-43954642.64455623,0.0
2024-12-25 14:00:00,0.0,-213052.57643835613,-43954642.64455623,0.0
2024-12-25 15:00:00,0.0,-213052.57643835613,-43954642.64455623,0.0
2024-12-25 16:00:00,0.0,-213052.57643835613,-43954642.64455623,0.0
2024-12-25 17:00:00,0.0,-213052.57643835613,-43954642.64455623,0.0
2024-12-25 18:00:00,0.0,-213052.57643835613,-43954642.64455623,0.0
2024-12-25 19:00:00,0.0,-213052.57643835613,-43954642.64455623,0.0
2024-12-25 20:00:00,0.0,-213052.57643835613,-43954642.64455623,0.0
2024-12-25 21:00:00,0.0,-213052.57643835613,-43954642.64455623,0.0
2024-12-25 22:00:00,0.0,-213052.57643835613,-43954642.64455623,0.0
2024-12-25 23:00:00,0.0,-213052.57643835613,-43954642.64455623,0.0
2024-12-26 00:00:00,0.0,-213052.57643835613,-43954642.64455623,0.0
2024-12-26 01:00:00,0.0,-213052.57643835613,-43954642.64455623,0.0
2024-12-26 02:00:00,0.0,-213052.57643835613,-43954642.64455623,0.0
2024-12-26 03:00:00,0.0,-213052.57643835613,-43954642.64455623,0.0
2024-12-26 04:00:00,0.0,-213052.57643835613,-43954642.64455623,0.0
2024-12-26 05:00:00,0.0,-213052.57643835613,-43954642.64455623,0.0
2024-12-26 06:00:00,0.0,-213052.57643835613,-43954642.64455623,0.0
2024-12-26 07:00:00,0.0,-213052.57643835613,-43955085.865687005,0.0
2024-12-26 08:00:00,0.0,-213052.57643835613,-43957510.89640407,0.0
2024-12-26 09:00:00,0.0,-213052.57643835613,-43960264.602132455,0.0
2024-12-26 10:00:00,0.0,-213052.57643835613,-43962588.71244671,0.0
2024-12-26 11:00:00,0.0,-213052.57643835613,-43964025.812177844,0.0
2024-12-26 12:00:00,0.0,-213052.57643835613,-43964191.33192641,0.0
2024-12-26 13:00:00,0.0,-213052.57643835613,-43964191.33192641,0.0
2024-12-26 14:00:00,0.0,-213052.57643835613,-43964191.33192641,0.0
2024-12-26 15:00:00,0.0,-213052.57643835613,-43964191.33192641,0.0
2024-12-26 16:00:00,0.0,-213052.57643835613,-43966602.384371184,0.0
2024-12-26 17:00:00,0.0,-213052.57643835613,-43974121.31746924,0.0
2024-12-26 18:00:00,0.0,-213052.57643835613,-43982569.398531266,0.0
2024-12-26 19:00:00,0.0,-213052.57643835613,-43990614.65385239,0.0
2024-12-26 20:00:00,0.0,-213052.57643835613,-43997889.85276958,0.0
2024-12-26 21:00:00,0.0,-213052.57643835613,-44003369.49064616,0.0
2024-12-26 22:00:00,0.0,-213052.57643835613,-44005822.7707102,0.0
2024-12-26 23:00:00,0.0,-213052.57643835613,-44005822.7707102,0.0
2024-12-27 00:00:00,0.0,-213052.57643835613,-44005822.7707102,0.0
2024-12-27 01:00:00,0.0,-213052.57643835613,-44005822.7707102,0.0
2024-12-27 02:00:00,0.0,-213052.57643835613,-44005822.7707102,0.0
2024-12-27 03:00:00,0.0,-213052.57643835613,-44005822.7707102,0.0
2024-12-27 04:00:00,0.0,-213052.57643835613,-44005822.7707102,0.0
2024-12-27 05:00:00,0.0,-213052.57643835613,-44005822.7707102,0.0
2024-12-27 06:00:00,0.0,-213052.57643835613,-44005822.7707102,0.0
2024-12-27 07:00:00,0.0,-213052.57643835613,-44009785.4551056,0.0
2024-12-27 08:00:00,0.0,-213052.57643835613,-44015131.44291549,0.0
2024-12-27 09:00:00,0.0,-213052.57643835613,-44019877.31231237,0.0
2024-12-27 10:00:00,0.0,-213052.57643835613,-44022957.48679317,0.0
2024-12-27 11:00:00,0.0,-213052.57643835613,-44023974.22502818,0.0
2024-12-27 12:00:00,0.0,-213052.57643835613,-44023974.22502818,0.0
2024-12-27 13:00:00,0.0,-213052.57643835613,-44023974.22502818,0.0
2024-12-27 14:00:00,0.0,-213052.57643835613,-44023974.22502818,0.0
2024-12-27 15:00:00,0.0,-213052.57643835613,-44023974.22502818,0.0
2024-12-27 16:00:00,0.0,-213052.57643835613,-44026410.09304035,0.0
2024-12-27 17:00:00,0.0,-213052.57643835613,-44032787.95537377,0.0
2024-12-27 18:00:00,0.0,-213052.57643835613,-44038838.569421105,0.0
2024-12-27 19:00:00,0.0,-213052.57643835613,-44043560.41779679,0.0
2024-12-27 20:00:00,0.0,-213052.57643835613,-44046799.690120615,0.0
2024-12-27 21:00:00,0.0,-213052.57643835613,-44047615.263573244,0.0
2024-12-27 22:00:00,0.0,-213052.57643835613,-44047615.263573244,0.0
2024-12-27 23:00:00,0.0,-213052.57643835613,-44047615.263573244,0.0
2024-12-28 00:00:00,0.0,-213052.57643835613,-44047615.263573244,0.0
2024-12-28 01:00:00,0.0,-213052.57643835613,-44047615.263573244,0.0
2024-12-28 02:00:00,0.0,-213052.57643835613,-44047615.263573244,0.0
2024-12-28 03:00:00,0.0,-213052.57643835613,-44047615.263573244,0.0
2024-12-28 04:00:00,0.0,-213052.57643835613,-44047615.263573244,0.0
2024-12-28 05:00:00,0.0,-213052.57643835613,-44047615.263573244,0.0
2024-12-28 06:00:00,0.0,-213052.57643835613,-44047615.263573244,0.0
2024-12-28 07:00:00,0.0,-213052.57643835613,-44047615.263573244,0.0
2024-12-28 08:00:00,0.0,-213052.57643835613,-44047615.263573244,0.0
2024-12-28 09:00:00,0.0,-213052.57643835613,-44047615.263573244,0.0
2024-12-28 10:00:00,0.0,-213052.57643835613,-44047615.263573244,0.0
2024-12-28 11:00:00,0.0,-213052.57643835613,-44047615.263573244,0.0
2024-12-28 12:00:00,0.0,-213052.57643835613,-44047615.263573244,0.0
2024-12-28 13:00:00,0.0,-213052.57643835613,-44047615.263573244,0.0
2024-12-28 14:00:00,0.0,-213052.57643835613,-44047615.263573244,0.0
2024-12-28 15:00:00,0.0,-213052.57643835613,-44047615.263573244,0.0
2024-12-28 16:00:00,0.0,-213052.57643835613,-44047615.263573244,0.0
2024-12-28 17:00:00,0.0,-213052.57643835613,-44047615.263573244,0.0
2024-12-28 18:00:00,0.0,-213052.57643835613,-44047615.263573244,0.0
2024-12-28 19:00:00,0.0,-213052.57643835613,-44047615.263573244,0.0
2024-12-28 20:00:00,0.0,-213052.57643835613,-44047615.263573244,0.0
2024-12-28 21:00:00,0.0,-213052.57643835613,-44047615.263573244,0.0
2024-12-28 22:00:00,0.0,-213052.57643835613,-44047615.263573244,0.0
2024-12-28 23:00:00,0.0,-213052.57643835613,-44047615.263573244,0.0
2024-12-29 00:00:00,0.0,-213052.57643835613,-44047615.263573244,0.0
2024-12-29 01:00:00,0.0,-213052.57643835613,-44047615.263573244,0.0
2024-12-29 02:00:00,0.0,-213052.57643835613,-44047615.263573244,0.0
2024-12-29 03:00:00,0.0,-213052.57643835613,-44047615.263573244,0.0
2024-12-29 04:00:00,0.0,-213052.57643835613,-44047615.263573244,0.0
2024-12-29 05:00:00,0.0,-213052.57643835613,-44047615.263573244,0.0
2024-12-29 06:00:00,0.0,-213052.57643835613,-44047615.263573244,0.0
2024-12-29 07:00:00,0.0,-213052.57643835613,-44047615.263573244,0.0
2024-12-29 08:00:00,0.0,-213052.57643835613,-44047615.263573244,0.0
2024-12-29 09:00:00,0.0,-213052.57643835613,-44047615.263573244,0.0
2024-12-29 10:00:00,0.0,-213052.57643835613,-44047615.263573244,0.0
2024-12-29 11:00:00,0.0,-213052.57643835613,-44047615.263573244,0.0
2024-12-29 12:00:00,0.0,-213052.57643835613,-44047615.263573244,0.0
2024-12-29 13:00:00,0.0,-213052.57643835613,-44047615.263573244,0.0
2024-12-29 14:00:00,0.0,-213052.57643835613,-44047615.263573244,0.0
2024-12-29 15:00:00,0.0,-213052.57643835613,-44047615.263573244,0.0
2024-12-29 16:00:00,0.0,-213052.57643835613,-44047615.263573244,0.0
2024-12-29 17:00:00,0.0,-213052.57643835613,-44047615.263573244,0.0
2024-12-29 18:00:00,0.0,-213052.57643835613,-44047615.263573244,0.0
2024-12-29 19:00:00,0.0,-213052.57643835613,-44047615.263573244,0.0
2024-12-29 20:00:00,0.0,-213052.57643835613,-44047615.263573244,0.0
2024-12-29 21:00:00,0.0,-213052.57643835613,-44047615.263573244,0.0
2024-12-29 22:00:00,0.0,-213052.57643835613,-44047615.263573244,0.0
2024-12-29 23:00:00,0.0,-213052.57643835613,-44047615.263573244,0.0
2024-12-30 00:00:00,0.0,-213052.57643835613,-44047615.263573244,0.0
2024-12-30 01:00:00,0.0,-213052.57643835613,-44047615.263573244,0.0
2024-12-30 02:00:00,0.0,-213052.57643835613,-44047615.263573244,0.0
2024-12-30 03:00:00,0.0,-213052.57643835613,-44047615.263573244,0.0
2024-12-30 04:00:00,0.0,-213052.57643835613,-44047615.263573244,0.0
2024-12-30 05:00:00,0.0,-213052.57643835613,-44047615.263573244,0.0
2024-12-30 06:00:00,0.0,-213052.57643835613,-44047615.263573244,0.0
2024-12-30 07:00:00,0.0,-213052.57643835613,-44047615.263573244,0.0
2024-12-30 08:00:00,0.0,-213052.57643835613,-44047615.263573244,0.0
2024-12-30 09:00:00,0.0,-213052.57643835613,-44047615.263573244,0.0
2024-12-30 10:00:00,0.0,-213052.57643835613,-44047615.263573244,0.0
2024-12-30 11:00:00,0.0,-213052.57643835613,-44047615.263573244,0.0
2024-12-30 12:00:00,0.0,-213052.57643835613,-44047615.263573244,0.0
2024-12-30 13:00:00,0.0,-213052.57643835613,-44047615.263573244,0.0
2024-12-30 14:00:00,0.0,-213052.57643835613,-44047615.263573244,0.0
2024-12-30 15:00:00,0.0,-213052.57643835613,-44047615.263573244,0.0
2024-12-30 16:00:00,0.0,-213052.57643835613,-44047615.263573244,0.0
2024-12-30 17:00:00,0.0,-213052.57643835613,-44047615.263573244,0.0
2024-12-30 18:00:00,0.0,-213052.57643835613,-44047615.263573244,0.0
2024-12-30 19:00:00,0.0,-213052.57643835613,-44047615.263573244,0.0
2024-12-30 20:00:00,0.0,-213052.57643835613,-44047615.263573244,0.0
2024-12-30 21:00:00,0.0,-213052.57643835613,-44047615.263573244,0.0
2024-12-30 22:00:00,0.0,-213052.57643835613,-44047615.263573244,0.0
2024-12-30 23:00:00,0.0,-213052.57643835613,-44047615.263573244,0.0
2024-12-31 00:00:00,0.0,-213052.57643835613,-44047615.263573244,0.0
2024-12-31 01:00:00,0.0,-213052.57643835613,-44047615.263573244,0.0
2024-12-31 02:00:00,0.0,-213185.57643835613,-44047615.263573244,0.0
2024-12-31 03:00:00,0.0,-213276.45506849312,-44047615.263573244,0.0
2024-12-31 04:00:00,0.0,-213641.8019178082,-44047615.263573244,0.0
2024-12-31 05:00:00,0.0,-214982.72191780817,-44047615.263573244,0.0
2024-12-31 06:00:00,0.0,-220044.96301369858,-44047615.263573244,0.0
2024-12-31 07:00:00,0.0,-222712.96301369858,-44047615.263573244,0.0
2024-12-31 08:00:00,0.0,-228259.20849315065,-44047615.263573244,0.0
2024-12-31 09:00:00,0.0,-230297.83726027393,-44047615.263573244,0.0
2024-12-31 10:00:00,0.0,-232529.83726027393,-44047615.263573244,0.0
2024-12-31 11:00:00,0.0,-234414.41178082186,-44047615.263573244,0.0
2024-12-31 12:00:00,0.0,-236665.7657534246,-44047615.263573244,0.0
2024-12-31 13:00:00,0.0,-239298.62219178077,-44047615.263573244,0.0
2024-12-31 14:00:00,0.0,-241184.8646575342,-44047615.263573244,0.0
2024-12-31 15:00:00,0.0,-241184.8646575342,-44047615.263573244,0.0
2024-12-31 16:00:00,0.0,-241644.13917808214,-44047615.263573244,0.0
2024-12-31 17:00:00,0.0,-241644.13917808214,-44047615.263573244,0.0
2024-12-31 18:00:00,0.0,-241644.13917808214,-44047615.263573244,0.0
2024-12-31 19:00:00,0.0,-241644.13917808214,-44047615.263573244,0.0
2024-12-31 20:00:00,0.0,-241644.13917808214,-44047615.263573244,0.0
2024-12-31 21:00:00,0.0,-241644.13917808214,-44047615.263573244,0.0
2024-12-31 22:00:00,0.0,-241644.13917808214,-44047615.263573244,0.0
2024-12-31 23:00:00,0.0,-241644.13917808214,-44047615.263573244,0.0
