Time,MW
2024-01-01 01:00:00-05:00,178974
2024-01-01 02:00:00-05:00,178873
2024-01-01 03:00:00-05:00,178157
2024-01-01 04:00:00-05:00,178015
2024-01-01 05:00:00-05:00,178353
2024-01-01 06:00:00-05:00,178458
2024-01-01 07:00:00-05:00,178802
2024-01-01 08:00:00-05:00,179196
2024-01-01 09:00:00-05:00,179439
2024-01-01 10:00:00-05:00,178730
2024-01-01 11:00:00-05:00,177994
2024-01-01 12:00:00-05:00,177404
2024-01-01 13:00:00-05:00,176837
2024-01-01 14:00:00-05:00,176522
2024-01-01 15:00:00-05:00,176475
2024-01-01 16:00:00-05:00,176739
2024-01-01 17:00:00-05:00,176786
2024-01-01 18:00:00-05:00,177009
2024-01-01 19:00:00-05:00,180046
2024-01-01 20:00:00-05:00,180645
2024-01-01 21:00:00-05:00,180722
2024-01-01 22:00:00-05:00,180235
2024-01-01 23:00:00-05:00,180338
2024-01-02 00:00:00-05:00,177398
2024-01-02 01:00:00-05:00,177376
2024-01-02 02:00:00-05:00,178195
2024-01-02 03:00:00-05:00,178169
2024-01-02 04:00:00-05:00,178395
2024-01-02 05:00:00-05:00,179103
2024-01-02 06:00:00-05:00,179486
2024-01-02 07:00:00-05:00,180350
2024-01-02 08:00:00-05:00,182114
2024-01-02 09:00:00-05:00,183358
2024-01-02 10:00:00-05:00,183138
2024-01-02 11:00:00-05:00,183050
2024-01-02 12:00:00-05:00,183342
2024-01-02 13:00:00-05:00,183103
2024-01-02 14:00:00-05:00,182729
2024-01-02 15:00:00-05:00,182115
2024-01-02 16:00:00-05:00,180598
2024-01-02 17:00:00-05:00,180211
2024-01-02 18:00:00-05:00,180007
2024-01-02 19:00:00-05:00,179065
2024-01-02 20:00:00-05:00,178681
2024-01-02 21:00:00-05:00,178566
2024-01-02 22:00:00-05:00,178804
2024-01-02 23:00:00-05:00,178868
2024-01-03 00:00:00-05:00,176882
2024-01-03 01:00:00-05:00,176250
2024-01-03 02:00:00-05:00,176305
2024-01-03 03:00:00-05:00,176192
2024-01-03 04:00:00-05:00,175691
2024-01-03 05:00:00-05:00,175878
2024-01-03 06:00:00-05:00,176084
2024-01-03 07:00:00-05:00,176144
2024-01-03 08:00:00-05:00,177347
2024-01-03 09:00:00-05:00,177911
2024-01-03 10:00:00-05:00,177552
2024-01-03 11:00:00-05:00,176908
2024-01-03 12:00:00-05:00,176866
2024-01-03 13:00:00-05:00,176998
2024-01-03 14:00:00-05:00,176201
2024-01-03 15:00:00-05:00,175680
2024-01-03 16:00:00-05:00,175930
2024-01-03 17:00:00-05:00,176011
2024-01-03 18:00:00-05:00,176877
2024-01-03 19:00:00-05:00,179411
2024-01-03 20:00:00-05:00,178700
2024-01-03 21:00:00-05:00,178772
2024-01-03 22:00:00-05:00,178718
2024-01-03 23:00:00-05:00,179097
2024-01-04 00:00:00-05:00,176057
2024-01-04 01:00:00-05:00,175723
2024-01-04 02:00:00-05:00,175668
2024-01-04 03:00:00-05:00,175805
2024-01-04 04:00:00-05:00,176049
2024-01-04 05:00:00-05:00,176600
2024-01-04 06:00:00-05:00,176861
2024-01-04 07:00:00-05:00,177019
2024-01-04 08:00:00-05:00,177793
2024-01-04 09:00:00-05:00,178223
2024-01-04 10:00:00-05:00,178505
2024-01-04 11:00:00-05:00,177798
2024-01-04 12:00:00-05:00,177612
2024-01-04 13:00:00-05:00,177475
2024-01-04 14:00:00-05:00,177396
2024-01-04 15:00:00-05:00,178002
2024-01-04 16:00:00-05:00,177260
2024-01-04 17:00:00-05:00,176923
2024-01-04 18:00:00-05:00,177199
2024-01-04 19:00:00-05:00,178468
2024-01-04 20:00:00-05:00,178915
2024-01-04 21:00:00-05:00,179264
2024-01-04 22:00:00-05:00,178930
2024-01-04 23:00:00-05:00,179319
2024-01-05 00:00:00-05:00,175139
2024-01-05 01:00:00-05:00,175195
2024-01-05 02:00:00-05:00,174924
2024-01-05 03:00:00-05:00,175411
2024-01-05 04:00:00-05:00,175025
2024-01-05 05:00:00-05:00,176578
2024-01-05 06:00:00-05:00,177288
2024-01-05 07:00:00-05:00,177551
2024-01-05 08:00:00-05:00,178842
2024-01-05 09:00:00-05:00,178959
2024-01-05 10:00:00-05:00,178223
2024-01-05 11:00:00-05:00,177481
2024-01-05 12:00:00-05:00,176944
2024-01-05 13:00:00-05:00,177145
2024-01-05 14:00:00-05:00,177420
2024-01-05 15:00:00-05:00,176952
2024-01-05 16:00:00-05:00,176164
2024-01-05 17:00:00-05:00,176878
2024-01-05 18:00:00-05:00,177697
2024-01-05 19:00:00-05:00,180214
2024-01-05 20:00:00-05:00,180374
2024-01-05 21:00:00-05:00,180086
2024-01-05 22:00:00-05:00,180093
2024-01-05 23:00:00-05:00,180208
2024-01-06 00:00:00-05:00,175734
2024-01-06 01:00:00-05:00,176217
2024-01-06 02:00:00-05:00,176244
2024-01-06 03:00:00-05:00,176236
2024-01-06 04:00:00-05:00,176599
2024-01-06 05:00:00-05:00,176461
2024-01-06 06:00:00-05:00,177096
2024-01-06 07:00:00-05:00,176974
2024-01-06 08:00:00-05:00,176542
2024-01-06 09:00:00-05:00,176810
2024-01-06 10:00:00-05:00,176778
2024-01-06 11:00:00-05:00,176536
2024-01-06 12:00:00-05:00,176576
2024-01-06 13:00:00-05:00,175911
2024-01-06 14:00:00-05:00,175752
2024-01-06 15:00:00-05:00,176661
2024-01-06 16:00:00-05:00,176600
2024-01-06 17:00:00-05:00,176762
2024-01-06 18:00:00-05:00,176733
2024-01-06 19:00:00-05:00,179301
2024-01-06 20:00:00-05:00,179220
2024-01-06 21:00:00-05:00,179340
2024-01-06 22:00:00-05:00,179646
2024-01-06 23:00:00-05:00,179889
2024-01-07 00:00:00-05:00,175656
2024-01-07 01:00:00-05:00,175693
2024-01-07 02:00:00-05:00,175763
2024-01-07 03:00:00-05:00,176676
2024-01-07 04:00:00-05:00,177203
2024-01-07 05:00:00-05:00,177566
2024-01-07 06:00:00-05:00,178219
2024-01-07 07:00:00-05:00,178446
2024-01-07 08:00:00-05:00,178917
2024-01-07 09:00:00-05:00,179987
2024-01-07 10:00:00-05:00,180892
2024-01-07 11:00:00-05:00,180943
2024-01-07 12:00:00-05:00,181053
2024-01-07 13:00:00-05:00,180670
2024-01-07 14:00:00-05:00,180048
2024-01-07 15:00:00-05:00,180186
2024-01-07 16:00:00-05:00,179990
2024-01-07 17:00:00-05:00,179642
2024-01-07 18:00:00-05:00,178776
2024-01-07 19:00:00-05:00,180387
2024-01-07 20:00:00-05:00,179833
2024-01-07 21:00:00-05:00,179954
2024-01-07 22:00:00-05:00,179891
2024-01-07 23:00:00-05:00,180012
2024-01-08 00:00:00-05:00,175980
2024-01-08 01:00:00-05:00,175670
2024-01-08 02:00:00-05:00,175772
2024-01-08 03:00:00-05:00,175792
2024-01-08 04:00:00-05:00,176462
2024-01-08 05:00:00-05:00,176947
2024-01-08 06:00:00-05:00,177872
2024-01-08 07:00:00-05:00,178384
2024-01-08 08:00:00-05:00,180090
2024-01-08 09:00:00-05:00,181596
2024-01-08 10:00:00-05:00,181966
2024-01-08 11:00:00-05:00,181223
2024-01-08 12:00:00-05:00,180154
2024-01-08 13:00:00-05:00,180079
2024-01-08 14:00:00-05:00,179853
2024-01-08 15:00:00-05:00,180127
2024-01-08 16:00:00-05:00,180067
2024-01-08 17:00:00-05:00,181160
2024-01-08 18:00:00-05:00,182718
2024-01-08 19:00:00-05:00,179926
2024-01-08 20:00:00-05:00,179884
2024-01-08 21:00:00-05:00,179757
2024-01-08 22:00:00-05:00,179394
2024-01-08 23:00:00-05:00,179817
2024-01-09 00:00:00-05:00,181127
2024-01-09 01:00:00-05:00,180948
2024-01-09 02:00:00-05:00,181436
2024-01-09 03:00:00-05:00,181553
2024-01-09 04:00:00-05:00,181118
2024-01-09 05:00:00-05:00,181207
2024-01-09 06:00:00-05:00,182411
2024-01-09 07:00:00-05:00,181401
2024-01-09 08:00:00-05:00,181248
2024-01-09 09:00:00-05:00,180536
2024-01-09 10:00:00-05:00,179766
2024-01-09 11:00:00-05:00,178509
2024-01-09 12:00:00-05:00,178085
2024-01-09 13:00:00-05:00,177252
2024-01-09 14:00:00-05:00,177159
2024-01-09 15:00:00-05:00,177981
2024-01-09 16:00:00-05:00,179307
2024-01-09 17:00:00-05:00,179262
2024-01-09 18:00:00-05:00,179169
2024-01-09 19:00:00-05:00,178991
2024-01-09 20:00:00-05:00,179464
2024-01-09 21:00:00-05:00,179664
2024-01-09 22:00:00-05:00,179311
2024-01-09 23:00:00-05:00,179369
2024-01-10 00:00:00-05:00,178387
2024-01-10 01:00:00-05:00,178386
2024-01-10 02:00:00-05:00,178272
2024-01-10 03:00:00-05:00,178311
2024-01-10 04:00:00-05:00,178623
2024-01-10 05:00:00-05:00,180152
2024-01-10 06:00:00-05:00,179898
2024-01-10 07:00:00-05:00,180216
2024-01-10 08:00:00-05:00,181076
2024-01-10 09:00:00-05:00,181942
2024-01-10 10:00:00-05:00,181287
2024-01-10 11:00:00-05:00,180650
2024-01-10 12:00:00-05:00,180706
2024-01-10 13:00:00-05:00,181037
2024-01-10 14:00:00-05:00,180742
2024-01-10 15:00:00-05:00,179740
2024-01-10 16:00:00-05:00,178882
2024-01-10 17:00:00-05:00,179352
2024-01-10 18:00:00-05:00,180048
2024-01-10 19:00:00-05:00,178712
2024-01-10 20:00:00-05:00,178664
2024-01-10 21:00:00-05:00,178951
2024-01-10 22:00:00-05:00,179141
2024-01-10 23:00:00-05:00,179162
2024-01-11 00:00:00-05:00,178559
2024-01-11 01:00:00-05:00,178375
2024-01-11 02:00:00-05:00,178478
2024-01-11 03:00:00-05:00,179063
2024-01-11 04:00:00-05:00,180232
2024-01-11 05:00:00-05:00,182100
2024-01-11 06:00:00-05:00,181688
2024-01-11 07:00:00-05:00,182114
2024-01-11 08:00:00-05:00,182969
2024-01-11 09:00:00-05:00,183674
2024-01-11 10:00:00-05:00,182920
2024-01-11 11:00:00-05:00,182145
2024-01-11 12:00:00-05:00,180714
2024-01-11 13:00:00-05:00,180437
2024-01-11 14:00:00-05:00,180809
2024-01-11 15:00:00-05:00,178053
2024-01-11 16:00:00-05:00,176358
2024-01-11 17:00:00-05:00,176028
2024-01-11 18:00:00-05:00,176149
2024-01-11 19:00:00-05:00,178900
2024-01-11 20:00:00-05:00,179535
2024-01-11 21:00:00-05:00,179576
2024-01-11 22:00:00-05:00,179613
2024-01-11 23:00:00-05:00,179783
2024-01-12 00:00:00-05:00,178824
2024-01-12 01:00:00-05:00,179930
2024-01-12 02:00:00-05:00,180346
2024-01-12 03:00:00-05:00,181070
2024-01-12 04:00:00-05:00,181526
2024-01-12 05:00:00-05:00,181912
2024-01-12 06:00:00-05:00,182142
2024-01-12 07:00:00-05:00,183959
2024-01-12 08:00:00-05:00,184978
2024-01-12 09:00:00-05:00,185436
2024-01-12 10:00:00-05:00,184851
2024-01-12 11:00:00-05:00,184362
2024-01-12 12:00:00-05:00,183073
2024-01-12 13:00:00-05:00,182199
2024-01-12 14:00:00-05:00,181362
2024-01-12 15:00:00-05:00,181170
2024-01-12 16:00:00-05:00,180948
2024-01-12 17:00:00-05:00,181964
2024-01-12 18:00:00-05:00,182823
2024-01-12 19:00:00-05:00,180251
2024-01-12 20:00:00-05:00,179430
2024-01-12 21:00:00-05:00,180043
2024-01-12 22:00:00-05:00,180550
2024-01-12 23:00:00-05:00,180766
2024-01-13 00:00:00-05:00,180554
2024-01-13 01:00:00-05:00,180890
2024-01-13 02:00:00-05:00,181311
2024-01-13 03:00:00-05:00,181730
2024-01-13 04:00:00-05:00,181720
2024-01-13 05:00:00-05:00,182068
2024-01-13 06:00:00-05:00,182658
2024-01-13 07:00:00-05:00,182824
2024-01-13 08:00:00-05:00,185231
2024-01-13 09:00:00-05:00,186454
2024-01-13 10:00:00-05:00,186155
2024-01-13 11:00:00-05:00,186387
2024-01-13 12:00:00-05:00,186230
2024-01-13 13:00:00-05:00,186215
2024-01-13 14:00:00-05:00,185806
2024-01-13 15:00:00-05:00,185111
2024-01-13 16:00:00-05:00,183669
2024-01-13 17:00:00-05:00,184003
2024-01-13 18:00:00-05:00,183682
2024-01-13 19:00:00-05:00,179775
2024-01-13 20:00:00-05:00,179542
2024-01-13 21:00:00-05:00,179444
2024-01-13 22:00:00-05:00,179330
2024-01-13 23:00:00-05:00,179402
2024-01-14 00:00:00-05:00,182444
2024-01-14 01:00:00-05:00,182300
2024-01-14 02:00:00-05:00,182512
2024-01-14 03:00:00-05:00,182683
2024-01-14 04:00:00-05:00,182828
2024-01-14 05:00:00-05:00,182824
2024-01-14 06:00:00-05:00,182617
2024-01-14 07:00:00-05:00,183498
2024-01-14 08:00:00-05:00,185450
2024-01-14 09:00:00-05:00,186589
2024-01-14 10:00:00-05:00,186390
2024-01-14 11:00:00-05:00,185977
2024-01-14 12:00:00-05:00,185592
2024-01-14 13:00:00-05:00,185291
2024-01-14 14:00:00-05:00,186263
2024-01-14 15:00:00-05:00,185140
2024-01-14 16:00:00-05:00,183187
2024-01-14 17:00:00-05:00,181686
2024-01-14 18:00:00-05:00,180586
2024-01-14 19:00:00-05:00,180398
2024-01-14 20:00:00-05:00,180549
2024-01-14 21:00:00-05:00,180521
2024-01-14 22:00:00-05:00,181018
2024-01-14 23:00:00-05:00,181078
2024-01-15 00:00:00-05:00,178560
2024-01-15 01:00:00-05:00,178823
2024-01-15 02:00:00-05:00,178646
2024-01-15 03:00:00-05:00,178434
2024-01-15 04:00:00-05:00,178037
2024-01-15 05:00:00-05:00,178243
2024-01-15 06:00:00-05:00,178434
2024-01-15 07:00:00-05:00,177853
2024-01-15 08:00:00-05:00,177706
2024-01-15 09:00:00-05:00,177602
2024-01-15 10:00:00-05:00,177481
2024-01-15 11:00:00-05:00,177518
2024-01-15 12:00:00-05:00,177775
2024-01-15 13:00:00-05:00,177977
2024-01-15 14:00:00-05:00,177579
2024-01-15 15:00:00-05:00,177710
2024-01-15 16:00:00-05:00,177084
2024-01-15 17:00:00-05:00,177767
2024-01-15 18:00:00-05:00,177690
2024-01-15 19:00:00-05:00,179252
2024-01-15 20:00:00-05:00,179482
2024-01-15 21:00:00-05:00,180398
2024-01-15 22:00:00-05:00,180280
2024-01-15 23:00:00-05:00,180569
2024-01-16 00:00:00-05:00,178458
2024-01-16 01:00:00-05:00,178657
2024-01-16 02:00:00-05:00,178992
2024-01-16 03:00:00-05:00,179490
2024-01-16 04:00:00-05:00,179608
2024-01-16 05:00:00-05:00,179523
2024-01-16 06:00:00-05:00,179646
2024-01-16 07:00:00-05:00,179824
2024-01-16 08:00:00-05:00,179818
2024-01-16 09:00:00-05:00,180910
2024-01-16 10:00:00-05:00,181010
2024-01-16 11:00:00-05:00,181491
2024-01-16 12:00:00-05:00,182013
2024-01-16 13:00:00-05:00,182910
2024-01-16 14:00:00-05:00,183307
2024-01-16 15:00:00-05:00,183075
2024-01-16 16:00:00-05:00,182074
2024-01-16 17:00:00-05:00,182585
2024-01-16 18:00:00-05:00,183007
2024-01-16 19:00:00-05:00,179367
2024-01-16 20:00:00-05:00,179273
2024-01-16 21:00:00-05:00,179002
2024-01-16 22:00:00-05:00,179426
2024-01-16 23:00:00-05:00,179755
2024-01-17 00:00:00-05:00,183899
2024-01-17 01:00:00-05:00,183715
2024-01-17 02:00:00-05:00,184197
2024-01-17 03:00:00-05:00,183552
2024-01-17 04:00:00-05:00,184544
2024-01-17 05:00:00-05:00,183808
2024-01-17 06:00:00-05:00,183611
2024-01-17 07:00:00-05:00,183971
2024-01-17 08:00:00-05:00,185835
2024-01-17 09:00:00-05:00,187642
2024-01-17 10:00:00-05:00,187385
2024-01-17 11:00:00-05:00,187954
2024-01-17 12:00:00-05:00,187553
2024-01-17 13:00:00-05:00,187359
2024-01-17 14:00:00-05:00,187298
2024-01-17 15:00:00-05:00,186054
2024-01-17 16:00:00-05:00,183864
2024-01-17 17:00:00-05:00,182841
2024-01-17 18:00:00-05:00,182272
2024-01-17 19:00:00-05:00,181594
2024-01-17 20:00:00-05:00,181275
2024-01-17 21:00:00-05:00,181540
2024-01-17 22:00:00-05:00,181946
2024-01-17 23:00:00-05:00,181998
2024-01-18 00:00:00-05:00,180305
2024-01-18 01:00:00-05:00,179796
2024-01-18 02:00:00-05:00,179440
2024-01-18 03:00:00-05:00,178964
2024-01-18 04:00:00-05:00,178762
2024-01-18 05:00:00-05:00,178665
2024-01-18 06:00:00-05:00,179401
2024-01-18 07:00:00-05:00,178831
2024-01-18 08:00:00-05:00,179720
2024-01-18 09:00:00-05:00,179128
2024-01-18 10:00:00-05:00,179653
2024-01-18 11:00:00-05:00,179471
2024-01-18 12:00:00-05:00,179368
2024-01-18 13:00:00-05:00,178916
2024-01-18 14:00:00-05:00,178730
2024-01-18 15:00:00-05:00,178644
2024-01-18 16:00:00-05:00,177997
2024-01-18 17:00:00-05:00,178123
2024-01-18 18:00:00-05:00,178192
2024-01-18 19:00:00-05:00,182371
2024-01-18 20:00:00-05:00,182385
2024-01-18 21:00:00-05:00,182143
2024-01-18 22:00:00-05:00,181845
2024-01-18 23:00:00-05:00,182013
2024-01-19 00:00:00-05:00,178227
2024-01-19 01:00:00-05:00,178522
2024-01-19 02:00:00-05:00,179338
2024-01-19 03:00:00-05:00,179932
2024-01-19 04:00:00-05:00,180269
2024-01-19 05:00:00-05:00,180791
2024-01-19 06:00:00-05:00,181726
2024-01-19 07:00:00-05:00,182039
2024-01-19 08:00:00-05:00,182397
2024-01-19 09:00:00-05:00,182171
2024-01-19 10:00:00-05:00,182534
2024-01-19 11:00:00-05:00,182188
2024-01-19 12:00:00-05:00,183284
2024-01-19 13:00:00-05:00,182960
2024-01-19 14:00:00-05:00,183476
2024-01-19 15:00:00-05:00,184228
2024-01-19 16:00:00-05:00,183873
2024-01-19 17:00:00-05:00,184308
2024-01-19 18:00:00-05:00,183984
2024-01-19 19:00:00-05:00,181713
2024-01-19 20:00:00-05:00,181040
2024-01-19 21:00:00-05:00,181086
2024-01-19 22:00:00-05:00,181003
2024-01-19 23:00:00-05:00,181212
2024-01-20 00:00:00-05:00,182092
2024-01-20 01:00:00-05:00,181894
2024-01-20 02:00:00-05:00,181222
2024-01-20 03:00:00-05:00,181267
2024-01-20 04:00:00-05:00,182313
2024-01-20 05:00:00-05:00,182405
2024-01-20 06:00:00-05:00,182310
2024-01-20 07:00:00-05:00,183094
2024-01-20 08:00:00-05:00,185638
2024-01-20 09:00:00-05:00,186008
2024-01-20 10:00:00-05:00,185249
2024-01-20 11:00:00-05:00,184390
2024-01-20 12:00:00-05:00,184104
2024-01-20 13:00:00-05:00,184181
2024-01-20 14:00:00-05:00,184690
2024-01-20 15:00:00-05:00,184548
2024-01-20 16:00:00-05:00,182691
2024-01-20 17:00:00-05:00,182586
2024-01-20 18:00:00-05:00,182592
2024-01-20 19:00:00-05:00,182071
2024-01-20 20:00:00-05:00,181479
2024-01-20 21:00:00-05:00,181740
2024-01-20 22:00:00-05:00,182134
2024-01-20 23:00:00-05:00,182201
2024-01-21 00:00:00-05:00,179330
2024-01-21 01:00:00-05:00,178604
2024-01-21 02:00:00-05:00,177717
2024-01-21 03:00:00-05:00,177844
2024-01-21 04:00:00-05:00,178372
2024-01-21 05:00:00-05:00,178447
2024-01-21 06:00:00-05:00,178666
2024-01-21 07:00:00-05:00,179973
2024-01-21 08:00:00-05:00,183036
2024-01-21 09:00:00-05:00,185081
2024-01-21 10:00:00-05:00,185257
2024-01-21 11:00:00-05:00,184136
2024-01-21 12:00:00-05:00,184606
2024-01-21 13:00:00-05:00,184682
2024-01-21 14:00:00-05:00,184576
2024-01-21 15:00:00-05:00,184409
2024-01-21 16:00:00-05:00,182694
2024-01-21 17:00:00-05:00,182590
2024-01-21 18:00:00-05:00,182808
2024-01-21 19:00:00-05:00,180930
2024-01-21 20:00:00-05:00,180904
2024-01-21 21:00:00-05:00,181338
2024-01-21 22:00:00-05:00,181193
2024-01-21 23:00:00-05:00,181378
2024-01-22 00:00:00-05:00,183966
2024-01-22 01:00:00-05:00,184129
2024-01-22 02:00:00-05:00,183902
2024-01-22 03:00:00-05:00,183964
2024-01-22 04:00:00-05:00,184003
2024-01-22 05:00:00-05:00,184030
2024-01-22 06:00:00-05:00,183421
2024-01-22 07:00:00-05:00,183560
2024-01-22 08:00:00-05:00,185175
2024-01-22 09:00:00-05:00,186213
2024-01-22 10:00:00-05:00,184884
2024-01-22 11:00:00-05:00,184606
2024-01-22 12:00:00-05:00,183537
2024-01-22 13:00:00-05:00,183236
2024-01-22 14:00:00-05:00,182517
2024-01-22 15:00:00-05:00,181289
2024-01-22 16:00:00-05:00,179312
2024-01-22 17:00:00-05:00,178737
2024-01-22 18:00:00-05:00,179422
2024-01-22 19:00:00-05:00,178971
2024-01-22 20:00:00-05:00,178909
2024-01-22 21:00:00-05:00,179163
2024-01-22 22:00:00-05:00,179146
2024-01-22 23:00:00-05:00,179201
2024-01-23 00:00:00-05:00,174924
2024-01-23 01:00:00-05:00,173686
2024-01-23 02:00:00-05:00,173821
2024-01-23 03:00:00-05:00,174337
2024-01-23 04:00:00-05:00,174331
2024-01-23 05:00:00-05:00,174505
2024-01-23 06:00:00-05:00,175559
2024-01-23 07:00:00-05:00,176596
2024-01-23 08:00:00-05:00,176602
2024-01-23 09:00:00-05:00,176381
2024-01-23 10:00:00-05:00,175956
2024-01-23 11:00:00-05:00,175150
2024-01-23 12:00:00-05:00,174783
2024-01-23 13:00:00-05:00,174054
2024-01-23 14:00:00-05:00,173741
2024-01-23 15:00:00-05:00,174436
2024-01-23 16:00:00-05:00,174312
2024-01-23 17:00:00-05:00,174380
2024-01-23 18:00:00-05:00,174492
2024-01-23 19:00:00-05:00,176590
2024-01-23 20:00:00-05:00,176584
2024-01-23 21:00:00-05:00,177264
2024-01-23 22:00:00-05:00,176986
2024-01-23 23:00:00-05:00,177171
2024-01-24 00:00:00-05:00,171794
2024-01-24 01:00:00-05:00,172007
2024-01-24 02:00:00-05:00,172134
2024-01-24 03:00:00-05:00,172353
2024-01-24 04:00:00-05:00,172502
2024-01-24 05:00:00-05:00,173703
2024-01-24 06:00:00-05:00,173759
2024-01-24 07:00:00-05:00,173680
2024-01-24 08:00:00-05:00,174460
2024-01-24 09:00:00-05:00,174708
2024-01-24 10:00:00-05:00,172798
2024-01-24 11:00:00-05:00,172660
2024-01-24 12:00:00-05:00,172002
2024-01-24 13:00:00-05:00,173703
2024-01-24 14:00:00-05:00,173318
2024-01-24 15:00:00-05:00,174212
2024-01-24 16:00:00-05:00,174052
2024-01-24 17:00:00-05:00,173724
2024-01-24 18:00:00-05:00,174336
2024-01-24 19:00:00-05:00,176581
2024-01-24 20:00:00-05:00,176910
2024-01-24 21:00:00-05:00,176790
2024-01-24 22:00:00-05:00,176364
2024-01-24 23:00:00-05:00,176476
2024-01-25 00:00:00-05:00,169933
2024-01-25 01:00:00-05:00,169843
2024-01-25 02:00:00-05:00,170348
2024-01-25 03:00:00-05:00,170107
2024-01-25 04:00:00-05:00,170125
2024-01-25 05:00:00-05:00,171330
2024-01-25 06:00:00-05:00,171915
2024-01-25 07:00:00-05:00,171789
2024-01-25 08:00:00-05:00,171647
2024-01-25 09:00:00-05:00,171398
2024-01-25 10:00:00-05:00,171311
2024-01-25 11:00:00-05:00,171155
2024-01-25 12:00:00-05:00,170617
2024-01-25 13:00:00-05:00,169855
2024-01-25 14:00:00-05:00,170369
2024-01-25 15:00:00-05:00,171480
2024-01-25 16:00:00-05:00,171486
2024-01-25 17:00:00-05:00,171651
2024-01-25 18:00:00-05:00,172992
2024-01-25 19:00:00-05:00,176081
2024-01-25 20:00:00-05:00,176283
2024-01-25 21:00:00-05:00,176405
2024-01-25 22:00:00-05:00,176262
2024-01-25 23:00:00-05:00,176137
2024-01-26 00:00:00-05:00,171832
2024-01-26 01:00:00-05:00,172264
2024-01-26 02:00:00-05:00,172277
2024-01-26 03:00:00-05:00,172060
2024-01-26 04:00:00-05:00,172068
2024-01-26 05:00:00-05:00,173478
2024-01-26 06:00:00-05:00,174285
2024-01-26 07:00:00-05:00,174042
2024-01-26 08:00:00-05:00,174398
2024-01-26 09:00:00-05:00,174400
2024-01-26 10:00:00-05:00,174145
2024-01-26 11:00:00-05:00,174006
2024-01-26 12:00:00-05:00,173182
2024-01-26 13:00:00-05:00,173257
2024-01-26 14:00:00-05:00,172848
2024-01-26 15:00:00-05:00,172120
2024-01-26 16:00:00-05:00,171765
2024-01-26 17:00:00-05:00,172165
2024-01-26 18:00:00-05:00,172070
2024-01-26 19:00:00-05:00,176602
2024-01-26 20:00:00-05:00,176358
2024-01-26 21:00:00-05:00,175762
2024-01-26 22:00:00-05:00,176015
2024-01-26 23:00:00-05:00,176497
2024-01-27 00:00:00-05:00,171118
2024-01-27 01:00:00-05:00,170510
2024-01-27 02:00:00-05:00,170618
2024-01-27 03:00:00-05:00,170978
2024-01-27 04:00:00-05:00,171287
2024-01-27 05:00:00-05:00,170837
2024-01-27 06:00:00-05:00,170497
2024-01-27 07:00:00-05:00,171372
2024-01-27 08:00:00-05:00,173122
2024-01-27 09:00:00-05:00,173727
2024-01-27 10:00:00-05:00,173475
2024-01-27 11:00:00-05:00,172454
2024-01-27 12:00:00-05:00,172107
2024-01-27 13:00:00-05:00,173012
2024-01-27 14:00:00-05:00,173156
2024-01-27 15:00:00-05:00,173269
2024-01-27 16:00:00-05:00,174199
2024-01-27 17:00:00-05:00,175056
2024-01-27 18:00:00-05:00,176028
2024-01-27 19:00:00-05:00,176824
2024-01-27 20:00:00-05:00,176423
2024-01-27 21:00:00-05:00,176554
2024-01-27 22:00:00-05:00,176547
2024-01-27 23:00:00-05:00,176463
2024-01-28 00:00:00-05:00,176949
2024-01-28 01:00:00-05:00,177270
2024-01-28 02:00:00-05:00,178351
2024-01-28 03:00:00-05:00,178553
2024-01-28 04:00:00-05:00,178645
2024-01-28 05:00:00-05:00,178565
2024-01-28 06:00:00-05:00,178400
2024-01-28 07:00:00-05:00,178698
2024-01-28 08:00:00-05:00,179303
2024-01-28 09:00:00-05:00,179636
2024-01-28 10:00:00-05:00,179822
2024-01-28 11:00:00-05:00,179137
2024-01-28 12:00:00-05:00,178485
2024-01-28 13:00:00-05:00,177871
2024-01-28 14:00:00-05:00,176719
2024-01-28 15:00:00-05:00,176092
2024-01-28 16:00:00-05:00,176475
2024-01-28 17:00:00-05:00,176868
2024-01-28 18:00:00-05:00,176836
2024-01-28 19:00:00-05:00,177477
2024-01-28 20:00:00-05:00,176877
2024-01-28 21:00:00-05:00,176459
2024-01-28 22:00:00-05:00,176436
2024-01-28 23:00:00-05:00,176674
2024-01-29 00:00:00-05:00,172973
2024-01-29 01:00:00-05:00,172699
2024-01-29 02:00:00-05:00,173244
2024-01-29 03:00:00-05:00,172776
2024-01-29 04:00:00-05:00,172928
2024-01-29 05:00:00-05:00,173364
2024-01-29 06:00:00-05:00,174032
2024-01-29 07:00:00-05:00,173680
2024-01-29 08:00:00-05:00,174952
2024-01-29 09:00:00-05:00,176295
2024-01-29 10:00:00-05:00,175491
2024-01-29 11:00:00-05:00,175914
2024-01-29 12:00:00-05:00,176280
2024-01-29 13:00:00-05:00,176218
2024-01-29 14:00:00-05:00,176268
2024-01-29 15:00:00-05:00,177142
2024-01-29 16:00:00-05:00,176118
2024-01-29 17:00:00-05:00,176414
2024-01-29 18:00:00-05:00,177782
2024-01-29 19:00:00-05:00,177640
2024-01-29 20:00:00-05:00,177577
2024-01-29 21:00:00-05:00,177632
2024-01-29 22:00:00-05:00,177588
2024-01-29 23:00:00-05:00,177709
2024-01-30 00:00:00-05:00,178265
2024-01-30 01:00:00-05:00,178087
2024-01-30 02:00:00-05:00,177665
2024-01-30 03:00:00-05:00,177287
2024-01-30 04:00:00-05:00,176766
2024-01-30 05:00:00-05:00,177055
2024-01-30 06:00:00-05:00,177158
2024-01-30 07:00:00-05:00,177726
2024-01-30 08:00:00-05:00,179109
2024-01-30 09:00:00-05:00,179624
2024-01-30 10:00:00-05:00,178047
2024-01-30 11:00:00-05:00,177411
2024-01-30 12:00:00-05:00,177328
2024-01-30 13:00:00-05:00,176962
2024-01-30 14:00:00-05:00,176746
2024-01-30 15:00:00-05:00,177147
2024-01-30 16:00:00-05:00,176829
2024-01-30 17:00:00-05:00,176376
2024-01-30 18:00:00-05:00,176483
2024-01-30 19:00:00-05:00,178281
2024-01-30 20:00:00-05:00,178404
2024-01-30 21:00:00-05:00,178257
2024-01-30 22:00:00-05:00,178112
2024-01-30 23:00:00-05:00,178220
2024-01-31 00:00:00-05:00,171977
2024-01-31 01:00:00-05:00,172112
2024-01-31 02:00:00-05:00,171580
2024-01-31 03:00:00-05:00,170749
2024-01-31 04:00:00-05:00,170706
2024-01-31 05:00:00-05:00,171878
2024-01-31 06:00:00-05:00,172727
2024-01-31 07:00:00-05:00,172802
2024-01-31 08:00:00-05:00,173097
2024-01-31 09:00:00-05:00,173378
2024-01-31 10:00:00-05:00,172948
2024-01-31 11:00:00-05:00,173060
2024-01-31 12:00:00-05:00,173468
2024-01-31 13:00:00-05:00,173670
2024-01-31 14:00:00-05:00,174788
2024-01-31 15:00:00-05:00,175580
2024-01-31 16:00:00-05:00,175268
2024-01-31 17:00:00-05:00,175222
2024-01-31 18:00:00-05:00,176189
2024-01-31 19:00:00-05:00,178534
2024-01-31 20:00:00-05:00,177916
2024-01-31 21:00:00-05:00,178231
2024-01-31 22:00:00-05:00,178235
2024-01-31 23:00:00-05:00,178301
2024-02-01 00:00:00-05:00,177619
2024-02-01 01:00:00-05:00,177905
2024-02-01 02:00:00-05:00,178148
2024-02-01 03:00:00-05:00,178299
2024-02-01 04:00:00-05:00,178151
2024-02-01 05:00:00-05:00,179306
2024-02-01 06:00:00-05:00,179515
2024-02-01 07:00:00-05:00,179676
2024-02-01 08:00:00-05:00,180787
2024-02-01 09:00:00-05:00,181298
2024-02-01 10:00:00-05:00,179682
2024-02-01 11:00:00-05:00,179278
2024-02-01 12:00:00-05:00,178045
2024-02-01 13:00:00-05:00,177428
2024-02-01 14:00:00-05:00,177182
2024-02-01 15:00:00-05:00,177168
2024-02-01 16:00:00-05:00,174814
2024-02-01 17:00:00-05:00,174403
2024-02-01 18:00:00-05:00,174736
2024-02-01 19:00:00-05:00,178125
2024-02-01 20:00:00-05:00,177944
2024-02-01 21:00:00-05:00,178088
2024-02-01 22:00:00-05:00,178038
2024-02-01 23:00:00-05:00,178087
2024-02-02 00:00:00-05:00,176120
2024-02-02 01:00:00-05:00,176028
2024-02-02 02:00:00-05:00,176101
2024-02-02 03:00:00-05:00,176108
2024-02-02 04:00:00-05:00,175781
2024-02-02 05:00:00-05:00,176117
2024-02-02 06:00:00-05:00,177163
2024-02-02 07:00:00-05:00,177058
2024-02-02 08:00:00-05:00,177095
2024-02-02 09:00:00-05:00,178062
2024-02-02 10:00:00-05:00,177085
2024-02-02 11:00:00-05:00,177102
2024-02-02 12:00:00-05:00,177138
2024-02-02 13:00:00-05:00,176601
2024-02-02 14:00:00-05:00,176236
2024-02-02 15:00:00-05:00,177124
2024-02-02 16:00:00-05:00,178093
2024-02-02 17:00:00-05:00,177371
2024-02-02 18:00:00-05:00,177857
2024-02-02 19:00:00-05:00,178629
2024-02-02 20:00:00-05:00,179256
2024-02-02 21:00:00-05:00,179454
2024-02-02 22:00:00-05:00,179472
2024-02-02 23:00:00-05:00,179242
2024-02-03 00:00:00-05:00,176302
2024-02-03 01:00:00-05:00,176037
2024-02-03 02:00:00-05:00,176120
2024-02-03 03:00:00-05:00,176747
2024-02-03 04:00:00-05:00,176800
2024-02-03 05:00:00-05:00,176798
2024-02-03 06:00:00-05:00,176823
2024-02-03 07:00:00-05:00,177064
2024-02-03 08:00:00-05:00,178545
2024-02-03 09:00:00-05:00,180645
2024-02-03 10:00:00-05:00,180694
2024-02-03 11:00:00-05:00,180422
2024-02-03 12:00:00-05:00,178966
2024-02-03 13:00:00-05:00,179289
2024-02-03 14:00:00-05:00,179445
2024-02-03 15:00:00-05:00,178748
2024-02-03 16:00:00-05:00,177485
2024-02-03 17:00:00-05:00,176925
2024-02-03 18:00:00-05:00,177986
2024-02-03 19:00:00-05:00,179186
2024-02-03 20:00:00-05:00,179295
2024-02-03 21:00:00-05:00,179460
2024-02-03 22:00:00-05:00,179494
2024-02-03 23:00:00-05:00,179451
2024-02-04 00:00:00-05:00,179101
2024-02-04 01:00:00-05:00,178507
2024-02-04 02:00:00-05:00,178209
2024-02-04 03:00:00-05:00,177927
2024-02-04 04:00:00-05:00,178030
2024-02-04 05:00:00-05:00,178080
2024-02-04 06:00:00-05:00,177819
2024-02-04 07:00:00-05:00,178335
2024-02-04 08:00:00-05:00,181225
2024-02-04 09:00:00-05:00,183152
2024-02-04 10:00:00-05:00,182900
2024-02-04 11:00:00-05:00,182419
2024-02-04 12:00:00-05:00,181132
2024-02-04 13:00:00-05:00,181296
2024-02-04 14:00:00-05:00,181138
2024-02-04 15:00:00-05:00,181022
2024-02-04 16:00:00-05:00,179761
2024-02-04 17:00:00-05:00,178783
2024-02-04 18:00:00-05:00,179670
2024-02-04 19:00:00-05:00,179580
2024-02-04 20:00:00-05:00,179670
2024-02-04 21:00:00-05:00,179741
2024-02-04 22:00:00-05:00,179799
2024-02-04 23:00:00-05:00,179834
2024-02-05 00:00:00-05:00,177815
2024-02-05 01:00:00-05:00,177417
2024-02-05 02:00:00-05:00,177059
2024-02-05 03:00:00-05:00,176706
2024-02-05 04:00:00-05:00,176752
2024-02-05 05:00:00-05:00,177239
2024-02-05 06:00:00-05:00,177892
2024-02-05 07:00:00-05:00,178099
2024-02-05 08:00:00-05:00,179914
2024-02-05 09:00:00-05:00,180770
2024-02-05 10:00:00-05:00,179786
2024-02-05 11:00:00-05:00,178833
2024-02-05 12:00:00-05:00,177580
2024-02-05 13:00:00-05:00,177409
2024-02-05 14:00:00-05:00,177736
2024-02-05 15:00:00-05:00,178248
2024-02-05 16:00:00-05:00,176359
2024-02-05 17:00:00-05:00,175327
2024-02-05 18:00:00-05:00,176538
2024-02-05 19:00:00-05:00,179498
2024-02-05 20:00:00-05:00,179134
2024-02-05 21:00:00-05:00,179391
2024-02-05 22:00:00-05:00,179273
2024-02-05 23:00:00-05:00,178910
2024-02-06 00:00:00-05:00,175914
2024-02-06 01:00:00-05:00,176107
2024-02-06 02:00:00-05:00,176312
2024-02-06 03:00:00-05:00,176037
2024-02-06 04:00:00-05:00,175719
2024-02-06 05:00:00-05:00,176116
2024-02-06 06:00:00-05:00,176666
2024-02-06 07:00:00-05:00,177379
2024-02-06 08:00:00-05:00,177947
2024-02-06 09:00:00-05:00,180010
2024-02-06 10:00:00-05:00,179189
2024-02-06 11:00:00-05:00,178010
2024-02-06 12:00:00-05:00,177754
2024-02-06 13:00:00-05:00,177792
2024-02-06 14:00:00-05:00,177020
2024-02-06 15:00:00-05:00,178705
2024-02-06 16:00:00-05:00,177048
2024-02-06 17:00:00-05:00,175353
2024-02-06 18:00:00-05:00,175929
2024-02-06 19:00:00-05:00,178675
2024-02-06 20:00:00-05:00,178637
2024-02-06 21:00:00-05:00,178632
2024-02-06 22:00:00-05:00,178806
2024-02-06 23:00:00-05:00,178984
2024-02-07 00:00:00-05:00,176360
2024-02-07 01:00:00-05:00,176429
2024-02-07 02:00:00-05:00,176490
2024-02-07 03:00:00-05:00,176431
2024-02-07 04:00:00-05:00,176253
2024-02-07 05:00:00-05:00,176822
2024-02-07 06:00:00-05:00,178556
2024-02-07 07:00:00-05:00,178446
2024-02-07 08:00:00-05:00,179761
2024-02-07 09:00:00-05:00,180452
2024-02-07 10:00:00-05:00,179708
2024-02-07 11:00:00-05:00,178954
2024-02-07 12:00:00-05:00,178709
2024-02-07 13:00:00-05:00,177998
2024-02-07 14:00:00-05:00,178129
2024-02-07 15:00:00-05:00,177936
2024-02-07 16:00:00-05:00,176843
2024-02-07 17:00:00-05:00,176767
2024-02-07 18:00:00-05:00,178311
2024-02-07 19:00:00-05:00,179460
2024-02-07 20:00:00-05:00,179414
2024-02-07 21:00:00-05:00,179112
2024-02-07 22:00:00-05:00,179222
2024-02-07 23:00:00-05:00,178992
2024-02-08 00:00:00-05:00,179464
2024-02-08 01:00:00-05:00,179278
2024-02-08 02:00:00-05:00,179520
2024-02-08 03:00:00-05:00,179783
2024-02-08 04:00:00-05:00,180148
2024-02-08 05:00:00-05:00,180902
2024-02-08 06:00:00-05:00,181694
2024-02-08 07:00:00-05:00,182579
2024-02-08 08:00:00-05:00,184602
2024-02-08 09:00:00-05:00,184236
2024-02-08 10:00:00-05:00,183248
2024-02-08 11:00:00-05:00,182787
2024-02-08 12:00:00-05:00,182766
2024-02-08 13:00:00-05:00,182699
2024-02-08 14:00:00-05:00,182256
2024-02-08 15:00:00-05:00,183018
2024-02-08 16:00:00-05:00,181804
2024-02-08 17:00:00-05:00,181216
2024-02-08 18:00:00-05:00,181473
2024-02-08 19:00:00-05:00,179647
2024-02-08 20:00:00-05:00,179387
2024-02-08 21:00:00-05:00,179540
2024-02-08 22:00:00-05:00,179250
2024-02-08 23:00:00-05:00,179014
2024-02-09 00:00:00-05:00,179238
2024-02-09 01:00:00-05:00,178886
2024-02-09 02:00:00-05:00,178077
2024-02-09 03:00:00-05:00,177563
2024-02-09 04:00:00-05:00,177590
2024-02-09 05:00:00-05:00,178353
2024-02-09 06:00:00-05:00,179109
2024-02-09 07:00:00-05:00,179509
2024-02-09 08:00:00-05:00,179710
2024-02-09 09:00:00-05:00,179108
2024-02-09 10:00:00-05:00,178846
2024-02-09 11:00:00-05:00,178933
2024-02-09 12:00:00-05:00,177966
2024-02-09 13:00:00-05:00,178301
2024-02-09 14:00:00-05:00,178140
2024-02-09 15:00:00-05:00,177828
2024-02-09 16:00:00-05:00,176518
2024-02-09 17:00:00-05:00,175858
2024-02-09 18:00:00-05:00,176268
2024-02-09 19:00:00-05:00,176750
2024-02-09 20:00:00-05:00,176766
2024-02-09 21:00:00-05:00,176873
2024-02-09 22:00:00-05:00,176890
2024-02-09 23:00:00-05:00,176919
2024-02-10 00:00:00-05:00,173079
2024-02-10 01:00:00-05:00,173350
2024-02-10 02:00:00-05:00,173310
2024-02-10 03:00:00-05:00,173402
2024-02-10 04:00:00-05:00,173486
2024-02-10 05:00:00-05:00,174027
2024-02-10 06:00:00-05:00,173567
2024-02-10 07:00:00-05:00,172906
2024-02-10 08:00:00-05:00,173516
2024-02-10 09:00:00-05:00,173994
2024-02-10 10:00:00-05:00,174798
2024-02-10 11:00:00-05:00,175123
2024-02-10 12:00:00-05:00,174730
2024-02-10 13:00:00-05:00,174552
2024-02-10 14:00:00-05:00,174622
2024-02-10 15:00:00-05:00,174091
2024-02-10 16:00:00-05:00,173595
2024-02-10 17:00:00-05:00,173346
2024-02-10 18:00:00-05:00,173131
2024-02-10 19:00:00-05:00,175584
2024-02-10 20:00:00-05:00,175633
2024-02-10 21:00:00-05:00,176074
2024-02-10 22:00:00-05:00,176175
2024-02-10 23:00:00-05:00,176146
2024-02-11 00:00:00-05:00,172067
2024-02-11 01:00:00-05:00,172050
2024-02-11 02:00:00-05:00,171780
2024-02-11 03:00:00-05:00,171781
2024-02-11 04:00:00-05:00,171647
2024-02-11 05:00:00-05:00,171746
2024-02-11 06:00:00-05:00,171720
2024-02-11 07:00:00-05:00,171592
2024-02-11 08:00:00-05:00,172088
2024-02-11 09:00:00-05:00,174496
2024-02-11 10:00:00-05:00,174759
2024-02-11 11:00:00-05:00,174883
2024-02-11 12:00:00-05:00,175073
2024-02-11 13:00:00-05:00,175067
2024-02-11 14:00:00-05:00,175135
2024-02-11 15:00:00-05:00,175755
2024-02-11 16:00:00-05:00,175354
2024-02-11 17:00:00-05:00,174806
2024-02-11 18:00:00-05:00,174749
2024-02-11 19:00:00-05:00,178450
2024-02-11 20:00:00-05:00,178549
2024-02-11 21:00:00-05:00,178960
2024-02-11 22:00:00-05:00,178824
2024-02-11 23:00:00-05:00,178887
2024-02-12 00:00:00-05:00,173040
2024-02-12 01:00:00-05:00,173023
2024-02-12 02:00:00-05:00,173060
2024-02-12 03:00:00-05:00,173158
2024-02-12 04:00:00-05:00,173539
2024-02-12 05:00:00-05:00,174248
2024-02-12 06:00:00-05:00,173457
2024-02-12 07:00:00-05:00,173182
2024-02-12 08:00:00-05:00,172677
2024-02-12 09:00:00-05:00,173909
2024-02-12 10:00:00-05:00,174733
2024-02-12 11:00:00-05:00,174554
2024-02-12 12:00:00-05:00,174319
2024-02-12 13:00:00-05:00,174972
2024-02-12 14:00:00-05:00,174904
2024-02-12 15:00:00-05:00,176042
2024-02-12 16:00:00-05:00,176712
2024-02-12 17:00:00-05:00,176841
2024-02-12 18:00:00-05:00,177304
2024-02-12 19:00:00-05:00,178632
2024-02-12 20:00:00-05:00,179033
2024-02-12 21:00:00-05:00,179126
2024-02-12 22:00:00-05:00,178939
2024-02-12 23:00:00-05:00,178955
2024-02-13 00:00:00-05:00,176061
2024-02-13 01:00:00-05:00,176536
2024-02-13 02:00:00-05:00,177004
2024-02-13 03:00:00-05:00,177314
2024-02-13 04:00:00-05:00,176636
2024-02-13 05:00:00-05:00,176906
2024-02-13 06:00:00-05:00,177204
2024-02-13 07:00:00-05:00,176995
2024-02-13 08:00:00-05:00,178242
2024-02-13 09:00:00-05:00,178660
2024-02-13 10:00:00-05:00,178300
2024-02-13 11:00:00-05:00,178932
2024-02-13 12:00:00-05:00,180663
2024-02-13 13:00:00-05:00,181242
2024-02-13 14:00:00-05:00,181902
2024-02-13 15:00:00-05:00,181680
2024-02-13 16:00:00-05:00,179597
2024-02-13 17:00:00-05:00,177825
2024-02-13 18:00:00-05:00,178157
2024-02-13 19:00:00-05:00,179844
2024-02-13 20:00:00-05:00,179705
2024-02-13 21:00:00-05:00,179535
2024-02-13 22:00:00-05:00,179224
2024-02-13 23:00:00-05:00,179644
2024-02-14 00:00:00-05:00,176941
2024-02-14 01:00:00-05:00,176156
2024-02-14 02:00:00-05:00,176497
2024-02-14 03:00:00-05:00,176729
2024-02-14 04:00:00-05:00,176807
2024-02-14 05:00:00-05:00,177339
2024-02-14 06:00:00-05:00,177983
2024-02-14 07:00:00-05:00,178562
2024-02-14 08:00:00-05:00,180153
2024-02-14 09:00:00-05:00,180465
2024-02-14 10:00:00-05:00,180051
2024-02-14 11:00:00-05:00,179729
2024-02-14 12:00:00-05:00,179646
2024-02-14 13:00:00-05:00,179582
2024-02-14 14:00:00-05:00,179626
2024-02-14 15:00:00-05:00,180509
2024-02-14 16:00:00-05:00,179156
2024-02-14 17:00:00-05:00,177839
2024-02-14 18:00:00-05:00,178934
2024-02-14 19:00:00-05:00,179497
2024-02-14 20:00:00-05:00,180255
2024-02-14 21:00:00-05:00,180309
2024-02-14 22:00:00-05:00,180366
2024-02-14 23:00:00-05:00,180411
2024-02-15 00:00:00-05:00,181181
2024-02-15 01:00:00-05:00,180935
2024-02-15 02:00:00-05:00,181020
2024-02-15 03:00:00-05:00,180891
2024-02-15 04:00:00-05:00,181415
2024-02-15 05:00:00-05:00,182198
2024-02-15 06:00:00-05:00,183027
2024-02-15 07:00:00-05:00,184528
2024-02-15 08:00:00-05:00,185576
2024-02-15 09:00:00-05:00,186168
2024-02-15 10:00:00-05:00,185840
2024-02-15 11:00:00-05:00,185279
2024-02-15 12:00:00-05:00,184769
2024-02-15 13:00:00-05:00,185170
2024-02-15 14:00:00-05:00,186044
2024-02-15 15:00:00-05:00,186583
2024-02-15 16:00:00-05:00,183610
2024-02-15 17:00:00-05:00,181460
2024-02-15 18:00:00-05:00,179720
2024-02-15 19:00:00-05:00,179512
2024-02-15 20:00:00-05:00,179330
2024-02-15 21:00:00-05:00,178629
2024-02-15 22:00:00-05:00,178507
2024-02-15 23:00:00-05:00,179559
2024-02-16 00:00:00-05:00,178575
2024-02-16 01:00:00-05:00,178220
2024-02-16 02:00:00-05:00,177266
2024-02-16 03:00:00-05:00,176858
2024-02-16 04:00:00-05:00,177333
2024-02-16 05:00:00-05:00,177931
2024-02-16 06:00:00-05:00,178372
2024-02-16 07:00:00-05:00,178714
2024-02-16 08:00:00-05:00,179098
2024-02-16 09:00:00-05:00,179389
2024-02-16 10:00:00-05:00,178813
2024-02-16 11:00:00-05:00,178800
2024-02-16 12:00:00-05:00,178659
2024-02-16 13:00:00-05:00,178232
2024-02-16 14:00:00-05:00,178612
2024-02-16 15:00:00-05:00,178743
2024-02-16 16:00:00-05:00,178668
2024-02-16 17:00:00-05:00,178456
2024-02-16 18:00:00-05:00,178766
2024-02-16 19:00:00-05:00,179930
2024-02-16 20:00:00-05:00,179823
2024-02-16 21:00:00-05:00,180305
2024-02-16 22:00:00-05:00,180296
2024-02-16 23:00:00-05:00,180074
2024-02-17 00:00:00-05:00,179516
2024-02-17 01:00:00-05:00,180139
2024-02-17 02:00:00-05:00,180573
2024-02-17 03:00:00-05:00,181028
2024-02-17 04:00:00-05:00,180964
2024-02-17 05:00:00-05:00,180449
2024-02-17 06:00:00-05:00,180766
2024-02-17 07:00:00-05:00,181011
2024-02-17 08:00:00-05:00,183335
2024-02-17 09:00:00-05:00,184316
2024-02-17 10:00:00-05:00,184051
2024-02-17 11:00:00-05:00,183680
2024-02-17 12:00:00-05:00,184054
2024-02-17 13:00:00-05:00,185118
2024-02-17 14:00:00-05:00,185512
2024-02-17 15:00:00-05:00,186635
2024-02-17 16:00:00-05:00,185765
2024-02-17 17:00:00-05:00,184115
2024-02-17 18:00:00-05:00,184387
2024-02-17 19:00:00-05:00,181262
2024-02-17 20:00:00-05:00,180566
2024-02-17 21:00:00-05:00,180331
2024-02-17 22:00:00-05:00,180180
2024-02-17 23:00:00-05:00,180004
2024-02-18 00:00:00-05:00,183588
2024-02-18 01:00:00-05:00,183448
2024-02-18 02:00:00-05:00,183510
2024-02-18 03:00:00-05:00,183525
2024-02-18 04:00:00-05:00,183253
2024-02-18 05:00:00-05:00,183302
2024-02-18 06:00:00-05:00,184127
2024-02-18 07:00:00-05:00,184438
2024-02-18 08:00:00-05:00,187164
2024-02-18 09:00:00-05:00,188238
2024-02-18 10:00:00-05:00,188159
2024-02-18 11:00:00-05:00,187204
2024-02-18 12:00:00-05:00,187017
2024-02-18 13:00:00-05:00,185907
2024-02-18 14:00:00-05:00,184956
2024-02-18 15:00:00-05:00,184786
2024-02-18 16:00:00-05:00,183218
2024-02-18 17:00:00-05:00,181259
2024-02-18 18:00:00-05:00,181004
2024-02-18 19:00:00-05:00,180650
2024-02-18 20:00:00-05:00,180302
2024-02-18 21:00:00-05:00,180476
2024-02-18 22:00:00-05:00,180129
2024-02-18 23:00:00-05:00,180146
2024-02-19 00:00:00-05:00,177718
2024-02-19 01:00:00-05:00,176801
2024-02-19 02:00:00-05:00,176225
2024-02-19 03:00:00-05:00,175876
2024-02-19 04:00:00-05:00,175636
2024-02-19 05:00:00-05:00,175973
2024-02-19 06:00:00-05:00,176135
2024-02-19 07:00:00-05:00,177121
2024-02-19 08:00:00-05:00,179506
2024-02-19 09:00:00-05:00,179809
2024-02-19 10:00:00-05:00,179282
2024-02-19 11:00:00-05:00,178949
2024-02-19 12:00:00-05:00,178820
2024-02-19 13:00:00-05:00,178930
2024-02-19 14:00:00-05:00,178490
2024-02-19 15:00:00-05:00,179090
2024-02-19 16:00:00-05:00,177596
2024-02-19 17:00:00-05:00,175513
2024-02-19 18:00:00-05:00,175485
2024-02-19 19:00:00-05:00,178940
2024-02-19 20:00:00-05:00,179346
2024-02-19 21:00:00-05:00,179472
2024-02-19 22:00:00-05:00,179386
2024-02-19 23:00:00-05:00,179176
2024-02-20 00:00:00-05:00,175473
2024-02-20 01:00:00-05:00,176090
2024-02-20 02:00:00-05:00,176635
2024-02-20 03:00:00-05:00,176810
2024-02-20 04:00:00-05:00,176775
2024-02-20 05:00:00-05:00,177082
2024-02-20 06:00:00-05:00,176925
2024-02-20 07:00:00-05:00,178011
2024-02-20 08:00:00-05:00,180429
2024-02-20 09:00:00-05:00,180349
2024-02-20 10:00:00-05:00,179170
2024-02-20 11:00:00-05:00,180151
2024-02-20 12:00:00-05:00,180126
2024-02-20 13:00:00-05:00,180849
2024-02-20 14:00:00-05:00,181394
2024-02-20 15:00:00-05:00,182082
2024-02-20 16:00:00-05:00,180407
2024-02-20 17:00:00-05:00,177588
2024-02-20 18:00:00-05:00,178246
2024-02-20 19:00:00-05:00,179105
2024-02-20 20:00:00-05:00,179790
2024-02-20 21:00:00-05:00,179903
2024-02-20 22:00:00-05:00,179765
2024-02-20 23:00:00-05:00,179574
2024-02-21 00:00:00-05:00,178744
2024-02-21 01:00:00-05:00,178997
2024-02-21 02:00:00-05:00,178695
2024-02-21 03:00:00-05:00,178697
2024-02-21 04:00:00-05:00,178535
2024-02-21 05:00:00-05:00,179001
2024-02-21 06:00:00-05:00,179397
2024-02-21 07:00:00-05:00,180590
2024-02-21 08:00:00-05:00,182409
2024-02-21 09:00:00-05:00,182487
2024-02-21 10:00:00-05:00,181804
2024-02-21 11:00:00-05:00,181597
2024-02-21 12:00:00-05:00,182439
2024-02-21 13:00:00-05:00,181898
2024-02-21 14:00:00-05:00,181130
2024-02-21 15:00:00-05:00,180514
2024-02-21 16:00:00-05:00,178107
2024-02-21 17:00:00-05:00,175961
2024-02-21 18:00:00-05:00,175886
2024-02-21 19:00:00-05:00,176769
2024-02-21 20:00:00-05:00,177197
2024-02-21 21:00:00-05:00,177422
2024-02-21 22:00:00-05:00,177500
2024-02-21 23:00:00-05:00,177495
2024-02-22 00:00:00-05:00,175152
2024-02-22 01:00:00-05:00,174629
2024-02-22 02:00:00-05:00,174454
2024-02-22 03:00:00-05:00,174681
2024-02-22 04:00:00-05:00,174427
2024-02-22 05:00:00-05:00,174289
2024-02-22 06:00:00-05:00,174605
2024-02-22 07:00:00-05:00,175290
2024-02-22 08:00:00-05:00,176821
2024-02-22 09:00:00-05:00,177002
2024-02-22 10:00:00-05:00,176127
2024-02-22 11:00:00-05:00,176052
2024-02-22 12:00:00-05:00,174765
2024-02-22 13:00:00-05:00,174669
2024-02-22 14:00:00-05:00,174933
2024-02-22 15:00:00-05:00,175421
2024-02-22 16:00:00-05:00,174315
2024-02-22 17:00:00-05:00,173824
2024-02-22 18:00:00-05:00,173847
2024-02-22 19:00:00-05:00,177352
2024-02-22 20:00:00-05:00,177153
2024-02-22 21:00:00-05:00,177313
2024-02-22 22:00:00-05:00,177044
2024-02-22 23:00:00-05:00,176998
2024-02-23 00:00:00-05:00,173536
2024-02-23 01:00:00-05:00,173722
2024-02-23 02:00:00-05:00,174144
2024-02-23 03:00:00-05:00,174098
2024-02-23 04:00:00-05:00,173846
2024-02-23 05:00:00-05:00,174406
2024-02-23 06:00:00-05:00,174996
2024-02-23 07:00:00-05:00,175522
2024-02-23 08:00:00-05:00,175325
2024-02-23 09:00:00-05:00,174472
2024-02-23 10:00:00-05:00,173420
2024-02-23 11:00:00-05:00,173622
2024-02-23 12:00:00-05:00,174206
2024-02-23 13:00:00-05:00,174571
2024-02-23 14:00:00-05:00,174745
2024-02-23 15:00:00-05:00,175234
2024-02-23 16:00:00-05:00,175766
2024-02-23 17:00:00-05:00,175538
2024-02-23 18:00:00-05:00,176129
2024-02-23 19:00:00-05:00,177122
2024-02-23 20:00:00-05:00,176722
2024-02-23 21:00:00-05:00,176593
2024-02-23 22:00:00-05:00,176580
2024-02-23 23:00:00-05:00,176705
2024-02-24 00:00:00-05:00,177393
2024-02-24 01:00:00-05:00,177515
2024-02-24 02:00:00-05:00,177880
2024-02-24 03:00:00-05:00,177719
2024-02-24 04:00:00-05:00,177661
2024-02-24 05:00:00-05:00,177098
2024-02-24 06:00:00-05:00,176371
2024-02-24 07:00:00-05:00,176259
2024-02-24 08:00:00-05:00,176755
2024-02-24 09:00:00-05:00,177172
2024-02-24 10:00:00-05:00,176480
2024-02-24 11:00:00-05:00,175965
2024-02-24 12:00:00-05:00,175329
2024-02-24 13:00:00-05:00,174938
2024-02-24 14:00:00-05:00,174553
2024-02-24 15:00:00-05:00,173188
2024-02-24 16:00:00-05:00,173388
2024-02-24 17:00:00-05:00,173212
2024-02-24 18:00:00-05:00,173427
2024-02-24 19:00:00-05:00,175071
2024-02-24 20:00:00-05:00,175517
2024-02-24 21:00:00-05:00,175683
2024-02-24 22:00:00-05:00,175950
2024-02-24 23:00:00-05:00,175990
2024-02-25 00:00:00-05:00,174939
2024-02-25 01:00:00-05:00,176338
2024-02-25 02:00:00-05:00,176411
2024-02-25 03:00:00-05:00,176563
2024-02-25 04:00:00-05:00,176900
2024-02-25 05:00:00-05:00,176866
2024-02-25 06:00:00-05:00,176971
2024-02-25 07:00:00-05:00,178132
2024-02-25 08:00:00-05:00,180898
2024-02-25 09:00:00-05:00,180727
2024-02-25 10:00:00-05:00,179187
2024-02-25 11:00:00-05:00,178229
2024-02-25 12:00:00-05:00,177193
2024-02-25 13:00:00-05:00,176537
2024-02-25 14:00:00-05:00,176597
2024-02-25 15:00:00-05:00,175737
2024-02-25 16:00:00-05:00,173994
2024-02-25 17:00:00-05:00,172000
2024-02-25 18:00:00-05:00,172123
2024-02-25 19:00:00-05:00,174200
2024-02-25 20:00:00-05:00,174138
2024-02-25 21:00:00-05:00,174067
2024-02-25 22:00:00-05:00,173922
2024-02-25 23:00:00-05:00,173895
2024-02-26 00:00:00-05:00,172184
2024-02-26 01:00:00-05:00,171747
2024-02-26 02:00:00-05:00,171575
2024-02-26 03:00:00-05:00,171410
2024-02-26 04:00:00-05:00,171241
2024-02-26 05:00:00-05:00,171826
2024-02-26 06:00:00-05:00,172752
2024-02-26 07:00:00-05:00,173520
2024-02-26 08:00:00-05:00,175335
2024-02-26 09:00:00-05:00,175234
2024-02-26 10:00:00-05:00,173851
2024-02-26 11:00:00-05:00,173308
2024-02-26 12:00:00-05:00,173492
2024-02-26 13:00:00-05:00,174072
2024-02-26 14:00:00-05:00,175134
2024-02-26 15:00:00-05:00,175604
2024-02-26 16:00:00-05:00,174730
2024-02-26 17:00:00-05:00,174247
2024-02-26 18:00:00-05:00,175416
2024-02-26 19:00:00-05:00,175518
2024-02-26 20:00:00-05:00,175607
2024-02-26 21:00:00-05:00,175126
2024-02-26 22:00:00-05:00,174789
2024-02-26 23:00:00-05:00,174764
2024-02-27 00:00:00-05:00,175892
2024-02-27 01:00:00-05:00,175838
2024-02-27 02:00:00-05:00,175546
2024-02-27 03:00:00-05:00,175566
2024-02-27 04:00:00-05:00,175560
2024-02-27 05:00:00-05:00,175940
2024-02-27 06:00:00-05:00,175248
2024-02-27 07:00:00-05:00,176310
2024-02-27 08:00:00-05:00,177780
2024-02-27 09:00:00-05:00,177892
2024-02-27 10:00:00-05:00,177526
2024-02-27 11:00:00-05:00,177086
2024-02-27 12:00:00-05:00,175183
2024-02-27 13:00:00-05:00,174008
2024-02-27 14:00:00-05:00,172863
2024-02-27 15:00:00-05:00,173151
2024-02-27 16:00:00-05:00,173749
2024-02-27 17:00:00-05:00,173963
2024-02-27 18:00:00-05:00,174900
2024-02-27 19:00:00-05:00,175377
2024-02-27 20:00:00-05:00,175165
2024-02-27 21:00:00-05:00,175542
2024-02-27 22:00:00-05:00,175325
2024-02-27 23:00:00-05:00,175273
2024-02-28 00:00:00-05:00,174894
2024-02-28 01:00:00-05:00,175185
2024-02-28 02:00:00-05:00,175223
2024-02-28 03:00:00-05:00,174774
2024-02-28 04:00:00-05:00,174888
2024-02-28 05:00:00-05:00,175779
2024-02-28 06:00:00-05:00,176050
2024-02-28 07:00:00-05:00,175594
2024-02-28 08:00:00-05:00,176240
2024-02-28 09:00:00-05:00,176768
2024-02-28 10:00:00-05:00,176994
2024-02-28 11:00:00-05:00,176823
2024-02-28 12:00:00-05:00,176644
2024-02-28 13:00:00-05:00,176733
2024-02-28 14:00:00-05:00,176683
2024-02-28 15:00:00-05:00,178188
2024-02-28 16:00:00-05:00,180023
2024-02-28 17:00:00-05:00,179920
2024-02-28 18:00:00-05:00,178125
2024-02-28 19:00:00-05:00,178100
2024-02-28 20:00:00-05:00,177679
2024-02-28 21:00:00-05:00,177896
2024-02-28 22:00:00-05:00,177818
2024-02-28 23:00:00-05:00,177865
2024-02-29 00:00:00-05:00,175358
2024-02-29 01:00:00-05:00,174512
2024-02-29 02:00:00-05:00,174227
2024-02-29 03:00:00-05:00,173627
2024-02-29 04:00:00-05:00,173135
2024-02-29 05:00:00-05:00,173303
2024-02-29 06:00:00-05:00,173593
2024-02-29 07:00:00-05:00,174328
2024-02-29 08:00:00-05:00,178216
2024-02-29 09:00:00-05:00,179049
2024-02-29 10:00:00-05:00,179151
2024-02-29 11:00:00-05:00,179263
2024-02-29 12:00:00-05:00,177847
2024-02-29 13:00:00-05:00,178222
2024-02-29 14:00:00-05:00,179572
2024-02-29 15:00:00-05:00,179480
2024-02-29 16:00:00-05:00,178330
2024-02-29 17:00:00-05:00,176534
2024-02-29 18:00:00-05:00,175873
2024-02-29 19:00:00-05:00,177207
2024-02-29 20:00:00-05:00,177141
2024-02-29 21:00:00-05:00,177108
2024-02-29 22:00:00-05:00,177108
2024-02-29 23:00:00-05:00,177312
2024-03-01 00:00:00-05:00,177481
2024-03-01 01:00:00-05:00,177468
2024-03-01 02:00:00-05:00,177090
2024-03-01 03:00:00-05:00,176684
2024-03-01 04:00:00-05:00,176540
2024-03-01 05:00:00-05:00,177003
2024-03-01 06:00:00-05:00,178412
2024-03-01 07:00:00-05:00,179961
2024-03-01 08:00:00-05:00,180800
2024-03-01 09:00:00-05:00,179778
2024-03-01 10:00:00-05:00,178924
2024-03-01 11:00:00-05:00,178028
2024-03-01 12:00:00-05:00,177794
2024-03-01 13:00:00-05:00,176734
2024-03-01 14:00:00-05:00,176016
2024-03-01 15:00:00-05:00,175784
2024-03-01 16:00:00-05:00,175268
2024-03-01 17:00:00-05:00,175316
2024-03-01 18:00:00-05:00,175623
2024-03-01 19:00:00-05:00,177905
2024-03-01 20:00:00-05:00,177474
2024-03-01 21:00:00-05:00,177596
2024-03-01 22:00:00-05:00,177278
2024-03-01 23:00:00-05:00,177463
2024-03-02 00:00:00-05:00,172187
2024-03-02 01:00:00-05:00,172326
2024-03-02 02:00:00-05:00,172308
2024-03-02 03:00:00-05:00,172117
2024-03-02 04:00:00-05:00,171735
2024-03-02 05:00:00-05:00,171820
2024-03-02 06:00:00-05:00,171921
2024-03-02 07:00:00-05:00,172338
2024-03-02 08:00:00-05:00,172944
2024-03-02 09:00:00-05:00,173109
2024-03-02 10:00:00-05:00,173773
2024-03-02 11:00:00-05:00,173887
2024-03-02 12:00:00-05:00,174599
2024-03-02 13:00:00-05:00,174830
2024-03-02 14:00:00-05:00,174928
2024-03-02 15:00:00-05:00,175175
2024-03-02 16:00:00-05:00,175200
2024-03-02 17:00:00-05:00,173600
2024-03-02 18:00:00-05:00,174157
2024-03-02 19:00:00-05:00,176854
2024-03-02 20:00:00-05:00,176486
2024-03-02 21:00:00-05:00,177081
2024-03-02 22:00:00-05:00,176903
2024-03-02 23:00:00-05:00,176947
2024-03-03 00:00:00-05:00,171739
2024-03-03 01:00:00-05:00,172122
2024-03-03 02:00:00-05:00,172156
2024-03-03 03:00:00-05:00,172487
2024-03-03 04:00:00-05:00,172760
2024-03-03 05:00:00-05:00,172889
2024-03-03 06:00:00-05:00,173652
2024-03-03 07:00:00-05:00,174676
2024-03-03 08:00:00-05:00,176075
2024-03-03 09:00:00-05:00,177283
2024-03-03 10:00:00-05:00,177345
2024-03-03 11:00:00-05:00,177447
2024-03-03 12:00:00-05:00,177368
2024-03-03 13:00:00-05:00,177525
2024-03-03 14:00:00-05:00,177282
2024-03-03 15:00:00-05:00,176590
2024-03-03 16:00:00-05:00,176113
2024-03-03 17:00:00-05:00,174701
2024-03-03 18:00:00-05:00,174459
2024-03-03 19:00:00-05:00,174871
2024-03-03 20:00:00-05:00,174775
2024-03-03 21:00:00-05:00,174572
2024-03-03 22:00:00-05:00,175160
2024-03-03 23:00:00-05:00,174941
2024-03-04 00:00:00-05:00,173143
2024-03-04 01:00:00-05:00,172232
2024-03-04 02:00:00-05:00,171827
2024-03-04 03:00:00-05:00,171697
2024-03-04 04:00:00-05:00,171786
2024-03-04 05:00:00-05:00,172038
2024-03-04 06:00:00-05:00,173187
2024-03-04 07:00:00-05:00,173688
2024-03-04 08:00:00-05:00,174652
2024-03-04 09:00:00-05:00,174529
2024-03-04 10:00:00-05:00,174473
2024-03-04 11:00:00-05:00,174585
2024-03-04 12:00:00-05:00,174620
2024-03-04 13:00:00-05:00,174786
2024-03-04 14:00:00-05:00,174923
2024-03-04 15:00:00-05:00,175480
2024-03-04 16:00:00-05:00,175276
2024-03-04 17:00:00-05:00,175232
2024-03-04 18:00:00-05:00,174701
2024-03-04 19:00:00-05:00,174684
2024-03-04 20:00:00-05:00,174332
2024-03-04 21:00:00-05:00,174409
2024-03-04 22:00:00-05:00,174413
2024-03-04 23:00:00-05:00,174460
2024-03-05 00:00:00-05:00,173279
2024-03-05 01:00:00-05:00,172962
2024-03-05 02:00:00-05:00,172581
2024-03-05 03:00:00-05:00,172996
2024-03-05 04:00:00-05:00,172280
2024-03-05 05:00:00-05:00,172896
2024-03-05 06:00:00-05:00,173416
2024-03-05 07:00:00-05:00,172734
2024-03-05 08:00:00-05:00,173425
2024-03-05 09:00:00-05:00,173445
2024-03-05 10:00:00-05:00,172906
2024-03-05 11:00:00-05:00,172077
2024-03-05 12:00:00-05:00,171832
2024-03-05 13:00:00-05:00,171708
2024-03-05 14:00:00-05:00,170834
2024-03-05 15:00:00-05:00,169479
2024-03-05 16:00:00-05:00,169476
2024-03-05 17:00:00-05:00,169753
2024-03-05 18:00:00-05:00,169850
2024-03-05 19:00:00-05:00,173822
2024-03-05 20:00:00-05:00,173714
2024-03-05 21:00:00-05:00,173824
2024-03-05 22:00:00-05:00,173837
2024-03-05 23:00:00-05:00,173915
2024-03-06 00:00:00-05:00,167663
2024-03-06 01:00:00-05:00,167946
2024-03-06 02:00:00-05:00,168125
2024-03-06 03:00:00-05:00,168266
2024-03-06 04:00:00-05:00,168455
2024-03-06 05:00:00-05:00,168736
2024-03-06 06:00:00-05:00,169276
2024-03-06 07:00:00-05:00,169679
2024-03-06 08:00:00-05:00,169994
2024-03-06 09:00:00-05:00,170335
2024-03-06 10:00:00-05:00,170218
2024-03-06 11:00:00-05:00,170332
2024-03-06 12:00:00-05:00,169916
2024-03-06 13:00:00-05:00,170038
2024-03-06 14:00:00-05:00,169530
2024-03-06 15:00:00-05:00,169211
2024-03-06 16:00:00-05:00,169794
2024-03-06 17:00:00-05:00,170339
2024-03-06 18:00:00-05:00,170023
2024-03-06 19:00:00-05:00,173110
2024-03-06 20:00:00-05:00,173348
2024-03-06 21:00:00-05:00,172620
2024-03-06 22:00:00-05:00,172662
2024-03-06 23:00:00-05:00,172753
2024-03-07 00:00:00-05:00,168009
2024-03-07 01:00:00-05:00,167623
2024-03-07 02:00:00-05:00,168171
2024-03-07 03:00:00-05:00,168209
2024-03-07 04:00:00-05:00,168103
2024-03-07 05:00:00-05:00,168852
2024-03-07 06:00:00-05:00,169655
2024-03-07 07:00:00-05:00,170305
2024-03-07 08:00:00-05:00,171190
2024-03-07 09:00:00-05:00,170631
2024-03-07 10:00:00-05:00,170444
2024-03-07 11:00:00-05:00,170732
2024-03-07 12:00:00-05:00,170372
2024-03-07 13:00:00-05:00,170016
2024-03-07 14:00:00-05:00,170577
2024-03-07 15:00:00-05:00,170123
2024-03-07 16:00:00-05:00,169821
2024-03-07 17:00:00-05:00,168957
2024-03-07 18:00:00-05:00,169447
2024-03-07 19:00:00-05:00,173632
2024-03-07 20:00:00-05:00,173360
2024-03-07 21:00:00-05:00,173357
2024-03-07 22:00:00-05:00,173434
2024-03-07 23:00:00-05:00,173410
2024-03-08 00:00:00-05:00,169720
2024-03-08 01:00:00-05:00,169864
2024-03-08 02:00:00-05:00,170043
2024-03-08 03:00:00-05:00,170121
2024-03-08 04:00:00-05:00,170616
2024-03-08 05:00:00-05:00,171739
2024-03-08 06:00:00-05:00,173030
2024-03-08 07:00:00-05:00,174061
2024-03-08 08:00:00-05:00,174352
2024-03-08 09:00:00-05:00,173809
2024-03-08 10:00:00-05:00,173632
2024-03-08 11:00:00-05:00,173149
2024-03-08 12:00:00-05:00,172755
2024-03-08 13:00:00-05:00,172295
2024-03-08 14:00:00-05:00,171168
2024-03-08 15:00:00-05:00,170828
2024-03-08 16:00:00-05:00,171557
2024-03-08 17:00:00-05:00,171109
2024-03-08 18:00:00-05:00,171979
2024-03-08 19:00:00-05:00,173432
2024-03-08 20:00:00-05:00,173171
2024-03-08 21:00:00-05:00,173056
2024-03-08 22:00:00-05:00,172815
2024-03-08 23:00:00-05:00,172807
2024-03-09 00:00:00-05:00,171402
2024-03-09 01:00:00-05:00,171198
2024-03-09 02:00:00-05:00,171584
2024-03-09 03:00:00-05:00,171334
2024-03-09 04:00:00-05:00,171218
2024-03-09 05:00:00-05:00,171425
2024-03-09 06:00:00-05:00,171575
2024-03-09 07:00:00-05:00,171874
2024-03-09 08:00:00-05:00,172164
2024-03-09 09:00:00-05:00,172215
2024-03-09 10:00:00-05:00,171918
2024-03-09 11:00:00-05:00,171455
2024-03-09 12:00:00-05:00,172067
2024-03-09 13:00:00-05:00,172250
2024-03-09 14:00:00-05:00,172455
2024-03-09 15:00:00-05:00,172371
2024-03-09 16:00:00-05:00,172894
2024-03-09 17:00:00-05:00,172919
2024-03-09 18:00:00-05:00,172892
2024-03-09 19:00:00-05:00,171846
2024-03-09 20:00:00-05:00,171749
2024-03-09 21:00:00-05:00,173265
2024-03-09 22:00:00-05:00,172990
2024-03-09 23:00:00-05:00,173028
2024-03-10 00:00:00-05:00,172154
2024-03-10 01:00:00-05:00,171983
2024-03-10 03:00:00-04:00,172221
2024-03-10 04:00:00-04:00,172564
2024-03-10 05:00:00-04:00,172551
2024-03-10 06:00:00-04:00,172761
2024-03-10 07:00:00-04:00,172962
2024-03-10 08:00:00-04:00,174398
2024-03-10 09:00:00-04:00,175978
2024-03-10 10:00:00-04:00,176492
2024-03-10 11:00:00-04:00,176951
2024-03-10 12:00:00-04:00,176776
2024-03-10 13:00:00-04:00,176903
2024-03-10 14:00:00-04:00,176540
2024-03-10 15:00:00-04:00,175813
2024-03-10 16:00:00-04:00,176300
2024-03-10 17:00:00-04:00,175498
2024-03-10 18:00:00-04:00,173233
2024-03-10 19:00:00-04:00,171899
2024-03-10 20:00:00-04:00,173062
2024-03-10 21:00:00-04:00,173014
2024-03-10 22:00:00-04:00,172919
2024-03-10 23:00:00-04:00,174053
2024-03-11 00:00:00-04:00,167799
2024-03-11 01:00:00-04:00,167599
2024-03-11 02:00:00-04:00,168432
2024-03-11 03:00:00-04:00,169500
2024-03-11 04:00:00-04:00,170253
2024-03-11 05:00:00-04:00,171658
2024-03-11 06:00:00-04:00,172546
2024-03-11 07:00:00-04:00,173566
2024-03-11 08:00:00-04:00,175895
2024-03-11 09:00:00-04:00,177450
2024-03-11 10:00:00-04:00,177661
2024-03-11 11:00:00-04:00,177906
2024-03-11 12:00:00-04:00,178056
2024-03-11 13:00:00-04:00,178079
2024-03-11 14:00:00-04:00,177937
2024-03-11 15:00:00-04:00,178655
2024-03-11 16:00:00-04:00,179201
2024-03-11 17:00:00-04:00,177851
2024-03-11 18:00:00-04:00,175498
2024-03-11 19:00:00-04:00,174224
2024-03-11 20:00:00-04:00,175053
2024-03-11 21:00:00-04:00,175162
2024-03-11 22:00:00-04:00,174391
2024-03-11 23:00:00-04:00,174506
2024-03-12 00:00:00-04:00,173584
2024-03-12 01:00:00-04:00,173479
2024-03-12 02:00:00-04:00,173509
2024-03-12 03:00:00-04:00,173492
2024-03-12 04:00:00-04:00,173484
2024-03-12 05:00:00-04:00,173913
2024-03-12 06:00:00-04:00,174073
2024-03-12 07:00:00-04:00,174930
2024-03-12 08:00:00-04:00,176802
2024-03-12 09:00:00-04:00,177322
2024-03-12 10:00:00-04:00,176895
2024-03-12 11:00:00-04:00,176168
2024-03-12 12:00:00-04:00,176167
2024-03-12 13:00:00-04:00,175811
2024-03-12 14:00:00-04:00,176605
2024-03-12 15:00:00-04:00,177025
2024-03-12 16:00:00-04:00,177171
2024-03-12 17:00:00-04:00,175778
2024-03-12 18:00:00-04:00,172637
2024-03-12 19:00:00-04:00,171818
2024-03-12 20:00:00-04:00,172266
2024-03-12 21:00:00-04:00,172263
2024-03-12 22:00:00-04:00,172517
2024-03-12 23:00:00-04:00,172435
2024-03-13 00:00:00-04:00,171512
2024-03-13 01:00:00-04:00,171491
2024-03-13 02:00:00-04:00,171674
2024-03-13 03:00:00-04:00,171395
2024-03-13 04:00:00-04:00,171066
2024-03-13 05:00:00-04:00,170806
2024-03-13 06:00:00-04:00,170851
2024-03-13 07:00:00-04:00,170526
2024-03-13 08:00:00-04:00,171628
2024-03-13 09:00:00-04:00,171884
2024-03-13 10:00:00-04:00,171513
2024-03-13 11:00:00-04:00,171096
2024-03-13 12:00:00-04:00,170724
2024-03-13 13:00:00-04:00,170736
2024-03-13 14:00:00-04:00,170902
2024-03-13 15:00:00-04:00,171320
2024-03-13 16:00:00-04:00,171860
2024-03-13 17:00:00-04:00,170940
2024-03-13 18:00:00-04:00,168334
2024-03-13 19:00:00-04:00,167408
2024-03-13 20:00:00-04:00,172431
2024-03-13 21:00:00-04:00,172323
2024-03-13 22:00:00-04:00,172424
2024-03-13 23:00:00-04:00,172524
2024-03-14 00:00:00-04:00,167913
2024-03-14 01:00:00-04:00,168505
2024-03-14 02:00:00-04:00,168424
2024-03-14 03:00:00-04:00,169340
2024-03-14 04:00:00-04:00,169464
2024-03-14 05:00:00-04:00,169586
2024-03-14 06:00:00-04:00,169673
2024-03-14 07:00:00-04:00,169807
2024-03-14 08:00:00-04:00,171714
2024-03-14 09:00:00-04:00,173166
2024-03-14 10:00:00-04:00,172760
2024-03-14 11:00:00-04:00,172428
2024-03-14 12:00:00-04:00,171162
2024-03-14 13:00:00-04:00,170890
2024-03-14 14:00:00-04:00,173282
2024-03-14 15:00:00-04:00,174075
2024-03-14 16:00:00-04:00,173882
2024-03-14 17:00:00-04:00,173151
2024-03-14 18:00:00-04:00,171688
2024-03-14 19:00:00-04:00,171904
2024-03-14 20:00:00-04:00,172488
2024-03-14 21:00:00-04:00,172417
2024-03-14 22:00:00-04:00,172617
2024-03-14 23:00:00-04:00,172573
2024-03-15 00:00:00-04:00,168935
2024-03-15 01:00:00-04:00,169538
2024-03-15 02:00:00-04:00,169572
2024-03-15 03:00:00-04:00,169358
2024-03-15 04:00:00-04:00,169408
2024-03-15 05:00:00-04:00,170131
2024-03-15 06:00:00-04:00,169854
2024-03-15 07:00:00-04:00,169475
2024-03-15 08:00:00-04:00,170020
2024-03-15 09:00:00-04:00,169948
2024-03-15 10:00:00-04:00,170390
2024-03-15 11:00:00-04:00,170159
2024-03-15 12:00:00-04:00,169732
2024-03-15 13:00:00-04:00,169334
2024-03-15 14:00:00-04:00,168164
2024-03-15 15:00:00-04:00,167632
2024-03-15 16:00:00-04:00,167837
2024-03-15 17:00:00-04:00,168391
2024-03-15 18:00:00-04:00,167136
2024-03-15 19:00:00-04:00,166644
2024-03-15 20:00:00-04:00,171086
2024-03-15 21:00:00-04:00,171209
2024-03-15 22:00:00-04:00,172225
2024-03-15 23:00:00-04:00,172250
2024-03-16 00:00:00-04:00,164322
2024-03-16 01:00:00-04:00,164738
2024-03-16 02:00:00-04:00,164974
2024-03-16 03:00:00-04:00,165101
2024-03-16 04:00:00-04:00,166113
2024-03-16 05:00:00-04:00,167096
2024-03-16 06:00:00-04:00,167866
2024-03-16 07:00:00-04:00,169153
2024-03-16 08:00:00-04:00,171513
2024-03-16 09:00:00-04:00,174164
2024-03-16 10:00:00-04:00,174996
2024-03-16 11:00:00-04:00,176041
2024-03-16 12:00:00-04:00,176074
2024-03-16 13:00:00-04:00,176045
2024-03-16 14:00:00-04:00,175972
2024-03-16 15:00:00-04:00,175574
2024-03-16 16:00:00-04:00,175810
2024-03-16 17:00:00-04:00,174048
2024-03-16 18:00:00-04:00,171562
2024-03-16 19:00:00-04:00,170614
2024-03-16 20:00:00-04:00,170301
2024-03-16 21:00:00-04:00,169920
2024-03-16 22:00:00-04:00,170048
2024-03-16 23:00:00-04:00,169967
2024-03-17 00:00:00-04:00,169981
2024-03-17 01:00:00-04:00,170516
2024-03-17 02:00:00-04:00,170464
2024-03-17 03:00:00-04:00,170132
2024-03-17 04:00:00-04:00,169974
2024-03-17 05:00:00-04:00,169724
2024-03-17 06:00:00-04:00,169752
2024-03-17 07:00:00-04:00,170048
2024-03-17 08:00:00-04:00,172090
2024-03-17 09:00:00-04:00,174019
2024-03-17 10:00:00-04:00,174202
2024-03-17 11:00:00-04:00,174314
2024-03-17 12:00:00-04:00,174110
2024-03-17 13:00:00-04:00,174262
2024-03-17 14:00:00-04:00,174110
2024-03-17 15:00:00-04:00,174418
2024-03-17 16:00:00-04:00,175099
2024-03-17 17:00:00-04:00,173293
2024-03-17 18:00:00-04:00,171126
2024-03-17 19:00:00-04:00,170139
2024-03-17 20:00:00-04:00,169496
2024-03-17 21:00:00-04:00,169358
2024-03-17 22:00:00-04:00,170514
2024-03-17 23:00:00-04:00,170595
2024-03-18 00:00:00-04:00,165128
2024-03-18 01:00:00-04:00,164844
2024-03-18 02:00:00-04:00,164744
2024-03-18 03:00:00-04:00,164770
2024-03-18 04:00:00-04:00,164824
2024-03-18 05:00:00-04:00,164386
2024-03-18 06:00:00-04:00,165901
2024-03-18 07:00:00-04:00,166116
2024-03-18 08:00:00-04:00,168093
2024-03-18 09:00:00-04:00,169562
2024-03-18 10:00:00-04:00,170668
2024-03-18 11:00:00-04:00,170809
2024-03-18 12:00:00-04:00,170546
2024-03-18 13:00:00-04:00,170406
2024-03-18 14:00:00-04:00,169856
2024-03-18 15:00:00-04:00,169367
2024-03-18 16:00:00-04:00,169091
2024-03-18 17:00:00-04:00,168623
2024-03-18 18:00:00-04:00,167597
2024-03-18 19:00:00-04:00,166613
2024-03-18 20:00:00-04:00,167173
2024-03-18 21:00:00-04:00,167265
2024-03-18 22:00:00-04:00,168398
2024-03-18 23:00:00-04:00,168447
2024-03-19 00:00:00-04:00,166286
2024-03-19 01:00:00-04:00,166584
2024-03-19 02:00:00-04:00,167241
2024-03-19 03:00:00-04:00,166146
2024-03-19 04:00:00-04:00,166648
2024-03-19 05:00:00-04:00,167193
2024-03-19 06:00:00-04:00,167044
2024-03-19 07:00:00-04:00,168268
2024-03-19 08:00:00-04:00,179003
2024-03-19 09:00:00-04:00,171770
2024-03-19 10:00:00-04:00,171745
2024-03-19 11:00:00-04:00,171628
2024-03-19 12:00:00-04:00,171919
2024-03-19 13:00:00-04:00,171475
2024-03-19 14:00:00-04:00,171416
2024-03-19 15:00:00-04:00,171073
2024-03-19 16:00:00-04:00,171175
2024-03-19 17:00:00-04:00,169579
2024-03-19 18:00:00-04:00,167546
2024-03-19 19:00:00-04:00,166166
2024-03-19 20:00:00-04:00,165712
2024-03-19 21:00:00-04:00,165561
2024-03-19 22:00:00-04:00,165687
2024-03-19 23:00:00-04:00,165634
2024-03-20 00:00:00-04:00,165440
2024-03-20 01:00:00-04:00,165350
2024-03-20 02:00:00-04:00,165336
2024-03-20 03:00:00-04:00,165436
2024-03-20 04:00:00-04:00,165808
2024-03-20 05:00:00-04:00,165854
2024-03-20 06:00:00-04:00,166943
2024-03-20 07:00:00-04:00,167731
2024-03-20 08:00:00-04:00,169054
2024-03-20 09:00:00-04:00,170166
2024-03-20 10:00:00-04:00,170140
2024-03-20 11:00:00-04:00,170454
2024-03-20 12:00:00-04:00,170090
2024-03-20 13:00:00-04:00,170021
2024-03-20 14:00:00-04:00,169901
2024-03-20 15:00:00-04:00,169950
2024-03-20 16:00:00-04:00,170030
2024-03-20 17:00:00-04:00,168082
2024-03-20 18:00:00-04:00,165716
2024-03-20 19:00:00-04:00,164120
2024-03-20 20:00:00-04:00,166155
2024-03-20 21:00:00-04:00,165805
2024-03-20 22:00:00-04:00,166522
2024-03-20 23:00:00-04:00,166557
2024-03-21 00:00:00-04:00,160806
2024-03-21 01:00:00-04:00,160478
2024-03-21 02:00:00-04:00,160316
2024-03-21 03:00:00-04:00,160899
2024-03-21 04:00:00-04:00,160882
2024-03-21 05:00:00-04:00,160496
2024-03-21 06:00:00-04:00,161152
2024-03-21 07:00:00-04:00,161696
2024-03-21 08:00:00-04:00,164328
2024-03-21 09:00:00-04:00,165046
2024-03-21 10:00:00-04:00,165594
2024-03-21 11:00:00-04:00,165676
2024-03-21 12:00:00-04:00,165359
2024-03-21 13:00:00-04:00,165521
2024-03-21 14:00:00-04:00,165303
2024-03-21 15:00:00-04:00,165468
2024-03-21 16:00:00-04:00,165643
2024-03-21 17:00:00-04:00,164590
2024-03-21 18:00:00-04:00,162514
2024-03-21 19:00:00-04:00,161462
2024-03-21 20:00:00-04:00,165831
2024-03-21 21:00:00-04:00,165770
2024-03-21 22:00:00-04:00,166344
2024-03-21 23:00:00-04:00,166660
2024-03-22 00:00:00-04:00,163724
2024-03-22 01:00:00-04:00,162954
2024-03-22 02:00:00-04:00,163508
2024-03-22 03:00:00-04:00,163904
2024-03-22 04:00:00-04:00,163750
2024-03-22 05:00:00-04:00,164010
2024-03-22 06:00:00-04:00,164567
2024-03-22 07:00:00-04:00,165410
2024-03-22 08:00:00-04:00,167640
2024-03-22 09:00:00-04:00,167712
2024-03-22 10:00:00-04:00,166594
2024-03-22 11:00:00-04:00,165937
2024-03-22 12:00:00-04:00,164508
2024-03-22 13:00:00-04:00,163982
2024-03-22 14:00:00-04:00,163114
2024-03-22 15:00:00-04:00,162926
2024-03-22 16:00:00-04:00,163857
2024-03-22 17:00:00-04:00,163657
2024-03-22 18:00:00-04:00,163431
2024-03-22 19:00:00-04:00,164640
2024-03-22 20:00:00-04:00,165301
2024-03-22 21:00:00-04:00,165193
2024-03-22 22:00:00-04:00,165596
2024-03-22 23:00:00-04:00,165453
2024-03-23 00:00:00-04:00,162867
2024-03-23 01:00:00-04:00,162298
2024-03-23 02:00:00-04:00,162224
2024-03-23 03:00:00-04:00,162661
2024-03-23 04:00:00-04:00,162579
2024-03-23 05:00:00-04:00,162527
2024-03-23 06:00:00-04:00,161485
2024-03-23 07:00:00-04:00,162625
2024-03-23 08:00:00-04:00,162667
2024-03-23 09:00:00-04:00,162748
2024-03-23 10:00:00-04:00,163559
2024-03-23 11:00:00-04:00,164297
2024-03-23 12:00:00-04:00,164529
2024-03-23 13:00:00-04:00,164717
2024-03-23 14:00:00-04:00,164938
2024-03-23 15:00:00-04:00,165605
2024-03-23 16:00:00-04:00,166240
2024-03-23 17:00:00-04:00,165004
2024-03-23 18:00:00-04:00,163727
2024-03-23 19:00:00-04:00,163628
2024-03-23 20:00:00-04:00,165690
2024-03-23 21:00:00-04:00,166098
2024-03-23 22:00:00-04:00,166611
2024-03-23 23:00:00-04:00,166647
2024-03-24 00:00:00-04:00,163694
2024-03-24 01:00:00-04:00,163229
2024-03-24 02:00:00-04:00,163486
2024-03-24 03:00:00-04:00,164889
2024-03-24 04:00:00-04:00,165633
2024-03-24 05:00:00-04:00,165398
2024-03-24 06:00:00-04:00,164842
2024-03-24 07:00:00-04:00,165806
2024-03-24 08:00:00-04:00,168699
2024-03-24 09:00:00-04:00,171656
2024-03-24 10:00:00-04:00,172781
2024-03-24 11:00:00-04:00,172709
2024-03-24 12:00:00-04:00,172653
2024-03-24 13:00:00-04:00,172452
2024-03-24 14:00:00-04:00,172140
2024-03-24 15:00:00-04:00,171854
2024-03-24 16:00:00-04:00,172277
2024-03-24 17:00:00-04:00,171057
2024-03-24 18:00:00-04:00,168731
2024-03-24 19:00:00-04:00,167992
2024-03-24 20:00:00-04:00,167433
2024-03-24 21:00:00-04:00,167292
2024-03-24 22:00:00-04:00,166963
2024-03-24 23:00:00-04:00,167026
2024-03-25 00:00:00-04:00,166418
2024-03-25 01:00:00-04:00,166545
2024-03-25 02:00:00-04:00,166168
2024-03-25 03:00:00-04:00,165960
2024-03-25 04:00:00-04:00,165905
2024-03-25 05:00:00-04:00,166010
2024-03-25 06:00:00-04:00,167383
2024-03-25 07:00:00-04:00,168257
2024-03-25 08:00:00-04:00,170438
2024-03-25 09:00:00-04:00,171311
2024-03-25 10:00:00-04:00,171033
2024-03-25 11:00:00-04:00,170692
2024-03-25 12:00:00-04:00,170153
2024-03-25 13:00:00-04:00,169580
2024-03-25 14:00:00-04:00,169515
2024-03-25 15:00:00-04:00,169356
2024-03-25 16:00:00-04:00,170236
2024-03-25 17:00:00-04:00,168809
2024-03-25 18:00:00-04:00,166195
2024-03-25 19:00:00-04:00,164838
2024-03-25 20:00:00-04:00,163859
2024-03-25 21:00:00-04:00,164098
2024-03-25 22:00:00-04:00,164021
2024-03-25 23:00:00-04:00,164298
2024-03-26 00:00:00-04:00,166028
2024-03-26 01:00:00-04:00,166020
2024-03-26 02:00:00-04:00,166205
2024-03-26 03:00:00-04:00,166731
2024-03-26 04:00:00-04:00,166901
2024-03-26 05:00:00-04:00,167010
2024-03-26 06:00:00-04:00,167443
2024-03-26 07:00:00-04:00,167662
2024-03-26 08:00:00-04:00,168637
2024-03-26 09:00:00-04:00,168810
2024-03-26 10:00:00-04:00,169308
2024-03-26 11:00:00-04:00,169525
2024-03-26 12:00:00-04:00,169150
2024-03-26 13:00:00-04:00,169823
2024-03-26 14:00:00-04:00,169387
2024-03-26 15:00:00-04:00,169089
2024-03-26 16:00:00-04:00,169856
2024-03-26 17:00:00-04:00,169326
2024-03-26 18:00:00-04:00,168433
2024-03-26 19:00:00-04:00,167666
2024-03-26 20:00:00-04:00,166356
2024-03-26 21:00:00-04:00,166295
2024-03-26 22:00:00-04:00,166401
2024-03-26 23:00:00-04:00,166055
2024-03-27 00:00:00-04:00,165374
2024-03-27 01:00:00-04:00,165214
2024-03-27 02:00:00-04:00,165090
2024-03-27 03:00:00-04:00,165561
2024-03-27 04:00:00-04:00,165270
2024-03-27 05:00:00-04:00,164837
2024-03-27 06:00:00-04:00,165624
2024-03-27 07:00:00-04:00,165311
2024-03-27 08:00:00-04:00,166766
2024-03-27 09:00:00-04:00,166186
2024-03-27 10:00:00-04:00,165604
2024-03-27 11:00:00-04:00,164752
2024-03-27 12:00:00-04:00,164632
2024-03-27 13:00:00-04:00,164435
2024-03-27 14:00:00-04:00,164390
2024-03-27 15:00:00-04:00,164916
2024-03-27 16:00:00-04:00,165728
2024-03-27 17:00:00-04:00,165495
2024-03-27 18:00:00-04:00,164655
2024-03-27 19:00:00-04:00,163382
2024-03-27 20:00:00-04:00,166406
2024-03-27 21:00:00-04:00,166811
2024-03-27 22:00:00-04:00,166626
2024-03-27 23:00:00-04:00,166726
2024-03-28 00:00:00-04:00,160752
2024-03-28 01:00:00-04:00,160776
2024-03-28 02:00:00-04:00,160601
2024-03-28 03:00:00-04:00,160834
2024-03-28 04:00:00-04:00,160641
2024-03-28 05:00:00-04:00,160687
2024-03-28 06:00:00-04:00,161559
2024-03-28 07:00:00-04:00,162590
2024-03-28 08:00:00-04:00,163539
2024-03-28 09:00:00-04:00,163545
2024-03-28 10:00:00-04:00,163565
2024-03-28 11:00:00-04:00,164220
2024-03-28 12:00:00-04:00,164618
2024-03-28 13:00:00-04:00,165651
2024-03-28 14:00:00-04:00,166747
2024-03-28 15:00:00-04:00,166521
2024-03-28 16:00:00-04:00,167347
2024-03-28 17:00:00-04:00,167272
2024-03-28 18:00:00-04:00,165818
2024-03-28 19:00:00-04:00,163767
2024-03-28 20:00:00-04:00,166921
2024-03-28 21:00:00-04:00,167102
2024-03-28 22:00:00-04:00,167099
2024-03-28 23:00:00-04:00,167083
2024-03-29 00:00:00-04:00,162686
2024-03-29 01:00:00-04:00,162566
2024-03-29 02:00:00-04:00,162589
2024-03-29 03:00:00-04:00,162632
2024-03-29 04:00:00-04:00,163231
2024-03-29 05:00:00-04:00,163512
2024-03-29 06:00:00-04:00,164411
2024-03-29 07:00:00-04:00,166172
2024-03-29 08:00:00-04:00,168527
2024-03-29 09:00:00-04:00,169271
2024-03-29 10:00:00-04:00,169248
2024-03-29 11:00:00-04:00,169318
2024-03-29 12:00:00-04:00,169814
2024-03-29 13:00:00-04:00,168951
2024-03-29 14:00:00-04:00,169392
2024-03-29 15:00:00-04:00,169454
2024-03-29 16:00:00-04:00,170642
2024-03-29 17:00:00-04:00,170152
2024-03-29 18:00:00-04:00,167858
2024-03-29 19:00:00-04:00,167188
2024-03-29 20:00:00-04:00,168846
2024-03-29 21:00:00-04:00,169347
2024-03-29 22:00:00-04:00,169473
2024-03-29 23:00:00-04:00,169570
2024-03-30 00:00:00-04:00,165879
2024-03-30 01:00:00-04:00,165507
2024-03-30 02:00:00-04:00,165688
2024-03-30 03:00:00-04:00,165937
2024-03-30 04:00:00-04:00,165213
2024-03-30 05:00:00-04:00,164895
2024-03-30 06:00:00-04:00,165084
2024-03-30 07:00:00-04:00,166309
2024-03-30 08:00:00-04:00,167093
2024-03-30 09:00:00-04:00,167621
2024-03-30 10:00:00-04:00,168250
2024-03-30 11:00:00-04:00,168650
2024-03-30 12:00:00-04:00,168986
2024-03-30 13:00:00-04:00,168959
2024-03-30 14:00:00-04:00,168551
2024-03-30 15:00:00-04:00,168069
2024-03-30 16:00:00-04:00,168317
2024-03-30 17:00:00-04:00,166895
2024-03-30 18:00:00-04:00,165045
2024-03-30 19:00:00-04:00,162316
2024-03-30 20:00:00-04:00,167230
2024-03-30 21:00:00-04:00,167465
2024-03-30 22:00:00-04:00,167405
2024-03-30 23:00:00-04:00,167422
2024-03-31 00:00:00-04:00,161502
2024-03-31 01:00:00-04:00,161303
2024-03-31 02:00:00-04:00,161167
2024-03-31 03:00:00-04:00,160642
2024-03-31 04:00:00-04:00,161059
2024-03-31 05:00:00-04:00,161048
2024-03-31 06:00:00-04:00,161347
2024-03-31 07:00:00-04:00,161686
2024-03-31 08:00:00-04:00,162642
2024-03-31 09:00:00-04:00,163122
2024-03-31 10:00:00-04:00,163326
2024-03-31 11:00:00-04:00,163174
2024-03-31 12:00:00-04:00,164206
2024-03-31 13:00:00-04:00,163777
2024-03-31 14:00:00-04:00,163451
2024-03-31 15:00:00-04:00,162835
2024-03-31 16:00:00-04:00,163442
2024-03-31 17:00:00-04:00,163052
2024-03-31 18:00:00-04:00,162794
2024-03-31 19:00:00-04:00,162768
2024-03-31 20:00:00-04:00,165672
2024-03-31 21:00:00-04:00,166223
2024-03-31 22:00:00-04:00,166192
2024-03-31 23:00:00-04:00,166280
2024-04-01 00:00:00-04:00,163750
2024-04-01 01:00:00-04:00,163507
2024-04-01 02:00:00-04:00,163437
2024-04-01 03:00:00-04:00,163597
2024-04-01 04:00:00-04:00,163866
2024-04-01 05:00:00-04:00,163355
2024-04-01 06:00:00-04:00,164020
2024-04-01 07:00:00-04:00,164378
2024-04-01 08:00:00-04:00,165543
2024-04-01 09:00:00-04:00,165715
2024-04-01 10:00:00-04:00,165761
2024-04-01 11:00:00-04:00,164744
2024-04-01 12:00:00-04:00,164604
2024-04-01 13:00:00-04:00,164910
2024-04-01 14:00:00-04:00,165231
2024-04-01 15:00:00-04:00,165562
2024-04-01 16:00:00-04:00,165636
2024-04-01 17:00:00-04:00,165267
2024-04-01 18:00:00-04:00,163820
2024-04-01 19:00:00-04:00,162900
2024-04-01 20:00:00-04:00,166029
2024-04-01 21:00:00-04:00,166450
2024-04-01 22:00:00-04:00,166418
2024-04-01 23:00:00-04:00,166482
2024-04-02 00:00:00-04:00,161596
2024-04-02 01:00:00-04:00,161937
2024-04-02 02:00:00-04:00,162557
2024-04-02 03:00:00-04:00,162765
2024-04-02 04:00:00-04:00,162961
2024-04-02 05:00:00-04:00,162736
2024-04-02 06:00:00-04:00,162883
2024-04-02 07:00:00-04:00,163445
2024-04-02 08:00:00-04:00,164521
2024-04-02 09:00:00-04:00,164363
2024-04-02 10:00:00-04:00,164405
2024-04-02 11:00:00-04:00,165070
2024-04-02 12:00:00-04:00,165261
2024-04-02 13:00:00-04:00,166627
2024-04-02 14:00:00-04:00,167722
2024-04-02 15:00:00-04:00,168429
2024-04-02 16:00:00-04:00,168718
2024-04-02 17:00:00-04:00,168084
2024-04-02 18:00:00-04:00,167022
2024-04-02 19:00:00-04:00,166919
2024-04-02 20:00:00-04:00,167155
2024-04-02 21:00:00-04:00,167094
2024-04-02 22:00:00-04:00,166792
2024-04-02 23:00:00-04:00,167061
2024-04-03 00:00:00-04:00,166595
2024-04-03 01:00:00-04:00,166641
2024-04-03 02:00:00-04:00,166672
2024-04-03 03:00:00-04:00,166498
2024-04-03 04:00:00-04:00,166329
2024-04-03 05:00:00-04:00,166307
2024-04-03 06:00:00-04:00,166711
2024-04-03 07:00:00-04:00,167238
2024-04-03 08:00:00-04:00,167362
2024-04-03 09:00:00-04:00,167228
2024-04-03 10:00:00-04:00,166834
2024-04-03 11:00:00-04:00,166146
2024-04-03 12:00:00-04:00,167149
2024-04-03 13:00:00-04:00,167806
2024-04-03 14:00:00-04:00,167845
2024-04-03 15:00:00-04:00,168397
2024-04-03 16:00:00-04:00,169178
2024-04-03 17:00:00-04:00,169233
2024-04-03 18:00:00-04:00,167945
2024-04-03 19:00:00-04:00,168224
2024-04-03 20:00:00-04:00,168005
2024-04-03 21:00:00-04:00,167372
2024-04-03 22:00:00-04:00,167038
2024-04-03 23:00:00-04:00,166780
2024-04-04 00:00:00-04:00,165168
2024-04-04 01:00:00-04:00,164926
2024-04-04 02:00:00-04:00,164905
2024-04-04 03:00:00-04:00,164607
2024-04-04 04:00:00-04:00,164564
2024-04-04 05:00:00-04:00,164870
2024-04-04 06:00:00-04:00,165030
2024-04-04 07:00:00-04:00,165555
2024-04-04 08:00:00-04:00,166492
2024-04-04 09:00:00-04:00,166738
2024-04-04 10:00:00-04:00,168207
2024-04-04 11:00:00-04:00,167934
2024-04-04 12:00:00-04:00,167791
2024-04-04 13:00:00-04:00,167615
2024-04-04 14:00:00-04:00,167708
2024-04-04 15:00:00-04:00,167614
2024-04-04 16:00:00-04:00,168770
2024-04-04 17:00:00-04:00,168580
2024-04-04 18:00:00-04:00,166504
2024-04-04 19:00:00-04:00,166057
2024-04-04 20:00:00-04:00,166956
2024-04-04 21:00:00-04:00,167247
2024-04-04 22:00:00-04:00,167188
2024-04-04 23:00:00-04:00,167479
2024-04-05 00:00:00-04:00,162784
2024-04-05 01:00:00-04:00,162585
2024-04-05 02:00:00-04:00,162351
2024-04-05 03:00:00-04:00,162262
2024-04-05 04:00:00-04:00,162212
2024-04-05 05:00:00-04:00,162662
2024-04-05 06:00:00-04:00,162867
2024-04-05 07:00:00-04:00,164428
2024-04-05 08:00:00-04:00,166166
2024-04-05 09:00:00-04:00,166653
2024-04-05 10:00:00-04:00,167121
2024-04-05 11:00:00-04:00,167376
2024-04-05 12:00:00-04:00,167477
2024-04-05 13:00:00-04:00,167199
2024-04-05 14:00:00-04:00,167226
2024-04-05 15:00:00-04:00,166774
2024-04-05 16:00:00-04:00,166100
2024-04-05 17:00:00-04:00,164640
2024-04-05 18:00:00-04:00,163680
2024-04-05 19:00:00-04:00,162661
2024-04-05 20:00:00-04:00,166310
2024-04-05 21:00:00-04:00,165959
2024-04-05 22:00:00-04:00,165927
2024-04-05 23:00:00-04:00,166304
2024-04-06 00:00:00-04:00,155052
2024-04-06 01:00:00-04:00,155306
2024-04-06 02:00:00-04:00,155016
2024-04-06 03:00:00-04:00,155000
2024-04-06 04:00:00-04:00,156472
2024-04-06 05:00:00-04:00,156547
2024-04-06 06:00:00-04:00,156949
2024-04-06 07:00:00-04:00,158835
2024-04-06 08:00:00-04:00,161749
2024-04-06 09:00:00-04:00,162326
2024-04-06 10:00:00-04:00,162084
2024-04-06 11:00:00-04:00,161889
2024-04-06 12:00:00-04:00,161441
2024-04-06 13:00:00-04:00,160988
2024-04-06 14:00:00-04:00,160577
2024-04-06 15:00:00-04:00,160082
2024-04-06 16:00:00-04:00,160069
2024-04-06 17:00:00-04:00,159947
2024-04-06 18:00:00-04:00,158688
2024-04-06 19:00:00-04:00,157950
2024-04-06 20:00:00-04:00,160689
2024-04-06 21:00:00-04:00,161379
2024-04-06 22:00:00-04:00,161809
2024-04-06 23:00:00-04:00,162444
2024-04-07 00:00:00-04:00,157464
2024-04-07 01:00:00-04:00,157752
2024-04-07 02:00:00-04:00,157823
2024-04-07 03:00:00-04:00,157722
2024-04-07 04:00:00-04:00,158587
2024-04-07 05:00:00-04:00,158720
2024-04-07 06:00:00-04:00,159111
2024-04-07 07:00:00-04:00,160896
2024-04-07 08:00:00-04:00,163631
2024-04-07 09:00:00-04:00,164875
2024-04-07 10:00:00-04:00,164847
2024-04-07 11:00:00-04:00,164863
2024-04-07 12:00:00-04:00,164693
2024-04-07 13:00:00-04:00,164550
2024-04-07 14:00:00-04:00,164024
2024-04-07 15:00:00-04:00,163868
2024-04-07 16:00:00-04:00,163444
2024-04-07 17:00:00-04:00,162877
2024-04-07 18:00:00-04:00,159359
2024-04-07 19:00:00-04:00,157887
2024-04-07 20:00:00-04:00,159513
2024-04-07 21:00:00-04:00,160104
2024-04-07 22:00:00-04:00,160584
2024-04-07 23:00:00-04:00,160805
2024-04-08 00:00:00-04:00,155136
2024-04-08 01:00:00-04:00,155225
2024-04-08 02:00:00-04:00,155127
2024-04-08 03:00:00-04:00,155603
2024-04-08 04:00:00-04:00,156294
2024-04-08 05:00:00-04:00,156912
2024-04-08 06:00:00-04:00,157631
2024-04-08 07:00:00-04:00,158859
2024-04-08 08:00:00-04:00,160715
2024-04-08 09:00:00-04:00,160032
2024-04-08 10:00:00-04:00,159422
2024-04-08 11:00:00-04:00,159546
2024-04-08 12:00:00-04:00,159638
2024-04-08 13:00:00-04:00,159599
2024-04-08 14:00:00-04:00,156942
2024-04-08 15:00:00-04:00,156310
2024-04-08 16:00:00-04:00,159192
2024-04-08 17:00:00-04:00,158549
2024-04-08 18:00:00-04:00,155920
2024-04-08 19:00:00-04:00,154434
2024-04-08 20:00:00-04:00,158630
2024-04-08 21:00:00-04:00,158564
2024-04-08 22:00:00-04:00,158765
2024-04-08 23:00:00-04:00,159476
2024-04-09 00:00:00-04:00,151868
2024-04-09 01:00:00-04:00,152487
2024-04-09 02:00:00-04:00,152447
2024-04-09 03:00:00-04:00,152400
2024-04-09 04:00:00-04:00,153523
2024-04-09 05:00:00-04:00,153527
2024-04-09 06:00:00-04:00,154124
2024-04-09 07:00:00-04:00,154598
2024-04-09 08:00:00-04:00,154806
2024-04-09 09:00:00-04:00,153516
2024-04-09 10:00:00-04:00,153487
2024-04-09 11:00:00-04:00,153269
2024-04-09 12:00:00-04:00,153029
2024-04-09 13:00:00-04:00,151905
2024-04-09 14:00:00-04:00,152580
2024-04-09 15:00:00-04:00,152041
2024-04-09 16:00:00-04:00,151446
2024-04-09 17:00:00-04:00,151229
2024-04-09 18:00:00-04:00,150594
2024-04-09 19:00:00-04:00,150154
2024-04-09 20:00:00-04:00,155148
2024-04-09 21:00:00-04:00,155470
2024-04-09 22:00:00-04:00,155504
2024-04-09 23:00:00-04:00,155730
2024-04-10 00:00:00-04:00,147897
2024-04-10 01:00:00-04:00,147395
2024-04-10 02:00:00-04:00,147495
2024-04-10 03:00:00-04:00,147591
2024-04-10 04:00:00-04:00,149178
2024-04-10 05:00:00-04:00,149560
2024-04-10 06:00:00-04:00,150272
2024-04-10 07:00:00-04:00,150674
2024-04-10 08:00:00-04:00,151414
2024-04-10 09:00:00-04:00,151627
2024-04-10 10:00:00-04:00,152449
2024-04-10 11:00:00-04:00,152701
2024-04-10 12:00:00-04:00,152538
2024-04-10 13:00:00-04:00,152570
2024-04-10 14:00:00-04:00,152477
2024-04-10 15:00:00-04:00,153856
2024-04-10 16:00:00-04:00,150206
2024-04-10 17:00:00-04:00,150070
2024-04-10 18:00:00-04:00,149898
2024-04-10 19:00:00-04:00,150197
2024-04-10 20:00:00-04:00,155719
2024-04-10 21:00:00-04:00,155788
2024-04-10 22:00:00-04:00,156142
2024-04-10 23:00:00-04:00,156590
2024-04-11 00:00:00-04:00,149947
2024-04-11 01:00:00-04:00,149626
2024-04-11 02:00:00-04:00,149975
2024-04-11 03:00:00-04:00,149894
2024-04-11 04:00:00-04:00,150707
2024-04-11 05:00:00-04:00,151108
2024-04-11 06:00:00-04:00,151736
2024-04-11 07:00:00-04:00,152018
2024-04-11 08:00:00-04:00,152509
2024-04-11 09:00:00-04:00,152377
2024-04-11 10:00:00-04:00,152572
2024-04-11 11:00:00-04:00,152513
2024-04-11 12:00:00-04:00,153190
2024-04-11 13:00:00-04:00,153490
2024-04-11 14:00:00-04:00,153425
2024-04-11 15:00:00-04:00,153548
2024-04-11 16:00:00-04:00,153740
2024-04-11 17:00:00-04:00,154481
2024-04-11 18:00:00-04:00,155097
2024-04-11 19:00:00-04:00,155383
2024-04-11 20:00:00-04:00,155943
2024-04-11 21:00:00-04:00,155842
2024-04-11 22:00:00-04:00,156492
2024-04-11 23:00:00-04:00,157084
2024-04-12 00:00:00-04:00,155738
2024-04-12 01:00:00-04:00,155711
2024-04-12 02:00:00-04:00,156107
2024-04-12 03:00:00-04:00,156450
2024-04-12 04:00:00-04:00,157029
2024-04-12 05:00:00-04:00,157184
2024-04-12 06:00:00-04:00,157667
2024-04-12 07:00:00-04:00,157954
2024-04-12 08:00:00-04:00,160254
2024-04-12 09:00:00-04:00,161881
2024-04-12 10:00:00-04:00,162473
2024-04-12 11:00:00-04:00,162708
2024-04-12 12:00:00-04:00,163123
2024-04-12 13:00:00-04:00,162995
2024-04-12 14:00:00-04:00,161922
2024-04-12 15:00:00-04:00,162901
2024-04-12 16:00:00-04:00,162490
2024-04-12 17:00:00-04:00,162614
2024-04-12 18:00:00-04:00,161346
2024-04-12 19:00:00-04:00,159344
2024-04-12 20:00:00-04:00,158322
2024-04-12 21:00:00-04:00,158514
2024-04-12 22:00:00-04:00,158657
2024-04-12 23:00:00-04:00,158685
2024-04-13 00:00:00-04:00,155833
2024-04-13 01:00:00-04:00,155529
2024-04-13 02:00:00-04:00,155584
2024-04-13 03:00:00-04:00,155236
2024-04-13 04:00:00-04:00,154787
2024-04-13 05:00:00-04:00,154062
2024-04-13 06:00:00-04:00,152062
2024-04-13 07:00:00-04:00,152848
2024-04-13 08:00:00-04:00,154657
2024-04-13 09:00:00-04:00,156097
2024-04-13 10:00:00-04:00,156695
2024-04-13 11:00:00-04:00,157036
2024-04-13 12:00:00-04:00,158161
2024-04-13 13:00:00-04:00,159076
2024-04-13 14:00:00-04:00,159365
2024-04-13 15:00:00-04:00,159450
2024-04-13 16:00:00-04:00,159632
2024-04-13 17:00:00-04:00,161479
2024-04-13 18:00:00-04:00,159574
2024-04-13 19:00:00-04:00,157638
2024-04-13 20:00:00-04:00,158815
2024-04-13 21:00:00-04:00,159432
2024-04-13 22:00:00-04:00,159646
2024-04-13 23:00:00-04:00,159678
2024-04-14 00:00:00-04:00,157264
2024-04-14 01:00:00-04:00,157312
2024-04-14 02:00:00-04:00,157628
2024-04-14 03:00:00-04:00,157677
2024-04-14 04:00:00-04:00,157777
2024-04-14 05:00:00-04:00,157557
2024-04-14 06:00:00-04:00,157404
2024-04-14 07:00:00-04:00,159090
2024-04-14 08:00:00-04:00,161629
2024-04-14 09:00:00-04:00,162274
2024-04-14 10:00:00-04:00,162406
2024-04-14 11:00:00-04:00,161684
2024-04-14 12:00:00-04:00,160571
2024-04-14 13:00:00-04:00,159605
2024-04-14 14:00:00-04:00,158660
2024-04-14 15:00:00-04:00,158304
2024-04-14 16:00:00-04:00,158697
2024-04-14 17:00:00-04:00,158810
2024-04-14 18:00:00-04:00,156701
2024-04-14 19:00:00-04:00,154201
2024-04-14 20:00:00-04:00,158399
2024-04-14 21:00:00-04:00,158381
2024-04-14 22:00:00-04:00,158440
2024-04-14 23:00:00-04:00,158535
2024-04-15 00:00:00-04:00,150508
2024-04-15 01:00:00-04:00,150812
2024-04-15 02:00:00-04:00,151434
2024-04-15 03:00:00-04:00,151826
2024-04-15 04:00:00-04:00,153019
2024-04-15 05:00:00-04:00,153390
2024-04-15 06:00:00-04:00,153431
2024-04-15 07:00:00-04:00,154721
2024-04-15 08:00:00-04:00,156337
2024-04-15 09:00:00-04:00,156461
2024-04-15 10:00:00-04:00,156591
2024-04-15 11:00:00-04:00,156414
2024-04-15 12:00:00-04:00,156208
2024-04-15 13:00:00-04:00,155451
2024-04-15 14:00:00-04:00,155223
2024-04-15 15:00:00-04:00,154775
2024-04-15 16:00:00-04:00,154839
2024-04-15 17:00:00-04:00,154384
2024-04-15 18:00:00-04:00,151970
2024-04-15 19:00:00-04:00,150764
2024-04-15 20:00:00-04:00,157814
2024-04-15 21:00:00-04:00,158766
2024-04-15 22:00:00-04:00,158668
2024-04-15 23:00:00-04:00,158650
2024-04-16 00:00:00-04:00,154262
2024-04-16 01:00:00-04:00,154245
2024-04-16 02:00:00-04:00,154635
2024-04-16 03:00:00-04:00,153694
2024-04-16 04:00:00-04:00,154350
2024-04-16 05:00:00-04:00,154795
2024-04-16 06:00:00-04:00,155694
2024-04-16 07:00:00-04:00,157235
2024-04-16 08:00:00-04:00,158843
2024-04-16 09:00:00-04:00,158960
2024-04-16 10:00:00-04:00,158603
2024-04-16 11:00:00-04:00,159116
2024-04-16 12:00:00-04:00,159448
2024-04-16 13:00:00-04:00,159730
2024-04-16 14:00:00-04:00,160409
2024-04-16 15:00:00-04:00,160446
2024-04-16 16:00:00-04:00,159839
2024-04-16 17:00:00-04:00,158325
2024-04-16 18:00:00-04:00,156323
2024-04-16 19:00:00-04:00,155351
2024-04-16 20:00:00-04:00,156894
2024-04-16 21:00:00-04:00,157090
2024-04-16 22:00:00-04:00,157573
2024-04-16 23:00:00-04:00,157562
2024-04-17 00:00:00-04:00,152218
2024-04-17 01:00:00-04:00,152414
2024-04-17 02:00:00-04:00,152659
2024-04-17 03:00:00-04:00,152788
2024-04-17 04:00:00-04:00,153264
2024-04-17 05:00:00-04:00,153686
2024-04-17 06:00:00-04:00,154995
2024-04-17 07:00:00-04:00,155620
2024-04-17 08:00:00-04:00,156351
2024-04-17 09:00:00-04:00,156895
2024-04-17 10:00:00-04:00,157401
2024-04-17 11:00:00-04:00,157918
2024-04-17 12:00:00-04:00,158342
2024-04-17 13:00:00-04:00,158059
2024-04-17 14:00:00-04:00,157848
2024-04-17 15:00:00-04:00,157194
2024-04-17 16:00:00-04:00,156713
2024-04-17 17:00:00-04:00,157184
2024-04-17 18:00:00-04:00,157079
2024-04-17 19:00:00-04:00,156100
2024-04-17 20:00:00-04:00,157249
2024-04-17 21:00:00-04:00,157605
2024-04-17 22:00:00-04:00,158443
2024-04-17 23:00:00-04:00,158315
2024-04-18 00:00:00-04:00,150476
2024-04-18 01:00:00-04:00,149881
2024-04-18 02:00:00-04:00,149595
2024-04-18 03:00:00-04:00,149421
2024-04-18 04:00:00-04:00,149242
2024-04-18 05:00:00-04:00,149085
2024-04-18 06:00:00-04:00,150223
2024-04-18 07:00:00-04:00,152326
2024-04-18 08:00:00-04:00,154443
2024-04-18 09:00:00-04:00,154648
2024-04-18 10:00:00-04:00,154859
2024-04-18 11:00:00-04:00,154525
2024-04-18 12:00:00-04:00,154661
2024-04-18 13:00:00-04:00,155147
2024-04-18 14:00:00-04:00,155510
2024-04-18 15:00:00-04:00,156126
2024-04-18 16:00:00-04:00,155916
2024-04-18 17:00:00-04:00,155262
2024-04-18 18:00:00-04:00,152951
2024-04-18 19:00:00-04:00,152460
2024-04-18 20:00:00-04:00,157894
2024-04-18 21:00:00-04:00,157989
2024-04-18 22:00:00-04:00,158350
2024-04-18 23:00:00-04:00,158547
2024-04-19 00:00:00-04:00,152731
2024-04-19 01:00:00-04:00,152956
2024-04-19 02:00:00-04:00,153400
2024-04-19 03:00:00-04:00,153829
2024-04-19 04:00:00-04:00,154717
2024-04-19 05:00:00-04:00,155919
2024-04-19 06:00:00-04:00,156857
2024-04-19 07:00:00-04:00,156582
2024-04-19 08:00:00-04:00,156868
2024-04-19 09:00:00-04:00,156866
2024-04-19 10:00:00-04:00,157057
2024-04-19 11:00:00-04:00,157539
2024-04-19 12:00:00-04:00,158588
2024-04-19 13:00:00-04:00,158867
2024-04-19 14:00:00-04:00,159829
2024-04-19 15:00:00-04:00,159680
2024-04-19 16:00:00-04:00,159292
2024-04-19 17:00:00-04:00,158692
2024-04-19 18:00:00-04:00,156908
2024-04-19 19:00:00-04:00,155395
2024-04-19 20:00:00-04:00,159195
2024-04-19 21:00:00-04:00,159372
2024-04-19 22:00:00-04:00,159703
2024-04-19 23:00:00-04:00,159999
2024-04-20 00:00:00-04:00,153470
2024-04-20 01:00:00-04:00,153862
2024-04-20 02:00:00-04:00,153806
2024-04-20 03:00:00-04:00,154036
2024-04-20 04:00:00-04:00,153924
2024-04-20 05:00:00-04:00,154005
2024-04-20 06:00:00-04:00,155333
2024-04-20 07:00:00-04:00,155353
2024-04-20 08:00:00-04:00,157363
2024-04-20 09:00:00-04:00,159452
2024-04-20 10:00:00-04:00,159476
2024-04-20 11:00:00-04:00,159520
2024-04-20 12:00:00-04:00,159781
2024-04-20 13:00:00-04:00,159836
2024-04-20 14:00:00-04:00,160174
2024-04-20 15:00:00-04:00,160599
2024-04-20 16:00:00-04:00,161119
2024-04-20 17:00:00-04:00,160772
2024-04-20 18:00:00-04:00,159200
2024-04-20 19:00:00-04:00,157058
2024-04-20 20:00:00-04:00,160256
2024-04-20 21:00:00-04:00,161560
2024-04-20 22:00:00-04:00,161192
2024-04-20 23:00:00-04:00,161816
2024-04-21 00:00:00-04:00,151917
2024-04-21 01:00:00-04:00,151772
2024-04-21 02:00:00-04:00,151599
2024-04-21 03:00:00-04:00,151402
2024-04-21 04:00:00-04:00,150696
2024-04-21 05:00:00-04:00,151070
2024-04-21 06:00:00-04:00,151557
2024-04-21 07:00:00-04:00,152439
2024-04-21 08:00:00-04:00,153075
2024-04-21 09:00:00-04:00,153082
2024-04-21 10:00:00-04:00,152840
2024-04-21 11:00:00-04:00,153030
2024-04-21 12:00:00-04:00,153439
2024-04-21 13:00:00-04:00,153911
2024-04-21 14:00:00-04:00,154094
2024-04-21 15:00:00-04:00,154816
2024-04-21 16:00:00-04:00,155152
2024-04-21 17:00:00-04:00,155673
2024-04-21 18:00:00-04:00,155712
2024-04-21 19:00:00-04:00,154189
2024-04-21 20:00:00-04:00,161093
2024-04-21 21:00:00-04:00,161041
2024-04-21 22:00:00-04:00,161000
2024-04-21 23:00:00-04:00,161649
2024-04-22 00:00:00-04:00,150594
2024-04-22 01:00:00-04:00,150784
2024-04-22 02:00:00-04:00,151210
2024-04-22 03:00:00-04:00,151663
2024-04-22 04:00:00-04:00,151990
2024-04-22 05:00:00-04:00,152853
2024-04-22 06:00:00-04:00,154577
2024-04-22 07:00:00-04:00,155815
2024-04-22 08:00:00-04:00,157677
2024-04-22 09:00:00-04:00,157645
2024-04-22 10:00:00-04:00,157586
2024-04-22 11:00:00-04:00,157982
2024-04-22 12:00:00-04:00,158843
2024-04-22 13:00:00-04:00,159544
2024-04-22 14:00:00-04:00,159934
2024-04-22 15:00:00-04:00,160690
2024-04-22 16:00:00-04:00,161527
2024-04-22 17:00:00-04:00,160672
2024-04-22 18:00:00-04:00,158371
2024-04-22 19:00:00-04:00,156127
2024-04-22 20:00:00-04:00,160988
2024-04-22 21:00:00-04:00,161008
2024-04-22 22:00:00-04:00,161255
2024-04-22 23:00:00-04:00,161265
2024-04-23 00:00:00-04:00,154518
2024-04-23 01:00:00-04:00,154762
2024-04-23 02:00:00-04:00,154973
2024-04-23 03:00:00-04:00,155757
2024-04-23 04:00:00-04:00,156246
2024-04-23 05:00:00-04:00,157128
2024-04-23 06:00:00-04:00,158108
2024-04-23 07:00:00-04:00,159368
2024-04-23 08:00:00-04:00,162252
2024-04-23 09:00:00-04:00,161968
2024-04-23 10:00:00-04:00,161738
2024-04-23 11:00:00-04:00,160664
2024-04-23 12:00:00-04:00,160209
2024-04-23 13:00:00-04:00,159350
2024-04-23 14:00:00-04:00,158890
2024-04-23 15:00:00-04:00,159378
2024-04-23 16:00:00-04:00,159893
2024-04-23 17:00:00-04:00,160102
2024-04-23 18:00:00-04:00,157793
2024-04-23 19:00:00-04:00,156371
2024-04-23 20:00:00-04:00,160112
2024-04-23 21:00:00-04:00,160286
2024-04-23 22:00:00-04:00,159960
2024-04-23 23:00:00-04:00,160899
2024-04-24 00:00:00-04:00,153929
2024-04-24 01:00:00-04:00,153789
2024-04-24 02:00:00-04:00,153810
2024-04-24 03:00:00-04:00,154065
2024-04-24 04:00:00-04:00,154958
2024-04-24 05:00:00-04:00,154909
2024-04-24 06:00:00-04:00,155408
2024-04-24 07:00:00-04:00,156334
2024-04-24 08:00:00-04:00,158090
2024-04-24 09:00:00-04:00,157578
2024-04-24 10:00:00-04:00,156562
2024-04-24 11:00:00-04:00,156264
2024-04-24 12:00:00-04:00,156481
2024-04-24 13:00:00-04:00,155563
2024-04-24 14:00:00-04:00,155774
2024-04-24 15:00:00-04:00,155309
2024-04-24 16:00:00-04:00,155661
2024-04-24 17:00:00-04:00,155155
2024-04-24 18:00:00-04:00,153921
2024-04-24 19:00:00-04:00,152907
2024-04-24 20:00:00-04:00,160416
2024-04-24 21:00:00-04:00,160533
2024-04-24 22:00:00-04:00,160223
2024-04-24 23:00:00-04:00,160979
2024-04-25 00:00:00-04:00,150085
2024-04-25 01:00:00-04:00,149385
2024-04-25 02:00:00-04:00,149536
2024-04-25 03:00:00-04:00,149688
2024-04-25 04:00:00-04:00,151021
2024-04-25 05:00:00-04:00,152644
2024-04-25 06:00:00-04:00,153574
2024-04-25 07:00:00-04:00,155736
2024-04-25 08:00:00-04:00,157593
2024-04-25 09:00:00-04:00,157405
2024-04-25 10:00:00-04:00,157803
2024-04-25 11:00:00-04:00,157266
2024-04-25 12:00:00-04:00,156898
2024-04-25 13:00:00-04:00,156176
2024-04-25 14:00:00-04:00,156140
2024-04-25 15:00:00-04:00,156115
2024-04-25 16:00:00-04:00,155958
2024-04-25 17:00:00-04:00,156472
2024-04-25 18:00:00-04:00,155220
2024-04-25 19:00:00-04:00,154271
2024-04-25 20:00:00-04:00,162208
2024-04-25 21:00:00-04:00,162417
2024-04-25 22:00:00-04:00,162466
2024-04-25 23:00:00-04:00,163142
2024-04-26 00:00:00-04:00,154980
2024-04-26 01:00:00-04:00,155342
2024-04-26 02:00:00-04:00,155510
2024-04-26 03:00:00-04:00,155708
2024-04-26 04:00:00-04:00,156587
2024-04-26 05:00:00-04:00,157397
2024-04-26 06:00:00-04:00,158836
2024-04-26 07:00:00-04:00,160701
2024-04-26 08:00:00-04:00,162474
2024-04-26 09:00:00-04:00,162820
2024-04-26 10:00:00-04:00,162993
2024-04-26 11:00:00-04:00,162353
2024-04-26 12:00:00-04:00,161722
2024-04-26 13:00:00-04:00,161440
2024-04-26 14:00:00-04:00,161006
2024-04-26 15:00:00-04:00,160290
2024-04-26 16:00:00-04:00,160201
2024-04-26 17:00:00-04:00,160105
2024-04-26 18:00:00-04:00,159497
2024-04-26 19:00:00-04:00,158565
2024-04-26 20:00:00-04:00,160560
2024-04-26 21:00:00-04:00,160606
2024-04-26 22:00:00-04:00,161698
2024-04-26 23:00:00-04:00,161801
2024-04-27 00:00:00-04:00,157387
2024-04-27 01:00:00-04:00,156646
2024-04-27 02:00:00-04:00,157445
2024-04-27 03:00:00-04:00,158061
2024-04-27 04:00:00-04:00,158083
2024-04-27 05:00:00-04:00,158425
2024-04-27 06:00:00-04:00,158421
2024-04-27 07:00:00-04:00,159035
2024-04-27 08:00:00-04:00,159881
2024-04-27 09:00:00-04:00,160160
2024-04-27 10:00:00-04:00,160915
2024-04-27 11:00:00-04:00,161017
2024-04-27 12:00:00-04:00,160760
2024-04-27 13:00:00-04:00,160635
2024-04-27 14:00:00-04:00,160319
2024-04-27 15:00:00-04:00,159987
2024-04-27 16:00:00-04:00,161166
2024-04-27 17:00:00-04:00,160893
2024-04-27 18:00:00-04:00,159776
2024-04-27 19:00:00-04:00,158776
2024-04-27 20:00:00-04:00,162572
2024-04-27 21:00:00-04:00,162442
2024-04-27 22:00:00-04:00,162766
2024-04-27 23:00:00-04:00,163658
2024-04-28 00:00:00-04:00,154105
2024-04-28 01:00:00-04:00,153976
2024-04-28 02:00:00-04:00,154047
2024-04-28 03:00:00-04:00,154365
2024-04-28 04:00:00-04:00,154480
2024-04-28 05:00:00-04:00,155076
2024-04-28 06:00:00-04:00,155144
2024-04-28 07:00:00-04:00,158282
2024-04-28 08:00:00-04:00,161797
2024-04-28 09:00:00-04:00,163138
2024-04-28 10:00:00-04:00,165089
2024-04-28 11:00:00-04:00,165316
2024-04-28 12:00:00-04:00,165831
2024-04-28 13:00:00-04:00,165491
2024-04-28 14:00:00-04:00,164422
2024-04-28 15:00:00-04:00,163761
2024-04-28 16:00:00-04:00,164035
2024-04-28 17:00:00-04:00,163449
2024-04-28 18:00:00-04:00,160700
2024-04-28 19:00:00-04:00,158181
2024-04-28 20:00:00-04:00,164287
2024-04-28 21:00:00-04:00,164743
2024-04-28 22:00:00-04:00,164112
2024-04-28 23:00:00-04:00,164770
2024-04-29 00:00:00-04:00,156916
2024-04-29 01:00:00-04:00,157412
2024-04-29 02:00:00-04:00,156310
2024-04-29 03:00:00-04:00,155681
2024-04-29 04:00:00-04:00,155347
2024-04-29 05:00:00-04:00,155323
2024-04-29 06:00:00-04:00,156665
2024-04-29 07:00:00-04:00,158946
2024-04-29 08:00:00-04:00,160243
2024-04-29 09:00:00-04:00,161699
2024-04-29 10:00:00-04:00,162737
2024-04-29 11:00:00-04:00,162942
2024-04-29 12:00:00-04:00,163030
2024-04-29 13:00:00-04:00,162712
2024-04-29 14:00:00-04:00,162035
2024-04-29 15:00:00-04:00,161499
2024-04-29 16:00:00-04:00,161128
2024-04-29 17:00:00-04:00,159470
2024-04-29 18:00:00-04:00,156955
2024-04-29 19:00:00-04:00,154872
2024-04-29 20:00:00-04:00,162409
2024-04-29 21:00:00-04:00,163311
2024-04-29 22:00:00-04:00,162741
2024-04-29 23:00:00-04:00,163222
2024-04-30 00:00:00-04:00,153628
2024-04-30 01:00:00-04:00,152814
2024-04-30 02:00:00-04:00,152896
2024-04-30 03:00:00-04:00,152902
2024-04-30 04:00:00-04:00,153082
2024-04-30 05:00:00-04:00,152876
2024-04-30 06:00:00-04:00,153140
2024-04-30 07:00:00-04:00,154206
2024-04-30 08:00:00-04:00,155963
2024-04-30 09:00:00-04:00,156645
2024-04-30 10:00:00-04:00,157304
2024-04-30 11:00:00-04:00,157483
2024-04-30 12:00:00-04:00,158199
2024-04-30 13:00:00-04:00,158577
2024-04-30 14:00:00-04:00,158626
2024-04-30 15:00:00-04:00,158489
2024-04-30 16:00:00-04:00,158486
2024-04-30 17:00:00-04:00,157694
2024-04-30 18:00:00-04:00,156597
2024-04-30 19:00:00-04:00,155435
2024-04-30 20:00:00-04:00,162162
2024-04-30 21:00:00-04:00,162571
2024-04-30 22:00:00-04:00,162439
2024-04-30 23:00:00-04:00,163289
2024-05-01 00:00:00-04:00,159097
2024-05-01 01:00:00-04:00,158486
2024-05-01 02:00:00-04:00,158761
2024-05-01 03:00:00-04:00,158591
2024-05-01 04:00:00-04:00,158519
2024-05-01 05:00:00-04:00,158292
2024-05-01 06:00:00-04:00,158587
2024-05-01 07:00:00-04:00,160057
2024-05-01 08:00:00-04:00,161250
2024-05-01 09:00:00-04:00,161709
2024-05-01 10:00:00-04:00,162310
2024-05-01 11:00:00-04:00,161967
2024-05-01 12:00:00-04:00,162863
2024-05-01 13:00:00-04:00,163188
2024-05-01 14:00:00-04:00,162726
2024-05-01 15:00:00-04:00,162500
2024-05-01 16:00:00-04:00,162018
2024-05-01 17:00:00-04:00,160742
2024-05-01 18:00:00-04:00,158081
2024-05-01 19:00:00-04:00,155444
2024-05-01 20:00:00-04:00,164244
2024-05-01 21:00:00-04:00,164124
2024-05-01 22:00:00-04:00,164960
2024-05-01 23:00:00-04:00,165880
2024-05-02 00:00:00-04:00,153461
2024-05-02 01:00:00-04:00,153768
2024-05-02 02:00:00-04:00,154340
2024-05-02 03:00:00-04:00,155293
2024-05-02 04:00:00-04:00,156130
2024-05-02 05:00:00-04:00,156752
2024-05-02 06:00:00-04:00,157494
2024-05-02 07:00:00-04:00,159136
2024-05-02 08:00:00-04:00,161299
2024-05-02 09:00:00-04:00,162515
2024-05-02 10:00:00-04:00,162424
2024-05-02 11:00:00-04:00,162000
2024-05-02 12:00:00-04:00,162524
2024-05-02 13:00:00-04:00,164514
2024-05-02 14:00:00-04:00,164332
2024-05-02 15:00:00-04:00,163345
2024-05-02 16:00:00-04:00,162699
2024-05-02 17:00:00-04:00,161326
2024-05-02 18:00:00-04:00,158898
2024-05-02 19:00:00-04:00,156703
2024-05-02 20:00:00-04:00,164467
2024-05-02 21:00:00-04:00,164472
2024-05-02 22:00:00-04:00,164227
2024-05-02 23:00:00-04:00,164686
2024-05-03 00:00:00-04:00,155014
2024-05-03 01:00:00-04:00,155002
2024-05-03 02:00:00-04:00,155244
2024-05-03 03:00:00-04:00,155582
2024-05-03 04:00:00-04:00,155585
2024-05-03 05:00:00-04:00,154981
2024-05-03 06:00:00-04:00,154859
2024-05-03 07:00:00-04:00,156486
2024-05-03 08:00:00-04:00,156979
2024-05-03 09:00:00-04:00,157408
2024-05-03 10:00:00-04:00,158764
2024-05-03 11:00:00-04:00,158519
2024-05-03 12:00:00-04:00,159342
2024-05-03 13:00:00-04:00,159540
2024-05-03 14:00:00-04:00,159489
2024-05-03 15:00:00-04:00,157996
2024-05-03 16:00:00-04:00,157560
2024-05-03 17:00:00-04:00,156753
2024-05-03 18:00:00-04:00,155820
2024-05-03 19:00:00-04:00,155216
2024-05-03 20:00:00-04:00,163162
2024-05-03 21:00:00-04:00,164500
2024-05-03 22:00:00-04:00,164844
2024-05-03 23:00:00-04:00,166601
2024-05-04 00:00:00-04:00,154341
2024-05-04 01:00:00-04:00,154194
2024-05-04 02:00:00-04:00,154644
2024-05-04 03:00:00-04:00,154210
2024-05-04 04:00:00-04:00,154295
2024-05-04 05:00:00-04:00,154583
2024-05-04 06:00:00-04:00,155374
2024-05-04 07:00:00-04:00,155511
2024-05-04 08:00:00-04:00,155444
2024-05-04 09:00:00-04:00,155331
2024-05-04 10:00:00-04:00,156143
2024-05-04 11:00:00-04:00,156065
2024-05-04 12:00:00-04:00,157377
2024-05-04 13:00:00-04:00,158384
2024-05-04 14:00:00-04:00,158721
2024-05-04 15:00:00-04:00,158660
2024-05-04 16:00:00-04:00,159332
2024-05-04 17:00:00-04:00,159029
2024-05-04 18:00:00-04:00,158358
2024-05-04 19:00:00-04:00,158672
2024-05-04 20:00:00-04:00,162964
2024-05-04 21:00:00-04:00,162591
2024-05-04 22:00:00-04:00,163544
2024-05-04 23:00:00-04:00,164067
2024-05-05 00:00:00-04:00,157665
2024-05-05 01:00:00-04:00,157655
2024-05-05 02:00:00-04:00,157584
2024-05-05 03:00:00-04:00,157341
2024-05-05 04:00:00-04:00,157165
2024-05-05 05:00:00-04:00,156880
2024-05-05 06:00:00-04:00,156697
2024-05-05 07:00:00-04:00,157149
2024-05-05 08:00:00-04:00,157462
2024-05-05 09:00:00-04:00,157096
2024-05-05 10:00:00-04:00,158256
2024-05-05 11:00:00-04:00,158535
2024-05-05 12:00:00-04:00,159276
2024-05-05 13:00:00-04:00,159170
2024-05-05 14:00:00-04:00,159039
2024-05-05 15:00:00-04:00,158424
2024-05-05 16:00:00-04:00,158399
2024-05-05 17:00:00-04:00,157520
2024-05-05 18:00:00-04:00,157032
2024-05-05 19:00:00-04:00,155946
2024-05-05 20:00:00-04:00,163939
2024-05-05 21:00:00-04:00,165616
2024-05-05 22:00:00-04:00,165348
2024-05-05 23:00:00-04:00,165689
2024-05-06 00:00:00-04:00,155368
2024-05-06 01:00:00-04:00,155384
2024-05-06 02:00:00-04:00,155459
2024-05-06 03:00:00-04:00,155268
2024-05-06 04:00:00-04:00,155336
2024-05-06 05:00:00-04:00,155341
2024-05-06 06:00:00-04:00,155645
2024-05-06 07:00:00-04:00,155609
2024-05-06 08:00:00-04:00,155803
2024-05-06 09:00:00-04:00,156519
2024-05-06 10:00:00-04:00,156814
2024-05-06 11:00:00-04:00,157516
2024-05-06 12:00:00-04:00,158802
2024-05-06 13:00:00-04:00,159629
2024-05-06 14:00:00-04:00,159685
2024-05-06 15:00:00-04:00,159762
2024-05-06 16:00:00-04:00,159417
2024-05-06 17:00:00-04:00,158870
2024-05-06 18:00:00-04:00,158392
2024-05-06 19:00:00-04:00,157896
2024-05-06 20:00:00-04:00,165896
2024-05-06 21:00:00-04:00,166418
2024-05-06 22:00:00-04:00,166221
2024-05-06 23:00:00-04:00,167342
2024-05-07 00:00:00-04:00,157252
2024-05-07 01:00:00-04:00,157338
2024-05-07 02:00:00-04:00,157430
2024-05-07 03:00:00-04:00,157461
2024-05-07 04:00:00-04:00,157636
2024-05-07 05:00:00-04:00,157965
2024-05-07 06:00:00-04:00,158773
2024-05-07 07:00:00-04:00,159447
2024-05-07 08:00:00-04:00,159837
2024-05-07 09:00:00-04:00,159472
2024-05-07 10:00:00-04:00,160752
2024-05-07 11:00:00-04:00,161910
2024-05-07 12:00:00-04:00,163170
2024-05-07 13:00:00-04:00,163416
2024-05-07 14:00:00-04:00,164519
2024-05-07 15:00:00-04:00,165353
2024-05-07 16:00:00-04:00,164941
2024-05-07 17:00:00-04:00,163388
2024-05-07 18:00:00-04:00,161332
2024-05-07 19:00:00-04:00,158955
2024-05-07 20:00:00-04:00,166034
2024-05-07 21:00:00-04:00,165997
2024-05-07 22:00:00-04:00,165933
2024-05-07 23:00:00-04:00,166225
2024-05-08 00:00:00-04:00,156732
2024-05-08 01:00:00-04:00,156563
2024-05-08 02:00:00-04:00,156366
2024-05-08 03:00:00-04:00,156708
2024-05-08 04:00:00-04:00,156485
2024-05-08 05:00:00-04:00,156608
2024-05-08 06:00:00-04:00,157167
2024-05-08 07:00:00-04:00,158848
2024-05-08 08:00:00-04:00,160652
2024-05-08 09:00:00-04:00,161280
2024-05-08 10:00:00-04:00,162569
2024-05-08 11:00:00-04:00,162753
2024-05-08 12:00:00-04:00,162762
2024-05-08 13:00:00-04:00,163976
2024-05-08 14:00:00-04:00,164583
2024-05-08 15:00:00-04:00,164843
2024-05-08 16:00:00-04:00,164438
2024-05-08 17:00:00-04:00,163025
2024-05-08 18:00:00-04:00,161136
2024-05-08 19:00:00-04:00,159847
2024-05-08 20:00:00-04:00,166624
2024-05-08 21:00:00-04:00,167709
2024-05-08 22:00:00-04:00,167556
2024-05-08 23:00:00-04:00,167878
2024-05-09 00:00:00-04:00,157303
2024-05-09 01:00:00-04:00,157344
2024-05-09 02:00:00-04:00,157127
2024-05-09 03:00:00-04:00,156784
2024-05-09 04:00:00-04:00,156815
2024-05-09 05:00:00-04:00,156719
2024-05-09 06:00:00-04:00,157296
2024-05-09 07:00:00-04:00,159206
2024-05-09 08:00:00-04:00,160126
2024-05-09 09:00:00-04:00,161204
2024-05-09 10:00:00-04:00,162948
2024-05-09 11:00:00-04:00,163172
2024-05-09 12:00:00-04:00,163366
2024-05-09 13:00:00-04:00,163304
2024-05-09 14:00:00-04:00,163670
2024-05-09 15:00:00-04:00,163512
2024-05-09 16:00:00-04:00,163895
2024-05-09 17:00:00-04:00,163885
2024-05-09 18:00:00-04:00,163669
2024-05-09 19:00:00-04:00,162035
2024-05-09 20:00:00-04:00,166380
2024-05-09 21:00:00-04:00,166620
2024-05-09 22:00:00-04:00,166806
2024-05-09 23:00:00-04:00,166942
2024-05-10 00:00:00-04:00,156767
2024-05-10 01:00:00-04:00,156490
2024-05-10 02:00:00-04:00,156519
2024-05-10 03:00:00-04:00,156314
2024-05-10 04:00:00-04:00,156574
2024-05-10 05:00:00-04:00,157071
2024-05-10 06:00:00-04:00,157201
2024-05-10 07:00:00-04:00,158671
2024-05-10 08:00:00-04:00,159518
2024-05-10 09:00:00-04:00,160086
2024-05-10 10:00:00-04:00,161416
2024-05-10 11:00:00-04:00,161457
2024-05-10 12:00:00-04:00,161222
2024-05-10 13:00:00-04:00,160609
2024-05-10 14:00:00-04:00,162028
2024-05-10 15:00:00-04:00,161691
2024-05-10 16:00:00-04:00,162256
2024-05-10 17:00:00-04:00,161795
2024-05-10 18:00:00-04:00,161330
2024-05-10 19:00:00-04:00,159420
2024-05-10 20:00:00-04:00,165245
2024-05-10 21:00:00-04:00,166390
2024-05-10 22:00:00-04:00,167094
2024-05-10 23:00:00-04:00,167040
2024-05-11 00:00:00-04:00,158366
2024-05-11 01:00:00-04:00,159122
2024-05-11 02:00:00-04:00,159076
2024-05-11 03:00:00-04:00,158321
2024-05-11 04:00:00-04:00,158895
2024-05-11 05:00:00-04:00,159529
2024-05-11 06:00:00-04:00,160273
2024-05-11 07:00:00-04:00,161657
2024-05-11 08:00:00-04:00,162988
2024-05-11 09:00:00-04:00,164160
2024-05-11 10:00:00-04:00,164627
2024-05-11 11:00:00-04:00,165394
2024-05-11 12:00:00-04:00,165767
2024-05-11 13:00:00-04:00,165907
2024-05-11 14:00:00-04:00,166122
2024-05-11 15:00:00-04:00,166203
2024-05-11 16:00:00-04:00,166414
2024-05-11 17:00:00-04:00,166500
2024-05-11 18:00:00-04:00,164059
2024-05-11 19:00:00-04:00,161232
2024-05-11 20:00:00-04:00,165404
2024-05-11 21:00:00-04:00,165508
2024-05-11 22:00:00-04:00,165475
2024-05-11 23:00:00-04:00,165701
2024-05-12 00:00:00-04:00,156333
2024-05-12 01:00:00-04:00,156318
2024-05-12 02:00:00-04:00,156313
2024-05-12 03:00:00-04:00,156515
2024-05-12 04:00:00-04:00,156570
2024-05-12 05:00:00-04:00,156725
2024-05-12 06:00:00-04:00,157540
2024-05-12 07:00:00-04:00,160324
2024-05-12 08:00:00-04:00,162772
2024-05-12 09:00:00-04:00,162168
2024-05-12 10:00:00-04:00,163308
2024-05-12 11:00:00-04:00,162576
2024-05-12 12:00:00-04:00,163251
2024-05-12 13:00:00-04:00,164188
2024-05-12 14:00:00-04:00,164584
2024-05-12 15:00:00-04:00,164647
2024-05-12 16:00:00-04:00,164172
2024-05-12 17:00:00-04:00,164059
2024-05-12 18:00:00-04:00,162605
2024-05-12 19:00:00-04:00,161132
2024-05-12 20:00:00-04:00,166674
2024-05-12 21:00:00-04:00,166997
2024-05-12 22:00:00-04:00,167199
2024-05-12 23:00:00-04:00,167219
2024-05-13 00:00:00-04:00,160367
2024-05-13 01:00:00-04:00,160706
2024-05-13 02:00:00-04:00,160668
2024-05-13 03:00:00-04:00,160611
2024-05-13 04:00:00-04:00,160341
2024-05-13 05:00:00-04:00,159399
2024-05-13 06:00:00-04:00,160425
2024-05-13 07:00:00-04:00,161883
2024-05-13 08:00:00-04:00,161181
2024-05-13 09:00:00-04:00,161415
2024-05-13 10:00:00-04:00,160336
2024-05-13 11:00:00-04:00,160593
2024-05-13 12:00:00-04:00,160617
2024-05-13 13:00:00-04:00,161790
2024-05-13 14:00:00-04:00,162327
2024-05-13 15:00:00-04:00,162484
2024-05-13 16:00:00-04:00,161546
2024-05-13 17:00:00-04:00,159988
2024-05-13 18:00:00-04:00,157645
2024-05-13 19:00:00-04:00,155780
2024-05-13 20:00:00-04:00,163296
2024-05-13 21:00:00-04:00,164072
2024-05-13 22:00:00-04:00,164454
2024-05-13 23:00:00-04:00,164746
2024-05-14 00:00:00-04:00,155429
2024-05-14 01:00:00-04:00,155324
2024-05-14 02:00:00-04:00,155091
2024-05-14 03:00:00-04:00,155072
2024-05-14 04:00:00-04:00,154823
2024-05-14 05:00:00-04:00,154400
2024-05-14 06:00:00-04:00,154522
2024-05-14 07:00:00-04:00,154983
2024-05-14 08:00:00-04:00,154645
2024-05-14 09:00:00-04:00,153044
2024-05-14 10:00:00-04:00,153693
2024-05-14 11:00:00-04:00,153895
2024-05-14 12:00:00-04:00,156161
2024-05-14 13:00:00-04:00,156672
2024-05-14 14:00:00-04:00,156592
2024-05-14 15:00:00-04:00,156432
2024-05-14 16:00:00-04:00,157531
2024-05-14 17:00:00-04:00,158394
2024-05-14 18:00:00-04:00,158346
2024-05-14 19:00:00-04:00,158664
2024-05-14 20:00:00-04:00,162158
2024-05-14 21:00:00-04:00,161784
2024-05-14 22:00:00-04:00,162031
2024-05-14 23:00:00-04:00,162336
2024-05-15 00:00:00-04:00,153372
2024-05-15 01:00:00-04:00,153273
2024-05-15 02:00:00-04:00,153284
2024-05-15 03:00:00-04:00,153285
2024-05-15 04:00:00-04:00,153485
2024-05-15 05:00:00-04:00,153399
2024-05-15 06:00:00-04:00,154209
2024-05-15 07:00:00-04:00,154594
2024-05-15 08:00:00-04:00,154470
2024-05-15 09:00:00-04:00,154397
2024-05-15 10:00:00-04:00,154303
2024-05-15 11:00:00-04:00,154496
2024-05-15 12:00:00-04:00,155100
2024-05-15 13:00:00-04:00,154332
2024-05-15 14:00:00-04:00,153968
2024-05-15 15:00:00-04:00,154388
2024-05-15 16:00:00-04:00,153997
2024-05-15 17:00:00-04:00,154214
2024-05-15 18:00:00-04:00,153980
2024-05-15 19:00:00-04:00,153368
2024-05-15 20:00:00-04:00,160978
2024-05-15 21:00:00-04:00,161301
2024-05-15 22:00:00-04:00,161090
2024-05-15 23:00:00-04:00,161336
2024-05-16 00:00:00-04:00,151091
2024-05-16 01:00:00-04:00,150652
2024-05-16 02:00:00-04:00,150671
2024-05-16 03:00:00-04:00,150689
2024-05-16 04:00:00-04:00,150871
2024-05-16 05:00:00-04:00,151367
2024-05-16 06:00:00-04:00,153046
2024-05-16 07:00:00-04:00,155588
2024-05-16 08:00:00-04:00,156570
2024-05-16 09:00:00-04:00,156576
2024-05-16 10:00:00-04:00,156914
2024-05-16 11:00:00-04:00,157493
2024-05-16 12:00:00-04:00,157666
2024-05-16 13:00:00-04:00,156746
2024-05-16 14:00:00-04:00,156497
2024-05-16 15:00:00-04:00,158448
2024-05-16 16:00:00-04:00,157430
2024-05-16 17:00:00-04:00,156478
2024-05-16 18:00:00-04:00,154578
2024-05-16 19:00:00-04:00,152749
2024-05-16 20:00:00-04:00,160502
2024-05-16 21:00:00-04:00,161554
2024-05-16 22:00:00-04:00,161635
2024-05-16 23:00:00-04:00,161248
2024-05-17 00:00:00-04:00,150578
2024-05-17 01:00:00-04:00,150376
2024-05-17 02:00:00-04:00,150684
2024-05-17 03:00:00-04:00,150431
2024-05-17 04:00:00-04:00,150533
2024-05-17 05:00:00-04:00,150950
2024-05-17 06:00:00-04:00,152069
2024-05-17 07:00:00-04:00,153889
2024-05-17 08:00:00-04:00,154738
2024-05-17 09:00:00-04:00,154737
2024-05-17 10:00:00-04:00,155336
2024-05-17 11:00:00-04:00,154605
2024-05-17 12:00:00-04:00,153866
2024-05-17 13:00:00-04:00,153970
2024-05-17 14:00:00-04:00,153364
2024-05-17 15:00:00-04:00,154038
2024-05-17 16:00:00-04:00,154103
2024-05-17 17:00:00-04:00,154274
2024-05-17 18:00:00-04:00,153410
2024-05-17 19:00:00-04:00,153010
2024-05-17 20:00:00-04:00,160915
2024-05-17 21:00:00-04:00,161511
2024-05-17 22:00:00-04:00,161962
2024-05-17 23:00:00-04:00,162268
2024-05-18 00:00:00-04:00,150801
2024-05-18 01:00:00-04:00,151032
2024-05-18 02:00:00-04:00,151298
2024-05-18 03:00:00-04:00,150956
2024-05-18 04:00:00-04:00,150725
2024-05-18 05:00:00-04:00,150789
2024-05-18 06:00:00-04:00,151050
2024-05-18 07:00:00-04:00,151844
2024-05-18 08:00:00-04:00,151739
2024-05-18 09:00:00-04:00,152426
2024-05-18 10:00:00-04:00,153513
2024-05-18 11:00:00-04:00,154374
2024-05-18 12:00:00-04:00,154359
2024-05-18 13:00:00-04:00,154600
2024-05-18 14:00:00-04:00,154674
2024-05-18 15:00:00-04:00,154926
2024-05-18 16:00:00-04:00,155192
2024-05-18 17:00:00-04:00,155213
2024-05-18 18:00:00-04:00,154818
2024-05-18 19:00:00-04:00,154147
2024-05-18 20:00:00-04:00,160587
2024-05-18 21:00:00-04:00,160955
2024-05-18 22:00:00-04:00,161223
2024-05-18 23:00:00-04:00,161594
2024-05-19 00:00:00-04:00,153282
2024-05-19 01:00:00-04:00,153188
2024-05-19 02:00:00-04:00,153328
2024-05-19 03:00:00-04:00,153156
2024-05-19 04:00:00-04:00,153292
2024-05-19 05:00:00-04:00,153243
2024-05-19 06:00:00-04:00,153228
2024-05-19 07:00:00-04:00,154409
2024-05-19 08:00:00-04:00,155476
2024-05-19 09:00:00-04:00,156430
2024-05-19 10:00:00-04:00,156993
2024-05-19 11:00:00-04:00,157024
2024-05-19 12:00:00-04:00,157161
2024-05-19 13:00:00-04:00,156985
2024-05-19 14:00:00-04:00,156516
2024-05-19 15:00:00-04:00,156635
2024-05-19 16:00:00-04:00,156965
2024-05-19 17:00:00-04:00,157205
2024-05-19 18:00:00-04:00,157041
2024-05-19 19:00:00-04:00,154999
2024-05-19 20:00:00-04:00,162685
2024-05-19 21:00:00-04:00,163424
2024-05-19 22:00:00-04:00,163167
2024-05-19 23:00:00-04:00,163460
2024-05-20 00:00:00-04:00,152502
2024-05-20 01:00:00-04:00,152546
2024-05-20 02:00:00-04:00,152735
2024-05-20 03:00:00-04:00,152779
2024-05-20 04:00:00-04:00,152892
2024-05-20 05:00:00-04:00,152997
2024-05-20 06:00:00-04:00,154023
2024-05-20 07:00:00-04:00,155877
2024-05-20 08:00:00-04:00,156860
2024-05-20 09:00:00-04:00,158390
2024-05-20 10:00:00-04:00,160714
2024-05-20 11:00:00-04:00,161750
2024-05-20 12:00:00-04:00,161871
2024-05-20 13:00:00-04:00,161980
2024-05-20 14:00:00-04:00,162066
2024-05-20 15:00:00-04:00,162278
2024-05-20 16:00:00-04:00,161813
2024-05-20 17:00:00-04:00,161135
2024-05-20 18:00:00-04:00,159307
2024-05-20 19:00:00-04:00,156903
2024-05-20 20:00:00-04:00,163240
2024-05-20 21:00:00-04:00,163360
2024-05-20 22:00:00-04:00,163321
2024-05-20 23:00:00-04:00,163620
2024-05-21 00:00:00-04:00,152566
2024-05-21 01:00:00-04:00,152920
2024-05-21 02:00:00-04:00,153680
2024-05-21 03:00:00-04:00,154104
2024-05-21 04:00:00-04:00,154140
2024-05-21 05:00:00-04:00,153893
2024-05-21 06:00:00-04:00,154669
2024-05-21 07:00:00-04:00,156620
2024-05-21 08:00:00-04:00,158683
2024-05-21 09:00:00-04:00,159937
2024-05-21 10:00:00-04:00,162113
2024-05-21 11:00:00-04:00,162765
2024-05-21 12:00:00-04:00,163306
2024-05-21 13:00:00-04:00,163225
2024-05-21 14:00:00-04:00,163327
2024-05-21 15:00:00-04:00,164176
2024-05-21 16:00:00-04:00,164091
2024-05-21 17:00:00-04:00,164119
2024-05-21 18:00:00-04:00,162704
2024-05-21 19:00:00-04:00,160356
2024-05-21 20:00:00-04:00,165383
2024-05-21 21:00:00-04:00,165826
2024-05-21 22:00:00-04:00,165796
2024-05-21 23:00:00-04:00,166389
2024-05-22 00:00:00-04:00,159299
2024-05-22 01:00:00-04:00,159268
2024-05-22 02:00:00-04:00,159169
2024-05-22 03:00:00-04:00,159174
2024-05-22 04:00:00-04:00,159343
2024-05-22 05:00:00-04:00,158839
2024-05-22 06:00:00-04:00,159484
2024-05-22 07:00:00-04:00,160814
2024-05-22 08:00:00-04:00,161678
2024-05-22 09:00:00-04:00,162321
2024-05-22 10:00:00-04:00,162283
2024-05-22 11:00:00-04:00,163265
2024-05-22 12:00:00-04:00,164694
2024-05-22 13:00:00-04:00,164762
2024-05-22 14:00:00-04:00,165156
2024-05-22 15:00:00-04:00,164858
2024-05-22 16:00:00-04:00,164545
2024-05-22 17:00:00-04:00,163868
2024-05-22 18:00:00-04:00,161053
2024-05-22 19:00:00-04:00,157904
2024-05-22 20:00:00-04:00,166151
2024-05-22 21:00:00-04:00,166250
2024-05-22 22:00:00-04:00,166568
2024-05-22 23:00:00-04:00,166415
2024-05-23 00:00:00-04:00,154609
2024-05-23 01:00:00-04:00,154126
2024-05-23 02:00:00-04:00,154444
2024-05-23 03:00:00-04:00,154338
2024-05-23 04:00:00-04:00,154251
2024-05-23 05:00:00-04:00,153855
2024-05-23 06:00:00-04:00,153642
2024-05-23 07:00:00-04:00,155930
2024-05-23 08:00:00-04:00,157031
2024-05-23 09:00:00-04:00,157580
2024-05-23 10:00:00-04:00,158991
2024-05-23 11:00:00-04:00,160256
2024-05-23 12:00:00-04:00,161347
2024-05-23 13:00:00-04:00,161659
2024-05-23 14:00:00-04:00,161786
2024-05-23 15:00:00-04:00,161809
2024-05-23 16:00:00-04:00,161690
2024-05-23 17:00:00-04:00,160839
2024-05-23 18:00:00-04:00,158740
2024-05-23 19:00:00-04:00,157689
2024-05-23 20:00:00-04:00,166285
2024-05-23 21:00:00-04:00,167317
2024-05-23 22:00:00-04:00,167340
2024-05-23 23:00:00-04:00,167529
2024-05-24 00:00:00-04:00,155322
2024-05-24 01:00:00-04:00,154968
2024-05-24 02:00:00-04:00,155296
2024-05-24 03:00:00-04:00,154890
2024-05-24 04:00:00-04:00,154764
2024-05-24 05:00:00-04:00,154803
2024-05-24 06:00:00-04:00,155560
2024-05-24 07:00:00-04:00,156291
2024-05-24 08:00:00-04:00,157598
2024-05-24 09:00:00-04:00,158897
2024-05-24 10:00:00-04:00,159437
2024-05-24 11:00:00-04:00,160796
2024-05-24 12:00:00-04:00,164047
2024-05-24 13:00:00-04:00,164529
2024-05-24 14:00:00-04:00,164323
2024-05-24 15:00:00-04:00,164886
2024-05-24 16:00:00-04:00,164456
2024-05-24 17:00:00-04:00,164274
2024-05-24 18:00:00-04:00,163289
2024-05-24 19:00:00-04:00,161814
2024-05-24 20:00:00-04:00,165304
2024-05-24 21:00:00-04:00,165635
2024-05-24 22:00:00-04:00,165352
2024-05-24 23:00:00-04:00,165406
2024-05-25 00:00:00-04:00,157860
2024-05-25 01:00:00-04:00,158471
2024-05-25 02:00:00-04:00,158076
2024-05-25 03:00:00-04:00,158236
2024-05-25 04:00:00-04:00,158023
2024-05-25 05:00:00-04:00,158090
2024-05-25 06:00:00-04:00,159318
2024-05-25 07:00:00-04:00,160465
2024-05-25 08:00:00-04:00,161606
2024-05-25 09:00:00-04:00,161597
2024-05-25 10:00:00-04:00,162286
2024-05-25 11:00:00-04:00,162560
2024-05-25 12:00:00-04:00,162630
2024-05-25 13:00:00-04:00,163316
2024-05-25 14:00:00-04:00,163066
2024-05-25 15:00:00-04:00,162801
2024-05-25 16:00:00-04:00,162552
2024-05-25 17:00:00-04:00,161598
2024-05-25 18:00:00-04:00,160243
2024-05-25 19:00:00-04:00,158848
2024-05-25 20:00:00-04:00,167727
2024-05-25 21:00:00-04:00,167426
2024-05-25 22:00:00-04:00,167669
2024-05-25 23:00:00-04:00,167901
2024-05-26 00:00:00-04:00,157864
2024-05-26 01:00:00-04:00,158525
2024-05-26 02:00:00-04:00,159070
2024-05-26 03:00:00-04:00,159686
2024-05-26 04:00:00-04:00,160146
2024-05-26 05:00:00-04:00,160642
2024-05-26 06:00:00-04:00,161170
2024-05-26 07:00:00-04:00,162315
2024-05-26 08:00:00-04:00,163565
2024-05-26 09:00:00-04:00,164802
2024-05-26 10:00:00-04:00,166108
2024-05-26 11:00:00-04:00,165785
2024-05-26 12:00:00-04:00,165519
2024-05-26 13:00:00-04:00,165399
2024-05-26 14:00:00-04:00,164535
2024-05-26 15:00:00-04:00,164193
2024-05-26 16:00:00-04:00,164595
2024-05-26 17:00:00-04:00,163201
2024-05-26 18:00:00-04:00,162546
2024-05-26 19:00:00-04:00,161074
2024-05-26 20:00:00-04:00,169024
2024-05-26 21:00:00-04:00,169112
2024-05-26 22:00:00-04:00,169706
2024-05-26 23:00:00-04:00,169783
2024-05-27 00:00:00-04:00,161837
2024-05-27 01:00:00-04:00,162405
2024-05-27 02:00:00-04:00,162256
2024-05-27 03:00:00-04:00,162688
2024-05-27 04:00:00-04:00,162652
2024-05-27 05:00:00-04:00,162919
2024-05-27 06:00:00-04:00,163819
2024-05-27 07:00:00-04:00,165096
2024-05-27 08:00:00-04:00,166396
2024-05-27 09:00:00-04:00,166978
2024-05-27 10:00:00-04:00,167380
2024-05-27 11:00:00-04:00,167450
2024-05-27 12:00:00-04:00,168805
2024-05-27 13:00:00-04:00,169886
2024-05-27 14:00:00-04:00,170780
2024-05-27 15:00:00-04:00,171610
2024-05-27 16:00:00-04:00,170702
2024-05-27 17:00:00-04:00,169764
2024-05-27 18:00:00-04:00,168269
2024-05-27 19:00:00-04:00,166202
2024-05-27 20:00:00-04:00,169809
2024-05-27 21:00:00-04:00,169642
2024-05-27 22:00:00-04:00,169822
2024-05-27 23:00:00-04:00,169897
2024-05-28 00:00:00-04:00,160296
2024-05-28 01:00:00-04:00,159941
2024-05-28 02:00:00-04:00,159594
2024-05-28 03:00:00-04:00,159884
2024-05-28 04:00:00-04:00,160053
2024-05-28 05:00:00-04:00,160186
2024-05-28 06:00:00-04:00,161708
2024-05-28 07:00:00-04:00,163529
2024-05-28 08:00:00-04:00,164820
2024-05-28 09:00:00-04:00,165454
2024-05-28 10:00:00-04:00,166168
2024-05-28 11:00:00-04:00,165970
2024-05-28 12:00:00-04:00,167303
2024-05-28 13:00:00-04:00,168365
2024-05-28 14:00:00-04:00,169688
2024-05-28 15:00:00-04:00,170057
2024-05-28 16:00:00-04:00,170442
2024-05-28 17:00:00-04:00,170473
2024-05-28 18:00:00-04:00,168786
2024-05-28 19:00:00-04:00,167102
2024-05-28 20:00:00-04:00,171583
2024-05-28 21:00:00-04:00,171271
2024-05-28 22:00:00-04:00,171074
2024-05-28 23:00:00-04:00,171341
2024-05-29 00:00:00-04:00,160481
2024-05-29 01:00:00-04:00,160431
2024-05-29 02:00:00-04:00,159730
2024-05-29 03:00:00-04:00,159836
2024-05-29 04:00:00-04:00,159941
2024-05-29 05:00:00-04:00,159716
2024-05-29 06:00:00-04:00,159814
2024-05-29 07:00:00-04:00,159937
2024-05-29 08:00:00-04:00,161973
2024-05-29 09:00:00-04:00,160351
2024-05-29 10:00:00-04:00,164702
2024-05-29 11:00:00-04:00,164668
2024-05-29 12:00:00-04:00,165798
2024-05-29 13:00:00-04:00,165964
2024-05-29 14:00:00-04:00,163255
2024-05-29 15:00:00-04:00,167252
2024-05-29 16:00:00-04:00,166763
2024-05-29 17:00:00-04:00,167324
2024-05-29 18:00:00-04:00,165927
2024-05-29 19:00:00-04:00,164304
2024-05-29 20:00:00-04:00,170431
2024-05-29 21:00:00-04:00,170676
2024-05-29 22:00:00-04:00,170660
2024-05-29 23:00:00-04:00,171312
2024-05-30 00:00:00-04:00,160755
2024-05-30 01:00:00-04:00,159591
2024-05-30 02:00:00-04:00,159821
2024-05-30 03:00:00-04:00,159878
2024-05-30 04:00:00-04:00,160328
2024-05-30 05:00:00-04:00,161117
2024-05-30 06:00:00-04:00,164041
2024-05-30 07:00:00-04:00,164672
2024-05-30 08:00:00-04:00,164612
2024-05-30 09:00:00-04:00,166243
2024-05-30 10:00:00-04:00,166047
2024-05-30 11:00:00-04:00,166210
2024-05-30 12:00:00-04:00,167216
2024-05-30 13:00:00-04:00,166867
2024-05-30 14:00:00-04:00,168020
2024-05-30 15:00:00-04:00,168486
2024-05-30 16:00:00-04:00,169144
2024-05-30 17:00:00-04:00,169409
2024-05-30 18:00:00-04:00,167970
2024-05-30 19:00:00-04:00,165314
2024-05-30 20:00:00-04:00,172998
2024-05-30 21:00:00-04:00,173078
2024-05-30 22:00:00-04:00,173264
2024-05-30 23:00:00-04:00,173600
2024-05-31 00:00:00-04:00,163119
2024-05-31 01:00:00-04:00,163260
2024-05-31 02:00:00-04:00,163381
2024-05-31 03:00:00-04:00,163108
2024-05-31 04:00:00-04:00,163854
2024-05-31 05:00:00-04:00,163831
2024-05-31 06:00:00-04:00,165458
2024-05-31 07:00:00-04:00,168336
2024-05-31 08:00:00-04:00,169064
2024-05-31 09:00:00-04:00,169529
2024-05-31 10:00:00-04:00,169889
2024-05-31 11:00:00-04:00,169682
2024-05-31 12:00:00-04:00,170943
2024-05-31 13:00:00-04:00,170891
2024-05-31 14:00:00-04:00,171062
2024-05-31 15:00:00-04:00,172136
2024-05-31 16:00:00-04:00,172413
2024-05-31 17:00:00-04:00,172100
2024-05-31 18:00:00-04:00,170650
2024-05-31 19:00:00-04:00,168630
2024-05-31 20:00:00-04:00,175342
2024-05-31 21:00:00-04:00,176145
2024-05-31 22:00:00-04:00,175942
2024-05-31 23:00:00-04:00,175989
2024-06-01 00:00:00-04:00,164640
2024-06-01 01:00:00-04:00,164286
2024-06-01 02:00:00-04:00,164944
2024-06-01 03:00:00-04:00,164934
2024-06-01 04:00:00-04:00,165331
2024-06-01 05:00:00-04:00,165801
2024-06-01 06:00:00-04:00,167549
2024-06-01 07:00:00-04:00,170288
2024-06-01 08:00:00-04:00,172116
2024-06-01 09:00:00-04:00,172254
2024-06-01 10:00:00-04:00,172622
2024-06-01 11:00:00-04:00,173532
2024-06-01 12:00:00-04:00,174851
2024-06-01 13:00:00-04:00,174638
2024-06-01 14:00:00-04:00,174154
2024-06-01 15:00:00-04:00,173094
2024-06-01 16:00:00-04:00,172280
2024-06-01 17:00:00-04:00,171501
2024-06-01 18:00:00-04:00,169252
2024-06-01 19:00:00-04:00,167915
2024-06-01 20:00:00-04:00,176840
2024-06-01 21:00:00-04:00,176563
2024-06-01 22:00:00-04:00,177163
2024-06-01 23:00:00-04:00,177330
2024-06-02 00:00:00-04:00,166326
2024-06-02 01:00:00-04:00,165976
2024-06-02 02:00:00-04:00,165846
2024-06-02 03:00:00-04:00,166066
2024-06-02 04:00:00-04:00,166121
2024-06-02 05:00:00-04:00,166106
2024-06-02 06:00:00-04:00,166596
2024-06-02 07:00:00-04:00,167330
2024-06-02 08:00:00-04:00,167926
2024-06-02 09:00:00-04:00,168614
2024-06-02 10:00:00-04:00,169211
2024-06-02 11:00:00-04:00,170497
2024-06-02 12:00:00-04:00,170826
2024-06-02 13:00:00-04:00,171019
2024-06-02 14:00:00-04:00,170772
2024-06-02 15:00:00-04:00,169896
2024-06-02 16:00:00-04:00,169914
2024-06-02 17:00:00-04:00,169255
2024-06-02 18:00:00-04:00,168481
2024-06-02 19:00:00-04:00,167526
2024-06-02 20:00:00-04:00,176530
2024-06-02 21:00:00-04:00,176712
2024-06-02 22:00:00-04:00,176917
2024-06-02 23:00:00-04:00,177078
2024-06-03 00:00:00-04:00,163940
2024-06-03 01:00:00-04:00,164019
2024-06-03 02:00:00-04:00,163999
2024-06-03 03:00:00-04:00,164142
2024-06-03 04:00:00-04:00,164883
2024-06-03 05:00:00-04:00,165260
2024-06-03 06:00:00-04:00,166615
2024-06-03 07:00:00-04:00,167602
2024-06-03 08:00:00-04:00,169326
2024-06-03 09:00:00-04:00,170527
2024-06-03 10:00:00-04:00,171576
2024-06-03 11:00:00-04:00,171756
2024-06-03 12:00:00-04:00,173217
2024-06-03 13:00:00-04:00,172641
2024-06-03 14:00:00-04:00,172720
2024-06-03 15:00:00-04:00,173028
2024-06-03 16:00:00-04:00,173048
2024-06-03 17:00:00-04:00,172336
2024-06-03 18:00:00-04:00,170820
2024-06-03 19:00:00-04:00,167475
2024-06-03 20:00:00-04:00,173293
2024-06-03 21:00:00-04:00,173992
2024-06-03 22:00:00-04:00,174451
2024-06-03 23:00:00-04:00,174698
2024-06-04 00:00:00-04:00,164790
2024-06-04 01:00:00-04:00,164574
2024-06-04 02:00:00-04:00,164143
2024-06-04 03:00:00-04:00,163561
2024-06-04 04:00:00-04:00,163007
2024-06-04 05:00:00-04:00,162598
2024-06-04 06:00:00-04:00,163600
2024-06-04 07:00:00-04:00,165104
2024-06-04 08:00:00-04:00,166086
2024-06-04 09:00:00-04:00,166897
2024-06-04 10:00:00-04:00,168462
2024-06-04 11:00:00-04:00,169265
2024-06-04 12:00:00-04:00,169600
2024-06-04 13:00:00-04:00,169496
2024-06-04 14:00:00-04:00,168843
2024-06-04 15:00:00-04:00,169398
2024-06-04 16:00:00-04:00,169540
2024-06-04 17:00:00-04:00,170195
2024-06-04 18:00:00-04:00,167721
2024-06-04 19:00:00-04:00,166319
2024-06-04 20:00:00-04:00,171976
2024-06-04 21:00:00-04:00,171782
2024-06-04 22:00:00-04:00,172663
2024-06-04 23:00:00-04:00,174151
2024-06-05 00:00:00-04:00,166690
2024-06-05 01:00:00-04:00,166940
2024-06-05 02:00:00-04:00,166686
2024-06-05 03:00:00-04:00,166330
2024-06-05 04:00:00-04:00,166211
2024-06-05 05:00:00-04:00,165792
2024-06-05 06:00:00-04:00,166238
2024-06-05 07:00:00-04:00,166182
2024-06-05 08:00:00-04:00,166310
2024-06-05 09:00:00-04:00,166375
2024-06-05 10:00:00-04:00,167863
2024-06-05 11:00:00-04:00,167373
2024-06-05 12:00:00-04:00,168776
2024-06-05 13:00:00-04:00,168731
2024-06-05 14:00:00-04:00,168624
2024-06-05 15:00:00-04:00,168145
2024-06-05 16:00:00-04:00,169803
2024-06-05 17:00:00-04:00,169418
2024-06-05 18:00:00-04:00,168174
2024-06-05 19:00:00-04:00,166761
2024-06-05 20:00:00-04:00,173504
2024-06-05 21:00:00-04:00,173454
2024-06-05 22:00:00-04:00,173432
2024-06-05 23:00:00-04:00,173921
2024-06-06 00:00:00-04:00,165246
2024-06-06 01:00:00-04:00,165920
2024-06-06 02:00:00-04:00,166521
2024-06-06 03:00:00-04:00,166650
2024-06-06 04:00:00-04:00,166410
2024-06-06 05:00:00-04:00,166312
2024-06-06 06:00:00-04:00,167397
2024-06-06 07:00:00-04:00,168456
2024-06-06 08:00:00-04:00,168752
2024-06-06 09:00:00-04:00,170684
2024-06-06 10:00:00-04:00,171808
2024-06-06 11:00:00-04:00,173021
2024-06-06 12:00:00-04:00,174514
2024-06-06 13:00:00-04:00,175210
2024-06-06 14:00:00-04:00,176020
2024-06-06 15:00:00-04:00,176022
2024-06-06 16:00:00-04:00,176396
2024-06-06 17:00:00-04:00,176085
2024-06-06 18:00:00-04:00,176583
2024-06-06 19:00:00-04:00,174529
2024-06-06 20:00:00-04:00,175203
2024-06-06 21:00:00-04:00,175207
2024-06-06 22:00:00-04:00,175086
2024-06-06 23:00:00-04:00,175188
2024-06-07 00:00:00-04:00,168473
2024-06-07 01:00:00-04:00,168202
2024-06-07 02:00:00-04:00,167985
2024-06-07 03:00:00-04:00,168081
2024-06-07 04:00:00-04:00,168804
2024-06-07 05:00:00-04:00,169668
2024-06-07 06:00:00-04:00,172174
2024-06-07 07:00:00-04:00,174274
2024-06-07 08:00:00-04:00,175736
2024-06-07 09:00:00-04:00,177246
2024-06-07 10:00:00-04:00,179996
2024-06-07 11:00:00-04:00,180749
2024-06-07 12:00:00-04:00,181294
2024-06-07 13:00:00-04:00,181267
2024-06-07 14:00:00-04:00,180698
2024-06-07 15:00:00-04:00,180578
2024-06-07 16:00:00-04:00,180504
2024-06-07 17:00:00-04:00,180088
2024-06-07 18:00:00-04:00,177487
2024-06-07 19:00:00-04:00,172767
2024-06-07 20:00:00-04:00,176220
2024-06-07 21:00:00-04:00,175928
2024-06-07 22:00:00-04:00,176018
2024-06-07 23:00:00-04:00,176524
2024-06-08 00:00:00-04:00,164983
2024-06-08 01:00:00-04:00,165474
2024-06-08 02:00:00-04:00,164740
2024-06-08 03:00:00-04:00,164989
2024-06-08 04:00:00-04:00,165182
2024-06-08 05:00:00-04:00,166419
2024-06-08 06:00:00-04:00,167616
2024-06-08 07:00:00-04:00,169970
2024-06-08 08:00:00-04:00,171380
2024-06-08 09:00:00-04:00,171692
2024-06-08 10:00:00-04:00,172919
2024-06-08 11:00:00-04:00,173361
2024-06-08 12:00:00-04:00,175206
2024-06-08 13:00:00-04:00,175943
2024-06-08 14:00:00-04:00,176403
2024-06-08 15:00:00-04:00,177222
2024-06-08 16:00:00-04:00,176558
2024-06-08 17:00:00-04:00,175494
2024-06-08 18:00:00-04:00,173612
2024-06-08 19:00:00-04:00,171109
2024-06-08 20:00:00-04:00,176781
2024-06-08 21:00:00-04:00,176853
2024-06-08 22:00:00-04:00,176541
2024-06-08 23:00:00-04:00,176576
2024-06-09 00:00:00-04:00,167102
2024-06-09 01:00:00-04:00,166961
2024-06-09 02:00:00-04:00,166900
2024-06-09 03:00:00-04:00,167043
2024-06-09 04:00:00-04:00,168044
2024-06-09 05:00:00-04:00,168121
2024-06-09 06:00:00-04:00,169493
2024-06-09 07:00:00-04:00,170694
2024-06-09 08:00:00-04:00,172826
2024-06-09 09:00:00-04:00,173833
2024-06-09 10:00:00-04:00,174871
2024-06-09 11:00:00-04:00,176377
2024-06-09 12:00:00-04:00,177992
2024-06-09 13:00:00-04:00,178829
2024-06-09 14:00:00-04:00,180166
2024-06-09 15:00:00-04:00,179564
2024-06-09 16:00:00-04:00,180160
2024-06-09 17:00:00-04:00,180046
2024-06-09 18:00:00-04:00,178648
2024-06-09 19:00:00-04:00,175935
2024-06-09 20:00:00-04:00,179262
2024-06-09 21:00:00-04:00,179665
2024-06-09 22:00:00-04:00,179540
2024-06-09 23:00:00-04:00,179445
2024-06-10 00:00:00-04:00,171638
2024-06-10 01:00:00-04:00,170882
2024-06-10 02:00:00-04:00,170957
2024-06-10 03:00:00-04:00,170782
2024-06-10 04:00:00-04:00,170916
2024-06-10 05:00:00-04:00,171309
2024-06-10 06:00:00-04:00,172242
2024-06-10 07:00:00-04:00,174074
2024-06-10 08:00:00-04:00,175987
2024-06-10 09:00:00-04:00,176893
2024-06-10 10:00:00-04:00,176984
2024-06-10 11:00:00-04:00,177155
2024-06-10 12:00:00-04:00,177110
2024-06-10 13:00:00-04:00,177046
2024-06-10 14:00:00-04:00,176181
2024-06-10 15:00:00-04:00,176170
2024-06-10 16:00:00-04:00,176053
2024-06-10 17:00:00-04:00,175419
2024-06-10 18:00:00-04:00,174470
2024-06-10 19:00:00-04:00,172686
2024-06-10 20:00:00-04:00,180159
2024-06-10 21:00:00-04:00,180921
2024-06-10 22:00:00-04:00,181630
2024-06-10 23:00:00-04:00,181387
2024-06-11 00:00:00-04:00,169580
2024-06-11 01:00:00-04:00,168942
2024-06-11 02:00:00-04:00,168891
2024-06-11 03:00:00-04:00,168846
2024-06-11 04:00:00-04:00,168805
2024-06-11 05:00:00-04:00,168030
2024-06-11 06:00:00-04:00,169550
2024-06-11 07:00:00-04:00,171252
2024-06-11 08:00:00-04:00,172570
2024-06-11 09:00:00-04:00,174231
2024-06-11 10:00:00-04:00,174774
2024-06-11 11:00:00-04:00,174897
2024-06-11 12:00:00-04:00,175364
2024-06-11 13:00:00-04:00,175205
2024-06-11 14:00:00-04:00,175124
2024-06-11 15:00:00-04:00,174974
2024-06-11 16:00:00-04:00,175592
2024-06-11 17:00:00-04:00,175254
2024-06-11 18:00:00-04:00,174523
2024-06-11 19:00:00-04:00,172466
2024-06-11 20:00:00-04:00,180653
2024-06-11 21:00:00-04:00,180849
2024-06-11 22:00:00-04:00,180766
2024-06-11 23:00:00-04:00,180750
2024-06-12 00:00:00-04:00,171728
2024-06-12 01:00:00-04:00,172206
2024-06-12 02:00:00-04:00,172688
2024-06-12 03:00:00-04:00,172682
2024-06-12 04:00:00-04:00,172649
2024-06-12 05:00:00-04:00,172618
2024-06-12 06:00:00-04:00,173322
2024-06-12 07:00:00-04:00,174242
2024-06-12 08:00:00-04:00,175235
2024-06-12 09:00:00-04:00,176250
2024-06-12 10:00:00-04:00,176577
2024-06-12 11:00:00-04:00,175996
2024-06-12 12:00:00-04:00,174765
2024-06-12 13:00:00-04:00,175118
2024-06-12 14:00:00-04:00,175920
2024-06-12 15:00:00-04:00,175514
2024-06-12 16:00:00-04:00,175954
2024-06-12 17:00:00-04:00,175230
2024-06-12 18:00:00-04:00,174722
2024-06-12 19:00:00-04:00,172844
2024-06-12 20:00:00-04:00,180889
2024-06-12 21:00:00-04:00,181362
2024-06-12 22:00:00-04:00,181022
2024-06-12 23:00:00-04:00,181083
2024-06-13 00:00:00-04:00,171886
2024-06-13 01:00:00-04:00,171757
2024-06-13 02:00:00-04:00,172665
2024-06-13 03:00:00-04:00,172914
2024-06-13 04:00:00-04:00,172779
2024-06-13 05:00:00-04:00,172761
2024-06-13 06:00:00-04:00,174227
2024-06-13 07:00:00-04:00,175361
2024-06-13 08:00:00-04:00,176454
2024-06-13 09:00:00-04:00,177671
2024-06-13 10:00:00-04:00,178580
2024-06-13 11:00:00-04:00,178951
2024-06-13 12:00:00-04:00,180102
2024-06-13 13:00:00-04:00,179638
2024-06-13 14:00:00-04:00,179524
2024-06-13 15:00:00-04:00,180116
2024-06-13 16:00:00-04:00,179910
2024-06-13 17:00:00-04:00,179130
2024-06-13 18:00:00-04:00,176491
2024-06-13 19:00:00-04:00,173476
2024-06-13 20:00:00-04:00,180668
2024-06-13 21:00:00-04:00,181152
2024-06-13 22:00:00-04:00,180898
2024-06-13 23:00:00-04:00,180781
2024-06-14 00:00:00-04:00,170641
2024-06-14 01:00:00-04:00,170544
2024-06-14 02:00:00-04:00,170940
2024-06-14 03:00:00-04:00,170961
2024-06-14 04:00:00-04:00,170826
2024-06-14 05:00:00-04:00,170401
2024-06-14 06:00:00-04:00,171509
2024-06-14 07:00:00-04:00,173651
2024-06-14 08:00:00-04:00,174189
2024-06-14 09:00:00-04:00,174142
2024-06-14 10:00:00-04:00,174722
2024-06-14 11:00:00-04:00,175144
2024-06-14 12:00:00-04:00,176239
2024-06-14 13:00:00-04:00,176352
2024-06-14 14:00:00-04:00,176417
2024-06-14 15:00:00-04:00,175472
2024-06-14 16:00:00-04:00,175701
2024-06-14 17:00:00-04:00,175188
2024-06-14 18:00:00-04:00,174443
2024-06-14 19:00:00-04:00,172373
2024-06-14 20:00:00-04:00,179132
2024-06-14 21:00:00-04:00,179435
2024-06-14 22:00:00-04:00,179481
2024-06-14 23:00:00-04:00,179454
2024-06-15 00:00:00-04:00,170173
2024-06-15 01:00:00-04:00,170045
2024-06-15 02:00:00-04:00,170140
2024-06-15 03:00:00-04:00,170262
2024-06-15 04:00:00-04:00,169336
2024-06-15 05:00:00-04:00,170097
2024-06-15 06:00:00-04:00,171856
2024-06-15 07:00:00-04:00,173858
2024-06-15 08:00:00-04:00,175998
2024-06-15 09:00:00-04:00,176627
2024-06-15 10:00:00-04:00,177265
2024-06-15 11:00:00-04:00,177908
2024-06-15 12:00:00-04:00,178758
2024-06-15 13:00:00-04:00,179387
2024-06-15 14:00:00-04:00,179443
2024-06-15 15:00:00-04:00,179338
2024-06-15 16:00:00-04:00,179533
2024-06-15 17:00:00-04:00,178987
2024-06-15 18:00:00-04:00,177910
2024-06-15 19:00:00-04:00,174083
2024-06-15 20:00:00-04:00,180138
2024-06-15 21:00:00-04:00,180663
2024-06-15 22:00:00-04:00,180651
2024-06-15 23:00:00-04:00,180516
2024-06-16 00:00:00-04:00,174475
2024-06-16 01:00:00-04:00,174732
2024-06-16 02:00:00-04:00,174871
2024-06-16 03:00:00-04:00,175064
2024-06-16 04:00:00-04:00,175234
2024-06-16 05:00:00-04:00,175437
2024-06-16 06:00:00-04:00,176491
2024-06-16 07:00:00-04:00,178444
2024-06-16 08:00:00-04:00,179970
2024-06-16 09:00:00-04:00,180110
2024-06-16 10:00:00-04:00,180343
2024-06-16 11:00:00-04:00,180357
2024-06-16 12:00:00-04:00,181220
2024-06-16 13:00:00-04:00,181628
2024-06-16 14:00:00-04:00,181832
2024-06-16 15:00:00-04:00,181316
2024-06-16 16:00:00-04:00,181675
2024-06-16 17:00:00-04:00,180832
2024-06-16 18:00:00-04:00,179150
2024-06-16 19:00:00-04:00,176253
2024-06-16 20:00:00-04:00,181941
2024-06-16 21:00:00-04:00,182402
2024-06-16 22:00:00-04:00,182748
2024-06-16 23:00:00-04:00,182778
2024-06-17 00:00:00-04:00,174996
2024-06-17 01:00:00-04:00,174173
2024-06-17 02:00:00-04:00,173989
2024-06-17 03:00:00-04:00,174119
2024-06-17 04:00:00-04:00,173761
2024-06-17 05:00:00-04:00,174103
2024-06-17 06:00:00-04:00,174698
2024-06-17 07:00:00-04:00,176484
2024-06-17 08:00:00-04:00,177589
2024-06-17 09:00:00-04:00,178352
2024-06-17 10:00:00-04:00,178975
2024-06-17 11:00:00-04:00,179519
2024-06-17 12:00:00-04:00,180723
2024-06-17 13:00:00-04:00,180512
2024-06-17 14:00:00-04:00,180079
2024-06-17 15:00:00-04:00,180046
2024-06-17 16:00:00-04:00,181027
2024-06-17 17:00:00-04:00,180351
2024-06-17 18:00:00-04:00,178839
2024-06-17 19:00:00-04:00,176333
2024-06-17 20:00:00-04:00,180202
2024-06-17 21:00:00-04:00,181092
2024-06-17 22:00:00-04:00,180844
2024-06-17 23:00:00-04:00,180921
2024-06-18 00:00:00-04:00,173830
2024-06-18 01:00:00-04:00,173340
2024-06-18 02:00:00-04:00,172732
2024-06-18 03:00:00-04:00,172601
2024-06-18 04:00:00-04:00,172940
2024-06-18 05:00:00-04:00,172946
2024-06-18 06:00:00-04:00,173584
2024-06-18 07:00:00-04:00,175476
2024-06-18 08:00:00-04:00,177294
2024-06-18 09:00:00-04:00,178685
2024-06-18 10:00:00-04:00,179248
2024-06-18 11:00:00-04:00,179664
2024-06-18 12:00:00-04:00,181089
2024-06-18 13:00:00-04:00,181498
2024-06-18 14:00:00-04:00,181508
2024-06-18 15:00:00-04:00,180801
2024-06-18 16:00:00-04:00,180443
2024-06-18 17:00:00-04:00,179968
2024-06-18 18:00:00-04:00,178430
2024-06-18 19:00:00-04:00,175897
2024-06-18 20:00:00-04:00,180972
2024-06-18 21:00:00-04:00,181127
2024-06-18 22:00:00-04:00,181244
2024-06-18 23:00:00-04:00,181279
2024-06-19 00:00:00-04:00,172623
2024-06-19 01:00:00-04:00,172237
2024-06-19 02:00:00-04:00,171974
2024-06-19 03:00:00-04:00,171715
2024-06-19 04:00:00-04:00,171333
2024-06-19 05:00:00-04:00,170782
2024-06-19 06:00:00-04:00,171961
2024-06-19 07:00:00-04:00,173365
2024-06-19 08:00:00-04:00,175328
2024-06-19 09:00:00-04:00,176032
2024-06-19 10:00:00-04:00,177105
2024-06-19 11:00:00-04:00,178031
2024-06-19 12:00:00-04:00,178772
2024-06-19 13:00:00-04:00,179098
2024-06-19 14:00:00-04:00,178728
2024-06-19 15:00:00-04:00,178048
2024-06-19 16:00:00-04:00,177406
2024-06-19 17:00:00-04:00,176512
2024-06-19 18:00:00-04:00,174618
2024-06-19 19:00:00-04:00,172482
2024-06-19 20:00:00-04:00,180972
2024-06-19 21:00:00-04:00,181125
2024-06-19 22:00:00-04:00,181807
2024-06-19 23:00:00-04:00,181941
2024-06-20 00:00:00-04:00,169014
2024-06-20 01:00:00-04:00,169171
2024-06-20 02:00:00-04:00,169162
2024-06-20 03:00:00-04:00,169452
2024-06-20 04:00:00-04:00,169486
2024-06-20 05:00:00-04:00,169656
2024-06-20 06:00:00-04:00,170192
2024-06-20 07:00:00-04:00,172246
2024-06-20 08:00:00-04:00,173633
2024-06-20 09:00:00-04:00,175681
2024-06-20 10:00:00-04:00,176326
2024-06-20 11:00:00-04:00,176671
2024-06-20 12:00:00-04:00,177329
2024-06-20 13:00:00-04:00,177453
2024-06-20 14:00:00-04:00,177187
2024-06-20 15:00:00-04:00,177209
2024-06-20 16:00:00-04:00,177818
2024-06-20 17:00:00-04:00,177348
2024-06-20 18:00:00-04:00,175815
2024-06-20 19:00:00-04:00,173724
2024-06-20 20:00:00-04:00,181345
2024-06-20 21:00:00-04:00,181334
2024-06-20 22:00:00-04:00,181428
2024-06-20 23:00:00-04:00,181750
2024-06-21 00:00:00-04:00,169047
2024-06-21 01:00:00-04:00,168144
2024-06-21 02:00:00-04:00,168227
2024-06-21 03:00:00-04:00,168233
2024-06-21 04:00:00-04:00,168450
2024-06-21 05:00:00-04:00,169063
2024-06-21 06:00:00-04:00,170705
2024-06-21 07:00:00-04:00,173708
2024-06-21 08:00:00-04:00,175072
2024-06-21 09:00:00-04:00,175642
2024-06-21 10:00:00-04:00,176951
2024-06-21 11:00:00-04:00,176854
2024-06-21 12:00:00-04:00,177366
2024-06-21 13:00:00-04:00,178194
2024-06-21 14:00:00-04:00,177982
2024-06-21 15:00:00-04:00,178415
2024-06-21 16:00:00-04:00,178113
2024-06-21 17:00:00-04:00,177502
2024-06-21 18:00:00-04:00,175784
2024-06-21 19:00:00-04:00,173397
2024-06-21 20:00:00-04:00,180836
2024-06-21 21:00:00-04:00,181532
2024-06-21 22:00:00-04:00,181808
2024-06-21 23:00:00-04:00,182036
2024-06-22 00:00:00-04:00,172000
2024-06-22 01:00:00-04:00,170285
2024-06-22 02:00:00-04:00,170514
2024-06-22 03:00:00-04:00,171023
2024-06-22 04:00:00-04:00,171143
2024-06-22 05:00:00-04:00,172074
2024-06-22 06:00:00-04:00,173139
2024-06-22 07:00:00-04:00,175691
2024-06-22 08:00:00-04:00,178102
2024-06-22 09:00:00-04:00,179548
2024-06-22 10:00:00-04:00,180660
2024-06-22 11:00:00-04:00,181371
2024-06-22 12:00:00-04:00,181354
2024-06-22 13:00:00-04:00,181047
2024-06-22 14:00:00-04:00,181234
2024-06-22 15:00:00-04:00,181024
2024-06-22 16:00:00-04:00,180630
2024-06-22 17:00:00-04:00,179662
2024-06-22 18:00:00-04:00,177711
2024-06-22 19:00:00-04:00,175519
2024-06-22 20:00:00-04:00,180068
2024-06-22 21:00:00-04:00,180601
2024-06-22 22:00:00-04:00,180743
2024-06-22 23:00:00-04:00,180964
2024-06-23 00:00:00-04:00,172951
2024-06-23 01:00:00-04:00,172272
2024-06-23 02:00:00-04:00,171435
2024-06-23 03:00:00-04:00,170875
2024-06-23 04:00:00-04:00,170702
2024-06-23 05:00:00-04:00,170573
2024-06-23 06:00:00-04:00,171728
2024-06-23 07:00:00-04:00,174421
2024-06-23 08:00:00-04:00,175985
2024-06-23 09:00:00-04:00,178563
2024-06-23 10:00:00-04:00,178895
2024-06-23 11:00:00-04:00,178823
2024-06-23 12:00:00-04:00,178919
2024-06-23 13:00:00-04:00,179077
2024-06-23 14:00:00-04:00,178821
2024-06-23 15:00:00-04:00,179323
2024-06-23 16:00:00-04:00,178994
2024-06-23 17:00:00-04:00,178429
2024-06-23 18:00:00-04:00,176732
2024-06-23 19:00:00-04:00,174033
2024-06-23 20:00:00-04:00,179304
2024-06-23 21:00:00-04:00,179119
2024-06-23 22:00:00-04:00,179668
2024-06-23 23:00:00-04:00,180623
2024-06-24 00:00:00-04:00,170564
2024-06-24 01:00:00-04:00,169252
2024-06-24 02:00:00-04:00,169310
2024-06-24 03:00:00-04:00,169192
2024-06-24 04:00:00-04:00,169136
2024-06-24 05:00:00-04:00,169322
2024-06-24 06:00:00-04:00,170218
2024-06-24 07:00:00-04:00,172358
2024-06-24 08:00:00-04:00,174211
2024-06-24 09:00:00-04:00,175509
2024-06-24 10:00:00-04:00,176702
2024-06-24 11:00:00-04:00,176965
2024-06-24 12:00:00-04:00,177238
2024-06-24 13:00:00-04:00,177500
2024-06-24 14:00:00-04:00,178193
2024-06-24 15:00:00-04:00,177972
2024-06-24 16:00:00-04:00,177953
2024-06-24 17:00:00-04:00,178184
2024-06-24 18:00:00-04:00,176703
2024-06-24 19:00:00-04:00,174281
2024-06-24 20:00:00-04:00,180320
2024-06-24 21:00:00-04:00,180570
2024-06-24 22:00:00-04:00,180808
2024-06-24 23:00:00-04:00,181011
2024-06-25 00:00:00-04:00,172818
2024-06-25 01:00:00-04:00,173357
2024-06-25 02:00:00-04:00,174327
2024-06-25 03:00:00-04:00,174812
2024-06-25 04:00:00-04:00,175034
2024-06-25 05:00:00-04:00,175233
2024-06-25 06:00:00-04:00,176104
2024-06-25 07:00:00-04:00,178388
2024-06-25 08:00:00-04:00,180166
2024-06-25 09:00:00-04:00,180278
2024-06-25 10:00:00-04:00,181149
2024-06-25 11:00:00-04:00,180723
2024-06-25 12:00:00-04:00,180478
2024-06-25 13:00:00-04:00,180519
2024-06-25 14:00:00-04:00,180488
2024-06-25 15:00:00-04:00,180140
2024-06-25 16:00:00-04:00,179816
2024-06-25 17:00:00-04:00,178500
2024-06-25 18:00:00-04:00,176484
2024-06-25 19:00:00-04:00,173541
2024-06-25 20:00:00-04:00,181336
2024-06-25 21:00:00-04:00,181790
2024-06-25 22:00:00-04:00,181768
2024-06-25 23:00:00-04:00,181880
2024-06-26 00:00:00-04:00,173556
2024-06-26 01:00:00-04:00,172923
2024-06-26 02:00:00-04:00,172467
2024-06-26 03:00:00-04:00,171980
2024-06-26 04:00:00-04:00,171387
2024-06-26 05:00:00-04:00,171947
2024-06-26 06:00:00-04:00,172431
2024-06-26 07:00:00-04:00,173782
2024-06-26 08:00:00-04:00,174811
2024-06-26 09:00:00-04:00,176262
2024-06-26 10:00:00-04:00,176468
2024-06-26 11:00:00-04:00,177074
2024-06-26 12:00:00-04:00,176916
2024-06-26 13:00:00-04:00,176377
2024-06-26 14:00:00-04:00,176496
2024-06-26 15:00:00-04:00,176253
2024-06-26 16:00:00-04:00,176181
2024-06-26 17:00:00-04:00,175606
2024-06-26 18:00:00-04:00,174776
2024-06-26 19:00:00-04:00,172794
2024-06-26 20:00:00-04:00,180338
2024-06-26 21:00:00-04:00,180491
2024-06-26 22:00:00-04:00,180547
2024-06-26 23:00:00-04:00,181086
2024-06-27 00:00:00-04:00,170060
2024-06-27 01:00:00-04:00,170101
2024-06-27 02:00:00-04:00,170560
2024-06-27 03:00:00-04:00,170969
2024-06-27 04:00:00-04:00,170992
2024-06-27 05:00:00-04:00,171835
2024-06-27 06:00:00-04:00,172147
2024-06-27 07:00:00-04:00,172376
2024-06-27 08:00:00-04:00,172967
2024-06-27 09:00:00-04:00,173311
2024-06-27 10:00:00-04:00,174894
2024-06-27 11:00:00-04:00,174552
2024-06-27 12:00:00-04:00,175173
2024-06-27 13:00:00-04:00,175177
2024-06-27 14:00:00-04:00,175462
2024-06-27 15:00:00-04:00,175599
2024-06-27 16:00:00-04:00,175590
2024-06-27 17:00:00-04:00,175037
2024-06-27 18:00:00-04:00,174124
2024-06-27 19:00:00-04:00,172189
2024-06-27 20:00:00-04:00,179100
2024-06-27 21:00:00-04:00,179876
2024-06-27 22:00:00-04:00,179994
2024-06-27 23:00:00-04:00,180528
2024-06-28 00:00:00-04:00,170893
2024-06-28 01:00:00-04:00,170013
2024-06-28 02:00:00-04:00,169752
2024-06-28 03:00:00-04:00,169607
2024-06-28 04:00:00-04:00,169714
2024-06-28 05:00:00-04:00,169939
2024-06-28 06:00:00-04:00,170639
2024-06-28 07:00:00-04:00,172938
2024-06-28 08:00:00-04:00,174183
2024-06-28 09:00:00-04:00,176359
2024-06-28 10:00:00-04:00,177620
2024-06-28 11:00:00-04:00,177434
2024-06-28 12:00:00-04:00,178173
2024-06-28 13:00:00-04:00,178300
2024-06-28 14:00:00-04:00,179302
2024-06-28 15:00:00-04:00,179265
2024-06-28 16:00:00-04:00,179097
2024-06-28 17:00:00-04:00,178816
2024-06-28 18:00:00-04:00,177126
2024-06-28 19:00:00-04:00,173675
2024-06-28 20:00:00-04:00,179976
2024-06-28 21:00:00-04:00,180201
2024-06-28 22:00:00-04:00,180528
2024-06-28 23:00:00-04:00,180676
2024-06-29 00:00:00-04:00,172108
2024-06-29 01:00:00-04:00,172294
2024-06-29 02:00:00-04:00,172565
2024-06-29 03:00:00-04:00,172471
2024-06-29 04:00:00-04:00,172605
2024-06-29 05:00:00-04:00,172558
2024-06-29 06:00:00-04:00,172609
2024-06-29 07:00:00-04:00,173619
2024-06-29 08:00:00-04:00,173766
2024-06-29 09:00:00-04:00,174106
2024-06-29 10:00:00-04:00,174732
2024-06-29 11:00:00-04:00,174704
2024-06-29 12:00:00-04:00,175703
2024-06-29 13:00:00-04:00,176480
2024-06-29 14:00:00-04:00,176271
2024-06-29 15:00:00-04:00,176327
2024-06-29 16:00:00-04:00,175436
2024-06-29 17:00:00-04:00,174226
2024-06-29 18:00:00-04:00,171861
2024-06-29 19:00:00-04:00,170144
2024-06-29 20:00:00-04:00,177934
2024-06-29 21:00:00-04:00,179606
2024-06-29 22:00:00-04:00,179955
2024-06-29 23:00:00-04:00,180030
2024-06-30 00:00:00-04:00,169457
2024-06-30 01:00:00-04:00,169906
2024-06-30 02:00:00-04:00,169561
2024-06-30 03:00:00-04:00,168602
2024-06-30 04:00:00-04:00,169225
2024-06-30 05:00:00-04:00,169316
2024-06-30 06:00:00-04:00,169937
2024-06-30 07:00:00-04:00,171392
2024-06-30 08:00:00-04:00,173066
2024-06-30 09:00:00-04:00,173282
2024-06-30 10:00:00-04:00,174498
2024-06-30 11:00:00-04:00,174380
2024-06-30 12:00:00-04:00,174498
2024-06-30 13:00:00-04:00,174438
2024-06-30 14:00:00-04:00,174945
2024-06-30 15:00:00-04:00,175019
2024-06-30 16:00:00-04:00,175196
2024-06-30 17:00:00-04:00,175067
2024-06-30 18:00:00-04:00,174140
2024-06-30 19:00:00-04:00,173066
2024-06-30 20:00:00-04:00,178092
2024-06-30 21:00:00-04:00,178188
2024-06-30 22:00:00-04:00,178604
2024-06-30 23:00:00-04:00,178807
2024-07-01 00:00:00-04:00,168596
2024-07-01 01:00:00-04:00,168677
2024-07-01 02:00:00-04:00,168837
2024-07-01 03:00:00-04:00,168707
2024-07-01 04:00:00-04:00,168673
2024-07-01 05:00:00-04:00,168324
2024-07-01 06:00:00-04:00,169300
2024-07-01 07:00:00-04:00,170686
2024-07-01 08:00:00-04:00,171334
2024-07-01 09:00:00-04:00,172616
2024-07-01 10:00:00-04:00,174059
2024-07-01 11:00:00-04:00,174450
2024-07-01 12:00:00-04:00,174562
2024-07-01 13:00:00-04:00,174743
2024-07-01 14:00:00-04:00,176673
2024-07-01 15:00:00-04:00,177086
2024-07-01 16:00:00-04:00,177236
2024-07-01 17:00:00-04:00,176686
2024-07-01 18:00:00-04:00,174982
2024-07-01 19:00:00-04:00,172016
2024-07-01 20:00:00-04:00,178808
2024-07-01 21:00:00-04:00,179710
2024-07-01 22:00:00-04:00,179474
2024-07-01 23:00:00-04:00,179454
2024-07-02 00:00:00-04:00,169392
2024-07-02 01:00:00-04:00,169991
2024-07-02 02:00:00-04:00,170051
2024-07-02 03:00:00-04:00,169890
2024-07-02 04:00:00-04:00,170020
2024-07-02 05:00:00-04:00,170071
2024-07-02 06:00:00-04:00,171183
2024-07-02 07:00:00-04:00,174009
2024-07-02 08:00:00-04:00,174248
2024-07-02 09:00:00-04:00,175089
2024-07-02 10:00:00-04:00,175330
2024-07-02 11:00:00-04:00,175216
2024-07-02 12:00:00-04:00,175966
2024-07-02 13:00:00-04:00,176058
2024-07-02 14:00:00-04:00,176441
2024-07-02 15:00:00-04:00,177339
2024-07-02 16:00:00-04:00,177620
2024-07-02 17:00:00-04:00,177494
2024-07-02 18:00:00-04:00,175751
2024-07-02 19:00:00-04:00,173561
2024-07-02 20:00:00-04:00,178714
2024-07-02 21:00:00-04:00,178974
2024-07-02 22:00:00-04:00,178970
2024-07-02 23:00:00-04:00,179568
2024-07-03 00:00:00-04:00,171567
2024-07-03 01:00:00-04:00,171549
2024-07-03 02:00:00-04:00,171858
2024-07-03 03:00:00-04:00,171575
2024-07-03 04:00:00-04:00,171503
2024-07-03 05:00:00-04:00,171059
2024-07-03 06:00:00-04:00,171667
2024-07-03 07:00:00-04:00,172978
2024-07-03 08:00:00-04:00,173868
2024-07-03 09:00:00-04:00,174124
2024-07-03 10:00:00-04:00,174173
2024-07-03 11:00:00-04:00,173853
2024-07-03 12:00:00-04:00,174557
2024-07-03 13:00:00-04:00,174242
2024-07-03 14:00:00-04:00,174113
2024-07-03 15:00:00-04:00,174393
2024-07-03 16:00:00-04:00,174388
2024-07-03 17:00:00-04:00,174129
2024-07-03 18:00:00-04:00,172296
2024-07-03 19:00:00-04:00,170012
2024-07-03 20:00:00-04:00,178862
2024-07-03 21:00:00-04:00,179039
2024-07-03 22:00:00-04:00,179409
2024-07-03 23:00:00-04:00,179570
2024-07-04 00:00:00-04:00,167756
2024-07-04 01:00:00-04:00,167597
2024-07-04 02:00:00-04:00,167542
2024-07-04 03:00:00-04:00,167534
2024-07-04 04:00:00-04:00,167226
2024-07-04 05:00:00-04:00,167372
2024-07-04 06:00:00-04:00,167983
2024-07-04 07:00:00-04:00,169899
2024-07-04 08:00:00-04:00,172067
2024-07-04 09:00:00-04:00,173171
2024-07-04 10:00:00-04:00,173870
2024-07-04 11:00:00-04:00,173673
2024-07-04 12:00:00-04:00,174045
2024-07-04 13:00:00-04:00,174026
2024-07-04 14:00:00-04:00,174076
2024-07-04 15:00:00-04:00,173672
2024-07-04 16:00:00-04:00,172827
2024-07-04 17:00:00-04:00,172446
2024-07-04 18:00:00-04:00,171048
2024-07-04 19:00:00-04:00,170153
2024-07-04 20:00:00-04:00,178847
2024-07-04 21:00:00-04:00,179106
2024-07-04 22:00:00-04:00,178997
2024-07-04 23:00:00-04:00,179685
2024-07-05 00:00:00-04:00,167988
2024-07-05 01:00:00-04:00,167955
2024-07-05 02:00:00-04:00,168425
2024-07-05 03:00:00-04:00,168494
2024-07-05 04:00:00-04:00,168651
2024-07-05 05:00:00-04:00,168896
2024-07-05 06:00:00-04:00,170031
2024-07-05 07:00:00-04:00,171593
2024-07-05 08:00:00-04:00,173548
2024-07-05 09:00:00-04:00,174315
2024-07-05 10:00:00-04:00,174668
2024-07-05 11:00:00-04:00,174529
2024-07-05 12:00:00-04:00,175175
2024-07-05 13:00:00-04:00,175468
2024-07-05 14:00:00-04:00,175287
2024-07-05 15:00:00-04:00,175608
2024-07-05 16:00:00-04:00,176056
2024-07-05 17:00:00-04:00,175845
2024-07-05 18:00:00-04:00,174440
2024-07-05 19:00:00-04:00,172177
2024-07-05 20:00:00-04:00,179080
2024-07-05 21:00:00-04:00,178837
2024-07-05 22:00:00-04:00,179015
2024-07-05 23:00:00-04:00,179018
2024-07-06 00:00:00-04:00,167695
2024-07-06 01:00:00-04:00,167598
2024-07-06 02:00:00-04:00,168183
2024-07-06 03:00:00-04:00,168189
2024-07-06 04:00:00-04:00,168142
2024-07-06 05:00:00-04:00,167867
2024-07-06 06:00:00-04:00,168405
2024-07-06 07:00:00-04:00,170286
2024-07-06 08:00:00-04:00,171408
2024-07-06 09:00:00-04:00,172458
2024-07-06 10:00:00-04:00,173873
2024-07-06 11:00:00-04:00,173402
2024-07-06 12:00:00-04:00,174183
2024-07-06 13:00:00-04:00,174051
2024-07-06 14:00:00-04:00,173840
2024-07-06 15:00:00-04:00,173457
2024-07-06 16:00:00-04:00,173098
2024-07-06 17:00:00-04:00,173091
2024-07-06 18:00:00-04:00,170914
2024-07-06 19:00:00-04:00,169108
2024-07-06 20:00:00-04:00,177987
2024-07-06 21:00:00-04:00,178360
2024-07-06 22:00:00-04:00,178080
2024-07-06 23:00:00-04:00,178029
2024-07-07 00:00:00-04:00,164421
2024-07-07 01:00:00-04:00,163910
2024-07-07 02:00:00-04:00,164418
2024-07-07 03:00:00-04:00,164280
2024-07-07 04:00:00-04:00,164511
2024-07-07 05:00:00-04:00,164413
2024-07-07 06:00:00-04:00,165455
2024-07-07 07:00:00-04:00,167440
2024-07-07 08:00:00-04:00,168796
2024-07-07 09:00:00-04:00,170345
2024-07-07 10:00:00-04:00,171255
2024-07-07 11:00:00-04:00,171077
2024-07-07 12:00:00-04:00,171591
2024-07-07 13:00:00-04:00,171516
2024-07-07 14:00:00-04:00,171360
2024-07-07 15:00:00-04:00,171549
2024-07-07 16:00:00-04:00,171495
2024-07-07 17:00:00-04:00,171254
2024-07-07 18:00:00-04:00,169847
2024-07-07 19:00:00-04:00,167792
2024-07-07 20:00:00-04:00,175384
2024-07-07 21:00:00-04:00,176187
2024-07-07 22:00:00-04:00,177164
2024-07-07 23:00:00-04:00,177226
2024-07-08 00:00:00-04:00,165425
2024-07-08 01:00:00-04:00,164792
2024-07-08 02:00:00-04:00,165072
2024-07-08 03:00:00-04:00,164932
2024-07-08 04:00:00-04:00,165123
2024-07-08 05:00:00-04:00,164741
2024-07-08 06:00:00-04:00,165082
2024-07-08 07:00:00-04:00,166639
2024-07-08 08:00:00-04:00,168470
2024-07-08 09:00:00-04:00,169687
2024-07-08 10:00:00-04:00,170384
2024-07-08 11:00:00-04:00,170318
2024-07-08 12:00:00-04:00,171462
2024-07-08 13:00:00-04:00,170730
2024-07-08 14:00:00-04:00,170175
2024-07-08 15:00:00-04:00,170205
2024-07-08 16:00:00-04:00,170439
2024-07-08 17:00:00-04:00,169563
2024-07-08 18:00:00-04:00,168825
2024-07-08 19:00:00-04:00,167171
2024-07-08 20:00:00-04:00,176571
2024-07-08 21:00:00-04:00,177024
2024-07-08 22:00:00-04:00,177365
2024-07-08 23:00:00-04:00,177390
2024-07-09 00:00:00-04:00,164793
2024-07-09 01:00:00-04:00,164749
2024-07-09 02:00:00-04:00,164776
2024-07-09 03:00:00-04:00,164865
2024-07-09 04:00:00-04:00,164607
2024-07-09 05:00:00-04:00,164500
2024-07-09 06:00:00-04:00,165439
2024-07-09 07:00:00-04:00,166800
2024-07-09 08:00:00-04:00,167981
2024-07-09 09:00:00-04:00,168552
2024-07-09 10:00:00-04:00,169267
2024-07-09 11:00:00-04:00,169241
2024-07-09 12:00:00-04:00,170451
2024-07-09 13:00:00-04:00,169774
2024-07-09 14:00:00-04:00,169839
2024-07-09 15:00:00-04:00,169608
2024-07-09 16:00:00-04:00,169462
2024-07-09 17:00:00-04:00,169711
2024-07-09 18:00:00-04:00,168613
2024-07-09 19:00:00-04:00,167437
2024-07-09 20:00:00-04:00,177135
2024-07-09 21:00:00-04:00,177380
2024-07-09 22:00:00-04:00,177416
2024-07-09 23:00:00-04:00,177801
2024-07-10 00:00:00-04:00,166831
2024-07-10 01:00:00-04:00,166300
2024-07-10 02:00:00-04:00,167230
2024-07-10 03:00:00-04:00,166690
2024-07-10 04:00:00-04:00,167112
2024-07-10 05:00:00-04:00,168754
2024-07-10 06:00:00-04:00,169296
2024-07-10 07:00:00-04:00,168939
2024-07-10 08:00:00-04:00,168824
2024-07-10 09:00:00-04:00,169903
2024-07-10 10:00:00-04:00,171273
2024-07-10 11:00:00-04:00,172069
2024-07-10 12:00:00-04:00,173964
2024-07-10 13:00:00-04:00,173798
2024-07-10 14:00:00-04:00,173822
2024-07-10 15:00:00-04:00,173469
2024-07-10 16:00:00-04:00,173444
2024-07-10 17:00:00-04:00,172751
2024-07-10 18:00:00-04:00,171019
2024-07-10 19:00:00-04:00,169315
2024-07-10 20:00:00-04:00,175905
2024-07-10 21:00:00-04:00,176768
2024-07-10 22:00:00-04:00,176852
2024-07-10 23:00:00-04:00,177009
2024-07-11 00:00:00-04:00,165372
2024-07-11 01:00:00-04:00,164793
2024-07-11 02:00:00-04:00,165003
2024-07-11 03:00:00-04:00,165017
2024-07-11 04:00:00-04:00,165130
2024-07-11 05:00:00-04:00,165656
2024-07-11 06:00:00-04:00,165265
2024-07-11 07:00:00-04:00,167644
2024-07-11 08:00:00-04:00,169152
2024-07-11 09:00:00-04:00,169832
2024-07-11 10:00:00-04:00,170762
2024-07-11 11:00:00-04:00,170536
2024-07-11 12:00:00-04:00,171696
2024-07-11 13:00:00-04:00,171647
2024-07-11 14:00:00-04:00,171652
2024-07-11 15:00:00-04:00,170790
2024-07-11 16:00:00-04:00,171481
2024-07-11 17:00:00-04:00,171020
2024-07-11 18:00:00-04:00,169817
2024-07-11 19:00:00-04:00,167862
2024-07-11 20:00:00-04:00,177948
2024-07-11 21:00:00-04:00,178291
2024-07-11 22:00:00-04:00,179007
2024-07-11 23:00:00-04:00,179059
2024-07-12 00:00:00-04:00,164832
2024-07-12 01:00:00-04:00,164907
2024-07-12 02:00:00-04:00,164970
2024-07-12 03:00:00-04:00,164810
2024-07-12 04:00:00-04:00,164966
2024-07-12 05:00:00-04:00,164739
2024-07-12 06:00:00-04:00,164120
2024-07-12 07:00:00-04:00,165356
2024-07-12 08:00:00-04:00,165198
2024-07-12 09:00:00-04:00,166791
2024-07-12 10:00:00-04:00,167568
2024-07-12 11:00:00-04:00,168442
2024-07-12 12:00:00-04:00,170013
2024-07-12 13:00:00-04:00,169746
2024-07-12 14:00:00-04:00,169716
2024-07-12 15:00:00-04:00,169102
2024-07-12 16:00:00-04:00,169233
2024-07-12 17:00:00-04:00,169467
2024-07-12 18:00:00-04:00,169061
2024-07-12 19:00:00-04:00,167739
2024-07-12 20:00:00-04:00,174439
2024-07-12 21:00:00-04:00,175451
2024-07-12 22:00:00-04:00,176139
2024-07-12 23:00:00-04:00,176556
2024-07-13 00:00:00-04:00,164066
2024-07-13 01:00:00-04:00,164682
2024-07-13 02:00:00-04:00,164074
2024-07-13 03:00:00-04:00,164497
2024-07-13 04:00:00-04:00,165188
2024-07-13 05:00:00-04:00,165449
2024-07-13 06:00:00-04:00,165690
2024-07-13 07:00:00-04:00,167290
2024-07-13 08:00:00-04:00,168750
2024-07-13 09:00:00-04:00,169209
2024-07-13 10:00:00-04:00,170351
2024-07-13 11:00:00-04:00,170852
2024-07-13 12:00:00-04:00,171721
2024-07-13 13:00:00-04:00,173582
2024-07-13 14:00:00-04:00,174045
2024-07-13 15:00:00-04:00,173813
2024-07-13 16:00:00-04:00,173383
2024-07-13 17:00:00-04:00,172478
2024-07-13 18:00:00-04:00,170840
2024-07-13 19:00:00-04:00,168716
2024-07-13 20:00:00-04:00,177288
2024-07-13 21:00:00-04:00,178569
2024-07-13 22:00:00-04:00,179720
2024-07-13 23:00:00-04:00,179822
2024-07-14 00:00:00-04:00,169838
2024-07-14 01:00:00-04:00,169943
2024-07-14 02:00:00-04:00,169772
2024-07-14 03:00:00-04:00,169476
2024-07-14 04:00:00-04:00,170122
2024-07-14 05:00:00-04:00,170208
2024-07-14 06:00:00-04:00,169881
2024-07-14 07:00:00-04:00,172282
2024-07-14 08:00:00-04:00,174251
2024-07-14 09:00:00-04:00,175375
2024-07-14 10:00:00-04:00,176570
2024-07-14 11:00:00-04:00,176282
2024-07-14 12:00:00-04:00,176225
2024-07-14 13:00:00-04:00,177286
2024-07-14 14:00:00-04:00,176556
2024-07-14 15:00:00-04:00,175954
2024-07-14 16:00:00-04:00,175247
2024-07-14 17:00:00-04:00,174696
2024-07-14 18:00:00-04:00,173376
2024-07-14 19:00:00-04:00,171611
2024-07-14 20:00:00-04:00,180091
2024-07-14 21:00:00-04:00,180588
2024-07-14 22:00:00-04:00,180809
2024-07-14 23:00:00-04:00,180948
2024-07-15 00:00:00-04:00,170415
2024-07-15 01:00:00-04:00,170225
2024-07-15 02:00:00-04:00,170480
2024-07-15 03:00:00-04:00,169675
2024-07-15 04:00:00-04:00,170864
2024-07-15 05:00:00-04:00,169942
2024-07-15 06:00:00-04:00,170034
2024-07-15 07:00:00-04:00,172304
2024-07-15 08:00:00-04:00,173186
2024-07-15 09:00:00-04:00,173731
2024-07-15 10:00:00-04:00,174215
2024-07-15 11:00:00-04:00,175116
2024-07-15 12:00:00-04:00,176057
2024-07-15 13:00:00-04:00,175662
2024-07-15 14:00:00-04:00,176046
2024-07-15 15:00:00-04:00,175880
2024-07-15 16:00:00-04:00,175955
2024-07-15 17:00:00-04:00,175364
2024-07-15 18:00:00-04:00,174508
2024-07-15 19:00:00-04:00,172721
2024-07-15 20:00:00-04:00,179472
2024-07-15 21:00:00-04:00,179794
2024-07-15 22:00:00-04:00,179894
2024-07-15 23:00:00-04:00,180154
2024-07-16 00:00:00-04:00,169923
2024-07-16 01:00:00-04:00,169693
2024-07-16 02:00:00-04:00,169638
2024-07-16 03:00:00-04:00,170300
2024-07-16 04:00:00-04:00,170636
2024-07-16 05:00:00-04:00,170524
2024-07-16 06:00:00-04:00,170675
2024-07-16 07:00:00-04:00,172927
2024-07-16 08:00:00-04:00,174761
2024-07-16 09:00:00-04:00,175076
2024-07-16 10:00:00-04:00,176493
2024-07-16 11:00:00-04:00,177796
2024-07-16 12:00:00-04:00,178978
2024-07-16 13:00:00-04:00,179811
2024-07-16 14:00:00-04:00,178372
2024-07-16 15:00:00-04:00,177749
2024-07-16 16:00:00-04:00,176928
2024-07-16 17:00:00-04:00,175332
2024-07-16 18:00:00-04:00,173090
2024-07-16 19:00:00-04:00,170559
2024-07-16 20:00:00-04:00,178461
2024-07-16 21:00:00-04:00,178898
2024-07-16 22:00:00-04:00,179190
2024-07-16 23:00:00-04:00,179615
2024-07-17 00:00:00-04:00,168316
2024-07-17 01:00:00-04:00,168307
2024-07-17 02:00:00-04:00,168185
2024-07-17 03:00:00-04:00,168729
2024-07-17 04:00:00-04:00,169010
2024-07-17 05:00:00-04:00,168516
2024-07-17 06:00:00-04:00,169247
2024-07-17 07:00:00-04:00,170982
2024-07-17 08:00:00-04:00,172987
2024-07-17 09:00:00-04:00,174186
2024-07-17 10:00:00-04:00,175081
2024-07-17 11:00:00-04:00,175841
2024-07-17 12:00:00-04:00,176294
2024-07-17 13:00:00-04:00,176896
2024-07-17 14:00:00-04:00,177077
2024-07-17 15:00:00-04:00,177271
2024-07-17 16:00:00-04:00,176300
2024-07-17 17:00:00-04:00,175792
2024-07-17 18:00:00-04:00,175423
2024-07-17 19:00:00-04:00,173715
2024-07-17 20:00:00-04:00,179030
2024-07-17 21:00:00-04:00,179450
2024-07-17 22:00:00-04:00,179928
2024-07-17 23:00:00-04:00,179958
2024-07-18 00:00:00-04:00,167779
2024-07-18 01:00:00-04:00,167587
2024-07-18 02:00:00-04:00,167471
2024-07-18 03:00:00-04:00,167984
2024-07-18 04:00:00-04:00,168695
2024-07-18 05:00:00-04:00,168549
2024-07-18 06:00:00-04:00,168521
2024-07-18 07:00:00-04:00,169644
2024-07-18 08:00:00-04:00,171497
2024-07-18 09:00:00-04:00,171411
2024-07-18 10:00:00-04:00,172664
2024-07-18 11:00:00-04:00,173158
2024-07-18 12:00:00-04:00,174283
2024-07-18 13:00:00-04:00,174689
2024-07-18 14:00:00-04:00,175024
2024-07-18 15:00:00-04:00,173453
2024-07-18 16:00:00-04:00,173345
2024-07-18 17:00:00-04:00,172939
2024-07-18 18:00:00-04:00,172002
2024-07-18 19:00:00-04:00,170408
2024-07-18 20:00:00-04:00,178714
2024-07-18 21:00:00-04:00,179200
2024-07-18 22:00:00-04:00,179237
2024-07-18 23:00:00-04:00,179262
2024-07-19 00:00:00-04:00,166289
2024-07-19 01:00:00-04:00,165968
2024-07-19 02:00:00-04:00,166306
2024-07-19 03:00:00-04:00,166388
2024-07-19 04:00:00-04:00,167042
2024-07-19 05:00:00-04:00,166867
2024-07-19 06:00:00-04:00,167595
2024-07-19 07:00:00-04:00,168295
2024-07-19 08:00:00-04:00,169912
2024-07-19 09:00:00-04:00,171031
2024-07-19 10:00:00-04:00,172304
2024-07-19 11:00:00-04:00,171994
2024-07-19 12:00:00-04:00,173227
2024-07-19 13:00:00-04:00,173528
2024-07-19 14:00:00-04:00,173462
2024-07-19 15:00:00-04:00,172734
2024-07-19 16:00:00-04:00,172566
2024-07-19 17:00:00-04:00,171518
2024-07-19 18:00:00-04:00,170131
2024-07-19 19:00:00-04:00,169089
2024-07-19 20:00:00-04:00,177487
2024-07-19 21:00:00-04:00,178736
2024-07-19 22:00:00-04:00,178737
2024-07-19 23:00:00-04:00,179053
2024-07-20 00:00:00-04:00,164398
2024-07-20 01:00:00-04:00,165221
2024-07-20 02:00:00-04:00,165220
2024-07-20 03:00:00-04:00,165429
2024-07-20 04:00:00-04:00,166246
2024-07-20 05:00:00-04:00,166229
2024-07-20 06:00:00-04:00,165919
2024-07-20 07:00:00-04:00,167027
2024-07-20 08:00:00-04:00,168098
2024-07-20 09:00:00-04:00,168531
2024-07-20 10:00:00-04:00,169413
2024-07-20 11:00:00-04:00,170705
2024-07-20 12:00:00-04:00,171309
2024-07-20 13:00:00-04:00,171250
2024-07-20 14:00:00-04:00,171366
2024-07-20 15:00:00-04:00,170734
2024-07-20 16:00:00-04:00,170275
2024-07-20 17:00:00-04:00,169988
2024-07-20 18:00:00-04:00,169064
2024-07-20 19:00:00-04:00,167703
2024-07-20 20:00:00-04:00,175512
2024-07-20 21:00:00-04:00,176846
2024-07-20 22:00:00-04:00,177185
2024-07-20 23:00:00-04:00,177906
2024-07-21 00:00:00-04:00,164056
2024-07-21 01:00:00-04:00,163856
2024-07-21 02:00:00-04:00,164302
2024-07-21 03:00:00-04:00,163915
2024-07-21 04:00:00-04:00,163175
2024-07-21 05:00:00-04:00,163333
2024-07-21 06:00:00-04:00,163031
2024-07-21 07:00:00-04:00,164502
2024-07-21 08:00:00-04:00,166213
2024-07-21 09:00:00-04:00,166796
2024-07-21 10:00:00-04:00,168982
2024-07-21 11:00:00-04:00,169383
2024-07-21 12:00:00-04:00,169983
2024-07-21 13:00:00-04:00,170099
2024-07-21 14:00:00-04:00,169613
2024-07-21 15:00:00-04:00,169500
2024-07-21 16:00:00-04:00,169065
2024-07-21 17:00:00-04:00,168182
2024-07-21 18:00:00-04:00,166987
2024-07-21 19:00:00-04:00,164921
2024-07-21 20:00:00-04:00,173677
2024-07-21 21:00:00-04:00,175227
2024-07-21 22:00:00-04:00,175627
2024-07-21 23:00:00-04:00,175842
2024-07-22 00:00:00-04:00,163174
2024-07-22 01:00:00-04:00,162851
2024-07-22 02:00:00-04:00,163360
2024-07-22 03:00:00-04:00,163289
2024-07-22 04:00:00-04:00,163355
2024-07-22 05:00:00-04:00,162490
2024-07-22 06:00:00-04:00,162734
2024-07-22 07:00:00-04:00,163364
2024-07-22 08:00:00-04:00,163526
2024-07-22 09:00:00-04:00,164493
2024-07-22 10:00:00-04:00,165742
2024-07-22 11:00:00-04:00,165912
2024-07-22 12:00:00-04:00,166851
2024-07-22 13:00:00-04:00,168556
2024-07-22 14:00:00-04:00,168597
2024-07-22 15:00:00-04:00,168451
2024-07-22 16:00:00-04:00,167773
2024-07-22 17:00:00-04:00,167278
2024-07-22 18:00:00-04:00,166606
2024-07-22 19:00:00-04:00,165325
2024-07-22 20:00:00-04:00,173875
2024-07-22 21:00:00-04:00,174954
2024-07-22 22:00:00-04:00,175243
2024-07-22 23:00:00-04:00,175484
2024-07-23 00:00:00-04:00,161909
2024-07-23 01:00:00-04:00,162585
2024-07-23 02:00:00-04:00,162932
2024-07-23 03:00:00-04:00,163155
2024-07-23 04:00:00-04:00,163158
2024-07-23 05:00:00-04:00,162406
2024-07-23 06:00:00-04:00,162995
2024-07-23 07:00:00-04:00,163730
2024-07-23 08:00:00-04:00,163901
2024-07-23 09:00:00-04:00,165796
2024-07-23 10:00:00-04:00,166360
2024-07-23 11:00:00-04:00,167494
2024-07-23 12:00:00-04:00,168928
2024-07-23 13:00:00-04:00,168835
2024-07-23 14:00:00-04:00,168757
2024-07-23 15:00:00-04:00,168724
2024-07-23 16:00:00-04:00,169027
2024-07-23 17:00:00-04:00,168123
2024-07-23 18:00:00-04:00,167900
2024-07-23 19:00:00-04:00,166930
2024-07-23 20:00:00-04:00,176340
2024-07-23 21:00:00-04:00,176333
2024-07-23 22:00:00-04:00,176574
2024-07-23 23:00:00-04:00,176668
2024-07-24 00:00:00-04:00,162695
2024-07-24 01:00:00-04:00,162970
2024-07-24 02:00:00-04:00,163166
2024-07-24 03:00:00-04:00,163468
2024-07-24 04:00:00-04:00,163359
2024-07-24 05:00:00-04:00,163035
2024-07-24 06:00:00-04:00,162418
2024-07-24 07:00:00-04:00,162729
2024-07-24 08:00:00-04:00,163515
2024-07-24 09:00:00-04:00,164356
2024-07-24 10:00:00-04:00,166080
2024-07-24 11:00:00-04:00,166280
2024-07-24 12:00:00-04:00,168867
2024-07-24 13:00:00-04:00,169014
2024-07-24 14:00:00-04:00,169168
2024-07-24 15:00:00-04:00,168618
2024-07-24 16:00:00-04:00,168466
2024-07-24 17:00:00-04:00,168136
2024-07-24 18:00:00-04:00,167210
2024-07-24 19:00:00-04:00,166134
2024-07-24 20:00:00-04:00,174796
2024-07-24 21:00:00-04:00,175698
2024-07-24 22:00:00-04:00,176260
2024-07-24 23:00:00-04:00,176622
2024-07-25 00:00:00-04:00,164322
2024-07-25 01:00:00-04:00,164074
2024-07-25 02:00:00-04:00,164344
2024-07-25 03:00:00-04:00,164716
2024-07-25 04:00:00-04:00,164693
2024-07-25 05:00:00-04:00,164600
2024-07-25 06:00:00-04:00,165427
2024-07-25 07:00:00-04:00,166050
2024-07-25 08:00:00-04:00,166786
2024-07-25 09:00:00-04:00,167473
2024-07-25 10:00:00-04:00,168420
2024-07-25 11:00:00-04:00,167479
2024-07-25 12:00:00-04:00,167805
2024-07-25 13:00:00-04:00,168309
2024-07-25 14:00:00-04:00,168332
2024-07-25 15:00:00-04:00,168310
2024-07-25 16:00:00-04:00,168132
2024-07-25 17:00:00-04:00,168994
2024-07-25 18:00:00-04:00,168348
2024-07-25 19:00:00-04:00,166934
2024-07-25 20:00:00-04:00,176012
2024-07-25 21:00:00-04:00,176044
2024-07-25 22:00:00-04:00,176365
2024-07-25 23:00:00-04:00,176650
2024-07-26 00:00:00-04:00,166380
2024-07-26 01:00:00-04:00,166470
2024-07-26 02:00:00-04:00,166398
2024-07-26 03:00:00-04:00,166098
2024-07-26 04:00:00-04:00,165961
2024-07-26 05:00:00-04:00,165837
2024-07-26 06:00:00-04:00,166475
2024-07-26 07:00:00-04:00,167436
2024-07-26 08:00:00-04:00,168886
2024-07-26 09:00:00-04:00,169748
2024-07-26 10:00:00-04:00,171375
2024-07-26 11:00:00-04:00,171601
2024-07-26 12:00:00-04:00,172770
2024-07-26 13:00:00-04:00,173064
2024-07-26 14:00:00-04:00,173325
2024-07-26 15:00:00-04:00,174019
2024-07-26 16:00:00-04:00,172922
2024-07-26 17:00:00-04:00,172203
2024-07-26 18:00:00-04:00,170658
2024-07-26 19:00:00-04:00,169286
2024-07-26 20:00:00-04:00,177656
2024-07-26 21:00:00-04:00,177936
2024-07-26 22:00:00-04:00,177884
2024-07-26 23:00:00-04:00,177995
2024-07-27 00:00:00-04:00,167280
2024-07-27 01:00:00-04:00,167465
2024-07-27 02:00:00-04:00,166672
2024-07-27 03:00:00-04:00,166698
2024-07-27 04:00:00-04:00,167592
2024-07-27 05:00:00-04:00,167241
2024-07-27 06:00:00-04:00,167536
2024-07-27 07:00:00-04:00,168778
2024-07-27 08:00:00-04:00,171175
2024-07-27 09:00:00-04:00,172180
2024-07-27 10:00:00-04:00,172942
2024-07-27 11:00:00-04:00,172267
2024-07-27 12:00:00-04:00,174407
2024-07-27 13:00:00-04:00,174441
2024-07-27 14:00:00-04:00,174928
2024-07-27 15:00:00-04:00,174963
2024-07-27 16:00:00-04:00,174857
2024-07-27 17:00:00-04:00,173920
2024-07-27 18:00:00-04:00,172377
2024-07-27 19:00:00-04:00,169568
2024-07-27 20:00:00-04:00,178275
2024-07-27 21:00:00-04:00,178864
2024-07-27 22:00:00-04:00,178636
2024-07-27 23:00:00-04:00,178970
2024-07-28 00:00:00-04:00,167854
2024-07-28 01:00:00-04:00,167537
2024-07-28 02:00:00-04:00,168565
2024-07-28 03:00:00-04:00,168533
2024-07-28 04:00:00-04:00,168180
2024-07-28 05:00:00-04:00,168089
2024-07-28 06:00:00-04:00,168209
2024-07-28 07:00:00-04:00,169478
2024-07-28 08:00:00-04:00,172066
2024-07-28 09:00:00-04:00,172814
2024-07-28 10:00:00-04:00,173391
2024-07-28 11:00:00-04:00,174011
2024-07-28 12:00:00-04:00,174931
2024-07-28 13:00:00-04:00,174840
2024-07-28 14:00:00-04:00,174726
2024-07-28 15:00:00-04:00,174510
2024-07-28 16:00:00-04:00,173971
2024-07-28 17:00:00-04:00,173245
2024-07-28 18:00:00-04:00,171130
2024-07-28 19:00:00-04:00,168698
2024-07-28 20:00:00-04:00,177647
2024-07-28 21:00:00-04:00,177997
2024-07-28 22:00:00-04:00,178009
2024-07-28 23:00:00-04:00,178229
2024-07-29 00:00:00-04:00,167381
2024-07-29 01:00:00-04:00,167724
2024-07-29 02:00:00-04:00,167702
2024-07-29 03:00:00-04:00,166681
2024-07-29 04:00:00-04:00,166363
2024-07-29 05:00:00-04:00,166326
2024-07-29 06:00:00-04:00,165965
2024-07-29 07:00:00-04:00,167674
2024-07-29 08:00:00-04:00,168907
2024-07-29 09:00:00-04:00,170354
2024-07-29 10:00:00-04:00,171328
2024-07-29 11:00:00-04:00,171918
2024-07-29 12:00:00-04:00,172798
2024-07-29 13:00:00-04:00,173541
2024-07-29 14:00:00-04:00,173484
2024-07-29 15:00:00-04:00,172979
2024-07-29 16:00:00-04:00,171389
2024-07-29 17:00:00-04:00,170330
2024-07-29 18:00:00-04:00,169521
2024-07-29 19:00:00-04:00,167534
2024-07-29 20:00:00-04:00,176625
2024-07-29 21:00:00-04:00,176352
2024-07-29 22:00:00-04:00,177509
2024-07-29 23:00:00-04:00,177552
2024-07-30 00:00:00-04:00,166214
2024-07-30 01:00:00-04:00,166118
2024-07-30 02:00:00-04:00,165752
2024-07-30 03:00:00-04:00,165609
2024-07-30 04:00:00-04:00,165521
2024-07-30 05:00:00-04:00,165406
2024-07-30 06:00:00-04:00,165829
2024-07-30 07:00:00-04:00,166213
2024-07-30 08:00:00-04:00,167813
2024-07-30 09:00:00-04:00,168885
2024-07-30 10:00:00-04:00,170245
2024-07-30 11:00:00-04:00,171347
2024-07-30 12:00:00-04:00,172185
2024-07-30 13:00:00-04:00,172730
2024-07-30 14:00:00-04:00,172837
2024-07-30 15:00:00-04:00,173700
2024-07-30 16:00:00-04:00,173136
2024-07-30 17:00:00-04:00,171774
2024-07-30 18:00:00-04:00,170215
2024-07-30 19:00:00-04:00,167729
2024-07-30 20:00:00-04:00,177211
2024-07-30 21:00:00-04:00,177737
2024-07-30 22:00:00-04:00,178140
2024-07-30 23:00:00-04:00,178353
2024-07-31 00:00:00-04:00,166313
2024-07-31 01:00:00-04:00,166907
2024-07-31 02:00:00-04:00,167526
2024-07-31 03:00:00-04:00,167216
2024-07-31 04:00:00-04:00,166906
2024-07-31 05:00:00-04:00,166583
2024-07-31 06:00:00-04:00,167109
2024-07-31 07:00:00-04:00,168976
2024-07-31 08:00:00-04:00,171944
2024-07-31 09:00:00-04:00,174006
2024-07-31 10:00:00-04:00,174708
2024-07-31 11:00:00-04:00,174921
2024-07-31 12:00:00-04:00,174814
2024-07-31 13:00:00-04:00,174801
2024-07-31 14:00:00-04:00,174176
2024-07-31 15:00:00-04:00,174104
2024-07-31 16:00:00-04:00,172108
2024-07-31 17:00:00-04:00,171624
2024-07-31 18:00:00-04:00,169575
2024-07-31 19:00:00-04:00,167983
2024-07-31 20:00:00-04:00,177395
2024-07-31 21:00:00-04:00,177547
2024-07-31 22:00:00-04:00,178232
2024-07-31 23:00:00-04:00,178589
2024-08-01 00:00:00-04:00,166638
2024-08-01 01:00:00-04:00,166849
2024-08-01 02:00:00-04:00,167274
2024-08-01 03:00:00-04:00,166856
2024-08-01 04:00:00-04:00,167036
2024-08-01 05:00:00-04:00,167946
2024-08-01 06:00:00-04:00,167782
2024-08-01 07:00:00-04:00,169462
2024-08-01 08:00:00-04:00,170489
2024-08-01 09:00:00-04:00,171233
2024-08-01 10:00:00-04:00,172276
2024-08-01 11:00:00-04:00,172942
2024-08-01 12:00:00-04:00,174372
2024-08-01 13:00:00-04:00,174221
2024-08-01 14:00:00-04:00,173442
2024-08-01 15:00:00-04:00,173131
2024-08-01 16:00:00-04:00,172522
2024-08-01 17:00:00-04:00,172148
2024-08-01 18:00:00-04:00,170341
2024-08-01 19:00:00-04:00,168326
2024-08-01 20:00:00-04:00,177594
2024-08-01 21:00:00-04:00,177735
2024-08-01 22:00:00-04:00,179647
2024-08-01 23:00:00-04:00,179738
2024-08-02 00:00:00-04:00,167038
2024-08-02 01:00:00-04:00,166835
2024-08-02 02:00:00-04:00,166909
2024-08-02 03:00:00-04:00,167461
2024-08-02 04:00:00-04:00,168018
2024-08-02 05:00:00-04:00,168000
2024-08-02 06:00:00-04:00,168579
2024-08-02 07:00:00-04:00,169686
2024-08-02 08:00:00-04:00,170872
2024-08-02 09:00:00-04:00,172066
2024-08-02 10:00:00-04:00,172793
2024-08-02 11:00:00-04:00,173718
2024-08-02 12:00:00-04:00,174830
2024-08-02 13:00:00-04:00,175402
2024-08-02 14:00:00-04:00,175458
2024-08-02 15:00:00-04:00,175113
2024-08-02 16:00:00-04:00,174419
2024-08-02 17:00:00-04:00,172825
2024-08-02 18:00:00-04:00,171605
2024-08-02 19:00:00-04:00,170870
2024-08-02 20:00:00-04:00,178154
2024-08-02 21:00:00-04:00,178661
2024-08-02 22:00:00-04:00,178908
2024-08-02 23:00:00-04:00,179477
2024-08-03 00:00:00-04:00,168368
2024-08-03 01:00:00-04:00,168149
2024-08-03 02:00:00-04:00,167644
2024-08-03 03:00:00-04:00,168319
2024-08-03 04:00:00-04:00,167404
2024-08-03 05:00:00-04:00,167396
2024-08-03 06:00:00-04:00,167675
2024-08-03 07:00:00-04:00,168418
2024-08-03 08:00:00-04:00,169900
2024-08-03 09:00:00-04:00,170912
2024-08-03 10:00:00-04:00,171773
2024-08-03 11:00:00-04:00,172466
2024-08-03 12:00:00-04:00,172801
2024-08-03 13:00:00-04:00,173223
2024-08-03 14:00:00-04:00,173183
2024-08-03 15:00:00-04:00,172811
2024-08-03 16:00:00-04:00,171505
2024-08-03 17:00:00-04:00,170570
2024-08-03 18:00:00-04:00,169275
2024-08-03 19:00:00-04:00,168361
2024-08-03 20:00:00-04:00,175818
2024-08-03 21:00:00-04:00,176807
2024-08-03 22:00:00-04:00,178234
2024-08-03 23:00:00-04:00,178738
2024-08-04 00:00:00-04:00,167483
2024-08-04 01:00:00-04:00,167017
2024-08-04 02:00:00-04:00,167709
2024-08-04 03:00:00-04:00,167712
2024-08-04 04:00:00-04:00,167869
2024-08-04 05:00:00-04:00,168222
2024-08-04 06:00:00-04:00,168760
2024-08-04 07:00:00-04:00,169964
2024-08-04 08:00:00-04:00,173053
2024-08-04 09:00:00-04:00,173862
2024-08-04 10:00:00-04:00,174875
2024-08-04 11:00:00-04:00,175346
2024-08-04 12:00:00-04:00,175714
2024-08-04 13:00:00-04:00,175768
2024-08-04 14:00:00-04:00,175822
2024-08-04 15:00:00-04:00,175099
2024-08-04 16:00:00-04:00,174740
2024-08-04 17:00:00-04:00,174011
2024-08-04 18:00:00-04:00,172147
2024-08-04 19:00:00-04:00,169713
2024-08-04 20:00:00-04:00,179589
2024-08-04 21:00:00-04:00,180208
2024-08-04 22:00:00-04:00,180283
2024-08-04 23:00:00-04:00,180488
2024-08-05 00:00:00-04:00,168565
2024-08-05 01:00:00-04:00,169132
2024-08-05 02:00:00-04:00,169933
2024-08-05 03:00:00-04:00,170180
2024-08-05 04:00:00-04:00,170305
2024-08-05 05:00:00-04:00,170600
2024-08-05 06:00:00-04:00,170561
2024-08-05 07:00:00-04:00,172110
2024-08-05 08:00:00-04:00,173545
2024-08-05 09:00:00-04:00,173703
2024-08-05 10:00:00-04:00,174365
2024-08-05 11:00:00-04:00,174745
2024-08-05 12:00:00-04:00,175951
2024-08-05 13:00:00-04:00,176760
2024-08-05 14:00:00-04:00,176950
2024-08-05 15:00:00-04:00,176131
2024-08-05 16:00:00-04:00,175748
2024-08-05 17:00:00-04:00,174463
2024-08-05 18:00:00-04:00,172550
2024-08-05 19:00:00-04:00,170689
2024-08-05 20:00:00-04:00,179744
2024-08-05 21:00:00-04:00,179761
2024-08-05 22:00:00-04:00,179968
2024-08-05 23:00:00-04:00,180110
2024-08-06 00:00:00-04:00,169076
2024-08-06 01:00:00-04:00,169192
2024-08-06 02:00:00-04:00,169917
2024-08-06 03:00:00-04:00,170374
2024-08-06 04:00:00-04:00,170852
2024-08-06 05:00:00-04:00,170694
2024-08-06 06:00:00-04:00,171223
2024-08-06 07:00:00-04:00,172720
2024-08-06 08:00:00-04:00,173893
2024-08-06 09:00:00-04:00,174525
2024-08-06 10:00:00-04:00,176118
2024-08-06 11:00:00-04:00,176502
2024-08-06 12:00:00-04:00,177328
2024-08-06 13:00:00-04:00,177207
2024-08-06 14:00:00-04:00,176729
2024-08-06 15:00:00-04:00,176363
2024-08-06 16:00:00-04:00,176343
2024-08-06 17:00:00-04:00,175418
2024-08-06 18:00:00-04:00,174757
2024-08-06 19:00:00-04:00,172683
2024-08-06 20:00:00-04:00,179225
2024-08-06 21:00:00-04:00,179372
2024-08-06 22:00:00-04:00,179630
2024-08-06 23:00:00-04:00,180000
2024-08-07 00:00:00-04:00,169917
2024-08-07 01:00:00-04:00,169618
2024-08-07 02:00:00-04:00,169807
2024-08-07 03:00:00-04:00,169611
2024-08-07 04:00:00-04:00,169507
2024-08-07 05:00:00-04:00,169790
2024-08-07 06:00:00-04:00,169820
2024-08-07 07:00:00-04:00,170048
2024-08-07 08:00:00-04:00,170745
2024-08-07 09:00:00-04:00,170834
2024-08-07 10:00:00-04:00,171512
2024-08-07 11:00:00-04:00,172815
2024-08-07 12:00:00-04:00,174438
2024-08-07 13:00:00-04:00,174320
2024-08-07 14:00:00-04:00,174111
2024-08-07 15:00:00-04:00,173086
2024-08-07 16:00:00-04:00,173179
2024-08-07 17:00:00-04:00,172800
2024-08-07 18:00:00-04:00,171993
2024-08-07 19:00:00-04:00,170579
2024-08-07 20:00:00-04:00,178069
2024-08-07 21:00:00-04:00,178482
2024-08-07 22:00:00-04:00,178211
2024-08-07 23:00:00-04:00,178597
2024-08-08 00:00:00-04:00,169388
2024-08-08 01:00:00-04:00,169268
2024-08-08 02:00:00-04:00,169298
2024-08-08 03:00:00-04:00,168830
2024-08-08 04:00:00-04:00,168739
2024-08-08 05:00:00-04:00,168797
2024-08-08 06:00:00-04:00,168435
2024-08-08 07:00:00-04:00,169036
2024-08-08 08:00:00-04:00,169854
2024-08-08 09:00:00-04:00,169960
2024-08-08 10:00:00-04:00,170788
2024-08-08 11:00:00-04:00,171500
2024-08-08 12:00:00-04:00,172726
2024-08-08 13:00:00-04:00,172882
2024-08-08 14:00:00-04:00,172739
2024-08-08 15:00:00-04:00,172848
2024-08-08 16:00:00-04:00,172650
2024-08-08 17:00:00-04:00,172244
2024-08-08 18:00:00-04:00,171720
2024-08-08 19:00:00-04:00,170233
2024-08-08 20:00:00-04:00,177230
2024-08-08 21:00:00-04:00,177990
2024-08-08 22:00:00-04:00,177955
2024-08-08 23:00:00-04:00,178350
2024-08-09 00:00:00-04:00,169246
2024-08-09 01:00:00-04:00,169358
2024-08-09 02:00:00-04:00,170296
2024-08-09 03:00:00-04:00,170687
2024-08-09 04:00:00-04:00,170271
2024-08-09 05:00:00-04:00,170612
2024-08-09 06:00:00-04:00,170286
2024-08-09 07:00:00-04:00,170761
2024-08-09 08:00:00-04:00,171680
2024-08-09 09:00:00-04:00,172261
2024-08-09 10:00:00-04:00,173026
2024-08-09 11:00:00-04:00,173580
2024-08-09 12:00:00-04:00,175128
2024-08-09 13:00:00-04:00,176482
2024-08-09 14:00:00-04:00,176997
2024-08-09 15:00:00-04:00,177277
2024-08-09 16:00:00-04:00,177687
2024-08-09 17:00:00-04:00,177076
2024-08-09 18:00:00-04:00,175444
2024-08-09 19:00:00-04:00,172935
2024-08-09 20:00:00-04:00,179764
2024-08-09 21:00:00-04:00,179490
2024-08-09 22:00:00-04:00,179690
2024-08-09 23:00:00-04:00,179776
2024-08-10 00:00:00-04:00,166393
2024-08-10 01:00:00-04:00,166557
2024-08-10 02:00:00-04:00,166696
2024-08-10 03:00:00-04:00,166714
2024-08-10 04:00:00-04:00,166634
2024-08-10 05:00:00-04:00,166803
2024-08-10 06:00:00-04:00,167578
2024-08-10 07:00:00-04:00,168962
2024-08-10 08:00:00-04:00,171489
2024-08-10 09:00:00-04:00,171978
2024-08-10 10:00:00-04:00,173113
2024-08-10 11:00:00-04:00,174629
2024-08-10 12:00:00-04:00,175745
2024-08-10 13:00:00-04:00,176068
2024-08-10 14:00:00-04:00,176235
2024-08-10 15:00:00-04:00,175689
2024-08-10 16:00:00-04:00,175730
2024-08-10 17:00:00-04:00,174500
2024-08-10 18:00:00-04:00,172361
2024-08-10 19:00:00-04:00,169448
2024-08-10 20:00:00-04:00,177540
2024-08-10 21:00:00-04:00,177435
2024-08-10 22:00:00-04:00,177272
2024-08-10 23:00:00-04:00,177315
2024-08-11 00:00:00-04:00,167004
2024-08-11 01:00:00-04:00,166903
2024-08-11 02:00:00-04:00,167316
2024-08-11 03:00:00-04:00,167596
2024-08-11 04:00:00-04:00,167560
2024-08-11 05:00:00-04:00,167259
2024-08-11 06:00:00-04:00,167624
2024-08-11 07:00:00-04:00,168906
2024-08-11 08:00:00-04:00,170927
2024-08-11 09:00:00-04:00,171339
2024-08-11 10:00:00-04:00,172585
2024-08-11 11:00:00-04:00,173326
2024-08-11 12:00:00-04:00,174686
2024-08-11 13:00:00-04:00,174709
2024-08-11 14:00:00-04:00,175238
2024-08-11 15:00:00-04:00,174965
2024-08-11 16:00:00-04:00,174247
2024-08-11 17:00:00-04:00,173371
2024-08-11 18:00:00-04:00,170997
2024-08-11 19:00:00-04:00,168499
2024-08-11 20:00:00-04:00,176404
2024-08-11 21:00:00-04:00,177326
2024-08-11 22:00:00-04:00,177109
2024-08-11 23:00:00-04:00,177150
2024-08-12 00:00:00-04:00,166724
2024-08-12 01:00:00-04:00,166559
2024-08-12 02:00:00-04:00,166803
2024-08-12 03:00:00-04:00,166727
2024-08-12 04:00:00-04:00,166860
2024-08-12 05:00:00-04:00,166962
2024-08-12 06:00:00-04:00,167496
2024-08-12 07:00:00-04:00,169238
2024-08-12 08:00:00-04:00,171359
2024-08-12 09:00:00-04:00,172543
2024-08-12 10:00:00-04:00,173183
2024-08-12 11:00:00-04:00,173350
2024-08-12 12:00:00-04:00,174028
2024-08-12 13:00:00-04:00,173530
2024-08-12 14:00:00-04:00,173236
2024-08-12 15:00:00-04:00,173522
2024-08-12 16:00:00-04:00,173161
2024-08-12 17:00:00-04:00,171809
2024-08-12 18:00:00-04:00,170072
2024-08-12 19:00:00-04:00,168119
2024-08-12 20:00:00-04:00,176204
2024-08-12 21:00:00-04:00,177391
2024-08-12 22:00:00-04:00,177814
2024-08-12 23:00:00-04:00,178190
2024-08-13 00:00:00-04:00,166218
2024-08-13 01:00:00-04:00,165927
2024-08-13 02:00:00-04:00,166306
2024-08-13 03:00:00-04:00,166236
2024-08-13 04:00:00-04:00,166614
2024-08-13 05:00:00-04:00,167411
2024-08-13 06:00:00-04:00,167584
2024-08-13 07:00:00-04:00,168699
2024-08-13 08:00:00-04:00,170512
2024-08-13 09:00:00-04:00,171646
2024-08-13 10:00:00-04:00,172593
2024-08-13 11:00:00-04:00,172686
2024-08-13 12:00:00-04:00,173173
2024-08-13 13:00:00-04:00,172490
2024-08-13 14:00:00-04:00,171886
2024-08-13 15:00:00-04:00,171969
2024-08-13 16:00:00-04:00,170937
2024-08-13 17:00:00-04:00,170803
2024-08-13 18:00:00-04:00,169379
2024-08-13 19:00:00-04:00,167476
2024-08-13 20:00:00-04:00,176077
2024-08-13 21:00:00-04:00,177301
2024-08-13 22:00:00-04:00,177537
2024-08-13 23:00:00-04:00,178131
2024-08-14 00:00:00-04:00,166618
2024-08-14 01:00:00-04:00,166469
2024-08-14 02:00:00-04:00,166616
2024-08-14 03:00:00-04:00,166857
2024-08-14 04:00:00-04:00,166804
2024-08-14 05:00:00-04:00,167136
2024-08-14 06:00:00-04:00,167230
2024-08-14 07:00:00-04:00,169498
2024-08-14 08:00:00-04:00,172555
2024-08-14 09:00:00-04:00,173555
2024-08-14 10:00:00-04:00,174246
2024-08-14 11:00:00-04:00,174193
2024-08-14 12:00:00-04:00,175265
2024-08-14 13:00:00-04:00,175128
2024-08-14 14:00:00-04:00,175184
2024-08-14 15:00:00-04:00,175685
2024-08-14 16:00:00-04:00,175032
2024-08-14 17:00:00-04:00,173587
2024-08-14 18:00:00-04:00,171745
2024-08-14 19:00:00-04:00,169298
2024-08-14 20:00:00-04:00,177402
2024-08-14 21:00:00-04:00,178530
2024-08-14 22:00:00-04:00,178882
2024-08-14 23:00:00-04:00,179486
2024-08-15 00:00:00-04:00,169032
2024-08-15 01:00:00-04:00,169416
2024-08-15 02:00:00-04:00,169212
2024-08-15 03:00:00-04:00,169288
2024-08-15 04:00:00-04:00,170094
2024-08-15 05:00:00-04:00,170077
2024-08-15 06:00:00-04:00,170029
2024-08-15 07:00:00-04:00,172056
2024-08-15 08:00:00-04:00,173654
2024-08-15 09:00:00-04:00,175006
2024-08-15 10:00:00-04:00,176236
2024-08-15 11:00:00-04:00,176076
2024-08-15 12:00:00-04:00,177408
2024-08-15 13:00:00-04:00,176369
2024-08-15 14:00:00-04:00,176046
2024-08-15 15:00:00-04:00,175292
2024-08-15 16:00:00-04:00,174488
2024-08-15 17:00:00-04:00,173517
2024-08-15 18:00:00-04:00,171766
2024-08-15 19:00:00-04:00,169791
2024-08-15 20:00:00-04:00,178278
2024-08-15 21:00:00-04:00,178715
2024-08-15 22:00:00-04:00,179322
2024-08-15 23:00:00-04:00,179160
2024-08-16 00:00:00-04:00,170157
2024-08-16 01:00:00-04:00,170816
2024-08-16 02:00:00-04:00,170161
2024-08-16 03:00:00-04:00,170051
2024-08-16 04:00:00-04:00,170278
2024-08-16 05:00:00-04:00,170050
2024-08-16 06:00:00-04:00,169715
2024-08-16 07:00:00-04:00,170814
2024-08-16 08:00:00-04:00,172227
2024-08-16 09:00:00-04:00,173612
2024-08-16 10:00:00-04:00,174405
2024-08-16 11:00:00-04:00,174894
2024-08-16 12:00:00-04:00,176583
2024-08-16 13:00:00-04:00,176643
2024-08-16 14:00:00-04:00,177332
2024-08-16 15:00:00-04:00,176890
2024-08-16 16:00:00-04:00,177068
2024-08-16 17:00:00-04:00,176280
2024-08-16 18:00:00-04:00,173892
2024-08-16 19:00:00-04:00,172500
2024-08-16 20:00:00-04:00,176583
2024-08-16 21:00:00-04:00,177942
2024-08-16 22:00:00-04:00,177691
2024-08-16 23:00:00-04:00,178313
2024-08-17 00:00:00-04:00,169991
2024-08-17 01:00:00-04:00,169487
2024-08-17 02:00:00-04:00,169925
2024-08-17 03:00:00-04:00,170378
2024-08-17 04:00:00-04:00,170230
2024-08-17 05:00:00-04:00,170264
2024-08-17 06:00:00-04:00,170400
2024-08-17 07:00:00-04:00,171077
2024-08-17 08:00:00-04:00,172364
2024-08-17 09:00:00-04:00,173565
2024-08-17 10:00:00-04:00,173638
2024-08-17 11:00:00-04:00,174618
2024-08-17 12:00:00-04:00,176319
2024-08-17 13:00:00-04:00,176089
2024-08-17 14:00:00-04:00,176910
2024-08-17 15:00:00-04:00,177098
2024-08-17 16:00:00-04:00,177222
2024-08-17 17:00:00-04:00,175778
2024-08-17 18:00:00-04:00,173181
2024-08-17 19:00:00-04:00,171520
2024-08-17 20:00:00-04:00,177613
2024-08-17 21:00:00-04:00,178127
2024-08-17 22:00:00-04:00,177526
2024-08-17 23:00:00-04:00,177640
2024-08-18 00:00:00-04:00,168352
2024-08-18 01:00:00-04:00,168322
2024-08-18 02:00:00-04:00,168430
2024-08-18 03:00:00-04:00,168525
2024-08-18 04:00:00-04:00,168519
2024-08-18 05:00:00-04:00,168586
2024-08-18 06:00:00-04:00,168631
2024-08-18 07:00:00-04:00,169240
2024-08-18 08:00:00-04:00,171264
2024-08-18 09:00:00-04:00,172328
2024-08-18 10:00:00-04:00,173847
2024-08-18 11:00:00-04:00,174596
2024-08-18 12:00:00-04:00,176227
2024-08-18 13:00:00-04:00,176829
2024-08-18 14:00:00-04:00,176714
2024-08-18 15:00:00-04:00,176761
2024-08-18 16:00:00-04:00,175452
2024-08-18 17:00:00-04:00,174941
2024-08-18 18:00:00-04:00,172636
2024-08-18 19:00:00-04:00,171171
2024-08-18 20:00:00-04:00,177106
2024-08-18 21:00:00-04:00,177726
2024-08-18 22:00:00-04:00,177466
2024-08-18 23:00:00-04:00,177520
2024-08-19 00:00:00-04:00,168479
2024-08-19 01:00:00-04:00,168077
2024-08-19 02:00:00-04:00,168245
2024-08-19 03:00:00-04:00,167742
2024-08-19 04:00:00-04:00,167693
2024-08-19 05:00:00-04:00,167473
2024-08-19 06:00:00-04:00,168016
2024-08-19 07:00:00-04:00,169094
2024-08-19 08:00:00-04:00,171848
2024-08-19 09:00:00-04:00,173292
2024-08-19 10:00:00-04:00,174293
2024-08-19 11:00:00-04:00,175413
2024-08-19 12:00:00-04:00,176127
2024-08-19 13:00:00-04:00,176445
2024-08-19 14:00:00-04:00,175581
2024-08-19 15:00:00-04:00,175480
2024-08-19 16:00:00-04:00,177105
2024-08-19 17:00:00-04:00,175774
2024-08-19 18:00:00-04:00,173360
2024-08-19 19:00:00-04:00,171320
2024-08-19 20:00:00-04:00,177232
2024-08-19 21:00:00-04:00,177296
2024-08-19 22:00:00-04:00,177284
2024-08-19 23:00:00-04:00,177211
2024-08-20 00:00:00-04:00,167076
2024-08-20 01:00:00-04:00,167505
2024-08-20 02:00:00-04:00,167583
2024-08-20 03:00:00-04:00,167630
2024-08-20 04:00:00-04:00,167669
2024-08-20 05:00:00-04:00,167471
2024-08-20 06:00:00-04:00,167940
2024-08-20 07:00:00-04:00,169624
2024-08-20 08:00:00-04:00,171432
2024-08-20 09:00:00-04:00,172338
2024-08-20 10:00:00-04:00,173204
2024-08-20 11:00:00-04:00,173823
2024-08-20 12:00:00-04:00,174429
2024-08-20 13:00:00-04:00,175031
2024-08-20 14:00:00-04:00,175250
2024-08-20 15:00:00-04:00,174804
2024-08-20 16:00:00-04:00,174596
2024-08-20 17:00:00-04:00,173671
2024-08-20 18:00:00-04:00,171823
2024-08-20 19:00:00-04:00,170283
2024-08-20 20:00:00-04:00,177509
2024-08-20 21:00:00-04:00,177709
2024-08-20 22:00:00-04:00,177409
2024-08-20 23:00:00-04:00,177309
2024-08-21 00:00:00-04:00,168480
2024-08-21 01:00:00-04:00,168125
2024-08-21 02:00:00-04:00,167820
2024-08-21 03:00:00-04:00,167483
2024-08-21 04:00:00-04:00,167282
2024-08-21 05:00:00-04:00,166998
2024-08-21 06:00:00-04:00,166000
2024-08-21 07:00:00-04:00,168607
2024-08-21 08:00:00-04:00,171522
2024-08-21 09:00:00-04:00,173070
2024-08-21 10:00:00-04:00,173144
2024-08-21 11:00:00-04:00,174344
2024-08-21 12:00:00-04:00,175033
2024-08-21 13:00:00-04:00,175584
2024-08-21 14:00:00-04:00,175675
2024-08-21 15:00:00-04:00,175850
2024-08-21 16:00:00-04:00,175638
2024-08-21 17:00:00-04:00,171294
2024-08-21 18:00:00-04:00,172502
2024-08-21 19:00:00-04:00,169830
2024-08-21 20:00:00-04:00,176082
2024-08-21 21:00:00-04:00,176735
2024-08-21 22:00:00-04:00,176766
2024-08-21 23:00:00-04:00,176828
2024-08-22 00:00:00-04:00,167465
2024-08-22 01:00:00-04:00,167337
2024-08-22 02:00:00-04:00,167122
2024-08-22 03:00:00-04:00,167409
2024-08-22 04:00:00-04:00,167372
2024-08-22 05:00:00-04:00,167340
2024-08-22 06:00:00-04:00,168045
2024-08-22 07:00:00-04:00,169620
2024-08-22 08:00:00-04:00,172775
2024-08-22 09:00:00-04:00,174171
2024-08-22 10:00:00-04:00,174475
2024-08-22 11:00:00-04:00,174961
2024-08-22 12:00:00-04:00,174994
2024-08-22 13:00:00-04:00,175413
2024-08-22 14:00:00-04:00,175810
2024-08-22 15:00:00-04:00,175616
2024-08-22 16:00:00-04:00,175695
2024-08-22 17:00:00-04:00,174652
2024-08-22 18:00:00-04:00,171933
2024-08-22 19:00:00-04:00,169663
2024-08-22 20:00:00-04:00,176854
2024-08-22 21:00:00-04:00,176833
2024-08-22 22:00:00-04:00,176521
2024-08-22 23:00:00-04:00,176854
2024-08-23 00:00:00-04:00,167437
2024-08-23 01:00:00-04:00,167668
2024-08-23 02:00:00-04:00,167550
2024-08-23 03:00:00-04:00,167553
2024-08-23 04:00:00-04:00,167792
2024-08-23 05:00:00-04:00,167696
2024-08-23 06:00:00-04:00,168165
2024-08-23 07:00:00-04:00,169421
2024-08-23 08:00:00-04:00,173145
2024-08-23 09:00:00-04:00,173899
2024-08-23 10:00:00-04:00,174365
2024-08-23 11:00:00-04:00,174428
2024-08-23 12:00:00-04:00,174733
2024-08-23 13:00:00-04:00,174916
2024-08-23 14:00:00-04:00,174919
2024-08-23 15:00:00-04:00,174441
2024-08-23 16:00:00-04:00,173835
2024-08-23 17:00:00-04:00,172979
2024-08-23 18:00:00-04:00,170330
2024-08-23 19:00:00-04:00,168369
2024-08-23 20:00:00-04:00,176227
2024-08-23 21:00:00-04:00,176721
2024-08-23 22:00:00-04:00,176777
2024-08-23 23:00:00-04:00,176802
2024-08-24 00:00:00-04:00,166652
2024-08-24 01:00:00-04:00,166706
2024-08-24 02:00:00-04:00,167040
2024-08-24 03:00:00-04:00,166792
2024-08-24 04:00:00-04:00,166969
2024-08-24 05:00:00-04:00,167207
2024-08-24 06:00:00-04:00,167084
2024-08-24 07:00:00-04:00,168861
2024-08-24 08:00:00-04:00,171399
2024-08-24 09:00:00-04:00,172480
2024-08-24 10:00:00-04:00,173037
2024-08-24 11:00:00-04:00,173208
2024-08-24 12:00:00-04:00,174293
2024-08-24 13:00:00-04:00,174467
2024-08-24 14:00:00-04:00,174994
2024-08-24 15:00:00-04:00,176076
2024-08-24 16:00:00-04:00,175510
2024-08-24 17:00:00-04:00,173976
2024-08-24 18:00:00-04:00,170286
2024-08-24 19:00:00-04:00,168632
2024-08-24 20:00:00-04:00,176361
2024-08-24 21:00:00-04:00,176516
2024-08-24 22:00:00-04:00,176553
2024-08-24 23:00:00-04:00,176711
2024-08-25 00:00:00-04:00,169200
2024-08-25 01:00:00-04:00,169153
2024-08-25 02:00:00-04:00,169354
2024-08-25 03:00:00-04:00,168822
2024-08-25 04:00:00-04:00,169473
2024-08-25 05:00:00-04:00,169150
2024-08-25 06:00:00-04:00,168305
2024-08-25 07:00:00-04:00,170366
2024-08-25 08:00:00-04:00,173307
2024-08-25 09:00:00-04:00,172204
2024-08-25 10:00:00-04:00,172806
2024-08-25 11:00:00-04:00,172649
2024-08-25 12:00:00-04:00,174517
2024-08-25 13:00:00-04:00,174715
2024-08-25 14:00:00-04:00,174598
2024-08-25 15:00:00-04:00,174052
2024-08-25 16:00:00-04:00,173961
2024-08-25 17:00:00-04:00,172425
2024-08-25 18:00:00-04:00,169812
2024-08-25 19:00:00-04:00,167891
2024-08-25 20:00:00-04:00,174289
2024-08-25 21:00:00-04:00,174262
2024-08-25 22:00:00-04:00,175765
2024-08-25 23:00:00-04:00,175911
2024-08-26 00:00:00-04:00,168666
2024-08-26 01:00:00-04:00,169046
2024-08-26 02:00:00-04:00,168911
2024-08-26 03:00:00-04:00,169248
2024-08-26 04:00:00-04:00,169536
2024-08-26 05:00:00-04:00,169645
2024-08-26 06:00:00-04:00,170684
2024-08-26 07:00:00-04:00,171869
2024-08-26 08:00:00-04:00,174339
2024-08-26 09:00:00-04:00,174658
2024-08-26 10:00:00-04:00,174878
2024-08-26 11:00:00-04:00,174518
2024-08-26 12:00:00-04:00,174624
2024-08-26 13:00:00-04:00,175212
2024-08-26 14:00:00-04:00,175324
2024-08-26 15:00:00-04:00,174451
2024-08-26 16:00:00-04:00,173693
2024-08-26 17:00:00-04:00,172419
2024-08-26 18:00:00-04:00,169683
2024-08-26 19:00:00-04:00,167944
2024-08-26 20:00:00-04:00,175129
2024-08-26 21:00:00-04:00,175155
2024-08-26 22:00:00-04:00,175718
2024-08-26 23:00:00-04:00,175949
2024-08-27 00:00:00-04:00,167284
2024-08-27 01:00:00-04:00,167442
2024-08-27 02:00:00-04:00,167930
2024-08-27 03:00:00-04:00,167591
2024-08-27 04:00:00-04:00,167863
2024-08-27 05:00:00-04:00,167861
2024-08-27 06:00:00-04:00,167250
2024-08-27 07:00:00-04:00,169548
2024-08-27 08:00:00-04:00,171421
2024-08-27 09:00:00-04:00,172915
2024-08-27 10:00:00-04:00,173566
2024-08-27 11:00:00-04:00,174173
2024-08-27 12:00:00-04:00,174816
2024-08-27 13:00:00-04:00,174856
2024-08-27 14:00:00-04:00,174610
2024-08-27 15:00:00-04:00,174378
2024-08-27 16:00:00-04:00,173884
2024-08-27 17:00:00-04:00,172422
2024-08-27 18:00:00-04:00,169482
2024-08-27 19:00:00-04:00,167782
2024-08-27 20:00:00-04:00,175912
2024-08-27 21:00:00-04:00,176795
2024-08-27 22:00:00-04:00,177082
2024-08-27 23:00:00-04:00,177601
2024-08-28 00:00:00-04:00,169950
2024-08-28 01:00:00-04:00,169645
2024-08-28 02:00:00-04:00,169118
2024-08-28 03:00:00-04:00,169124
2024-08-28 04:00:00-04:00,168881
2024-08-28 05:00:00-04:00,168843
2024-08-28 06:00:00-04:00,168454
2024-08-28 07:00:00-04:00,169000
2024-08-28 08:00:00-04:00,171587
2024-08-28 09:00:00-04:00,172939
2024-08-28 10:00:00-04:00,173820
2024-08-28 11:00:00-04:00,174408
2024-08-28 12:00:00-04:00,174337
2024-08-28 13:00:00-04:00,174634
2024-08-28 14:00:00-04:00,174174
2024-08-28 15:00:00-04:00,173852
2024-08-28 16:00:00-04:00,172394
2024-08-28 17:00:00-04:00,172014
2024-08-28 18:00:00-04:00,170004
2024-08-28 19:00:00-04:00,168295
2024-08-28 20:00:00-04:00,175315
2024-08-28 21:00:00-04:00,176761
2024-08-28 22:00:00-04:00,176895
2024-08-28 23:00:00-04:00,177534
2024-08-29 00:00:00-04:00,166350
2024-08-29 01:00:00-04:00,166235
2024-08-29 02:00:00-04:00,166095
2024-08-29 03:00:00-04:00,166116
2024-08-29 04:00:00-04:00,166518
2024-08-29 05:00:00-04:00,166324
2024-08-29 06:00:00-04:00,166652
2024-08-29 07:00:00-04:00,167946
2024-08-29 08:00:00-04:00,170344
2024-08-29 09:00:00-04:00,171356
2024-08-29 10:00:00-04:00,172606
2024-08-29 11:00:00-04:00,172785
2024-08-29 12:00:00-04:00,173283
2024-08-29 13:00:00-04:00,173146
2024-08-29 14:00:00-04:00,173447
2024-08-29 15:00:00-04:00,173822
2024-08-29 16:00:00-04:00,173221
2024-08-29 17:00:00-04:00,172773
2024-08-29 18:00:00-04:00,170689
2024-08-29 19:00:00-04:00,169518
2024-08-29 20:00:00-04:00,176887
2024-08-29 21:00:00-04:00,177054
2024-08-29 22:00:00-04:00,177309
2024-08-29 23:00:00-04:00,177364
2024-08-30 00:00:00-04:00,169495
2024-08-30 01:00:00-04:00,169378
2024-08-30 02:00:00-04:00,169438
2024-08-30 03:00:00-04:00,169988
2024-08-30 04:00:00-04:00,170036
2024-08-30 05:00:00-04:00,169988
2024-08-30 06:00:00-04:00,169687
2024-08-30 07:00:00-04:00,170618
2024-08-30 08:00:00-04:00,171418
2024-08-30 09:00:00-04:00,171073
2024-08-30 10:00:00-04:00,171229
2024-08-30 11:00:00-04:00,171752
2024-08-30 12:00:00-04:00,172932
2024-08-30 13:00:00-04:00,173766
2024-08-30 14:00:00-04:00,173542
2024-08-30 15:00:00-04:00,173902
2024-08-30 16:00:00-04:00,173864
2024-08-30 17:00:00-04:00,172453
2024-08-30 18:00:00-04:00,171441
2024-08-30 19:00:00-04:00,170726
2024-08-30 20:00:00-04:00,177624
2024-08-30 21:00:00-04:00,178106
2024-08-30 22:00:00-04:00,178188
2024-08-30 23:00:00-04:00,178239
2024-08-31 00:00:00-04:00,168832
2024-08-31 01:00:00-04:00,168051
2024-08-31 02:00:00-04:00,168327
2024-08-31 03:00:00-04:00,167749
2024-08-31 04:00:00-04:00,167682
2024-08-31 05:00:00-04:00,168067
2024-08-31 06:00:00-04:00,168566
2024-08-31 07:00:00-04:00,169083
2024-08-31 08:00:00-04:00,170165
2024-08-31 09:00:00-04:00,170688
2024-08-31 10:00:00-04:00,171065
2024-08-31 11:00:00-04:00,171160
2024-08-31 12:00:00-04:00,172394
2024-08-31 13:00:00-04:00,173005
2024-08-31 14:00:00-04:00,173070
2024-08-31 15:00:00-04:00,173476
2024-08-31 16:00:00-04:00,172942
2024-08-31 17:00:00-04:00,171209
2024-08-31 18:00:00-04:00,169661
2024-08-31 19:00:00-04:00,168419
2024-08-31 20:00:00-04:00,175527
2024-08-31 21:00:00-04:00,175985
2024-08-31 22:00:00-04:00,176035
2024-08-31 23:00:00-04:00,176159
2024-09-01 00:00:00-04:00,168165
2024-09-01 01:00:00-04:00,168551
2024-09-01 02:00:00-04:00,168775
2024-09-01 03:00:00-04:00,169038
2024-09-01 04:00:00-04:00,169522
2024-09-01 05:00:00-04:00,169637
2024-09-01 06:00:00-04:00,169714
2024-09-01 07:00:00-04:00,170837
2024-09-01 08:00:00-04:00,171860
2024-09-01 09:00:00-04:00,172373
2024-09-01 10:00:00-04:00,173531
2024-09-01 11:00:00-04:00,173968
2024-09-01 12:00:00-04:00,175343
2024-09-01 13:00:00-04:00,175866
2024-09-01 14:00:00-04:00,176334
2024-09-01 15:00:00-04:00,176209
2024-09-01 16:00:00-04:00,175394
2024-09-01 17:00:00-04:00,174526
2024-09-01 18:00:00-04:00,172644
2024-09-01 19:00:00-04:00,171343
2024-09-01 20:00:00-04:00,176591
2024-09-01 21:00:00-04:00,176437
2024-09-01 22:00:00-04:00,176288
2024-09-01 23:00:00-04:00,176291
2024-09-02 00:00:00-04:00,169556
2024-09-02 01:00:00-04:00,169612
2024-09-02 02:00:00-04:00,169709
2024-09-02 03:00:00-04:00,169019
2024-09-02 04:00:00-04:00,169143
2024-09-02 05:00:00-04:00,169123
2024-09-02 06:00:00-04:00,169071
2024-09-02 07:00:00-04:00,170550
2024-09-02 08:00:00-04:00,172178
2024-09-02 09:00:00-04:00,173694
2024-09-02 10:00:00-04:00,174769
2024-09-02 11:00:00-04:00,175901
2024-09-02 12:00:00-04:00,176653
2024-09-02 13:00:00-04:00,177314
2024-09-02 14:00:00-04:00,177644
2024-09-02 15:00:00-04:00,177408
2024-09-02 16:00:00-04:00,176930
2024-09-02 17:00:00-04:00,175588
2024-09-02 18:00:00-04:00,172916
2024-09-02 19:00:00-04:00,170974
2024-09-02 20:00:00-04:00,177061
2024-09-02 21:00:00-04:00,177047
2024-09-02 22:00:00-04:00,177210
2024-09-02 23:00:00-04:00,177573
2024-09-03 00:00:00-04:00,169907
2024-09-03 01:00:00-04:00,170043
2024-09-03 02:00:00-04:00,170619
2024-09-03 03:00:00-04:00,170441
2024-09-03 04:00:00-04:00,170926
2024-09-03 05:00:00-04:00,170649
2024-09-03 06:00:00-04:00,170510
2024-09-03 07:00:00-04:00,171527
2024-09-03 08:00:00-04:00,174272
2024-09-03 09:00:00-04:00,175024
2024-09-03 10:00:00-04:00,175754
2024-09-03 11:00:00-04:00,175981
2024-09-03 12:00:00-04:00,175988
2024-09-03 13:00:00-04:00,176472
2024-09-03 14:00:00-04:00,176146
2024-09-03 15:00:00-04:00,176238
2024-09-03 16:00:00-04:00,175323
2024-09-03 17:00:00-04:00,173762
2024-09-03 18:00:00-04:00,171069
2024-09-03 19:00:00-04:00,169917
2024-09-03 20:00:00-04:00,177191
2024-09-03 21:00:00-04:00,177182
2024-09-03 22:00:00-04:00,177212
2024-09-03 23:00:00-04:00,177346
2024-09-04 00:00:00-04:00,168588
2024-09-04 01:00:00-04:00,168796
2024-09-04 02:00:00-04:00,168473
2024-09-04 03:00:00-04:00,168188
2024-09-04 04:00:00-04:00,168163
2024-09-04 05:00:00-04:00,167671
2024-09-04 06:00:00-04:00,167946
2024-09-04 07:00:00-04:00,169017
2024-09-04 08:00:00-04:00,171041
2024-09-04 09:00:00-04:00,172100
2024-09-04 10:00:00-04:00,172466
2024-09-04 11:00:00-04:00,172517
2024-09-04 12:00:00-04:00,172741
2024-09-04 13:00:00-04:00,173470
2024-09-04 14:00:00-04:00,173569
2024-09-04 15:00:00-04:00,173615
2024-09-04 16:00:00-04:00,172990
2024-09-04 17:00:00-04:00,172455
2024-09-04 18:00:00-04:00,169856
2024-09-04 19:00:00-04:00,168737
2024-09-04 20:00:00-04:00,175513
2024-09-04 21:00:00-04:00,176023
2024-09-04 22:00:00-04:00,176155
2024-09-04 23:00:00-04:00,176073
2024-09-05 00:00:00-04:00,165725
2024-09-05 01:00:00-04:00,166127
2024-09-05 02:00:00-04:00,167190
2024-09-05 03:00:00-04:00,167302
2024-09-05 04:00:00-04:00,167369
2024-09-05 05:00:00-04:00,167112
2024-09-05 06:00:00-04:00,167017
2024-09-05 07:00:00-04:00,167191
2024-09-05 08:00:00-04:00,169210
2024-09-05 09:00:00-04:00,170100
2024-09-05 10:00:00-04:00,170488
2024-09-05 11:00:00-04:00,171004
2024-09-05 12:00:00-04:00,171934
2024-09-05 13:00:00-04:00,172283
2024-09-05 14:00:00-04:00,172265
2024-09-05 15:00:00-04:00,172882
2024-09-05 16:00:00-04:00,172794
2024-09-05 17:00:00-04:00,171909
2024-09-05 18:00:00-04:00,169087
2024-09-05 19:00:00-04:00,167938
2024-09-05 20:00:00-04:00,175019
2024-09-05 21:00:00-04:00,175130
2024-09-05 22:00:00-04:00,175298
2024-09-05 23:00:00-04:00,175889
2024-09-06 00:00:00-04:00,166663
2024-09-06 01:00:00-04:00,166671
2024-09-06 02:00:00-04:00,167279
2024-09-06 03:00:00-04:00,167085
2024-09-06 04:00:00-04:00,167115
2024-09-06 05:00:00-04:00,166894
2024-09-06 06:00:00-04:00,167251
2024-09-06 07:00:00-04:00,167806
2024-09-06 08:00:00-04:00,169688
2024-09-06 09:00:00-04:00,170709
2024-09-06 10:00:00-04:00,171640
2024-09-06 11:00:00-04:00,172313
2024-09-06 12:00:00-04:00,173708
2024-09-06 13:00:00-04:00,174133
2024-09-06 14:00:00-04:00,175260
2024-09-06 15:00:00-04:00,175780
2024-09-06 16:00:00-04:00,175788
2024-09-06 17:00:00-04:00,174414
2024-09-06 18:00:00-04:00,171701
2024-09-06 19:00:00-04:00,170939
2024-09-06 20:00:00-04:00,175072
2024-09-06 21:00:00-04:00,175309
2024-09-06 22:00:00-04:00,175326
2024-09-06 23:00:00-04:00,176005
2024-09-07 00:00:00-04:00,160852
2024-09-07 01:00:00-04:00,160760
2024-09-07 02:00:00-04:00,159991
2024-09-07 03:00:00-04:00,159686
2024-09-07 04:00:00-04:00,160094
2024-09-07 05:00:00-04:00,160722
2024-09-07 06:00:00-04:00,161871
2024-09-07 07:00:00-04:00,162867
2024-09-07 08:00:00-04:00,164108
2024-09-07 09:00:00-04:00,164985
2024-09-07 10:00:00-04:00,167065
2024-09-07 11:00:00-04:00,167043
2024-09-07 12:00:00-04:00,167919
2024-09-07 13:00:00-04:00,167740
2024-09-07 14:00:00-04:00,167879
2024-09-07 15:00:00-04:00,167711
2024-09-07 16:00:00-04:00,167348
2024-09-07 17:00:00-04:00,166823
2024-09-07 18:00:00-04:00,165612
2024-09-07 19:00:00-04:00,164031
2024-09-07 20:00:00-04:00,170169
2024-09-07 21:00:00-04:00,170301
2024-09-07 22:00:00-04:00,170055
2024-09-07 23:00:00-04:00,170298
2024-09-08 00:00:00-04:00,159826
2024-09-08 01:00:00-04:00,160191
2024-09-08 02:00:00-04:00,160819
2024-09-08 03:00:00-04:00,160523
2024-09-08 04:00:00-04:00,160962
2024-09-08 05:00:00-04:00,160913
2024-09-08 06:00:00-04:00,161704
2024-09-08 07:00:00-04:00,163178
2024-09-08 08:00:00-04:00,166391
2024-09-08 09:00:00-04:00,168292
2024-09-08 10:00:00-04:00,168827
2024-09-08 11:00:00-04:00,168804
2024-09-08 12:00:00-04:00,169794
2024-09-08 13:00:00-04:00,169868
2024-09-08 14:00:00-04:00,169074
2024-09-08 15:00:00-04:00,169159
2024-09-08 16:00:00-04:00,168853
2024-09-08 17:00:00-04:00,166790
2024-09-08 18:00:00-04:00,162778
2024-09-08 19:00:00-04:00,161313
2024-09-08 20:00:00-04:00,167997
2024-09-08 21:00:00-04:00,168307
2024-09-08 22:00:00-04:00,168049
2024-09-08 23:00:00-04:00,168433
2024-09-09 00:00:00-04:00,158293
2024-09-09 01:00:00-04:00,158002
2024-09-09 02:00:00-04:00,158314
2024-09-09 03:00:00-04:00,158812
2024-09-09 04:00:00-04:00,158948
2024-09-09 05:00:00-04:00,159267
2024-09-09 06:00:00-04:00,159782
2024-09-09 07:00:00-04:00,160850
2024-09-09 08:00:00-04:00,163321
2024-09-09 09:00:00-04:00,164032
2024-09-09 10:00:00-04:00,163966
2024-09-09 11:00:00-04:00,164802
2024-09-09 12:00:00-04:00,165698
2024-09-09 13:00:00-04:00,165398
2024-09-09 14:00:00-04:00,166275
2024-09-09 15:00:00-04:00,165925
2024-09-09 16:00:00-04:00,165263
2024-09-09 17:00:00-04:00,163925
2024-09-09 18:00:00-04:00,160685
2024-09-09 19:00:00-04:00,159812
2024-09-09 20:00:00-04:00,166776
2024-09-09 21:00:00-04:00,166475
2024-09-09 22:00:00-04:00,166467
2024-09-09 23:00:00-04:00,166757
2024-09-10 00:00:00-04:00,157700
2024-09-10 01:00:00-04:00,157656
2024-09-10 02:00:00-04:00,157794
2024-09-10 03:00:00-04:00,157935
2024-09-10 04:00:00-04:00,158084
2024-09-10 05:00:00-04:00,158193
2024-09-10 06:00:00-04:00,158326
2024-09-10 07:00:00-04:00,159761
2024-09-10 08:00:00-04:00,162771
2024-09-10 09:00:00-04:00,163509
2024-09-10 10:00:00-04:00,163612
2024-09-10 11:00:00-04:00,163559
2024-09-10 12:00:00-04:00,164777
2024-09-10 13:00:00-04:00,165144
2024-09-10 14:00:00-04:00,165308
2024-09-10 15:00:00-04:00,165256
2024-09-10 16:00:00-04:00,164562
2024-09-10 17:00:00-04:00,162879
2024-09-10 18:00:00-04:00,159672
2024-09-10 19:00:00-04:00,158472
2024-09-10 20:00:00-04:00,165070
2024-09-10 21:00:00-04:00,165314
2024-09-10 22:00:00-04:00,165078
2024-09-10 23:00:00-04:00,165473
2024-09-11 00:00:00-04:00,157833
2024-09-11 01:00:00-04:00,157877
2024-09-11 02:00:00-04:00,158125
2024-09-11 03:00:00-04:00,158183
2024-09-11 04:00:00-04:00,158250
2024-09-11 05:00:00-04:00,157769
2024-09-11 06:00:00-04:00,157875
2024-09-11 07:00:00-04:00,159024
2024-09-11 08:00:00-04:00,161996
2024-09-11 09:00:00-04:00,163163
2024-09-11 10:00:00-04:00,163530
2024-09-11 11:00:00-04:00,163668
2024-09-11 12:00:00-04:00,164025
2024-09-11 13:00:00-04:00,164154
2024-09-11 14:00:00-04:00,164491
2024-09-11 15:00:00-04:00,164352
2024-09-11 16:00:00-04:00,163841
2024-09-11 17:00:00-04:00,162182
2024-09-11 18:00:00-04:00,159377
2024-09-11 19:00:00-04:00,158192
2024-09-11 20:00:00-04:00,165035
2024-09-11 21:00:00-04:00,165328
2024-09-11 22:00:00-04:00,165412
2024-09-11 23:00:00-04:00,165423
2024-09-12 00:00:00-04:00,159160
2024-09-12 01:00:00-04:00,158382
2024-09-12 02:00:00-04:00,158439
2024-09-12 03:00:00-04:00,158338
2024-09-12 04:00:00-04:00,158426
2024-09-12 05:00:00-04:00,159056
2024-09-12 06:00:00-04:00,158618
2024-09-12 07:00:00-04:00,159516
2024-09-12 08:00:00-04:00,162088
2024-09-12 09:00:00-04:00,163401
2024-09-12 10:00:00-04:00,163510
2024-09-12 11:00:00-04:00,163376
2024-09-12 12:00:00-04:00,163830
2024-09-12 13:00:00-04:00,164646
2024-09-12 14:00:00-04:00,165641
2024-09-12 15:00:00-04:00,165034
2024-09-12 16:00:00-04:00,164473
2024-09-12 17:00:00-04:00,162948
2024-09-12 18:00:00-04:00,160963
2024-09-12 19:00:00-04:00,161064
2024-09-12 20:00:00-04:00,166283
2024-09-12 21:00:00-04:00,166479
2024-09-12 22:00:00-04:00,167643
2024-09-12 23:00:00-04:00,167649
2024-09-13 00:00:00-04:00,161563
2024-09-13 01:00:00-04:00,161791
2024-09-13 02:00:00-04:00,161333
2024-09-13 03:00:00-04:00,160796
2024-09-13 04:00:00-04:00,160653
2024-09-13 05:00:00-04:00,160305
2024-09-13 06:00:00-04:00,160568
2024-09-13 07:00:00-04:00,160820
2024-09-13 08:00:00-04:00,162258
2024-09-13 09:00:00-04:00,162298
2024-09-13 10:00:00-04:00,163109
2024-09-13 11:00:00-04:00,163220
2024-09-13 12:00:00-04:00,164787
2024-09-13 13:00:00-04:00,165232
2024-09-13 14:00:00-04:00,165748
2024-09-13 15:00:00-04:00,165630
2024-09-13 16:00:00-04:00,164634
2024-09-13 17:00:00-04:00,163430
2024-09-13 18:00:00-04:00,161668
2024-09-13 19:00:00-04:00,160697
2024-09-13 20:00:00-04:00,166590
2024-09-13 21:00:00-04:00,166958
2024-09-13 22:00:00-04:00,166953
2024-09-13 23:00:00-04:00,166973
2024-09-14 00:00:00-04:00,158673
2024-09-14 01:00:00-04:00,158834
2024-09-14 02:00:00-04:00,158080
2024-09-14 03:00:00-04:00,157827
2024-09-14 04:00:00-04:00,157975
2024-09-14 05:00:00-04:00,157793
2024-09-14 06:00:00-04:00,158421
2024-09-14 07:00:00-04:00,159047
2024-09-14 08:00:00-04:00,160931
2024-09-14 09:00:00-04:00,161744
2024-09-14 10:00:00-04:00,162722
2024-09-14 11:00:00-04:00,162231
2024-09-14 12:00:00-04:00,163278
2024-09-14 13:00:00-04:00,164228
2024-09-14 14:00:00-04:00,164207
2024-09-14 15:00:00-04:00,163712
2024-09-14 16:00:00-04:00,163030
2024-09-14 17:00:00-04:00,161551
2024-09-14 18:00:00-04:00,159034
2024-09-14 19:00:00-04:00,158017
2024-09-14 20:00:00-04:00,164852
2024-09-14 21:00:00-04:00,165300
2024-09-14 22:00:00-04:00,165287
2024-09-14 23:00:00-04:00,165474
2024-09-15 00:00:00-04:00,158126
2024-09-15 01:00:00-04:00,158151
2024-09-15 02:00:00-04:00,158183
2024-09-15 03:00:00-04:00,158059
2024-09-15 04:00:00-04:00,158158
2024-09-15 05:00:00-04:00,157936
2024-09-15 06:00:00-04:00,158709
2024-09-15 07:00:00-04:00,159162
2024-09-15 08:00:00-04:00,160848
2024-09-15 09:00:00-04:00,161508
2024-09-15 10:00:00-04:00,162304
2024-09-15 11:00:00-04:00,162190
2024-09-15 12:00:00-04:00,163317
2024-09-15 13:00:00-04:00,163684
2024-09-15 14:00:00-04:00,163959
2024-09-15 15:00:00-04:00,163845
2024-09-15 16:00:00-04:00,163189
2024-09-15 17:00:00-04:00,161391
2024-09-15 18:00:00-04:00,159217
2024-09-15 19:00:00-04:00,158511
2024-09-15 20:00:00-04:00,165375
2024-09-15 21:00:00-04:00,165991
2024-09-15 22:00:00-04:00,165689
2024-09-15 23:00:00-04:00,165653
2024-09-16 00:00:00-04:00,158113
2024-09-16 01:00:00-04:00,157890
2024-09-16 02:00:00-04:00,157711
2024-09-16 03:00:00-04:00,157916
2024-09-16 04:00:00-04:00,157887
2024-09-16 05:00:00-04:00,157512
2024-09-16 06:00:00-04:00,157729
2024-09-16 07:00:00-04:00,157883
2024-09-16 08:00:00-04:00,159959
2024-09-16 09:00:00-04:00,160409
2024-09-16 10:00:00-04:00,161257
2024-09-16 11:00:00-04:00,161398
2024-09-16 12:00:00-04:00,162163
2024-09-16 13:00:00-04:00,162250
2024-09-16 14:00:00-04:00,162208
2024-09-16 15:00:00-04:00,161752
2024-09-16 16:00:00-04:00,161198
2024-09-16 17:00:00-04:00,160377
2024-09-16 18:00:00-04:00,159154
2024-09-16 19:00:00-04:00,159015
2024-09-16 20:00:00-04:00,165312
2024-09-16 21:00:00-04:00,165605
2024-09-16 22:00:00-04:00,165727
2024-09-16 23:00:00-04:00,166034
2024-09-17 00:00:00-04:00,158496
2024-09-17 01:00:00-04:00,158364
2024-09-17 02:00:00-04:00,158394
2024-09-17 03:00:00-04:00,157815
2024-09-17 04:00:00-04:00,157458
2024-09-17 05:00:00-04:00,157080
2024-09-17 06:00:00-04:00,157023
2024-09-17 07:00:00-04:00,156444
2024-09-17 08:00:00-04:00,155292
2024-09-17 09:00:00-04:00,156791
2024-09-17 10:00:00-04:00,157801
2024-09-17 11:00:00-04:00,158374
2024-09-17 12:00:00-04:00,159519
2024-09-17 13:00:00-04:00,159647
2024-09-17 14:00:00-04:00,159907
2024-09-17 15:00:00-04:00,159672
2024-09-17 16:00:00-04:00,159160
2024-09-17 17:00:00-04:00,158731
2024-09-17 18:00:00-04:00,158074
2024-09-17 19:00:00-04:00,157880
2024-09-17 20:00:00-04:00,163833
2024-09-17 21:00:00-04:00,164754
2024-09-17 22:00:00-04:00,164843
2024-09-17 23:00:00-04:00,164917
2024-09-18 00:00:00-04:00,157472
2024-09-18 01:00:00-04:00,156972
2024-09-18 02:00:00-04:00,156991
2024-09-18 03:00:00-04:00,156499
2024-09-18 04:00:00-04:00,156339
2024-09-18 05:00:00-04:00,155681
2024-09-18 06:00:00-04:00,156553
2024-09-18 07:00:00-04:00,156646
2024-09-18 08:00:00-04:00,156795
2024-09-18 09:00:00-04:00,157503
2024-09-18 10:00:00-04:00,158881
2024-09-18 11:00:00-04:00,158707
2024-09-18 12:00:00-04:00,159161
2024-09-18 13:00:00-04:00,160237
2024-09-18 14:00:00-04:00,160422
2024-09-18 15:00:00-04:00,159658
2024-09-18 16:00:00-04:00,159744
2024-09-18 17:00:00-04:00,159751
2024-09-18 18:00:00-04:00,158167
2024-09-18 19:00:00-04:00,157694
2024-09-18 20:00:00-04:00,163644
2024-09-18 21:00:00-04:00,164332
2024-09-18 22:00:00-04:00,164874
2024-09-18 23:00:00-04:00,164961
2024-09-19 00:00:00-04:00,156246
2024-09-19 01:00:00-04:00,156280
2024-09-19 02:00:00-04:00,155677
2024-09-19 03:00:00-04:00,155250
2024-09-19 04:00:00-04:00,155224
2024-09-19 05:00:00-04:00,155036
2024-09-19 06:00:00-04:00,156052
2024-09-19 07:00:00-04:00,156594
2024-09-19 08:00:00-04:00,157896
2024-09-19 09:00:00-04:00,159050
2024-09-19 10:00:00-04:00,159702
2024-09-19 11:00:00-04:00,159732
2024-09-19 12:00:00-04:00,160403
2024-09-19 13:00:00-04:00,160940
2024-09-19 14:00:00-04:00,161129
2024-09-19 15:00:00-04:00,159965
2024-09-19 16:00:00-04:00,159859
2024-09-19 17:00:00-04:00,159249
2024-09-19 18:00:00-04:00,157322
2024-09-19 19:00:00-04:00,156842
2024-09-19 20:00:00-04:00,164384
2024-09-19 21:00:00-04:00,164458
2024-09-19 22:00:00-04:00,165032
2024-09-19 23:00:00-04:00,165349
2024-09-20 00:00:00-04:00,157585
2024-09-20 01:00:00-04:00,157945
2024-09-20 02:00:00-04:00,158014
2024-09-20 03:00:00-04:00,157853
2024-09-20 04:00:00-04:00,157674
2024-09-20 05:00:00-04:00,156553
2024-09-20 06:00:00-04:00,156984
2024-09-20 07:00:00-04:00,157723
2024-09-20 08:00:00-04:00,160071
2024-09-20 09:00:00-04:00,161253
2024-09-20 10:00:00-04:00,161956
2024-09-20 11:00:00-04:00,161869
2024-09-20 12:00:00-04:00,162244
2024-09-20 13:00:00-04:00,162399
2024-09-20 14:00:00-04:00,162459
2024-09-20 15:00:00-04:00,162645
2024-09-20 16:00:00-04:00,162174
2024-09-20 17:00:00-04:00,160164
2024-09-20 18:00:00-04:00,157670
2024-09-20 19:00:00-04:00,155488
2024-09-20 20:00:00-04:00,162552
2024-09-20 21:00:00-04:00,163292
2024-09-20 22:00:00-04:00,163317
2024-09-20 23:00:00-04:00,163689
2024-09-21 00:00:00-04:00,152704
2024-09-21 01:00:00-04:00,153259
2024-09-21 02:00:00-04:00,153272
2024-09-21 03:00:00-04:00,153430
2024-09-21 04:00:00-04:00,153392
2024-09-21 05:00:00-04:00,153311
2024-09-21 06:00:00-04:00,153498
2024-09-21 07:00:00-04:00,153801
2024-09-21 08:00:00-04:00,156340
2024-09-21 09:00:00-04:00,158736
2024-09-21 10:00:00-04:00,159623
2024-09-21 11:00:00-04:00,159679
2024-09-21 12:00:00-04:00,161207
2024-09-21 13:00:00-04:00,161338
2024-09-21 14:00:00-04:00,160626
2024-09-21 15:00:00-04:00,160791
2024-09-21 16:00:00-04:00,159820
2024-09-21 17:00:00-04:00,157905
2024-09-21 18:00:00-04:00,155213
2024-09-21 19:00:00-04:00,154503
2024-09-21 20:00:00-04:00,162181
2024-09-21 21:00:00-04:00,162982
2024-09-21 22:00:00-04:00,163086
2024-09-21 23:00:00-04:00,163197
2024-09-22 00:00:00-04:00,152786
2024-09-22 01:00:00-04:00,152746
2024-09-22 02:00:00-04:00,152704
2024-09-22 03:00:00-04:00,153057
2024-09-22 04:00:00-04:00,153628
2024-09-22 05:00:00-04:00,154450
2024-09-22 06:00:00-04:00,154258
2024-09-22 07:00:00-04:00,154282
2024-09-22 08:00:00-04:00,155671
2024-09-22 09:00:00-04:00,156472
2024-09-22 10:00:00-04:00,157108
2024-09-22 11:00:00-04:00,157458
2024-09-22 12:00:00-04:00,158642
2024-09-22 13:00:00-04:00,159597
2024-09-22 14:00:00-04:00,158900
2024-09-22 15:00:00-04:00,158531
2024-09-22 16:00:00-04:00,158406
2024-09-22 17:00:00-04:00,157500
2024-09-22 18:00:00-04:00,156221
2024-09-22 19:00:00-04:00,155995
2024-09-22 20:00:00-04:00,160849
2024-09-22 21:00:00-04:00,162300
2024-09-22 22:00:00-04:00,162347
2024-09-22 23:00:00-04:00,162558
2024-09-23 00:00:00-04:00,154483
2024-09-23 01:00:00-04:00,153861
2024-09-23 02:00:00-04:00,153795
2024-09-23 03:00:00-04:00,153635
2024-09-23 04:00:00-04:00,153754
2024-09-23 05:00:00-04:00,153768
2024-09-23 06:00:00-04:00,154653
2024-09-23 07:00:00-04:00,154858
2024-09-23 08:00:00-04:00,156361
2024-09-23 09:00:00-04:00,157656
2024-09-23 10:00:00-04:00,158334
2024-09-23 11:00:00-04:00,157840
2024-09-23 12:00:00-04:00,157394
2024-09-23 13:00:00-04:00,156860
2024-09-23 14:00:00-04:00,156948
2024-09-23 15:00:00-04:00,156784
2024-09-23 16:00:00-04:00,156404
2024-09-23 17:00:00-04:00,155801
2024-09-23 18:00:00-04:00,154804
2024-09-23 19:00:00-04:00,154611
2024-09-23 20:00:00-04:00,161152
2024-09-23 21:00:00-04:00,161568
2024-09-23 22:00:00-04:00,161508
2024-09-23 23:00:00-04:00,161489
2024-09-24 00:00:00-04:00,152875
2024-09-24 01:00:00-04:00,152923
2024-09-24 02:00:00-04:00,152957
2024-09-24 03:00:00-04:00,153131
2024-09-24 04:00:00-04:00,153445
2024-09-24 05:00:00-04:00,153428
2024-09-24 06:00:00-04:00,153872
2024-09-24 07:00:00-04:00,153447
2024-09-24 08:00:00-04:00,153880
2024-09-24 09:00:00-04:00,154078
2024-09-24 10:00:00-04:00,155638
2024-09-24 11:00:00-04:00,156328
2024-09-24 12:00:00-04:00,157112
2024-09-24 13:00:00-04:00,157290
2024-09-24 14:00:00-04:00,157846
2024-09-24 15:00:00-04:00,157560
2024-09-24 16:00:00-04:00,157664
2024-09-24 17:00:00-04:00,157291
2024-09-24 18:00:00-04:00,156310
2024-09-24 19:00:00-04:00,155835
2024-09-24 20:00:00-04:00,161606
2024-09-24 21:00:00-04:00,161513
2024-09-24 22:00:00-04:00,161748
2024-09-24 23:00:00-04:00,161765
2024-09-25 00:00:00-04:00,153229
2024-09-25 01:00:00-04:00,153490
2024-09-25 02:00:00-04:00,153235
2024-09-25 03:00:00-04:00,153092
2024-09-25 04:00:00-04:00,153108
2024-09-25 05:00:00-04:00,152632
2024-09-25 06:00:00-04:00,153595
2024-09-25 07:00:00-04:00,153504
2024-09-25 08:00:00-04:00,154026
2024-09-25 09:00:00-04:00,155260
2024-09-25 10:00:00-04:00,156138
2024-09-25 11:00:00-04:00,156342
2024-09-25 12:00:00-04:00,156480
2024-09-25 13:00:00-04:00,156784
2024-09-25 14:00:00-04:00,156698
2024-09-25 15:00:00-04:00,156654
2024-09-25 16:00:00-04:00,155537
2024-09-25 17:00:00-04:00,155038
2024-09-25 18:00:00-04:00,154217
2024-09-25 19:00:00-04:00,153862
2024-09-25 20:00:00-04:00,160124
2024-09-25 21:00:00-04:00,160695
2024-09-25 22:00:00-04:00,160738
2024-09-25 23:00:00-04:00,160979
2024-09-26 00:00:00-04:00,152464
2024-09-26 01:00:00-04:00,151570
2024-09-26 02:00:00-04:00,151688
2024-09-26 03:00:00-04:00,151398
2024-09-26 04:00:00-04:00,151539
2024-09-26 05:00:00-04:00,151622
2024-09-26 06:00:00-04:00,152328
2024-09-26 07:00:00-04:00,152753
2024-09-26 08:00:00-04:00,153630
2024-09-26 09:00:00-04:00,153613
2024-09-26 10:00:00-04:00,154407
2024-09-26 11:00:00-04:00,154911
2024-09-26 12:00:00-04:00,155616
2024-09-26 13:00:00-04:00,155126
2024-09-26 14:00:00-04:00,154868
2024-09-26 15:00:00-04:00,154642
2024-09-26 16:00:00-04:00,155002
2024-09-26 17:00:00-04:00,154583
2024-09-26 18:00:00-04:00,154542
2024-09-26 19:00:00-04:00,155738
2024-09-26 20:00:00-04:00,160739
2024-09-26 21:00:00-04:00,160856
2024-09-26 22:00:00-04:00,160650
2024-09-26 23:00:00-04:00,160737
2024-09-27 00:00:00-04:00,154132
2024-09-27 01:00:00-04:00,153583
2024-09-27 02:00:00-04:00,154033
2024-09-27 03:00:00-04:00,154376
2024-09-27 04:00:00-04:00,155203
2024-09-27 05:00:00-04:00,155667
2024-09-27 06:00:00-04:00,157101
2024-09-27 07:00:00-04:00,157392
2024-09-27 08:00:00-04:00,158920
2024-09-27 09:00:00-04:00,159439
2024-09-27 10:00:00-04:00,160616
2024-09-27 11:00:00-04:00,161131
2024-09-27 12:00:00-04:00,161758
2024-09-27 13:00:00-04:00,161829
2024-09-27 14:00:00-04:00,161838
2024-09-27 15:00:00-04:00,162167
2024-09-27 16:00:00-04:00,162095
2024-09-27 17:00:00-04:00,162008
2024-09-27 18:00:00-04:00,161758
2024-09-27 19:00:00-04:00,161547
2024-09-27 20:00:00-04:00,160169
2024-09-27 21:00:00-04:00,160625
2024-09-27 22:00:00-04:00,160460
2024-09-27 23:00:00-04:00,160252
2024-09-28 00:00:00-04:00,157047
2024-09-28 01:00:00-04:00,156821
2024-09-28 02:00:00-04:00,156617
2024-09-28 03:00:00-04:00,156070
2024-09-28 04:00:00-04:00,155866
2024-09-28 05:00:00-04:00,155296
2024-09-28 06:00:00-04:00,154550
2024-09-28 07:00:00-04:00,154140
2024-09-28 08:00:00-04:00,155755
2024-09-28 09:00:00-04:00,157706
2024-09-28 10:00:00-04:00,158672
2024-09-28 11:00:00-04:00,158923
2024-09-28 12:00:00-04:00,159588
2024-09-28 13:00:00-04:00,159944
2024-09-28 14:00:00-04:00,160237
2024-09-28 15:00:00-04:00,160657
2024-09-28 16:00:00-04:00,160478
2024-09-28 17:00:00-04:00,158972
2024-09-28 18:00:00-04:00,156867
2024-09-28 19:00:00-04:00,156756
2024-09-28 20:00:00-04:00,160089
2024-09-28 21:00:00-04:00,160549
2024-09-28 22:00:00-04:00,160369
2024-09-28 23:00:00-04:00,160510
2024-09-29 00:00:00-04:00,153883
2024-09-29 01:00:00-04:00,153493
2024-09-29 02:00:00-04:00,153362
2024-09-29 03:00:00-04:00,153280
2024-09-29 04:00:00-04:00,153784
2024-09-29 05:00:00-04:00,154018
2024-09-29 06:00:00-04:00,153912
2024-09-29 07:00:00-04:00,154461
2024-09-29 08:00:00-04:00,155394
2024-09-29 09:00:00-04:00,156765
2024-09-29 10:00:00-04:00,158455
2024-09-29 11:00:00-04:00,158767
2024-09-29 12:00:00-04:00,159579
2024-09-29 13:00:00-04:00,159150
2024-09-29 14:00:00-04:00,159002
2024-09-29 15:00:00-04:00,159103
2024-09-29 16:00:00-04:00,158973
2024-09-29 17:00:00-04:00,157724
2024-09-29 18:00:00-04:00,156147
2024-09-29 19:00:00-04:00,155956
2024-09-29 20:00:00-04:00,159397
2024-09-29 21:00:00-04:00,159423
2024-09-29 22:00:00-04:00,159551
2024-09-29 23:00:00-04:00,159706
2024-09-30 00:00:00-04:00,152170
2024-09-30 01:00:00-04:00,151510
2024-09-30 02:00:00-04:00,152060
2024-09-30 03:00:00-04:00,151606
2024-09-30 04:00:00-04:00,151493
2024-09-30 05:00:00-04:00,151260
2024-09-30 06:00:00-04:00,153186
2024-09-30 07:00:00-04:00,153043
2024-09-30 08:00:00-04:00,153133
2024-09-30 09:00:00-04:00,153538
2024-09-30 10:00:00-04:00,154112
2024-09-30 11:00:00-04:00,154156
2024-09-30 12:00:00-04:00,154604
2024-09-30 13:00:00-04:00,154516
2024-09-30 14:00:00-04:00,154170
2024-09-30 15:00:00-04:00,154225
2024-09-30 16:00:00-04:00,154395
2024-09-30 17:00:00-04:00,153757
2024-09-30 18:00:00-04:00,153167
2024-09-30 19:00:00-04:00,153390
2024-09-30 20:00:00-04:00,158080
2024-09-30 21:00:00-04:00,158052
2024-09-30 22:00:00-04:00,158027
2024-09-30 23:00:00-04:00,158479
2024-10-01 00:00:00-04:00,149817
2024-10-01 01:00:00-04:00,150199
2024-10-01 02:00:00-04:00,150305
2024-10-01 03:00:00-04:00,150425
2024-10-01 04:00:00-04:00,150880
2024-10-01 05:00:00-04:00,151419
2024-10-01 06:00:00-04:00,152837
2024-10-01 07:00:00-04:00,152618
2024-10-01 08:00:00-04:00,152624
2024-10-01 09:00:00-04:00,153852
2024-10-01 10:00:00-04:00,154669
2024-10-01 11:00:00-04:00,154960
2024-10-01 12:00:00-04:00,155412
2024-10-01 13:00:00-04:00,156142
2024-10-01 14:00:00-04:00,156400
2024-10-01 15:00:00-04:00,156539
2024-10-01 16:00:00-04:00,156758
2024-10-01 17:00:00-04:00,156371
2024-10-01 18:00:00-04:00,154830
2024-10-01 19:00:00-04:00,154351
2024-10-01 20:00:00-04:00,158586
2024-10-01 21:00:00-04:00,158698
2024-10-01 22:00:00-04:00,158689
2024-10-01 23:00:00-04:00,158632
2024-10-02 00:00:00-04:00,149190
2024-10-02 01:00:00-04:00,148884
2024-10-02 02:00:00-04:00,148736
2024-10-02 03:00:00-04:00,148336
2024-10-02 04:00:00-04:00,148229
2024-10-02 05:00:00-04:00,148448
2024-10-02 06:00:00-04:00,149520
2024-10-02 07:00:00-04:00,149917
2024-10-02 08:00:00-04:00,151278
2024-10-02 09:00:00-04:00,152534
2024-10-02 10:00:00-04:00,151572
2024-10-02 11:00:00-04:00,151768
2024-10-02 12:00:00-04:00,152352
2024-10-02 13:00:00-04:00,152458
2024-10-02 14:00:00-04:00,152668
2024-10-02 15:00:00-04:00,154204
2024-10-02 16:00:00-04:00,154621
2024-10-02 17:00:00-04:00,153477
2024-10-02 18:00:00-04:00,151438
2024-10-02 19:00:00-04:00,151178
2024-10-02 20:00:00-04:00,156794
2024-10-02 21:00:00-04:00,156813
2024-10-02 22:00:00-04:00,157100
2024-10-02 23:00:00-04:00,157740
2024-10-03 00:00:00-04:00,151774
2024-10-03 01:00:00-04:00,151667
2024-10-03 02:00:00-04:00,151361
2024-10-03 03:00:00-04:00,151058
2024-10-03 04:00:00-04:00,150817
2024-10-03 05:00:00-04:00,150872
2024-10-03 06:00:00-04:00,151609
2024-10-03 07:00:00-04:00,151964
2024-10-03 08:00:00-04:00,153607
2024-10-03 09:00:00-04:00,154845
2024-10-03 10:00:00-04:00,153652
2024-10-03 11:00:00-04:00,153214
2024-10-03 12:00:00-04:00,152965
2024-10-03 13:00:00-04:00,153114
2024-10-03 14:00:00-04:00,153195
2024-10-03 15:00:00-04:00,153176
2024-10-03 16:00:00-04:00,153770
2024-10-03 17:00:00-04:00,151898
2024-10-03 18:00:00-04:00,150027
2024-10-03 19:00:00-04:00,149913
2024-10-03 20:00:00-04:00,155223
2024-10-03 21:00:00-04:00,156421
2024-10-03 22:00:00-04:00,157229
2024-10-03 23:00:00-04:00,157815
2024-10-04 00:00:00-04:00,149080
2024-10-04 01:00:00-04:00,149426
2024-10-04 02:00:00-04:00,149507
2024-10-04 03:00:00-04:00,149398
2024-10-04 04:00:00-04:00,149603
2024-10-04 05:00:00-04:00,150585
2024-10-04 06:00:00-04:00,152396
2024-10-04 07:00:00-04:00,153078
2024-10-04 08:00:00-04:00,155433
2024-10-04 09:00:00-04:00,155778
2024-10-04 10:00:00-04:00,155828
2024-10-04 11:00:00-04:00,155822
2024-10-04 12:00:00-04:00,156520
2024-10-04 13:00:00-04:00,155825
2024-10-04 14:00:00-04:00,154982
2024-10-04 15:00:00-04:00,155150
2024-10-04 16:00:00-04:00,155375
2024-10-04 17:00:00-04:00,154364
2024-10-04 18:00:00-04:00,153751
2024-10-04 19:00:00-04:00,154558
2024-10-04 20:00:00-04:00,157980
2024-10-04 21:00:00-04:00,158772
2024-10-04 22:00:00-04:00,158791
2024-10-04 23:00:00-04:00,160080
2024-10-05 00:00:00-04:00,151236
2024-10-05 01:00:00-04:00,151146
2024-10-05 02:00:00-04:00,151412
2024-10-05 03:00:00-04:00,151844
2024-10-05 04:00:00-04:00,152441
2024-10-05 05:00:00-04:00,152703
2024-10-05 06:00:00-04:00,153276
2024-10-05 07:00:00-04:00,153533
2024-10-05 08:00:00-04:00,155492
2024-10-05 09:00:00-04:00,157339
2024-10-05 10:00:00-04:00,158295
2024-10-05 11:00:00-04:00,159005
2024-10-05 12:00:00-04:00,160077
2024-10-05 13:00:00-04:00,160565
2024-10-05 14:00:00-04:00,160636
2024-10-05 15:00:00-04:00,160978
2024-10-05 16:00:00-04:00,161088
2024-10-05 17:00:00-04:00,158478
2024-10-05 18:00:00-04:00,155960
2024-10-05 19:00:00-04:00,156077
2024-10-05 20:00:00-04:00,157888
2024-10-05 21:00:00-04:00,158232
2024-10-05 22:00:00-04:00,158414
2024-10-05 23:00:00-04:00,158492
2024-10-06 00:00:00-04:00,153697
2024-10-06 01:00:00-04:00,153117
2024-10-06 02:00:00-04:00,153689
2024-10-06 03:00:00-04:00,153323
2024-10-06 04:00:00-04:00,153120
2024-10-06 05:00:00-04:00,152589
2024-10-06 06:00:00-04:00,152272
2024-10-06 07:00:00-04:00,152124
2024-10-06 08:00:00-04:00,153830
2024-10-06 09:00:00-04:00,155242
2024-10-06 10:00:00-04:00,156038
2024-10-06 11:00:00-04:00,157244
2024-10-06 12:00:00-04:00,159080
2024-10-06 13:00:00-04:00,160012
2024-10-06 14:00:00-04:00,160518
2024-10-06 15:00:00-04:00,161254
2024-10-06 16:00:00-04:00,160732
2024-10-06 17:00:00-04:00,158178
2024-10-06 18:00:00-04:00,155841
2024-10-06 19:00:00-04:00,155712
2024-10-06 20:00:00-04:00,157002
2024-10-06 21:00:00-04:00,157115
2024-10-06 22:00:00-04:00,156989
2024-10-06 23:00:00-04:00,156822
2024-10-07 00:00:00-04:00,151712
2024-10-07 01:00:00-04:00,150794
2024-10-07 02:00:00-04:00,150740
2024-10-07 03:00:00-04:00,150543
2024-10-07 04:00:00-04:00,150561
2024-10-07 05:00:00-04:00,150706
2024-10-07 06:00:00-04:00,151551
2024-10-07 07:00:00-04:00,151278
2024-10-07 08:00:00-04:00,153488
2024-10-07 09:00:00-04:00,154781
2024-10-07 10:00:00-04:00,154570
2024-10-07 11:00:00-04:00,154445
2024-10-07 12:00:00-04:00,154667
2024-10-07 13:00:00-04:00,154707
2024-10-07 14:00:00-04:00,154675
2024-10-07 15:00:00-04:00,155566
2024-10-07 16:00:00-04:00,155896
2024-10-07 17:00:00-04:00,153244
2024-10-07 18:00:00-04:00,151384
2024-10-07 19:00:00-04:00,151056
2024-10-07 20:00:00-04:00,155396
2024-10-07 21:00:00-04:00,156178
2024-10-07 22:00:00-04:00,156175
2024-10-07 23:00:00-04:00,156054
2024-10-08 00:00:00-04:00,148170
2024-10-08 01:00:00-04:00,148091
2024-10-08 02:00:00-04:00,148016
2024-10-08 03:00:00-04:00,147841
2024-10-08 04:00:00-04:00,147796
2024-10-08 05:00:00-04:00,148105
2024-10-08 06:00:00-04:00,149779
2024-10-08 07:00:00-04:00,150283
2024-10-08 08:00:00-04:00,153435
2024-10-08 09:00:00-04:00,155391
2024-10-08 10:00:00-04:00,154776
2024-10-08 11:00:00-04:00,155528
2024-10-08 12:00:00-04:00,155990
2024-10-08 13:00:00-04:00,155907
2024-10-08 14:00:00-04:00,156467
2024-10-08 15:00:00-04:00,157011
2024-10-08 16:00:00-04:00,156786
2024-10-08 17:00:00-04:00,153890
2024-10-08 18:00:00-04:00,152426
2024-10-08 19:00:00-04:00,152878
2024-10-08 20:00:00-04:00,157690
2024-10-08 21:00:00-04:00,157869
2024-10-08 22:00:00-04:00,157934
2024-10-08 23:00:00-04:00,157957
2024-10-09 00:00:00-04:00,150954
2024-10-09 01:00:00-04:00,151006
2024-10-09 02:00:00-04:00,151631
2024-10-09 03:00:00-04:00,151339
2024-10-09 04:00:00-04:00,151518
2024-10-09 05:00:00-04:00,151680
2024-10-09 06:00:00-04:00,152691
2024-10-09 07:00:00-04:00,152674
2024-10-09 08:00:00-04:00,155644
2024-10-09 09:00:00-04:00,156800
2024-10-09 10:00:00-04:00,156062
2024-10-09 11:00:00-04:00,155998
2024-10-09 12:00:00-04:00,156979
2024-10-09 13:00:00-04:00,157408
2024-10-09 14:00:00-04:00,156710
2024-10-09 15:00:00-04:00,157502
2024-10-09 16:00:00-04:00,157179
2024-10-09 17:00:00-04:00,154724
2024-10-09 18:00:00-04:00,152910
2024-10-09 19:00:00-04:00,153472
2024-10-09 20:00:00-04:00,156677
2024-10-09 21:00:00-04:00,157276
2024-10-09 22:00:00-04:00,157717
2024-10-09 23:00:00-04:00,157850
2024-10-10 00:00:00-04:00,152101
2024-10-10 01:00:00-04:00,152248
2024-10-10 02:00:00-04:00,152392
2024-10-10 03:00:00-04:00,152343
2024-10-10 04:00:00-04:00,152471
2024-10-10 05:00:00-04:00,152447
2024-10-10 06:00:00-04:00,153953
2024-10-10 07:00:00-04:00,154280
2024-10-10 08:00:00-04:00,154742
2024-10-10 09:00:00-04:00,155115
2024-10-10 10:00:00-04:00,155055
2024-10-10 11:00:00-04:00,155088
2024-10-10 12:00:00-04:00,154896
2024-10-10 13:00:00-04:00,155015
2024-10-10 14:00:00-04:00,155358
2024-10-10 15:00:00-04:00,155568
2024-10-10 16:00:00-04:00,155180
2024-10-10 17:00:00-04:00,152880
2024-10-10 18:00:00-04:00,150668
2024-10-10 19:00:00-04:00,150871
2024-10-10 20:00:00-04:00,155353
2024-10-10 21:00:00-04:00,156133
2024-10-10 22:00:00-04:00,156468
2024-10-10 23:00:00-04:00,156772
2024-10-11 00:00:00-04:00,150618
2024-10-11 01:00:00-04:00,150855
2024-10-11 02:00:00-04:00,150868
2024-10-11 03:00:00-04:00,150949
2024-10-11 04:00:00-04:00,151482
2024-10-11 05:00:00-04:00,151895
2024-10-11 06:00:00-04:00,153821
2024-10-11 07:00:00-04:00,154185
2024-10-11 08:00:00-04:00,156745
2024-10-11 09:00:00-04:00,158061
2024-10-11 10:00:00-04:00,156889
2024-10-11 11:00:00-04:00,156465
2024-10-11 12:00:00-04:00,157175
2024-10-11 13:00:00-04:00,157871
2024-10-11 14:00:00-04:00,158679
2024-10-11 15:00:00-04:00,159064
2024-10-11 16:00:00-04:00,158449
2024-10-11 17:00:00-04:00,155840
2024-10-11 18:00:00-04:00,153996
2024-10-11 19:00:00-04:00,155227
2024-10-11 20:00:00-04:00,157828
2024-10-11 21:00:00-04:00,158165
2024-10-11 22:00:00-04:00,159275
2024-10-11 23:00:00-04:00,159161
2024-10-12 00:00:00-04:00,154058
2024-10-12 01:00:00-04:00,153796
2024-10-12 02:00:00-04:00,153296
2024-10-12 03:00:00-04:00,152362
2024-10-12 04:00:00-04:00,151645
2024-10-12 05:00:00-04:00,151001
2024-10-12 06:00:00-04:00,151169
2024-10-12 07:00:00-04:00,151051
2024-10-12 08:00:00-04:00,153553
2024-10-12 09:00:00-04:00,155185
2024-10-12 10:00:00-04:00,154999
2024-10-12 11:00:00-04:00,154827
2024-10-12 12:00:00-04:00,154212
2024-10-12 13:00:00-04:00,154410
2024-10-12 14:00:00-04:00,155535
2024-10-12 15:00:00-04:00,155937
2024-10-12 16:00:00-04:00,155380
2024-10-12 17:00:00-04:00,153442
2024-10-12 18:00:00-04:00,153299
2024-10-12 19:00:00-04:00,154663
2024-10-12 20:00:00-04:00,156903
2024-10-12 21:00:00-04:00,157618
2024-10-12 22:00:00-04:00,157707
2024-10-12 23:00:00-04:00,158476
2024-10-13 00:00:00-04:00,152333
2024-10-13 01:00:00-04:00,152516
2024-10-13 02:00:00-04:00,153493
2024-10-13 03:00:00-04:00,153496
2024-10-13 04:00:00-04:00,153692
2024-10-13 05:00:00-04:00,153807
2024-10-13 06:00:00-04:00,153901
2024-10-13 07:00:00-04:00,154022
2024-10-13 08:00:00-04:00,156491
2024-10-13 09:00:00-04:00,157938
2024-10-13 10:00:00-04:00,159785
2024-10-13 11:00:00-04:00,161249
2024-10-13 12:00:00-04:00,162214
2024-10-13 13:00:00-04:00,163747
2024-10-13 14:00:00-04:00,163482
2024-10-13 15:00:00-04:00,163306
2024-10-13 16:00:00-04:00,162145
2024-10-13 17:00:00-04:00,159230
2024-10-13 18:00:00-04:00,158288
2024-10-13 19:00:00-04:00,157867
2024-10-13 20:00:00-04:00,157658
2024-10-13 21:00:00-04:00,158513
2024-10-13 22:00:00-04:00,158491
2024-10-13 23:00:00-04:00,158369
2024-10-14 00:00:00-04:00,155899
2024-10-14 01:00:00-04:00,156183
2024-10-14 02:00:00-04:00,156574
2024-10-14 03:00:00-04:00,156886
2024-10-14 04:00:00-04:00,157214
2024-10-14 05:00:00-04:00,157167
2024-10-14 06:00:00-04:00,157648
2024-10-14 07:00:00-04:00,157228
2024-10-14 08:00:00-04:00,159006
2024-10-14 09:00:00-04:00,160486
2024-10-14 10:00:00-04:00,160028
2024-10-14 11:00:00-04:00,159631
2024-10-14 12:00:00-04:00,158696
2024-10-14 13:00:00-04:00,158368
2024-10-14 14:00:00-04:00,158219
2024-10-14 15:00:00-04:00,158611
2024-10-14 16:00:00-04:00,157328
2024-10-14 17:00:00-04:00,154714
2024-10-14 18:00:00-04:00,153182
2024-10-14 19:00:00-04:00,152824
2024-10-14 20:00:00-04:00,156749
2024-10-14 21:00:00-04:00,156824
2024-10-14 22:00:00-04:00,156801
2024-10-14 23:00:00-04:00,156941
2024-10-15 00:00:00-04:00,148348
2024-10-15 01:00:00-04:00,148584
2024-10-15 02:00:00-04:00,148789
2024-10-15 03:00:00-04:00,148628
2024-10-15 04:00:00-04:00,148858
2024-10-15 05:00:00-04:00,149410
2024-10-15 06:00:00-04:00,151090
2024-10-15 07:00:00-04:00,151454
2024-10-15 08:00:00-04:00,152952
2024-10-15 09:00:00-04:00,154722
2024-10-15 10:00:00-04:00,155036
2024-10-15 11:00:00-04:00,155077
2024-10-15 12:00:00-04:00,155607
2024-10-15 13:00:00-04:00,155732
2024-10-15 14:00:00-04:00,155000
2024-10-15 15:00:00-04:00,155961
2024-10-15 16:00:00-04:00,155526
2024-10-15 17:00:00-04:00,155000
2024-10-15 18:00:00-04:00,153778
2024-10-15 19:00:00-04:00,153313
2024-10-15 20:00:00-04:00,154902
2024-10-15 21:00:00-04:00,155211
2024-10-15 22:00:00-04:00,155192
2024-10-15 23:00:00-04:00,155192
2024-10-16 00:00:00-04:00,150620
2024-10-16 01:00:00-04:00,150483
2024-10-16 02:00:00-04:00,150180
2024-10-16 03:00:00-04:00,149808
2024-10-16 04:00:00-04:00,150090
2024-10-16 05:00:00-04:00,150160
2024-10-16 06:00:00-04:00,151022
2024-10-16 07:00:00-04:00,150935
2024-10-16 08:00:00-04:00,153400
2024-10-16 09:00:00-04:00,155694
2024-10-16 10:00:00-04:00,155200
2024-10-16 11:00:00-04:00,155279
2024-10-16 12:00:00-04:00,155015
2024-10-16 13:00:00-04:00,154452
2024-10-16 14:00:00-04:00,154338
2024-10-16 15:00:00-04:00,153660
2024-10-16 16:00:00-04:00,152734
2024-10-16 17:00:00-04:00,150276
2024-10-16 18:00:00-04:00,148794
2024-10-16 19:00:00-04:00,148536
2024-10-16 20:00:00-04:00,153098
2024-10-16 21:00:00-04:00,153306
2024-10-16 22:00:00-04:00,153857
2024-10-16 23:00:00-04:00,153903
2024-10-17 00:00:00-04:00,147759
2024-10-17 01:00:00-04:00,148015
2024-10-17 02:00:00-04:00,147656
2024-10-17 03:00:00-04:00,147913
2024-10-17 04:00:00-04:00,147790
2024-10-17 05:00:00-04:00,148148
2024-10-17 06:00:00-04:00,149432
2024-10-17 07:00:00-04:00,150269
2024-10-17 08:00:00-04:00,152677
2024-10-17 09:00:00-04:00,155010
2024-10-17 10:00:00-04:00,154749
2024-10-17 11:00:00-04:00,154926
2024-10-17 12:00:00-04:00,155003
2024-10-17 13:00:00-04:00,155145
2024-10-17 14:00:00-04:00,155118
2024-10-17 15:00:00-04:00,154558
2024-10-17 16:00:00-04:00,153795
2024-10-17 17:00:00-04:00,150602
2024-10-17 18:00:00-04:00,149000
2024-10-17 19:00:00-04:00,149910
2024-10-17 20:00:00-04:00,153036
2024-10-17 21:00:00-04:00,153610
2024-10-17 22:00:00-04:00,153955
2024-10-17 23:00:00-04:00,153966
2024-10-18 00:00:00-04:00,149777
2024-10-18 01:00:00-04:00,149756
2024-10-18 02:00:00-04:00,149749
2024-10-18 03:00:00-04:00,149482
2024-10-18 04:00:00-04:00,149428
2024-10-18 05:00:00-04:00,149222
2024-10-18 06:00:00-04:00,149907
2024-10-18 07:00:00-04:00,149668
2024-10-18 08:00:00-04:00,151927
2024-10-18 09:00:00-04:00,154355
2024-10-18 10:00:00-04:00,153800
2024-10-18 11:00:00-04:00,154403
2024-10-18 12:00:00-04:00,154596
2024-10-18 13:00:00-04:00,154188
2024-10-18 14:00:00-04:00,153910
2024-10-18 15:00:00-04:00,153450
2024-10-18 16:00:00-04:00,152121
2024-10-18 17:00:00-04:00,148821
2024-10-18 18:00:00-04:00,147662
2024-10-18 19:00:00-04:00,147879
2024-10-18 20:00:00-04:00,152415
2024-10-18 21:00:00-04:00,153136
2024-10-18 22:00:00-04:00,153319
2024-10-18 23:00:00-04:00,153394
2024-10-19 00:00:00-04:00,148069
2024-10-19 01:00:00-04:00,148034
2024-10-19 02:00:00-04:00,148101
2024-10-19 03:00:00-04:00,147976
2024-10-19 04:00:00-04:00,147883
2024-10-19 05:00:00-04:00,147717
2024-10-19 06:00:00-04:00,148006
2024-10-19 07:00:00-04:00,148504
2024-10-19 08:00:00-04:00,151051
2024-10-19 09:00:00-04:00,152658
2024-10-19 10:00:00-04:00,152340
2024-10-19 11:00:00-04:00,151976
2024-10-19 12:00:00-04:00,151775
2024-10-19 13:00:00-04:00,151574
2024-10-19 14:00:00-04:00,152056
2024-10-19 15:00:00-04:00,152403
2024-10-19 16:00:00-04:00,150921
2024-10-19 17:00:00-04:00,147563
2024-10-19 18:00:00-04:00,146456
2024-10-19 19:00:00-04:00,146761
2024-10-19 20:00:00-04:00,152196
2024-10-19 21:00:00-04:00,153545
2024-10-19 22:00:00-04:00,153501
2024-10-19 23:00:00-04:00,153776
2024-10-20 00:00:00-04:00,147390
2024-10-20 01:00:00-04:00,147618
2024-10-20 02:00:00-04:00,148274
2024-10-20 03:00:00-04:00,148360
2024-10-20 04:00:00-04:00,148650
2024-10-20 05:00:00-04:00,149204
2024-10-20 06:00:00-04:00,149005
2024-10-20 07:00:00-04:00,148745
2024-10-20 08:00:00-04:00,151506
2024-10-20 09:00:00-04:00,153309
2024-10-20 10:00:00-04:00,152745
2024-10-20 11:00:00-04:00,152639
2024-10-20 12:00:00-04:00,152884
2024-10-20 13:00:00-04:00,152790
2024-10-20 14:00:00-04:00,152750
2024-10-20 15:00:00-04:00,152861
2024-10-20 16:00:00-04:00,151292
2024-10-20 17:00:00-04:00,147993
2024-10-20 18:00:00-04:00,147020
2024-10-20 19:00:00-04:00,148914
2024-10-20 20:00:00-04:00,152882
2024-10-20 21:00:00-04:00,153631
2024-10-20 22:00:00-04:00,153570
2024-10-20 23:00:00-04:00,153834
2024-10-21 00:00:00-04:00,150165
2024-10-21 01:00:00-04:00,149747
2024-10-21 02:00:00-04:00,150305
2024-10-21 03:00:00-04:00,149732
2024-10-21 04:00:00-04:00,149127
2024-10-21 05:00:00-04:00,148876
2024-10-21 06:00:00-04:00,148976
2024-10-21 07:00:00-04:00,148173
2024-10-21 08:00:00-04:00,149203
2024-10-21 09:00:00-04:00,150302
2024-10-21 10:00:00-04:00,150242
2024-10-21 11:00:00-04:00,149809
2024-10-21 12:00:00-04:00,149893
2024-10-21 13:00:00-04:00,149900
2024-10-21 14:00:00-04:00,149869
2024-10-21 15:00:00-04:00,150163
2024-10-21 16:00:00-04:00,149190
2024-10-21 17:00:00-04:00,146158
2024-10-21 18:00:00-04:00,145315
2024-10-21 19:00:00-04:00,146915
2024-10-21 20:00:00-04:00,150353
2024-10-21 21:00:00-04:00,150316
2024-10-21 22:00:00-04:00,150369
2024-10-21 23:00:00-04:00,150686
2024-10-22 00:00:00-04:00,147828
2024-10-22 01:00:00-04:00,147851
2024-10-22 02:00:00-04:00,147950
2024-10-22 03:00:00-04:00,148692
2024-10-22 04:00:00-04:00,149009
2024-10-22 05:00:00-04:00,148948
2024-10-22 06:00:00-04:00,150134
2024-10-22 07:00:00-04:00,150441
2024-10-22 08:00:00-04:00,154204
2024-10-22 09:00:00-04:00,156140
2024-10-22 10:00:00-04:00,156132
2024-10-22 11:00:00-04:00,155694
2024-10-22 12:00:00-04:00,156395
2024-10-22 13:00:00-04:00,156195
2024-10-22 14:00:00-04:00,156308
2024-10-22 15:00:00-04:00,156068
2024-10-22 16:00:00-04:00,155438
2024-10-22 17:00:00-04:00,151832
2024-10-22 18:00:00-04:00,149456
2024-10-22 19:00:00-04:00,149818
2024-10-22 20:00:00-04:00,151601
2024-10-22 21:00:00-04:00,152018
2024-10-22 22:00:00-04:00,152077
2024-10-22 23:00:00-04:00,151995
2024-10-23 00:00:00-04:00,151174
2024-10-23 01:00:00-04:00,150600
2024-10-23 02:00:00-04:00,150372
2024-10-23 03:00:00-04:00,149899
2024-10-23 04:00:00-04:00,150568
2024-10-23 05:00:00-04:00,150529
2024-10-23 06:00:00-04:00,151707
2024-10-23 07:00:00-04:00,152051
2024-10-23 08:00:00-04:00,153734
2024-10-23 09:00:00-04:00,155464
2024-10-23 10:00:00-04:00,156118
2024-10-23 11:00:00-04:00,156044
2024-10-23 12:00:00-04:00,154864
2024-10-23 13:00:00-04:00,154493
2024-10-23 14:00:00-04:00,154934
2024-10-23 15:00:00-04:00,155060
2024-10-23 16:00:00-04:00,153761
2024-10-23 17:00:00-04:00,150850
2024-10-23 18:00:00-04:00,149384
2024-10-23 19:00:00-04:00,148278
2024-10-23 20:00:00-04:00,151782
2024-10-23 21:00:00-04:00,152089
2024-10-23 22:00:00-04:00,152104
2024-10-23 23:00:00-04:00,152244
2024-10-24 00:00:00-04:00,145912
2024-10-24 01:00:00-04:00,146063
2024-10-24 02:00:00-04:00,146042
2024-10-24 03:00:00-04:00,145845
2024-10-24 04:00:00-04:00,146114
2024-10-24 05:00:00-04:00,146534
2024-10-24 06:00:00-04:00,149055
2024-10-24 07:00:00-04:00,149067
2024-10-24 08:00:00-04:00,151378
2024-10-24 09:00:00-04:00,155236
2024-10-24 10:00:00-04:00,155728
2024-10-24 11:00:00-04:00,155660
2024-10-24 12:00:00-04:00,155654
2024-10-24 13:00:00-04:00,155346
2024-10-24 14:00:00-04:00,155708
2024-10-24 15:00:00-04:00,155664
2024-10-24 16:00:00-04:00,155167
2024-10-24 17:00:00-04:00,152139
2024-10-24 18:00:00-04:00,151340
2024-10-24 19:00:00-04:00,152347
2024-10-24 20:00:00-04:00,155231
2024-10-24 21:00:00-04:00,155667
2024-10-24 22:00:00-04:00,155587
2024-10-24 23:00:00-04:00,155527
2024-10-25 00:00:00-04:00,153553
2024-10-25 01:00:00-04:00,153025
2024-10-25 02:00:00-04:00,153372
2024-10-25 03:00:00-04:00,152044
2024-10-25 04:00:00-04:00,151653
2024-10-25 05:00:00-04:00,151196
2024-10-25 06:00:00-04:00,152441
2024-10-25 07:00:00-04:00,152066
2024-10-25 08:00:00-04:00,153284
2024-10-25 09:00:00-04:00,154834
2024-10-25 10:00:00-04:00,155190
2024-10-25 11:00:00-04:00,155182
2024-10-25 12:00:00-04:00,155140
2024-10-25 13:00:00-04:00,155481
2024-10-25 14:00:00-04:00,155481
2024-10-25 15:00:00-04:00,154833
2024-10-25 16:00:00-04:00,154278
2024-10-25 17:00:00-04:00,153307
2024-10-25 18:00:00-04:00,152486
2024-10-25 19:00:00-04:00,153096
2024-10-25 20:00:00-04:00,155827
2024-10-25 21:00:00-04:00,156129
2024-10-25 22:00:00-04:00,156606
2024-10-25 23:00:00-04:00,157694
2024-10-26 00:00:00-04:00,153027
2024-10-26 01:00:00-04:00,153192
2024-10-26 02:00:00-04:00,154045
2024-10-26 03:00:00-04:00,154300
2024-10-26 04:00:00-04:00,154488
2024-10-26 05:00:00-04:00,154414
2024-10-26 06:00:00-04:00,155706
2024-10-26 07:00:00-04:00,155666
2024-10-26 08:00:00-04:00,157100
2024-10-26 09:00:00-04:00,159069
2024-10-26 10:00:00-04:00,158461
2024-10-26 11:00:00-04:00,158639
2024-10-26 12:00:00-04:00,159314
2024-10-26 13:00:00-04:00,158975
2024-10-26 14:00:00-04:00,158710
2024-10-26 15:00:00-04:00,158835
2024-10-26 16:00:00-04:00,157554
2024-10-26 17:00:00-04:00,154793
2024-10-26 18:00:00-04:00,153376
2024-10-26 19:00:00-04:00,153580
2024-10-26 20:00:00-04:00,158058
2024-10-26 21:00:00-04:00,158589
2024-10-26 22:00:00-04:00,158816
2024-10-26 23:00:00-04:00,159022
2024-10-27 00:00:00-04:00,152064
2024-10-27 01:00:00-04:00,152002
2024-10-27 02:00:00-04:00,151986
2024-10-27 03:00:00-04:00,152187
2024-10-27 04:00:00-04:00,152518
2024-10-27 05:00:00-04:00,152631
2024-10-27 06:00:00-04:00,153190
2024-10-27 07:00:00-04:00,153232
2024-10-27 08:00:00-04:00,154742
2024-10-27 09:00:00-04:00,156102
2024-10-27 10:00:00-04:00,156447
2024-10-27 11:00:00-04:00,156478
2024-10-27 12:00:00-04:00,156876
2024-10-27 13:00:00-04:00,156651
2024-10-27 14:00:00-04:00,156676
2024-10-27 15:00:00-04:00,156542
2024-10-27 16:00:00-04:00,155616
2024-10-27 17:00:00-04:00,153333
2024-10-27 18:00:00-04:00,152432
2024-10-27 19:00:00-04:00,152727
2024-10-27 20:00:00-04:00,157943
2024-10-27 21:00:00-04:00,159097
2024-10-27 22:00:00-04:00,159273
2024-10-27 23:00:00-04:00,159839
2024-10-28 00:00:00-04:00,153472
2024-10-28 01:00:00-04:00,153672
2024-10-28 02:00:00-04:00,153263
2024-10-28 03:00:00-04:00,153262
2024-10-28 04:00:00-04:00,153384
2024-10-28 05:00:00-04:00,153916
2024-10-28 06:00:00-04:00,155854
2024-10-28 07:00:00-04:00,155596
2024-10-28 08:00:00-04:00,158163
2024-10-28 09:00:00-04:00,159273
2024-10-28 10:00:00-04:00,158240
2024-10-28 11:00:00-04:00,157380
2024-10-28 12:00:00-04:00,158128
2024-10-28 13:00:00-04:00,158617
2024-10-28 14:00:00-04:00,159070
2024-10-28 15:00:00-04:00,158722
2024-10-28 16:00:00-04:00,157914
2024-10-28 17:00:00-04:00,157050
2024-10-28 18:00:00-04:00,157151
2024-10-28 19:00:00-04:00,157712
2024-10-28 20:00:00-04:00,157736
2024-10-28 21:00:00-04:00,158431
2024-10-28 22:00:00-04:00,158568
2024-10-28 23:00:00-04:00,158484
2024-10-29 00:00:00-04:00,156475
2024-10-29 01:00:00-04:00,155905
2024-10-29 02:00:00-04:00,156050
2024-10-29 03:00:00-04:00,156422
2024-10-29 04:00:00-04:00,156886
2024-10-29 05:00:00-04:00,157226
2024-10-29 06:00:00-04:00,157803
2024-10-29 07:00:00-04:00,158015
2024-10-29 08:00:00-04:00,159472
2024-10-29 09:00:00-04:00,161290
2024-10-29 10:00:00-04:00,160766
2024-10-29 11:00:00-04:00,160558
2024-10-29 12:00:00-04:00,160361
2024-10-29 13:00:00-04:00,160016
2024-10-29 14:00:00-04:00,159839
2024-10-29 15:00:00-04:00,159683
2024-10-29 16:00:00-04:00,159303
2024-10-29 17:00:00-04:00,157338
2024-10-29 18:00:00-04:00,156772
2024-10-29 19:00:00-04:00,157222
2024-10-29 20:00:00-04:00,156037
2024-10-29 21:00:00-04:00,156055
2024-10-29 22:00:00-04:00,156213
2024-10-29 23:00:00-04:00,156860
2024-10-30 00:00:00-04:00,155849
2024-10-30 01:00:00-04:00,155371
2024-10-30 02:00:00-04:00,155384
2024-10-30 03:00:00-04:00,155537
2024-10-30 04:00:00-04:00,155741
2024-10-30 05:00:00-04:00,156262
2024-10-30 06:00:00-04:00,156884
2024-10-30 07:00:00-04:00,157099
2024-10-30 08:00:00-04:00,159013
2024-10-30 09:00:00-04:00,159079
2024-10-30 10:00:00-04:00,159061
2024-10-30 11:00:00-04:00,159959
2024-10-30 12:00:00-04:00,159635
2024-10-30 13:00:00-04:00,159576
2024-10-30 14:00:00-04:00,159209
2024-10-30 15:00:00-04:00,158638
2024-10-30 16:00:00-04:00,158532
2024-10-30 17:00:00-04:00,156760
2024-10-30 18:00:00-04:00,156195
2024-10-30 19:00:00-04:00,156677
2024-10-30 20:00:00-04:00,155669
2024-10-30 21:00:00-04:00,155581
2024-10-30 22:00:00-04:00,156518
2024-10-30 23:00:00-04:00,156737
2024-10-31 00:00:00-04:00,155356
2024-10-31 01:00:00-04:00,154863
2024-10-31 02:00:00-04:00,154628
2024-10-31 03:00:00-04:00,153354
2024-10-31 04:00:00-04:00,152531
2024-10-31 05:00:00-04:00,152690
2024-10-31 06:00:00-04:00,154194
2024-10-31 07:00:00-04:00,155224
2024-10-31 08:00:00-04:00,157057
2024-10-31 09:00:00-04:00,158511
2024-10-31 10:00:00-04:00,159428
2024-10-31 11:00:00-04:00,159492
2024-10-31 12:00:00-04:00,159117
2024-10-31 13:00:00-04:00,159482
2024-10-31 14:00:00-04:00,158906
2024-10-31 15:00:00-04:00,158758
2024-10-31 16:00:00-04:00,158399
2024-10-31 17:00:00-04:00,156816
2024-10-31 18:00:00-04:00,156078
2024-10-31 19:00:00-04:00,155936
2024-10-31 20:00:00-04:00,155838
2024-10-31 21:00:00-04:00,156546
2024-10-31 22:00:00-04:00,156485
2024-10-31 23:00:00-04:00,156543
2024-11-01 00:00:00-04:00,154273
2024-11-01 01:00:00-04:00,153208
2024-11-01 02:00:00-04:00,153122
2024-11-01 03:00:00-04:00,152243
2024-11-01 04:00:00-04:00,152257
2024-11-01 05:00:00-04:00,152364
2024-11-01 06:00:00-04:00,152960
2024-11-01 07:00:00-04:00,152488
2024-11-01 08:00:00-04:00,153400
2024-11-01 09:00:00-04:00,154284
2024-11-01 10:00:00-04:00,154514
2024-11-01 11:00:00-04:00,154563
2024-11-01 12:00:00-04:00,154470
2024-11-01 13:00:00-04:00,153760
2024-11-01 14:00:00-04:00,154340
2024-11-01 15:00:00-04:00,153869
2024-11-01 16:00:00-04:00,152677
2024-11-01 17:00:00-04:00,151648
2024-11-01 18:00:00-04:00,151045
2024-11-01 19:00:00-04:00,151519
2024-11-01 20:00:00-04:00,154766
2024-11-01 21:00:00-04:00,155530
2024-11-01 22:00:00-04:00,156116
2024-11-01 23:00:00-04:00,156221
2024-11-02 00:00:00-04:00,150192
2024-11-02 01:00:00-04:00,149140
2024-11-02 02:00:00-04:00,149383
2024-11-02 03:00:00-04:00,149457
2024-11-02 04:00:00-04:00,149630
2024-11-02 05:00:00-04:00,150152
2024-11-02 06:00:00-04:00,151206
2024-11-02 07:00:00-04:00,152106
2024-11-02 08:00:00-04:00,154573
2024-11-02 09:00:00-04:00,156873
2024-11-02 10:00:00-04:00,156498
2024-11-02 11:00:00-04:00,155864
2024-11-02 12:00:00-04:00,155556
2024-11-02 13:00:00-04:00,155681
2024-11-02 14:00:00-04:00,155524
2024-11-02 15:00:00-04:00,154995
2024-11-02 16:00:00-04:00,153769
2024-11-02 17:00:00-04:00,152131
2024-11-02 18:00:00-04:00,152184
2024-11-02 19:00:00-04:00,153418
2024-11-02 20:00:00-04:00,156811
2024-11-02 21:00:00-04:00,156721
2024-11-02 22:00:00-04:00,156893
2024-11-02 23:00:00-04:00,156903
2024-11-03 00:00:00-04:00,155488
2024-11-03 01:00:00-04:00,154749
2024-11-03 01:00:00-05:00,155444
2024-11-03 02:00:00-05:00,154948
2024-11-03 03:00:00-05:00,155132
2024-11-03 04:00:00-05:00,153609
2024-11-03 05:00:00-05:00,154222
2024-11-03 06:00:00-05:00,155743
2024-11-03 07:00:00-05:00,157118
2024-11-03 08:00:00-05:00,159902
2024-11-03 09:00:00-05:00,159985
2024-11-03 10:00:00-05:00,159730
2024-11-03 11:00:00-05:00,158319
2024-11-03 12:00:00-05:00,157905
2024-11-03 13:00:00-05:00,157398
2024-11-03 14:00:00-05:00,158282
2024-11-03 15:00:00-05:00,157038
2024-11-03 16:00:00-05:00,155188
2024-11-03 17:00:00-05:00,156292
2024-11-03 18:00:00-05:00,156586
2024-11-03 19:00:00-05:00,156775
2024-11-03 20:00:00-05:00,156838
2024-11-03 21:00:00-05:00,157789
2024-11-03 22:00:00-05:00,157837
2024-11-03 23:00:00-05:00,158198
2024-11-04 00:00:00-05:00,156023
2024-11-04 01:00:00-05:00,155477
2024-11-04 02:00:00-05:00,155424
2024-11-04 03:00:00-05:00,155704
2024-11-04 04:00:00-05:00,156346
2024-11-04 05:00:00-05:00,156499
2024-11-04 06:00:00-05:00,156618
2024-11-04 07:00:00-05:00,158377
2024-11-04 08:00:00-05:00,159255
2024-11-04 09:00:00-05:00,159714
2024-11-04 10:00:00-05:00,159626
2024-11-04 11:00:00-05:00,159784
2024-11-04 12:00:00-05:00,158846
2024-11-04 13:00:00-05:00,157243
2024-11-04 14:00:00-05:00,157274
2024-11-04 15:00:00-05:00,156176
2024-11-04 16:00:00-05:00,155576
2024-11-04 17:00:00-05:00,156332
2024-11-04 18:00:00-05:00,155789
2024-11-04 19:00:00-05:00,157311
2024-11-04 20:00:00-05:00,156964
2024-11-04 21:00:00-05:00,157514
2024-11-04 22:00:00-05:00,157289
2024-11-04 23:00:00-05:00,157307
2024-11-05 00:00:00-05:00,156183
2024-11-05 01:00:00-05:00,156099
2024-11-05 02:00:00-05:00,156568
2024-11-05 03:00:00-05:00,156158
2024-11-05 04:00:00-05:00,156666
2024-11-05 05:00:00-05:00,157507
2024-11-05 06:00:00-05:00,158703
2024-11-05 07:00:00-05:00,159343
2024-11-05 08:00:00-05:00,160366
2024-11-05 09:00:00-05:00,161260
2024-11-05 10:00:00-05:00,161136
2024-11-05 11:00:00-05:00,161839
2024-11-05 12:00:00-05:00,161569
2024-11-05 13:00:00-05:00,161580
2024-11-05 14:00:00-05:00,160687
2024-11-05 15:00:00-05:00,159531
2024-11-05 16:00:00-05:00,156626
2024-11-05 17:00:00-05:00,157022
2024-11-05 18:00:00-05:00,156137
2024-11-05 19:00:00-05:00,155538
2024-11-05 20:00:00-05:00,154992
2024-11-05 21:00:00-05:00,155320
2024-11-05 22:00:00-05:00,155313
2024-11-05 23:00:00-05:00,155351
2024-11-06 00:00:00-05:00,152528
2024-11-06 01:00:00-05:00,151595
2024-11-06 02:00:00-05:00,150860
2024-11-06 03:00:00-05:00,150281
2024-11-06 04:00:00-05:00,150041
2024-11-06 05:00:00-05:00,150441
2024-11-06 06:00:00-05:00,151450
2024-11-06 07:00:00-05:00,152567
2024-11-06 08:00:00-05:00,153659
2024-11-06 09:00:00-05:00,153153
2024-11-06 10:00:00-05:00,153164
2024-11-06 11:00:00-05:00,152872
2024-11-06 12:00:00-05:00,152665
2024-11-06 13:00:00-05:00,152367
2024-11-06 14:00:00-05:00,152263
2024-11-06 15:00:00-05:00,151720
2024-11-06 16:00:00-05:00,151017
2024-11-06 17:00:00-05:00,151591
2024-11-06 18:00:00-05:00,151867
2024-11-06 19:00:00-05:00,156720
2024-11-06 20:00:00-05:00,156986
2024-11-06 21:00:00-05:00,156884
2024-11-06 22:00:00-05:00,157120
2024-11-06 23:00:00-05:00,157084
2024-11-07 00:00:00-05:00,149293
2024-11-07 01:00:00-05:00,148577
2024-11-07 02:00:00-05:00,149094
2024-11-07 03:00:00-05:00,149157
2024-11-07 04:00:00-05:00,149685
2024-11-07 05:00:00-05:00,150419
2024-11-07 06:00:00-05:00,152109
2024-11-07 07:00:00-05:00,152502
2024-11-07 08:00:00-05:00,153322
2024-11-07 09:00:00-05:00,153322
2024-11-07 10:00:00-05:00,153187
2024-11-07 11:00:00-05:00,153304
2024-11-07 12:00:00-05:00,153346
2024-11-07 13:00:00-05:00,152530
2024-11-07 14:00:00-05:00,152632
2024-11-07 15:00:00-05:00,151886
2024-11-07 16:00:00-05:00,150616
2024-11-07 17:00:00-05:00,151141
2024-11-07 18:00:00-05:00,151605
2024-11-07 19:00:00-05:00,156313
2024-11-07 20:00:00-05:00,156067
2024-11-07 21:00:00-05:00,156523
2024-11-07 22:00:00-05:00,156708
2024-11-07 23:00:00-05:00,156745
2024-11-08 00:00:00-05:00,151078
2024-11-08 01:00:00-05:00,151346
2024-11-08 02:00:00-05:00,151425
2024-11-08 03:00:00-05:00,151726
2024-11-08 04:00:00-05:00,152052
2024-11-08 05:00:00-05:00,152906
2024-11-08 06:00:00-05:00,154371
2024-11-08 07:00:00-05:00,155472
2024-11-08 08:00:00-05:00,156991
2024-11-08 09:00:00-05:00,156057
2024-11-08 10:00:00-05:00,156214
2024-11-08 11:00:00-05:00,156830
2024-11-08 12:00:00-05:00,157313
2024-11-08 13:00:00-05:00,157976
2024-11-08 14:00:00-05:00,157791
2024-11-08 15:00:00-05:00,156850
2024-11-08 16:00:00-05:00,155236
2024-11-08 17:00:00-05:00,155111
2024-11-08 18:00:00-05:00,155190
2024-11-08 19:00:00-05:00,159223
2024-11-08 20:00:00-05:00,159545
2024-11-08 21:00:00-05:00,160905
2024-11-08 22:00:00-05:00,160840
2024-11-08 23:00:00-05:00,161193
2024-11-09 00:00:00-05:00,156193
2024-11-09 01:00:00-05:00,156305
2024-11-09 02:00:00-05:00,156325
2024-11-09 03:00:00-05:00,156880
2024-11-09 04:00:00-05:00,157012
2024-11-09 05:00:00-05:00,157358
2024-11-09 06:00:00-05:00,158201
2024-11-09 07:00:00-05:00,160676
2024-11-09 08:00:00-05:00,163500
2024-11-09 09:00:00-05:00,163248
2024-11-09 10:00:00-05:00,162231
2024-11-09 11:00:00-05:00,160969
2024-11-09 12:00:00-05:00,160224
2024-11-09 13:00:00-05:00,159826
2024-11-09 14:00:00-05:00,159251
2024-11-09 15:00:00-05:00,157759
2024-11-09 16:00:00-05:00,158000
2024-11-09 17:00:00-05:00,158662
2024-11-09 18:00:00-05:00,159332
2024-11-09 19:00:00-05:00,158999
2024-11-09 20:00:00-05:00,158793
2024-11-09 21:00:00-05:00,158925
2024-11-09 22:00:00-05:00,158859
2024-11-09 23:00:00-05:00,158867
2024-11-10 00:00:00-05:00,156814
2024-11-10 01:00:00-05:00,156070
2024-11-10 02:00:00-05:00,155613
2024-11-10 03:00:00-05:00,154909
2024-11-10 04:00:00-05:00,154855
2024-11-10 05:00:00-05:00,155399
2024-11-10 06:00:00-05:00,155880
2024-11-10 07:00:00-05:00,157674
2024-11-10 08:00:00-05:00,158409
2024-11-10 09:00:00-05:00,159165
2024-11-10 10:00:00-05:00,159719
2024-11-10 11:00:00-05:00,160250
2024-11-10 12:00:00-05:00,160251
2024-11-10 13:00:00-05:00,160432
2024-11-10 14:00:00-05:00,160326
2024-11-10 15:00:00-05:00,160075
2024-11-10 16:00:00-05:00,160525
2024-11-10 17:00:00-05:00,160311
2024-11-10 18:00:00-05:00,160877
2024-11-10 19:00:00-05:00,159553
2024-11-10 20:00:00-05:00,159211
2024-11-10 21:00:00-05:00,159503
2024-11-10 22:00:00-05:00,159635
2024-11-10 23:00:00-05:00,160451
2024-11-11 00:00:00-05:00,156559
2024-11-11 01:00:00-05:00,156390
2024-11-11 02:00:00-05:00,156065
2024-11-11 03:00:00-05:00,155973
2024-11-11 04:00:00-05:00,155962
2024-11-11 05:00:00-05:00,156589
2024-11-11 06:00:00-05:00,158107
2024-11-11 07:00:00-05:00,159306
2024-11-11 08:00:00-05:00,160500
2024-11-11 09:00:00-05:00,160808
2024-11-11 10:00:00-05:00,162210
2024-11-11 11:00:00-05:00,163233
2024-11-11 12:00:00-05:00,164445
2024-11-11 13:00:00-05:00,165304
2024-11-11 14:00:00-05:00,165032
2024-11-11 15:00:00-05:00,163863
2024-11-11 16:00:00-05:00,161591
2024-11-11 17:00:00-05:00,161077
2024-11-11 18:00:00-05:00,161488
2024-11-11 19:00:00-05:00,160176
2024-11-11 20:00:00-05:00,160103
2024-11-11 21:00:00-05:00,160265
2024-11-11 22:00:00-05:00,161300
2024-11-11 23:00:00-05:00,161708
2024-11-12 00:00:00-05:00,158061
2024-11-12 01:00:00-05:00,157971
2024-11-12 02:00:00-05:00,157651
2024-11-12 03:00:00-05:00,157259
2024-11-12 04:00:00-05:00,157269
2024-11-12 05:00:00-05:00,157552
2024-11-12 06:00:00-05:00,158725
2024-11-12 07:00:00-05:00,160163
2024-11-12 08:00:00-05:00,162437
2024-11-12 09:00:00-05:00,162157
2024-11-12 10:00:00-05:00,162099
2024-11-12 11:00:00-05:00,161908
2024-11-12 12:00:00-05:00,162432
2024-11-12 13:00:00-05:00,162672
2024-11-12 14:00:00-05:00,161417
2024-11-12 15:00:00-05:00,160490
2024-11-12 16:00:00-05:00,158802
2024-11-12 17:00:00-05:00,158360
2024-11-12 18:00:00-05:00,159115
2024-11-12 19:00:00-05:00,159731
2024-11-12 20:00:00-05:00,159898
2024-11-12 21:00:00-05:00,160074
2024-11-12 22:00:00-05:00,160205
2024-11-12 23:00:00-05:00,160312
2024-11-13 00:00:00-05:00,160349
2024-11-13 01:00:00-05:00,160194
2024-11-13 02:00:00-05:00,160610
2024-11-13 03:00:00-05:00,160506
2024-11-13 04:00:00-05:00,159925
2024-11-13 05:00:00-05:00,161256
2024-11-13 06:00:00-05:00,161982
2024-11-13 07:00:00-05:00,163895
2024-11-13 08:00:00-05:00,166288
2024-11-13 09:00:00-05:00,165549
2024-11-13 10:00:00-05:00,164717
2024-11-13 11:00:00-05:00,163900
2024-11-13 12:00:00-05:00,163502
2024-11-13 13:00:00-05:00,162454
2024-11-13 14:00:00-05:00,161220
2024-11-13 15:00:00-05:00,160402
2024-11-13 16:00:00-05:00,160351
2024-11-13 17:00:00-05:00,161917
2024-11-13 18:00:00-05:00,162813
2024-11-13 19:00:00-05:00,161190
2024-11-13 20:00:00-05:00,161427
2024-11-13 21:00:00-05:00,161596
2024-11-13 22:00:00-05:00,161668
2024-11-13 23:00:00-05:00,161636
2024-11-14 00:00:00-05:00,158283
2024-11-14 01:00:00-05:00,158206
2024-11-14 02:00:00-05:00,157682
2024-11-14 03:00:00-05:00,157704
2024-11-14 04:00:00-05:00,157879
2024-11-14 05:00:00-05:00,158318
2024-11-14 06:00:00-05:00,159682
2024-11-14 07:00:00-05:00,160624
2024-11-14 08:00:00-05:00,161411
2024-11-14 09:00:00-05:00,161447
2024-11-14 10:00:00-05:00,160150
2024-11-14 11:00:00-05:00,160147
2024-11-14 12:00:00-05:00,159753
2024-11-14 13:00:00-05:00,159787
2024-11-14 14:00:00-05:00,159932
2024-11-14 15:00:00-05:00,160723
2024-11-14 16:00:00-05:00,161491
2024-11-14 17:00:00-05:00,161466
2024-11-14 18:00:00-05:00,160888
2024-11-14 19:00:00-05:00,161254
2024-11-14 20:00:00-05:00,161319
2024-11-14 21:00:00-05:00,161484
2024-11-14 22:00:00-05:00,161455
2024-11-14 23:00:00-05:00,161477
2024-11-15 00:00:00-05:00,154895
2024-11-15 01:00:00-05:00,154822
2024-11-15 02:00:00-05:00,155202
2024-11-15 03:00:00-05:00,155036
2024-11-15 04:00:00-05:00,155110
2024-11-15 05:00:00-05:00,155873
2024-11-15 06:00:00-05:00,157202
2024-11-15 07:00:00-05:00,157803
2024-11-15 08:00:00-05:00,158468
2024-11-15 09:00:00-05:00,158348
2024-11-15 10:00:00-05:00,158555
2024-11-15 11:00:00-05:00,158815
2024-11-15 12:00:00-05:00,158904
2024-11-15 13:00:00-05:00,159204
2024-11-15 14:00:00-05:00,158703
2024-11-15 15:00:00-05:00,158773
2024-11-15 16:00:00-05:00,158321
2024-11-15 17:00:00-05:00,158748
2024-11-15 18:00:00-05:00,159201
2024-11-15 19:00:00-05:00,162356
2024-11-15 20:00:00-05:00,162271
2024-11-15 21:00:00-05:00,162539
2024-11-15 22:00:00-05:00,162671
2024-11-15 23:00:00-05:00,163182
2024-11-16 00:00:00-05:00,156427
2024-11-16 01:00:00-05:00,156656
2024-11-16 02:00:00-05:00,156585
2024-11-16 03:00:00-05:00,156475
2024-11-16 04:00:00-05:00,156879
2024-11-16 05:00:00-05:00,157531
2024-11-16 06:00:00-05:00,158559
2024-11-16 07:00:00-05:00,160822
2024-11-16 08:00:00-05:00,163233
2024-11-16 09:00:00-05:00,163709
2024-11-16 10:00:00-05:00,164109
2024-11-16 11:00:00-05:00,164244
2024-11-16 12:00:00-05:00,164986
2024-11-16 13:00:00-05:00,164724
2024-11-16 14:00:00-05:00,164191
2024-11-16 15:00:00-05:00,162370
2024-11-16 16:00:00-05:00,161340
2024-11-16 17:00:00-05:00,162118
2024-11-16 18:00:00-05:00,163241
2024-11-16 19:00:00-05:00,163094
2024-11-16 20:00:00-05:00,163050
2024-11-16 21:00:00-05:00,163722
2024-11-16 22:00:00-05:00,163670
2024-11-16 23:00:00-05:00,163635
2024-11-17 00:00:00-05:00,161318
2024-11-17 01:00:00-05:00,160872
2024-11-17 02:00:00-05:00,161099
2024-11-17 03:00:00-05:00,161372
2024-11-17 04:00:00-05:00,161216
2024-11-17 05:00:00-05:00,161712
2024-11-17 06:00:00-05:00,162979
2024-11-17 07:00:00-05:00,164601
2024-11-17 08:00:00-05:00,166059
2024-11-17 09:00:00-05:00,165254
2024-11-17 10:00:00-05:00,163744
2024-11-17 11:00:00-05:00,163373
2024-11-17 12:00:00-05:00,162606
2024-11-17 13:00:00-05:00,161827
2024-11-17 14:00:00-05:00,161177
2024-11-17 15:00:00-05:00,159696
2024-11-17 16:00:00-05:00,158522
2024-11-17 17:00:00-05:00,158573
2024-11-17 18:00:00-05:00,159236
2024-11-17 19:00:00-05:00,162869
2024-11-17 20:00:00-05:00,162670
2024-11-17 21:00:00-05:00,162828
2024-11-17 22:00:00-05:00,163548
2024-11-17 23:00:00-05:00,163541
2024-11-18 00:00:00-05:00,158230
2024-11-18 01:00:00-05:00,158176
2024-11-18 02:00:00-05:00,157992
2024-11-18 03:00:00-05:00,157616
2024-11-18 04:00:00-05:00,158050
2024-11-18 05:00:00-05:00,158841
2024-11-18 06:00:00-05:00,159761
2024-11-18 07:00:00-05:00,160001
2024-11-18 08:00:00-05:00,162162
2024-11-18 09:00:00-05:00,161025
2024-11-18 10:00:00-05:00,161335
2024-11-18 11:00:00-05:00,163598
2024-11-18 12:00:00-05:00,163155
2024-11-18 13:00:00-05:00,162158
2024-11-18 14:00:00-05:00,161431
2024-11-18 15:00:00-05:00,160796
2024-11-18 16:00:00-05:00,161378
2024-11-18 17:00:00-05:00,162222
2024-11-18 18:00:00-05:00,163623
2024-11-18 19:00:00-05:00,163956
2024-11-18 20:00:00-05:00,164212
2024-11-18 21:00:00-05:00,165244
2024-11-18 22:00:00-05:00,165098
2024-11-18 23:00:00-05:00,166185
2024-11-19 00:00:00-05:00,161918
2024-11-19 01:00:00-05:00,161908
2024-11-19 02:00:00-05:00,161607
2024-11-19 03:00:00-05:00,161450
2024-11-19 04:00:00-05:00,161744
2024-11-19 05:00:00-05:00,162573
2024-11-19 06:00:00-05:00,164168
2024-11-19 07:00:00-05:00,165220
2024-11-19 08:00:00-05:00,166355
2024-11-19 09:00:00-05:00,166076
2024-11-19 10:00:00-05:00,166084
2024-11-19 11:00:00-05:00,165472
2024-11-19 12:00:00-05:00,164834
2024-11-19 13:00:00-05:00,163932
2024-11-19 14:00:00-05:00,163515
2024-11-19 15:00:00-05:00,162840
2024-11-19 16:00:00-05:00,161780
2024-11-19 17:00:00-05:00,160606
2024-11-19 18:00:00-05:00,160621
2024-11-19 19:00:00-05:00,163443
2024-11-19 20:00:00-05:00,163198
2024-11-19 21:00:00-05:00,163478
2024-11-19 22:00:00-05:00,163372
2024-11-19 23:00:00-05:00,164586
2024-11-20 00:00:00-05:00,158774
2024-11-20 01:00:00-05:00,158660
2024-11-20 02:00:00-05:00,159176
2024-11-20 03:00:00-05:00,159307
2024-11-20 04:00:00-05:00,160105
2024-11-20 05:00:00-05:00,161199
2024-11-20 06:00:00-05:00,160677
2024-11-20 07:00:00-05:00,161516
2024-11-20 08:00:00-05:00,161941
2024-11-20 09:00:00-05:00,162416
2024-11-20 10:00:00-05:00,162682
2024-11-20 11:00:00-05:00,163743
2024-11-20 12:00:00-05:00,164456
2024-11-20 13:00:00-05:00,164718
2024-11-20 14:00:00-05:00,165428
2024-11-20 15:00:00-05:00,165823
2024-11-20 16:00:00-05:00,165907
2024-11-20 17:00:00-05:00,166049
2024-11-20 18:00:00-05:00,165494
2024-11-20 19:00:00-05:00,164318
2024-11-20 20:00:00-05:00,164146
2024-11-20 21:00:00-05:00,164284
2024-11-20 22:00:00-05:00,163974
2024-11-20 23:00:00-05:00,164008
2024-11-21 00:00:00-05:00,164370
2024-11-21 01:00:00-05:00,163929
2024-11-21 02:00:00-05:00,164104
2024-11-21 03:00:00-05:00,164044
2024-11-21 04:00:00-05:00,164305
2024-11-21 05:00:00-05:00,164979
2024-11-21 06:00:00-05:00,165988
2024-11-21 07:00:00-05:00,167583
2024-11-21 08:00:00-05:00,169515
2024-11-21 09:00:00-05:00,169605
2024-11-21 10:00:00-05:00,169553
2024-11-21 11:00:00-05:00,169912
2024-11-21 12:00:00-05:00,169289
2024-11-21 13:00:00-05:00,169107
2024-11-21 14:00:00-05:00,168613
2024-11-21 15:00:00-05:00,168343
2024-11-21 16:00:00-05:00,167925
2024-11-21 17:00:00-05:00,168325
2024-11-21 18:00:00-05:00,168208
2024-11-21 19:00:00-05:00,167039
2024-11-21 20:00:00-05:00,166725
2024-11-21 21:00:00-05:00,166651
2024-11-21 22:00:00-05:00,166515
2024-11-21 23:00:00-05:00,166038
2024-11-22 00:00:00-05:00,164522
2024-11-22 01:00:00-05:00,164621
2024-11-22 02:00:00-05:00,164486
2024-11-22 03:00:00-05:00,164498
2024-11-22 04:00:00-05:00,164421
2024-11-22 05:00:00-05:00,165182
2024-11-22 06:00:00-05:00,166584
2024-11-22 07:00:00-05:00,167721
2024-11-22 08:00:00-05:00,169220
2024-11-22 09:00:00-05:00,170122
2024-11-22 10:00:00-05:00,170315
2024-11-22 11:00:00-05:00,169764
2024-11-22 12:00:00-05:00,169380
2024-11-22 13:00:00-05:00,168210
2024-11-22 14:00:00-05:00,167982
2024-11-22 15:00:00-05:00,167878
2024-11-22 16:00:00-05:00,168120
2024-11-22 17:00:00-05:00,167952
2024-11-22 18:00:00-05:00,168314
2024-11-22 19:00:00-05:00,165758
2024-11-22 20:00:00-05:00,165345
2024-11-22 21:00:00-05:00,165916
2024-11-22 22:00:00-05:00,165780
2024-11-22 23:00:00-05:00,165544
2024-11-23 00:00:00-05:00,159340
2024-11-23 01:00:00-05:00,159471
2024-11-23 02:00:00-05:00,159163
2024-11-23 03:00:00-05:00,159073
2024-11-23 04:00:00-05:00,159475
2024-11-23 05:00:00-05:00,159536
2024-11-23 06:00:00-05:00,160631
2024-11-23 07:00:00-05:00,162283
2024-11-23 08:00:00-05:00,163639
2024-11-23 09:00:00-05:00,164001
2024-11-23 10:00:00-05:00,163065
2024-11-23 11:00:00-05:00,163160
2024-11-23 12:00:00-05:00,162636
2024-11-23 13:00:00-05:00,161869
2024-11-23 14:00:00-05:00,161819
2024-11-23 15:00:00-05:00,160679
2024-11-23 16:00:00-05:00,161134
2024-11-23 17:00:00-05:00,161775
2024-11-23 18:00:00-05:00,161723
2024-11-23 19:00:00-05:00,164562
2024-11-23 20:00:00-05:00,164728
2024-11-23 21:00:00-05:00,165061
2024-11-23 22:00:00-05:00,165015
2024-11-23 23:00:00-05:00,164833
2024-11-24 00:00:00-05:00,158538
2024-11-24 01:00:00-05:00,158936
2024-11-24 02:00:00-05:00,159198
2024-11-24 03:00:00-05:00,159275
2024-11-24 04:00:00-05:00,159883
2024-11-24 05:00:00-05:00,160830
2024-11-24 06:00:00-05:00,161980
2024-11-24 07:00:00-05:00,163864
2024-11-24 08:00:00-05:00,165439
2024-11-24 09:00:00-05:00,165737
2024-11-24 10:00:00-05:00,165010
2024-11-24 11:00:00-05:00,164965
2024-11-24 12:00:00-05:00,165183
2024-11-24 13:00:00-05:00,165712
2024-11-24 14:00:00-05:00,165723
2024-11-24 15:00:00-05:00,163953
2024-11-24 16:00:00-05:00,162838
2024-11-24 17:00:00-05:00,163734
2024-11-24 18:00:00-05:00,164535
2024-11-24 19:00:00-05:00,164326
2024-11-24 20:00:00-05:00,165050
2024-11-24 21:00:00-05:00,164992
2024-11-24 22:00:00-05:00,165288
2024-11-24 23:00:00-05:00,165308
2024-11-25 00:00:00-05:00,162187
2024-11-25 01:00:00-05:00,162247
2024-11-25 02:00:00-05:00,161763
2024-11-25 03:00:00-05:00,161211
2024-11-25 04:00:00-05:00,160835
2024-11-25 05:00:00-05:00,161466
2024-11-25 06:00:00-05:00,163357
2024-11-25 07:00:00-05:00,164400
2024-11-25 08:00:00-05:00,167340
2024-11-25 09:00:00-05:00,166548
2024-11-25 10:00:00-05:00,166710
2024-11-25 11:00:00-05:00,166799
2024-11-25 12:00:00-05:00,166900
2024-11-25 13:00:00-05:00,167573
2024-11-25 14:00:00-05:00,167769
2024-11-25 15:00:00-05:00,167410
2024-11-25 16:00:00-05:00,167541
2024-11-25 17:00:00-05:00,167048
2024-11-25 18:00:00-05:00,167791
2024-11-25 19:00:00-05:00,166705
2024-11-25 20:00:00-05:00,167988
2024-11-25 21:00:00-05:00,167893
2024-11-25 22:00:00-05:00,167678
2024-11-25 23:00:00-05:00,167614
2024-11-26 00:00:00-05:00,165541
2024-11-26 01:00:00-05:00,164757
2024-11-26 02:00:00-05:00,164574
2024-11-26 03:00:00-05:00,164908
2024-11-26 04:00:00-05:00,164421
2024-11-26 05:00:00-05:00,164019
2024-11-26 06:00:00-05:00,165313
2024-11-26 07:00:00-05:00,165213
2024-11-26 08:00:00-05:00,165681
2024-11-26 09:00:00-05:00,165240
2024-11-26 10:00:00-05:00,166702
2024-11-26 11:00:00-05:00,166893
2024-11-26 12:00:00-05:00,166383
2024-11-26 13:00:00-05:00,166154
2024-11-26 14:00:00-05:00,166495
2024-11-26 15:00:00-05:00,165314
2024-11-26 16:00:00-05:00,164239
2024-11-26 17:00:00-05:00,163894
2024-11-26 18:00:00-05:00,164206
2024-11-26 19:00:00-05:00,167116
2024-11-26 20:00:00-05:00,166996
2024-11-26 21:00:00-05:00,167082
2024-11-26 22:00:00-05:00,167039
2024-11-26 23:00:00-05:00,166947
2024-11-27 00:00:00-05:00,162210
2024-11-27 01:00:00-05:00,161651
2024-11-27 02:00:00-05:00,161732
2024-11-27 03:00:00-05:00,161653
2024-11-27 04:00:00-05:00,162026
2024-11-27 05:00:00-05:00,162430
2024-11-27 06:00:00-05:00,164629
2024-11-27 07:00:00-05:00,165070
2024-11-27 08:00:00-05:00,165502
2024-11-27 09:00:00-05:00,165235
2024-11-27 10:00:00-05:00,164772
2024-11-27 11:00:00-05:00,163096
2024-11-27 12:00:00-05:00,161988
2024-11-27 13:00:00-05:00,161731
2024-11-27 14:00:00-05:00,161305
2024-11-27 15:00:00-05:00,161611
2024-11-27 16:00:00-05:00,162173
2024-11-27 17:00:00-05:00,163268
2024-11-27 18:00:00-05:00,163754
2024-11-27 19:00:00-05:00,167930
2024-11-27 20:00:00-05:00,167759
2024-11-27 21:00:00-05:00,167963
2024-11-27 22:00:00-05:00,167941
2024-11-27 23:00:00-05:00,168157
2024-11-28 00:00:00-05:00,164303
2024-11-28 01:00:00-05:00,165144
2024-11-28 02:00:00-05:00,165067
2024-11-28 03:00:00-05:00,165068
2024-11-28 04:00:00-05:00,164934
2024-11-28 05:00:00-05:00,164489
2024-11-28 06:00:00-05:00,166696
2024-11-28 07:00:00-05:00,167168
2024-11-28 08:00:00-05:00,167250
2024-11-28 09:00:00-05:00,167386
2024-11-28 10:00:00-05:00,167958
2024-11-28 11:00:00-05:00,168378
2024-11-28 12:00:00-05:00,169140
2024-11-28 13:00:00-05:00,169443
2024-11-28 14:00:00-05:00,169843
2024-11-28 15:00:00-05:00,169945
2024-11-28 16:00:00-05:00,168883
2024-11-28 17:00:00-05:00,168729
2024-11-28 18:00:00-05:00,169124
2024-11-28 19:00:00-05:00,168837
2024-11-28 20:00:00-05:00,168731
2024-11-28 21:00:00-05:00,168789
2024-11-28 22:00:00-05:00,168481
2024-11-28 23:00:00-05:00,168665
2024-11-29 00:00:00-05:00,168984
2024-11-29 01:00:00-05:00,168869
2024-11-29 02:00:00-05:00,169038
2024-11-29 03:00:00-05:00,169138
2024-11-29 04:00:00-05:00,169059
2024-11-29 05:00:00-05:00,169612
2024-11-29 06:00:00-05:00,171819
2024-11-29 07:00:00-05:00,172758
2024-11-29 08:00:00-05:00,174977
2024-11-29 09:00:00-05:00,174766
2024-11-29 10:00:00-05:00,174806
2024-11-29 11:00:00-05:00,174302
2024-11-29 12:00:00-05:00,173817
2024-11-29 13:00:00-05:00,173721
2024-11-29 14:00:00-05:00,173109
2024-11-29 15:00:00-05:00,172890
2024-11-29 16:00:00-05:00,171676
2024-11-29 17:00:00-05:00,171402
2024-11-29 18:00:00-05:00,171101
2024-11-29 19:00:00-05:00,169352
2024-11-29 20:00:00-05:00,169065
2024-11-29 21:00:00-05:00,169199
2024-11-29 22:00:00-05:00,168798
2024-11-29 23:00:00-05:00,168978
2024-11-30 00:00:00-05:00,167185
2024-11-30 01:00:00-05:00,166981
2024-11-30 02:00:00-05:00,167092
2024-11-30 03:00:00-05:00,165542
2024-11-30 04:00:00-05:00,166373
2024-11-30 05:00:00-05:00,166796
2024-11-30 06:00:00-05:00,167049
2024-11-30 07:00:00-05:00,168755
2024-11-30 08:00:00-05:00,171534
2024-11-30 09:00:00-05:00,173165
2024-11-30 10:00:00-05:00,172680
2024-11-30 11:00:00-05:00,172961
2024-11-30 12:00:00-05:00,173340
2024-11-30 13:00:00-05:00,173510
2024-11-30 14:00:00-05:00,172986
2024-11-30 15:00:00-05:00,171480
2024-11-30 16:00:00-05:00,169067
2024-11-30 17:00:00-05:00,169370
2024-11-30 18:00:00-05:00,169713
2024-11-30 19:00:00-05:00,168785
2024-11-30 20:00:00-05:00,168791
2024-11-30 21:00:00-05:00,168828
2024-11-30 22:00:00-05:00,168501
2024-11-30 23:00:00-05:00,168791
2024-12-01 00:00:00-05:00,167990
2024-12-01 01:00:00-05:00,168072
2024-12-01 02:00:00-05:00,168105
2024-12-01 03:00:00-05:00,167454
2024-12-01 04:00:00-05:00,167677
2024-12-01 05:00:00-05:00,168126
2024-12-01 06:00:00-05:00,168910
2024-12-01 07:00:00-05:00,169935
2024-12-01 08:00:00-05:00,171630
2024-12-01 09:00:00-05:00,173339
2024-12-01 10:00:00-05:00,172341
2024-12-01 11:00:00-05:00,171550
2024-12-01 12:00:00-05:00,171707
2024-12-01 13:00:00-05:00,171689
2024-12-01 14:00:00-05:00,170754
2024-12-01 15:00:00-05:00,170042
2024-12-01 16:00:00-05:00,168907
2024-12-01 17:00:00-05:00,168571
2024-12-01 18:00:00-05:00,168436
2024-12-01 19:00:00-05:00,169468
2024-12-01 20:00:00-05:00,169113
2024-12-01 21:00:00-05:00,169286
2024-12-01 22:00:00-05:00,169391
2024-12-01 23:00:00-05:00,169479
2024-12-02 00:00:00-05:00,164742
2024-12-02 01:00:00-05:00,164361
2024-12-02 02:00:00-05:00,164151
2024-12-02 03:00:00-05:00,163837
2024-12-02 04:00:00-05:00,163748
2024-12-02 05:00:00-05:00,163492
2024-12-02 06:00:00-05:00,165024
2024-12-02 07:00:00-05:00,165472
2024-12-02 08:00:00-05:00,167670
2024-12-02 09:00:00-05:00,168115
2024-12-02 10:00:00-05:00,167938
2024-12-02 11:00:00-05:00,167797
2024-12-02 12:00:00-05:00,168126
2024-12-02 13:00:00-05:00,168886
2024-12-02 14:00:00-05:00,167842
2024-12-02 15:00:00-05:00,167028
2024-12-02 16:00:00-05:00,167152
2024-12-02 17:00:00-05:00,165909
2024-12-02 18:00:00-05:00,166310
2024-12-02 19:00:00-05:00,167254
2024-12-02 20:00:00-05:00,166635
2024-12-02 21:00:00-05:00,166986
2024-12-02 22:00:00-05:00,167706
2024-12-02 23:00:00-05:00,167916
2024-12-03 00:00:00-05:00,164245
2024-12-03 01:00:00-05:00,164101
2024-12-03 02:00:00-05:00,163716
2024-12-03 03:00:00-05:00,164202
2024-12-03 04:00:00-05:00,164191
2024-12-03 05:00:00-05:00,165250
2024-12-03 06:00:00-05:00,167606
2024-12-03 07:00:00-05:00,167144
2024-12-03 08:00:00-05:00,169364
2024-12-03 09:00:00-05:00,168734
2024-12-03 10:00:00-05:00,168712
2024-12-03 11:00:00-05:00,168977
2024-12-03 12:00:00-05:00,170116
2024-12-03 13:00:00-05:00,170350
2024-12-03 14:00:00-05:00,170512
2024-12-03 15:00:00-05:00,169603
2024-12-03 16:00:00-05:00,168347
2024-12-03 17:00:00-05:00,168147
2024-12-03 18:00:00-05:00,169808
2024-12-03 19:00:00-05:00,167999
2024-12-03 20:00:00-05:00,167803
2024-12-03 21:00:00-05:00,168313
2024-12-03 22:00:00-05:00,168101
2024-12-03 23:00:00-05:00,168029
2024-12-04 00:00:00-05:00,168773
2024-12-04 01:00:00-05:00,169024
2024-12-04 02:00:00-05:00,169147
2024-12-04 03:00:00-05:00,168710
2024-12-04 04:00:00-05:00,169214
2024-12-04 05:00:00-05:00,171898
2024-12-04 06:00:00-05:00,173528
2024-12-04 07:00:00-05:00,174087
2024-12-04 08:00:00-05:00,176131
2024-12-04 09:00:00-05:00,173065
2024-12-04 10:00:00-05:00,173632
2024-12-04 11:00:00-05:00,173203
2024-12-04 12:00:00-05:00,173213
2024-12-04 13:00:00-05:00,172373
2024-12-04 14:00:00-05:00,171631
2024-12-04 15:00:00-05:00,171993
2024-12-04 16:00:00-05:00,172246
2024-12-04 17:00:00-05:00,172168
2024-12-04 18:00:00-05:00,171675
2024-12-04 19:00:00-05:00,169119
2024-12-04 20:00:00-05:00,169120
2024-12-04 21:00:00-05:00,168798
2024-12-04 22:00:00-05:00,168378
2024-12-04 23:00:00-05:00,168754
2024-12-05 00:00:00-05:00,169517
2024-12-05 01:00:00-05:00,169862
2024-12-05 02:00:00-05:00,169883
2024-12-05 03:00:00-05:00,169820
2024-12-05 04:00:00-05:00,169415
2024-12-05 05:00:00-05:00,169490
2024-12-05 06:00:00-05:00,171696
2024-12-05 07:00:00-05:00,172813
2024-12-05 08:00:00-05:00,174481
2024-12-05 09:00:00-05:00,174927
2024-12-05 10:00:00-05:00,175399
2024-12-05 11:00:00-05:00,175249
2024-12-05 12:00:00-05:00,174913
2024-12-05 13:00:00-05:00,173806
2024-12-05 14:00:00-05:00,173647
2024-12-05 15:00:00-05:00,172760
2024-12-05 16:00:00-05:00,171013
2024-12-05 17:00:00-05:00,170445
2024-12-05 18:00:00-05:00,170315
2024-12-05 19:00:00-05:00,168414
2024-12-05 20:00:00-05:00,169484
2024-12-05 21:00:00-05:00,169519
2024-12-05 22:00:00-05:00,169504
2024-12-05 23:00:00-05:00,169427
2024-12-06 00:00:00-05:00,165578
2024-12-06 01:00:00-05:00,164466
2024-12-06 02:00:00-05:00,163873
2024-12-06 03:00:00-05:00,163768
2024-12-06 04:00:00-05:00,164152
2024-12-06 05:00:00-05:00,164066
2024-12-06 06:00:00-05:00,165807
2024-12-06 07:00:00-05:00,166522
2024-12-06 08:00:00-05:00,170115
2024-12-06 09:00:00-05:00,171237
2024-12-06 10:00:00-05:00,171020
2024-12-06 11:00:00-05:00,171345
2024-12-06 12:00:00-05:00,171689
2024-12-06 13:00:00-05:00,172504
2024-12-06 14:00:00-05:00,172465
2024-12-06 15:00:00-05:00,171321
2024-12-06 16:00:00-05:00,169188
2024-12-06 17:00:00-05:00,168803
2024-12-06 18:00:00-05:00,169092
2024-12-06 19:00:00-05:00,167177
2024-12-06 20:00:00-05:00,166507
2024-12-06 21:00:00-05:00,166895
2024-12-06 22:00:00-05:00,166665
2024-12-06 23:00:00-05:00,166416
2024-12-07 00:00:00-05:00,165808
2024-12-07 01:00:00-05:00,164807
2024-12-07 02:00:00-05:00,164537
2024-12-07 03:00:00-05:00,164331
2024-12-07 04:00:00-05:00,165420
2024-12-07 05:00:00-05:00,166902
2024-12-07 06:00:00-05:00,167486
2024-12-07 07:00:00-05:00,168811
2024-12-07 08:00:00-05:00,171659
2024-12-07 09:00:00-05:00,172712
2024-12-07 10:00:00-05:00,171010
2024-12-07 11:00:00-05:00,171284
2024-12-07 12:00:00-05:00,171928
2024-12-07 13:00:00-05:00,172935
2024-12-07 14:00:00-05:00,172691
2024-12-07 15:00:00-05:00,171213
2024-12-07 16:00:00-05:00,170367
2024-12-07 17:00:00-05:00,170482
2024-12-07 18:00:00-05:00,171144
2024-12-07 19:00:00-05:00,169161
2024-12-07 20:00:00-05:00,169446
2024-12-07 21:00:00-05:00,169474
2024-12-07 22:00:00-05:00,169372
2024-12-07 23:00:00-05:00,169516
2024-12-08 00:00:00-05:00,169262
2024-12-08 01:00:00-05:00,169297
2024-12-08 02:00:00-05:00,169738
2024-12-08 03:00:00-05:00,169879
2024-12-08 04:00:00-05:00,169532
2024-12-08 05:00:00-05:00,169699
2024-12-08 06:00:00-05:00,170656
2024-12-08 07:00:00-05:00,171360
2024-12-08 08:00:00-05:00,173273
2024-12-08 09:00:00-05:00,173601
2024-12-08 10:00:00-05:00,172694
2024-12-08 11:00:00-05:00,172230
2024-12-08 12:00:00-05:00,171283
2024-12-08 13:00:00-05:00,171061
2024-12-08 14:00:00-05:00,170480
2024-12-08 15:00:00-05:00,168840
2024-12-08 16:00:00-05:00,167970
2024-12-08 17:00:00-05:00,168789
2024-12-08 18:00:00-05:00,169929
2024-12-08 19:00:00-05:00,168395
2024-12-08 20:00:00-05:00,167708
2024-12-08 21:00:00-05:00,167711
2024-12-08 22:00:00-05:00,168038
2024-12-08 23:00:00-05:00,167860
2024-12-09 00:00:00-05:00,166875
2024-12-09 01:00:00-05:00,166813
2024-12-09 02:00:00-05:00,167061
2024-12-09 03:00:00-05:00,166864
2024-12-09 04:00:00-05:00,167237
2024-12-09 05:00:00-05:00,167647
2024-12-09 06:00:00-05:00,169903
2024-12-09 07:00:00-05:00,169255
2024-12-09 08:00:00-05:00,169511
2024-12-09 09:00:00-05:00,168581
2024-12-09 10:00:00-05:00,167796
2024-12-09 11:00:00-05:00,167361
2024-12-09 12:00:00-05:00,166382
2024-12-09 13:00:00-05:00,166090
2024-12-09 14:00:00-05:00,165476
2024-12-09 15:00:00-05:00,164941
2024-12-09 16:00:00-05:00,164923
2024-12-09 17:00:00-05:00,165057
2024-12-09 18:00:00-05:00,165688
2024-12-09 19:00:00-05:00,166960
2024-12-09 20:00:00-05:00,167087
2024-12-09 21:00:00-05:00,167630
2024-12-09 22:00:00-05:00,167511
2024-12-09 23:00:00-05:00,167699
2024-12-10 00:00:00-05:00,161375
2024-12-10 01:00:00-05:00,161496
2024-12-10 02:00:00-05:00,161206
2024-12-10 03:00:00-05:00,161230
2024-12-10 04:00:00-05:00,161039
2024-12-10 05:00:00-05:00,161172
2024-12-10 06:00:00-05:00,163116
2024-12-10 07:00:00-05:00,163238
2024-12-10 08:00:00-05:00,163100
2024-12-10 09:00:00-05:00,161930
2024-12-10 10:00:00-05:00,160734
2024-12-10 11:00:00-05:00,160799
2024-12-10 12:00:00-05:00,160203
2024-12-10 13:00:00-05:00,160645
2024-12-10 14:00:00-05:00,161601
2024-12-10 15:00:00-05:00,162970
2024-12-10 16:00:00-05:00,163910
2024-12-10 17:00:00-05:00,163702
2024-12-10 18:00:00-05:00,163861
2024-12-10 19:00:00-05:00,165998
2024-12-10 20:00:00-05:00,165914
2024-12-10 21:00:00-05:00,166075
2024-12-10 22:00:00-05:00,166031
2024-12-10 23:00:00-05:00,166872
2024-12-11 00:00:00-05:00,161162
2024-12-11 01:00:00-05:00,160603
2024-12-11 02:00:00-05:00,160670
2024-12-11 03:00:00-05:00,160935
2024-12-11 04:00:00-05:00,160810
2024-12-11 05:00:00-05:00,161284
2024-12-11 06:00:00-05:00,163339
2024-12-11 07:00:00-05:00,163647
2024-12-11 08:00:00-05:00,163706
2024-12-11 09:00:00-05:00,163685
2024-12-11 10:00:00-05:00,165267
2024-12-11 11:00:00-05:00,166301
2024-12-11 12:00:00-05:00,167573
2024-12-11 13:00:00-05:00,167653
2024-12-11 14:00:00-05:00,168883
2024-12-11 15:00:00-05:00,169726
2024-12-11 16:00:00-05:00,171410
2024-12-11 17:00:00-05:00,172522
2024-12-11 18:00:00-05:00,172467
2024-12-11 19:00:00-05:00,169738
2024-12-11 20:00:00-05:00,169153
2024-12-11 21:00:00-05:00,169743
2024-12-11 22:00:00-05:00,169800
2024-12-11 23:00:00-05:00,169732
2024-12-12 00:00:00-05:00,170864
2024-12-12 01:00:00-05:00,170835
2024-12-12 02:00:00-05:00,170693
2024-12-12 03:00:00-05:00,170596
2024-12-12 04:00:00-05:00,170054
2024-12-12 05:00:00-05:00,170458
2024-12-12 06:00:00-05:00,171498
2024-12-12 07:00:00-05:00,170389
2024-12-12 08:00:00-05:00,171929
2024-12-12 09:00:00-05:00,172443
2024-12-12 10:00:00-05:00,172641
2024-12-12 11:00:00-05:00,171700
2024-12-12 12:00:00-05:00,170854
2024-12-12 13:00:00-05:00,170856
2024-12-12 14:00:00-05:00,169515
2024-12-12 15:00:00-05:00,167666
2024-12-12 16:00:00-05:00,166029
2024-12-12 17:00:00-05:00,166284
2024-12-12 18:00:00-05:00,166909
2024-12-12 19:00:00-05:00,168499
2024-12-12 20:00:00-05:00,168694
2024-12-12 21:00:00-05:00,168602
2024-12-12 22:00:00-05:00,169837
2024-12-12 23:00:00-05:00,170490
2024-12-13 00:00:00-05:00,164515
2024-12-13 01:00:00-05:00,164438
2024-12-13 02:00:00-05:00,164872
2024-12-13 03:00:00-05:00,164711
2024-12-13 04:00:00-05:00,164836
2024-12-13 05:00:00-05:00,165522
2024-12-13 06:00:00-05:00,166654
2024-12-13 07:00:00-05:00,167637
2024-12-13 08:00:00-05:00,169822
2024-12-13 09:00:00-05:00,170446
2024-12-13 10:00:00-05:00,170263
2024-12-13 11:00:00-05:00,170202
2024-12-13 12:00:00-05:00,169872
2024-12-13 13:00:00-05:00,169369
2024-12-13 14:00:00-05:00,167781
2024-12-13 15:00:00-05:00,167572
2024-12-13 16:00:00-05:00,167421
2024-12-13 17:00:00-05:00,168092
2024-12-13 18:00:00-05:00,169385
2024-12-13 19:00:00-05:00,168802
2024-12-13 20:00:00-05:00,169602
2024-12-13 21:00:00-05:00,170715
2024-12-13 22:00:00-05:00,171207
2024-12-13 23:00:00-05:00,170958
2024-12-14 00:00:00-05:00,168532
2024-12-14 01:00:00-05:00,168387
2024-12-14 02:00:00-05:00,168331
2024-12-14 03:00:00-05:00,168629
2024-12-14 04:00:00-05:00,169733
2024-12-14 05:00:00-05:00,170206
2024-12-14 06:00:00-05:00,171049
2024-12-14 07:00:00-05:00,171721
2024-12-14 08:00:00-05:00,173286
2024-12-14 09:00:00-05:00,174382
2024-12-14 10:00:00-05:00,173662
2024-12-14 11:00:00-05:00,172905
2024-12-14 12:00:00-05:00,171667
2024-12-14 13:00:00-05:00,171648
2024-12-14 14:00:00-05:00,171426
2024-12-14 15:00:00-05:00,171797
2024-12-14 16:00:00-05:00,172114
2024-12-14 17:00:00-05:00,171944
2024-12-14 18:00:00-05:00,172152
2024-12-14 19:00:00-05:00,170842
2024-12-14 20:00:00-05:00,170123
2024-12-14 21:00:00-05:00,170284
2024-12-14 22:00:00-05:00,170222
2024-12-14 23:00:00-05:00,169776
2024-12-15 00:00:00-05:00,169695
2024-12-15 01:00:00-05:00,169639
2024-12-15 02:00:00-05:00,168710
2024-12-15 03:00:00-05:00,167343
2024-12-15 04:00:00-05:00,167154
2024-12-15 05:00:00-05:00,166767
2024-12-15 06:00:00-05:00,167777
2024-12-15 07:00:00-05:00,168859
2024-12-15 08:00:00-05:00,169285
2024-12-15 09:00:00-05:00,169868
2024-12-15 10:00:00-05:00,169131
2024-12-15 11:00:00-05:00,168289
2024-12-15 12:00:00-05:00,167469
2024-12-15 13:00:00-05:00,166664
2024-12-15 14:00:00-05:00,165560
2024-12-15 15:00:00-05:00,165266
2024-12-15 16:00:00-05:00,166530
2024-12-15 17:00:00-05:00,167037
2024-12-15 18:00:00-05:00,167052
2024-12-15 19:00:00-05:00,169872
2024-12-15 20:00:00-05:00,169260
2024-12-15 21:00:00-05:00,169824
2024-12-15 22:00:00-05:00,169782
2024-12-15 23:00:00-05:00,169157
2024-12-16 00:00:00-05:00,168544
2024-12-16 01:00:00-05:00,168234
2024-12-16 02:00:00-05:00,167667
2024-12-16 03:00:00-05:00,167268
2024-12-16 04:00:00-05:00,167434
2024-12-16 05:00:00-05:00,168445
2024-12-16 06:00:00-05:00,169579
2024-12-16 07:00:00-05:00,169577
2024-12-16 08:00:00-05:00,169872
2024-12-16 09:00:00-05:00,169318
2024-12-16 10:00:00-05:00,168980
2024-12-16 11:00:00-05:00,168563
2024-12-16 12:00:00-05:00,169376
2024-12-16 13:00:00-05:00,169140
2024-12-16 14:00:00-05:00,169996
2024-12-16 15:00:00-05:00,170066
2024-12-16 16:00:00-05:00,171478
2024-12-16 17:00:00-05:00,171694
2024-12-16 18:00:00-05:00,171235
2024-12-16 19:00:00-05:00,169019
2024-12-16 20:00:00-05:00,169384
2024-12-16 21:00:00-05:00,169398
2024-12-16 22:00:00-05:00,169682
2024-12-16 23:00:00-05:00,169285
2024-12-17 00:00:00-05:00,168637
2024-12-17 01:00:00-05:00,168370
2024-12-17 02:00:00-05:00,168328
2024-12-17 03:00:00-05:00,168355
2024-12-17 04:00:00-05:00,168140
2024-12-17 05:00:00-05:00,167985
2024-12-17 06:00:00-05:00,169281
2024-12-17 07:00:00-05:00,169989
2024-12-17 08:00:00-05:00,170778
2024-12-17 09:00:00-05:00,171734
2024-12-17 10:00:00-05:00,171377
2024-12-17 11:00:00-05:00,169571
2024-12-17 12:00:00-05:00,168252
2024-12-17 13:00:00-05:00,167692
2024-12-17 14:00:00-05:00,166412
2024-12-17 15:00:00-05:00,165262
2024-12-17 16:00:00-05:00,164160
2024-12-17 17:00:00-05:00,163855
2024-12-17 18:00:00-05:00,163571
2024-12-17 19:00:00-05:00,168357
2024-12-17 20:00:00-05:00,168069
2024-12-17 21:00:00-05:00,169615
2024-12-17 22:00:00-05:00,170587
2024-12-17 23:00:00-05:00,170631
2024-12-18 00:00:00-05:00,163952
2024-12-18 01:00:00-05:00,164478
2024-12-18 02:00:00-05:00,165046
2024-12-18 03:00:00-05:00,165938
2024-12-18 04:00:00-05:00,166361
2024-12-18 05:00:00-05:00,166744
2024-12-18 06:00:00-05:00,167838
2024-12-18 07:00:00-05:00,167196
2024-12-18 08:00:00-05:00,168489
2024-12-18 09:00:00-05:00,168410
2024-12-18 10:00:00-05:00,168301
2024-12-18 11:00:00-05:00,168537
2024-12-18 12:00:00-05:00,168931
2024-12-18 13:00:00-05:00,169335
2024-12-18 14:00:00-05:00,170333
2024-12-18 15:00:00-05:00,171558
2024-12-18 16:00:00-05:00,171932
2024-12-18 17:00:00-05:00,171404
2024-12-18 18:00:00-05:00,171140
2024-12-18 19:00:00-05:00,170508
2024-12-18 20:00:00-05:00,170338
2024-12-18 21:00:00-05:00,170457
2024-12-18 22:00:00-05:00,170881
2024-12-18 23:00:00-05:00,171100
2024-12-19 00:00:00-05:00,167853
2024-12-19 01:00:00-05:00,168291
2024-12-19 02:00:00-05:00,168021
2024-12-19 03:00:00-05:00,167784
2024-12-19 04:00:00-05:00,167070
2024-12-19 05:00:00-05:00,167839
2024-12-19 06:00:00-05:00,169315
2024-12-19 07:00:00-05:00,169572
2024-12-19 08:00:00-05:00,170302
2024-12-19 09:00:00-05:00,171736
2024-12-19 10:00:00-05:00,172383
2024-12-19 11:00:00-05:00,173376
2024-12-19 12:00:00-05:00,171987
2024-12-19 13:00:00-05:00,172085
2024-12-19 14:00:00-05:00,172159
2024-12-19 15:00:00-05:00,172898
2024-12-19 16:00:00-05:00,172539
2024-12-19 17:00:00-05:00,172308
2024-12-19 18:00:00-05:00,172690
2024-12-19 19:00:00-05:00,172837
2024-12-19 20:00:00-05:00,172998
2024-12-19 21:00:00-05:00,173408
2024-12-19 22:00:00-05:00,173594
2024-12-19 23:00:00-05:00,173657
2024-12-20 00:00:00-05:00,173115
2024-12-20 01:00:00-05:00,174000
2024-12-20 02:00:00-05:00,174343
2024-12-20 03:00:00-05:00,174688
2024-12-20 04:00:00-05:00,175099
2024-12-20 05:00:00-05:00,175335
2024-12-20 06:00:00-05:00,176863
2024-12-20 07:00:00-05:00,177336
2024-12-20 08:00:00-05:00,175803
2024-12-20 09:00:00-05:00,175685
2024-12-20 10:00:00-05:00,175630
2024-12-20 11:00:00-05:00,175921
2024-12-20 12:00:00-05:00,176024
2024-12-20 13:00:00-05:00,175821
2024-12-20 14:00:00-05:00,176367
2024-12-20 15:00:00-05:00,176813
2024-12-20 16:00:00-05:00,176702
2024-12-20 17:00:00-05:00,175808
2024-12-20 18:00:00-05:00,174127
2024-12-20 19:00:00-05:00,173502
2024-12-20 20:00:00-05:00,173180
2024-12-20 21:00:00-05:00,173542
2024-12-20 22:00:00-05:00,173392
2024-12-20 23:00:00-05:00,173581
2024-12-21 00:00:00-05:00,171860
2024-12-21 01:00:00-05:00,171599
2024-12-21 02:00:00-05:00,172000
2024-12-21 03:00:00-05:00,171975
2024-12-21 04:00:00-05:00,171845
2024-12-21 05:00:00-05:00,171815
2024-12-21 06:00:00-05:00,172254
2024-12-21 07:00:00-05:00,172597
2024-12-21 08:00:00-05:00,175082
2024-12-21 09:00:00-05:00,177339
2024-12-21 10:00:00-05:00,176966
2024-12-21 11:00:00-05:00,176301
2024-12-21 12:00:00-05:00,175639
2024-12-21 13:00:00-05:00,175616
2024-12-21 14:00:00-05:00,174551
2024-12-21 15:00:00-05:00,173078
2024-12-21 16:00:00-05:00,172699
2024-12-21 17:00:00-05:00,172855
2024-12-21 18:00:00-05:00,172724
2024-12-21 19:00:00-05:00,174780
2024-12-21 20:00:00-05:00,174185
2024-12-21 21:00:00-05:00,174467
2024-12-21 22:00:00-05:00,174018
2024-12-21 23:00:00-05:00,174111
2024-12-22 00:00:00-05:00,170160
2024-12-22 01:00:00-05:00,170073
2024-12-22 02:00:00-05:00,170232
2024-12-22 03:00:00-05:00,170422
2024-12-22 04:00:00-05:00,171180
2024-12-22 05:00:00-05:00,171381
2024-12-22 06:00:00-05:00,173026
2024-12-22 07:00:00-05:00,173520
2024-12-22 08:00:00-05:00,175750
2024-12-22 09:00:00-05:00,178596
2024-12-22 10:00:00-05:00,179035
2024-12-22 11:00:00-05:00,178767
2024-12-22 12:00:00-05:00,179222
2024-12-22 13:00:00-05:00,178940
2024-12-22 14:00:00-05:00,178457
2024-12-22 15:00:00-05:00,176750
2024-12-22 16:00:00-05:00,174865
2024-12-22 17:00:00-05:00,175535
2024-12-22 18:00:00-05:00,176241
2024-12-22 19:00:00-05:00,174861
2024-12-22 20:00:00-05:00,174544
2024-12-22 21:00:00-05:00,174720
2024-12-22 22:00:00-05:00,175170
2024-12-22 23:00:00-05:00,175140
2024-12-23 00:00:00-05:00,177160
2024-12-23 01:00:00-05:00,177205
2024-12-23 02:00:00-05:00,176826
2024-12-23 03:00:00-05:00,176790
2024-12-23 04:00:00-05:00,176954
2024-12-23 05:00:00-05:00,177878
2024-12-23 06:00:00-05:00,178983
2024-12-23 07:00:00-05:00,179268
2024-12-23 08:00:00-05:00,181872
2024-12-23 09:00:00-05:00,183673
2024-12-23 10:00:00-05:00,182468
2024-12-23 11:00:00-05:00,181557
2024-12-23 12:00:00-05:00,180779
2024-12-23 13:00:00-05:00,179830
2024-12-23 14:00:00-05:00,179130
2024-12-23 15:00:00-05:00,176792
2024-12-23 16:00:00-05:00,175205
2024-12-23 17:00:00-05:00,175247
2024-12-23 18:00:00-05:00,174599
2024-12-23 19:00:00-05:00,174132
2024-12-23 20:00:00-05:00,174241
2024-12-23 21:00:00-05:00,174131
2024-12-23 22:00:00-05:00,174496
2024-12-23 23:00:00-05:00,174622
2024-12-24 00:00:00-05:00,172162
2024-12-24 01:00:00-05:00,171810
2024-12-24 02:00:00-05:00,171351
2024-12-24 03:00:00-05:00,170976
2024-12-24 04:00:00-05:00,171125
2024-12-24 05:00:00-05:00,171300
2024-12-24 06:00:00-05:00,172594
2024-12-24 07:00:00-05:00,172954
2024-12-24 08:00:00-05:00,173400
2024-12-24 09:00:00-05:00,173073
2024-12-24 10:00:00-05:00,172868
2024-12-24 11:00:00-05:00,172127
2024-12-24 12:00:00-05:00,171508
2024-12-24 13:00:00-05:00,170447
2024-12-24 14:00:00-05:00,169877
2024-12-24 15:00:00-05:00,170028
2024-12-24 16:00:00-05:00,170264
2024-12-24 17:00:00-05:00,171110
2024-12-24 18:00:00-05:00,171211
2024-12-24 19:00:00-05:00,173385
2024-12-24 20:00:00-05:00,173474
2024-12-24 21:00:00-05:00,173679
2024-12-24 22:00:00-05:00,173695
2024-12-24 23:00:00-05:00,173402
2024-12-25 00:00:00-05:00,169074
2024-12-25 01:00:00-05:00,169024
2024-12-25 02:00:00-05:00,169621
2024-12-25 03:00:00-05:00,169866
2024-12-25 04:00:00-05:00,170103
2024-12-25 05:00:00-05:00,170263
2024-12-25 06:00:00-05:00,172071
2024-12-25 07:00:00-05:00,173031
2024-12-25 08:00:00-05:00,174559
2024-12-25 09:00:00-05:00,174922
2024-12-25 10:00:00-05:00,174604
2024-12-25 11:00:00-05:00,173716
2024-12-25 12:00:00-05:00,173433
2024-12-25 13:00:00-05:00,173231
2024-12-25 14:00:00-05:00,172791
2024-12-25 15:00:00-05:00,171693
2024-12-25 16:00:00-05:00,171438
2024-12-25 17:00:00-05:00,172003
2024-12-25 18:00:00-05:00,172328
2024-12-25 19:00:00-05:00,173328
2024-12-25 20:00:00-05:00,173550
2024-12-25 21:00:00-05:00,173659
2024-12-25 22:00:00-05:00,173878
2024-12-25 23:00:00-05:00,173481
2024-12-26 00:00:00-05:00,169631
2024-12-26 01:00:00-05:00,169619
2024-12-26 02:00:00-05:00,169664
2024-12-26 03:00:00-05:00,169487
2024-12-26 04:00:00-05:00,168814
2024-12-26 05:00:00-05:00,169661
2024-12-26 06:00:00-05:00,171003
2024-12-26 07:00:00-05:00,172448
2024-12-26 08:00:00-05:00,174034
2024-12-26 09:00:00-05:00,173662
2024-12-26 10:00:00-05:00,173637
2024-12-26 11:00:00-05:00,173691
2024-12-26 12:00:00-05:00,174153
2024-12-26 13:00:00-05:00,173893
2024-12-26 14:00:00-05:00,173149
2024-12-26 15:00:00-05:00,172769
2024-12-26 16:00:00-05:00,172306
2024-12-26 17:00:00-05:00,173111
2024-12-26 18:00:00-05:00,173977
2024-12-26 19:00:00-05:00,174154
2024-12-26 20:00:00-05:00,174079
2024-12-26 21:00:00-05:00,174286
2024-12-26 22:00:00-05:00,174169
2024-12-26 23:00:00-05:00,173478
2024-12-27 00:00:00-05:00,170826
2024-12-27 01:00:00-05:00,171058
2024-12-27 02:00:00-05:00,171134
2024-12-27 03:00:00-05:00,171515
2024-12-27 04:00:00-05:00,171490
2024-12-27 05:00:00-05:00,171477
2024-12-27 06:00:00-05:00,173140
2024-12-27 07:00:00-05:00,174377
2024-12-27 08:00:00-05:00,175527
2024-12-27 09:00:00-05:00,176065
2024-12-27 10:00:00-05:00,176528
2024-12-27 11:00:00-05:00,176406
2024-12-27 12:00:00-05:00,175596
2024-12-27 13:00:00-05:00,175203
2024-12-27 14:00:00-05:00,174452
2024-12-27 15:00:00-05:00,174111
2024-12-27 16:00:00-05:00,174373
2024-12-27 17:00:00-05:00,175237
2024-12-27 18:00:00-05:00,175340
2024-12-27 19:00:00-05:00,174556
2024-12-27 20:00:00-05:00,174667
2024-12-27 21:00:00-05:00,174522
2024-12-27 22:00:00-05:00,174221
2024-12-27 23:00:00-05:00,173840
2024-12-28 00:00:00-05:00,173784
2024-12-28 01:00:00-05:00,173214
2024-12-28 02:00:00-05:00,173315
2024-12-28 03:00:00-05:00,173087
2024-12-28 04:00:00-05:00,172862
2024-12-28 05:00:00-05:00,172260
2024-12-28 06:00:00-05:00,170836
2024-12-28 07:00:00-05:00,171597
2024-12-28 08:00:00-05:00,171423
2024-12-28 09:00:00-05:00,171683
2024-12-28 10:00:00-05:00,169968
2024-12-28 11:00:00-05:00,169014
2024-12-28 12:00:00-05:00,168004
2024-12-28 13:00:00-05:00,166626
2024-12-28 14:00:00-05:00,165612
2024-12-28 15:00:00-05:00,165458
2024-12-28 16:00:00-05:00,165220
2024-12-28 17:00:00-05:00,165886
2024-12-28 18:00:00-05:00,166119
2024-12-28 19:00:00-05:00,169685
2024-12-28 20:00:00-05:00,169500
2024-12-28 21:00:00-05:00,169824
2024-12-28 22:00:00-05:00,170117
2024-12-28 23:00:00-05:00,170255
2024-12-29 00:00:00-05:00,166145
2024-12-29 01:00:00-05:00,166748
2024-12-29 02:00:00-05:00,167695
2024-12-29 03:00:00-05:00,168361
2024-12-29 04:00:00-05:00,169384
2024-12-29 05:00:00-05:00,169715
2024-12-29 06:00:00-05:00,171382
2024-12-29 07:00:00-05:00,172205
2024-12-29 08:00:00-05:00,173047
2024-12-29 09:00:00-05:00,173774
2024-12-29 10:00:00-05:00,173280
2024-12-29 11:00:00-05:00,173922
2024-12-29 12:00:00-05:00,173586
2024-12-29 13:00:00-05:00,172979
2024-12-29 14:00:00-05:00,173200
2024-12-29 15:00:00-05:00,174739
2024-12-29 16:00:00-05:00,174692
2024-12-29 17:00:00-05:00,175036
2024-12-29 18:00:00-05:00,175062
2024-12-29 19:00:00-05:00,174048
2024-12-29 20:00:00-05:00,173831
2024-12-29 21:00:00-05:00,173870
2024-12-29 22:00:00-05:00,173801
2024-12-29 23:00:00-05:00,173482
2024-12-30 00:00:00-05:00,170645
2024-12-30 01:00:00-05:00,170366
2024-12-30 02:00:00-05:00,170910
2024-12-30 03:00:00-05:00,170726
2024-12-30 04:00:00-05:00,170691
2024-12-30 05:00:00-05:00,170399
2024-12-30 06:00:00-05:00,171564
2024-12-30 07:00:00-05:00,171858
2024-12-30 08:00:00-05:00,173280
2024-12-30 09:00:00-05:00,174392
2024-12-30 10:00:00-05:00,176772
2024-12-30 11:00:00-05:00,175187
2024-12-30 12:00:00-05:00,174640
2024-12-30 13:00:00-05:00,174268
2024-12-30 14:00:00-05:00,174240
2024-12-30 15:00:00-05:00,172229
2024-12-30 16:00:00-05:00,170077
2024-12-30 17:00:00-05:00,170551
2024-12-30 18:00:00-05:00,171418
2024-12-30 19:00:00-05:00,174332
2024-12-30 20:00:00-05:00,173951
2024-12-30 21:00:00-05:00,174275
2024-12-30 22:00:00-05:00,174299
2024-12-30 23:00:00-05:00,174013
2024-12-31 00:00:00-05:00,174120
2024-12-31 01:00:00-05:00,174992
2024-12-31 02:00:00-05:00,175196
2024-12-31 03:00:00-05:00,175474
2024-12-31 04:00:00-05:00,175674
2024-12-31 05:00:00-05:00,175823
2024-12-31 06:00:00-05:00,177682
2024-12-31 07:00:00-05:00,178076
2024-12-31 08:00:00-05:00,180012
2024-12-31 09:00:00-05:00,180809
2024-12-31 10:00:00-05:00,180794
2024-12-31 11:00:00-05:00,180931
2024-12-31 12:00:00-05:00,180688
2024-12-31 13:00:00-05:00,180444
2024-12-31 14:00:00-05:00,179772
2024-12-31 15:00:00-05:00,179132
2024-12-31 16:00:00-05:00,178598
2024-12-31 17:00:00-05:00,178685
2024-12-31 18:00:00-05:00,179142
2024-12-31 19:00:00-05:00,176874
2024-12-31 20:00:00-05:00,176606
2024-12-31 21:00:00-05:00,176801
2024-12-31 22:00:00-05:00,176516
2024-12-31 23:00:00-05:00,176229
